# Blender 5.1.2
# www.blender.org
mtllib archlisong.mtl
o balisong_model
v -0.029599 0.626427 0.034430
v -0.026459 0.668177 0.034430
v -0.029599 0.626427 -0.000290
v -0.026459 0.668177 -0.000290
v -0.037819 0.590917 -0.000290
v -0.028979 0.700957 -0.000290
v -0.037819 0.590917 0.034430
v -0.028979 0.700957 0.034430
v -0.036899 0.586247 0.034430
v -0.030899 0.711647 -0.000290
v -0.036899 0.586247 -0.000290
v -0.030899 0.711647 0.034430
v -0.032559 0.581327 0.034430
v -0.026579 0.717647 -0.000290
v -0.032559 0.581327 -0.000290
v -0.026579 0.717647 0.034430
v -0.029599 0.626427 -0.014950
v -0.026459 0.668177 -0.014950
v -0.029599 0.626427 -0.049670
v -0.026459 0.668177 -0.049670
v -0.037819 0.590917 -0.049670
v -0.028979 0.700957 -0.049670
v -0.037819 0.590917 -0.014950
v -0.028979 0.700957 -0.014950
v -0.036899 0.586247 -0.014950
v -0.030899 0.711647 -0.049670
v -0.036899 0.586247 -0.049670
v -0.030899 0.711647 -0.014950
v -0.032559 0.581327 -0.014950
v -0.026579 0.717647 -0.049670
v -0.032559 0.581327 -0.049670
v -0.026579 0.717647 -0.014950
v -0.057929 0.481957 -0.000290
v -0.057929 0.481957 0.034430
v -0.063889 0.464757 -0.000290
v -0.063889 0.464757 0.034430
v -0.061659 0.378707 -0.000290
v -0.061659 0.378707 0.034430
v -0.056609 0.298037 -0.000290
v -0.056609 0.298037 0.034430
v -0.037399 0.192267 -0.000290
v -0.037399 0.192267 0.034430
v -0.019199 0.130407 -0.000290
v -0.019199 0.130407 0.034430
v -0.003459 0.111887 -0.000290
v -0.003459 0.111887 0.034430
v -0.057929 0.481957 -0.049670
v -0.057929 0.481957 -0.014950
v -0.063889 0.464757 -0.049670
v -0.063889 0.464757 -0.014950
v -0.061659 0.378707 -0.049670
v -0.061659 0.378707 -0.014950
v -0.056609 0.298037 -0.049670
v -0.056609 0.298037 -0.014950
v -0.037399 0.192267 -0.049670
v -0.037399 0.192267 -0.014950
v -0.019199 0.130407 -0.049670
v -0.019199 0.130407 -0.014950
v -0.003459 0.111887 -0.049670
v -0.003459 0.111887 -0.014950
v -0.026579 0.717647 -0.000290
v -0.026579 0.717647 0.034430
v -0.015529 0.718377 -0.000290
v -0.015529 0.718377 0.034430
v -0.005809 0.713567 -0.000290
v -0.005809 0.713567 0.034430
v -0.026579 0.717647 -0.049670
v -0.026579 0.717647 -0.014950
v -0.015529 0.718377 -0.049670
v -0.015529 0.718377 -0.014950
v -0.005809 0.713567 -0.049670
v -0.005809 0.713567 -0.014950
v -0.029189 0.481957 0.034430
v -0.043559 0.489077 -0.000290
v -0.043559 0.489077 0.034430
v -0.057929 0.481957 -0.000290
v -0.029189 0.481957 -0.000290
v -0.057929 0.481957 0.034430
v -0.029189 0.481957 -0.014950
v -0.043559 0.489077 -0.049670
v -0.043559 0.489077 -0.014950
v -0.057929 0.481957 -0.049670
v -0.029189 0.481957 -0.049670
v -0.057929 0.481957 -0.014950
v -0.026459 0.668177 -0.049670
v -0.003049 0.640197 -0.049670
v -0.029599 0.626427 -0.049670
v -0.013129 0.595167 -0.049670
v -0.000759 0.679587 -0.049670
v -0.037819 0.590917 -0.049670
v -0.016629 0.585417 -0.049670
v -0.025059 0.580497 -0.049670
v -0.036899 0.586247 -0.049670
v -0.032559 0.581327 -0.049670
v -0.028979 0.700957 -0.049670
v -0.002089 0.706247 -0.049670
v -0.005809 0.713567 -0.049670
v -0.015529 0.718377 -0.049670
v -0.030899 0.711647 -0.049670
v -0.026579 0.717647 -0.049670
v -0.061659 0.378707 -0.049670
v -0.019999 0.355997 -0.049670
v -0.056609 0.298037 -0.049670
v -0.014649 0.313277 -0.049670
v -0.023239 0.464757 -0.049670
v 0.004561 0.220047 -0.049670
v -0.063889 0.464757 -0.049670
v -0.037399 0.192267 -0.049670
v -0.057929 0.481957 -0.049670
v -0.029189 0.481957 -0.049670
v -0.043559 0.489077 -0.049670
v 0.032261 0.132807 -0.049670
v -0.019199 0.130407 -0.049670
v -0.003459 0.111887 -0.049670
v 0.015271 0.109797 -0.049670
v 0.030511 0.119957 -0.049670
v -0.026459 0.668177 -0.000290
v -0.003049 0.640197 -0.000290
v -0.029599 0.626427 -0.000290
v -0.013129 0.595167 -0.000290
v -0.000759 0.679587 -0.000290
v -0.037819 0.590917 -0.000290
v -0.016629 0.585417 -0.000290
v -0.025059 0.580497 -0.000290
v -0.036899 0.586247 -0.000290
v -0.032559 0.581327 -0.000290
v -0.028979 0.700957 -0.000290
v -0.002089 0.706247 -0.000290
v -0.005809 0.713567 -0.000290
v -0.015529 0.718377 -0.000290
v -0.030899 0.711647 -0.000290
v -0.026579 0.717647 -0.000290
v -0.061659 0.378707 -0.000290
v -0.019999 0.355997 -0.000290
v -0.056609 0.298037 -0.000290
v -0.014649 0.313277 -0.000290
v -0.023239 0.464757 -0.000290
v 0.004561 0.220047 -0.000290
v -0.063889 0.464757 -0.000290
v -0.037399 0.192267 -0.000290
v -0.057929 0.481957 -0.000290
v -0.029189 0.481957 -0.000290
v -0.043559 0.489077 -0.000290
v 0.032261 0.132807 -0.000290
v -0.019199 0.130407 -0.000290
v -0.003459 0.111887 -0.000290
v 0.015271 0.109797 -0.000290
v 0.030511 0.119957 -0.000290
v -0.016629 0.585417 0.034430
v -0.005809 0.713567 -0.000290
v -0.016629 0.585417 -0.000290
v -0.005809 0.713567 0.034430
v -0.013129 0.595167 0.034430
v -0.002089 0.706247 -0.000290
v -0.013129 0.595167 -0.000290
v -0.002089 0.706247 0.034430
v -0.003049 0.640197 0.034430
v -0.000759 0.679587 -0.000290
v -0.003049 0.640197 -0.000290
v -0.000759 0.679587 0.034430
v -0.016629 0.585417 -0.014950
v -0.005809 0.713567 -0.049670
v -0.016629 0.585417 -0.049670
v -0.005809 0.713567 -0.014950
v -0.013129 0.595167 -0.014950
v -0.002089 0.706247 -0.049670
v -0.013129 0.595167 -0.049670
v -0.002089 0.706247 -0.014950
v -0.003049 0.640197 -0.014950
v -0.000759 0.679587 -0.049670
v -0.003049 0.640197 -0.049670
v -0.000759 0.679587 -0.014950
v -0.029189 0.481957 0.034430
v -0.029189 0.481957 -0.000290
v -0.023239 0.464757 0.034430
v -0.023239 0.464757 -0.000290
v -0.019999 0.355997 0.034430
v -0.019999 0.355997 -0.000290
v -0.014649 0.313277 -0.000290
v -0.014649 0.313277 0.034430
v 0.004561 0.220047 0.034430
v 0.004561 0.220047 -0.000290
v 0.032261 0.132807 0.034430
v 0.032261 0.132807 -0.000290
v 0.030511 0.119957 0.034430
v 0.030511 0.119957 -0.000290
v -0.029189 0.481957 -0.014950
v -0.029189 0.481957 -0.049670
v -0.023239 0.464757 -0.014950
v -0.023239 0.464757 -0.049670
v -0.019999 0.355997 -0.014950
v -0.019999 0.355997 -0.049670
v -0.014649 0.313277 -0.049670
v -0.014649 0.313277 -0.014950
v 0.004561 0.220047 -0.014950
v 0.004561 0.220047 -0.049670
v 0.032261 0.132807 -0.014950
v 0.032261 0.132807 -0.049670
v 0.030511 0.119957 -0.014950
v 0.030511 0.119957 -0.049670
v -0.032559 0.581327 0.034430
v -0.032559 0.581327 -0.000290
v -0.025059 0.580497 0.034430
v -0.025059 0.580497 -0.000290
v -0.016629 0.585417 0.034430
v -0.016629 0.585417 -0.000290
v -0.032559 0.581327 -0.014950
v -0.032559 0.581327 -0.049670
v -0.025059 0.580497 -0.014950
v -0.025059 0.580497 -0.049670
v -0.016629 0.585417 -0.014950
v -0.016629 0.585417 -0.049670
v 0.030511 0.119957 0.034430
v -0.003459 0.111887 -0.000290
v 0.030511 0.119957 -0.000290
v -0.003459 0.111887 0.034430
v 0.015271 0.109797 0.034430
v 0.015271 0.109797 -0.000290
v 0.030511 0.119957 -0.014950
v -0.003459 0.111887 -0.049670
v 0.030511 0.119957 -0.049670
v -0.003459 0.111887 -0.014950
v 0.015271 0.109797 -0.014950
v 0.015271 0.109797 -0.049670
v -0.013129 0.595167 0.034430
v -0.037819 0.590917 0.034430
v -0.016629 0.585417 0.034430
v -0.025059 0.580497 0.034430
v -0.036899 0.586247 0.034430
v -0.032559 0.581327 0.034430
v -0.029599 0.626427 0.034430
v -0.003049 0.640197 0.034430
v -0.026459 0.668177 0.034430
v -0.000759 0.679587 0.034430
v -0.028979 0.700957 0.034430
v -0.002089 0.706247 0.034430
v -0.005809 0.713567 0.034430
v -0.015529 0.718377 0.034430
v -0.030899 0.711647 0.034430
v -0.026579 0.717647 0.034430
v -0.003459 0.111887 0.034430
v 0.032261 0.132807 0.034430
v -0.019199 0.130407 0.034430
v 0.015271 0.109797 0.034430
v 0.030511 0.119957 0.034430
v -0.037399 0.192267 0.034430
v 0.004561 0.220047 0.034430
v -0.056609 0.298037 0.034430
v -0.014649 0.313277 0.034430
v -0.019999 0.355997 0.034430
v -0.061659 0.378707 0.034430
v -0.023239 0.464757 0.034430
v -0.063889 0.464757 0.034430
v -0.057929 0.481957 0.034430
v -0.029189 0.481957 0.034430
v -0.043559 0.489077 0.034430
v -0.013129 0.595167 -0.014950
v -0.037819 0.590917 -0.014950
v -0.016629 0.585417 -0.014950
v -0.025059 0.580497 -0.014950
v -0.036899 0.586247 -0.014950
v -0.032559 0.581327 -0.014950
v -0.029599 0.626427 -0.014950
v -0.003049 0.640197 -0.014950
v -0.026459 0.668177 -0.014950
v -0.000759 0.679587 -0.014950
v -0.028979 0.700957 -0.014950
v -0.002089 0.706247 -0.014950
v -0.005809 0.713567 -0.014950
v -0.015529 0.718377 -0.014950
v -0.030899 0.711647 -0.014950
v -0.026579 0.717647 -0.014950
v -0.003459 0.111887 -0.014950
v 0.032261 0.132807 -0.014950
v -0.019199 0.130407 -0.014950
v 0.015271 0.109797 -0.014950
v 0.030511 0.119957 -0.014950
v -0.037399 0.192267 -0.014950
v 0.004561 0.220047 -0.014950
v -0.056609 0.298037 -0.014950
v -0.014649 0.313277 -0.014950
v -0.019999 0.355997 -0.014950
v -0.061659 0.378707 -0.014950
v -0.023239 0.464757 -0.014950
v -0.063889 0.464757 -0.014950
v -0.057929 0.481957 -0.014950
v -0.029189 0.481957 -0.014950
v -0.043559 0.489077 -0.014950
v -0.023179 0.750047 -0.047800
v -0.023179 0.750047 0.032560
v -0.026419 0.742217 -0.047800
v -0.026419 0.742217 0.032560
v -0.023179 0.734387 -0.047800
v -0.023179 0.734387 0.032560
v 0.089381 -0.013623 -0.047800
v 0.089381 -0.013623 0.032560
v 0.086141 -0.021453 -0.047800
v 0.086141 -0.021453 0.032560
v 0.089381 -0.029283 -0.047800
v 0.089381 -0.029283 0.032560
v -0.007519 0.750047 0.032560
v -0.015349 0.753297 -0.047800
v -0.015349 0.753297 0.032560
v -0.023179 0.750047 -0.047800
v -0.007519 0.750047 -0.047800
v -0.023179 0.750047 0.032560
v 0.105041 -0.013623 0.032560
v 0.097211 -0.010383 -0.047800
v 0.097211 -0.010383 0.032560
v 0.089381 -0.013623 -0.047800
v 0.105041 -0.013623 -0.047800
v 0.089381 -0.013623 0.032560
v -0.007519 0.734387 -0.047800
v -0.007519 0.750047 -0.047800
v -0.004269 0.742217 -0.047800
v -0.023179 0.734387 -0.047800
v -0.015349 0.731147 -0.047800
v -0.023179 0.750047 -0.047800
v -0.015349 0.753297 -0.047800
v -0.026419 0.742217 -0.047800
v 0.089381 -0.029283 -0.047800
v 0.108291 -0.021453 -0.047800
v 0.105041 -0.029283 -0.047800
v 0.097211 -0.032533 -0.047800
v 0.086141 -0.021453 -0.047800
v 0.105041 -0.013623 -0.047800
v 0.089381 -0.013623 -0.047800
v 0.097211 -0.010383 -0.047800
v -0.007519 0.750047 0.032560
v -0.007519 0.750047 -0.047800
v -0.004269 0.742217 0.032560
v -0.004269 0.742217 -0.047800
v -0.007519 0.734387 0.032560
v -0.007519 0.734387 -0.047800
v 0.105041 -0.013623 0.032560
v 0.105041 -0.013623 -0.047800
v 0.108291 -0.021453 0.032560
v 0.108291 -0.021453 -0.047800
v 0.105041 -0.029283 0.032560
v 0.105041 -0.029283 -0.047800
v -0.007519 0.734387 0.032560
v -0.023179 0.734387 -0.047800
v -0.007519 0.734387 -0.047800
v -0.023179 0.734387 0.032560
v -0.015349 0.731147 0.032560
v -0.015349 0.731147 -0.047800
v 0.105041 -0.029283 0.032560
v 0.089381 -0.029283 -0.047800
v 0.105041 -0.029283 -0.047800
v 0.089381 -0.029283 0.032560
v 0.097211 -0.032533 0.032560
v 0.097211 -0.032533 -0.047800
v -0.023179 0.734387 0.032560
v -0.007519 0.750047 0.032560
v -0.023179 0.750047 0.032560
v -0.015349 0.753297 0.032560
v -0.026419 0.742217 0.032560
v -0.007519 0.734387 0.032560
v -0.004269 0.742217 0.032560
v -0.015349 0.731147 0.032560
v 0.086141 -0.021453 0.032560
v 0.105041 -0.013623 0.032560
v 0.089381 -0.013623 0.032560
v 0.097211 -0.010383 0.032560
v 0.108291 -0.021453 0.032560
v 0.105041 -0.029283 0.032560
v 0.089381 -0.029283 0.032560
v 0.097211 -0.032533 0.032560
v -0.024159 0.570327 -0.045710
v -0.024159 0.570327 -0.017370
v -0.019789 0.559787 -0.017370
v -0.019789 0.559787 -0.045710
v -0.022099 0.554217 -0.045710
v -0.022259 0.553817 -0.017370
v -0.024159 0.549247 -0.045710
v -0.024159 0.549247 -0.017370
v -0.029559 0.500647 0.002130
v -0.029559 0.500647 0.030470
v -0.025189 0.511187 0.002130
v -0.025189 0.511187 0.030470
v -0.029559 0.521727 0.002130
v -0.029559 0.521727 0.030470
v 0.056371 0.056087 -0.045710
v 0.056371 0.056087 -0.017370
v 0.060731 0.045547 -0.017370
v 0.060731 0.045547 -0.045710
v 0.056371 0.035007 -0.017370
v 0.056371 0.035007 -0.045710
v 0.036571 0.101087 -0.045710
v 0.036571 0.101087 -0.017370
v 0.039961 0.092887 -0.017370
v 0.039961 0.092887 -0.045710
v 0.040931 0.090547 -0.017370
v 0.040931 0.090547 -0.045710
v 0.036571 0.080007 -0.017370
v 0.036571 0.080007 -0.045710
v -0.047779 0.773777 0.002130
v -0.047779 0.773777 0.030470
v -0.061299 0.741117 0.030470
v -0.061299 0.741117 0.002130
v -0.047779 0.708457 0.002130
v -0.047779 0.708457 0.030470
v -0.040309 0.679567 0.002130
v -0.040309 0.679567 0.030470
v -0.042699 0.619817 0.002130
v -0.042699 0.619817 0.030470
v -0.054349 0.577687 0.030470
v -0.054349 0.577677 0.002130
v -0.065999 0.559757 0.030470
v -0.065999 0.559757 0.002130
v -0.074669 0.451887 0.002130
v -0.074669 0.451887 0.030470
v -0.073769 0.363147 0.002130
v -0.073769 0.363147 0.030470
v -0.062479 0.261857 0.002130
v -0.062479 0.261857 0.030470
v -0.048649 0.189057 0.002130
v -0.048649 0.189057 0.030470
v -0.031189 0.130447 0.002130
v -0.031189 0.130447 0.030470
v 0.003921 0.036897 0.002130
v 0.003921 0.036897 0.030470
v 0.033661 -0.025353 0.002130
v 0.033661 -0.025353 0.030470
v 0.064901 -0.068473 0.030470
v 0.055791 -0.059063 0.002130
v 0.064901 -0.068473 0.002130
v 0.055791 -0.059063 0.030470
v 0.056371 0.056087 0.002130
v 0.056371 0.056087 0.030470
v 0.060731 0.045547 0.002130
v 0.060731 0.045547 0.030470
v 0.056371 0.035007 0.030470
v 0.056371 0.035007 0.002130
v -0.047779 0.773777 -0.045710
v -0.047779 0.773777 -0.017370
v -0.061299 0.741117 -0.045710
v -0.061299 0.741117 -0.017370
v -0.047779 0.708457 -0.045710
v -0.047779 0.708457 -0.017370
v -0.040309 0.679567 -0.045710
v -0.040309 0.679567 -0.017370
v -0.042699 0.619817 -0.045710
v -0.042699 0.619817 -0.017370
v -0.054349 0.577687 -0.045710
v -0.054349 0.577677 -0.017370
v -0.065999 0.559757 -0.045710
v -0.065999 0.559757 -0.017370
v -0.074669 0.451887 -0.045710
v -0.074669 0.451887 -0.017370
v -0.073769 0.363147 -0.045710
v -0.073769 0.363147 -0.017370
v -0.062479 0.261857 -0.045710
v -0.062479 0.261857 -0.017370
v -0.048649 0.189057 -0.045710
v -0.048649 0.189057 -0.017370
v -0.031189 0.130447 -0.045710
v -0.031189 0.130447 -0.017370
v 0.003921 0.036897 -0.045710
v 0.003921 0.036897 -0.017370
v 0.033661 -0.025353 -0.045710
v 0.033661 -0.025353 -0.017370
v 0.064901 -0.068473 -0.017370
v 0.055791 -0.059063 -0.045710
v 0.064901 -0.068473 -0.045710
v 0.055791 -0.059063 -0.017370
v 0.036571 0.101087 0.002130
v 0.036571 0.101087 0.030470
v 0.039961 0.092887 0.002130
v 0.039961 0.092887 0.030470
v 0.040931 0.090547 0.002130
v 0.040931 0.090547 0.030470
v 0.036571 0.080007 0.002130
v 0.036571 0.080007 0.030470
v -0.029559 0.500647 -0.045710
v -0.029559 0.500647 -0.017370
v -0.025189 0.511187 -0.045710
v -0.025189 0.511187 -0.017370
v -0.029559 0.521727 -0.045710
v -0.029559 0.521727 -0.017370
v -0.024159 0.570327 0.002130
v -0.024159 0.570327 0.030470
v -0.019789 0.559787 0.030470
v -0.019789 0.559787 0.002130
v -0.022099 0.554217 0.002130
v -0.022259 0.553817 0.030470
v -0.024159 0.549247 0.002130
v -0.024159 0.549247 0.030470
v -0.024159 0.549247 -0.045710
v -0.024159 0.549247 -0.017370
v -0.045239 0.549247 -0.017370
v -0.034699 0.544887 -0.017370
v -0.045239 0.549247 -0.045710
v -0.034699 0.544887 -0.045710
v -0.042499 0.548117 -0.017370
v -0.039259 0.546777 -0.045710
v -0.050639 0.500647 0.030470
v -0.050639 0.500647 0.002130
v -0.040099 0.496287 0.002130
v -0.040099 0.496287 0.030470
v -0.029559 0.500647 0.002130
v -0.029559 0.500647 0.030470
v 0.056371 0.035007 -0.017370
v 0.056371 0.035007 -0.045710
v 0.045831 0.030637 -0.017370
v 0.045831 0.030637 -0.045710
v 0.035291 0.035007 -0.017370
v 0.035291 0.035007 -0.045710
v 0.036571 0.080007 -0.017370
v 0.036571 0.080007 -0.045710
v 0.015491 0.080007 -0.017370
v 0.032061 0.078137 -0.017370
v 0.015491 0.080007 -0.045710
v 0.032001 0.078107 -0.045710
v 0.026031 0.075637 -0.045710
v 0.026031 0.075637 -0.017370
v 0.017541 0.773777 0.002130
v 0.017541 0.773777 0.030470
v -0.015119 0.787297 0.002130
v -0.015119 0.787297 0.030470
v -0.047779 0.773777 0.002130
v -0.047779 0.773777 0.030470
v 0.110431 0.006297 0.030470
v 0.110431 0.006297 0.002130
v 0.118211 -0.001483 0.030470
v 0.118211 -0.001483 0.002130
v 0.126861 -0.004773 0.030470
v 0.126861 -0.004773 0.002130
v 0.056371 0.035007 0.030470
v 0.056371 0.035007 0.002130
v 0.045831 0.030637 0.030470
v 0.045831 0.030637 0.002130
v 0.035291 0.035007 0.030470
v 0.035291 0.035007 0.002130
v 0.017541 0.773777 -0.017370
v 0.017541 0.773777 -0.045710
v -0.015119 0.787297 -0.045710
v -0.015119 0.787297 -0.017370
v -0.047779 0.773777 -0.045710
v -0.047779 0.773777 -0.017370
v 0.110431 0.006297 -0.017370
v 0.110431 0.006297 -0.045710
v 0.118211 -0.001483 -0.017370
v 0.118211 -0.001483 -0.045710
v 0.126861 -0.004773 -0.017370
v 0.126861 -0.004773 -0.045710
v 0.036571 0.080007 0.002130
v 0.036571 0.080007 0.030470
v 0.015491 0.080007 0.002130
v 0.032061 0.078137 0.030470
v 0.015491 0.080007 0.030470
v 0.032001 0.078107 0.002130
v 0.026031 0.075637 0.002130
v 0.026031 0.075637 0.030470
v -0.050639 0.500647 -0.017370
v -0.050639 0.500647 -0.045710
v -0.040099 0.496287 -0.045710
v -0.040099 0.496287 -0.017370
v -0.029559 0.500647 -0.045710
v -0.029559 0.500647 -0.017370
v -0.024159 0.549247 0.002130
v -0.024159 0.549247 0.030470
v -0.045239 0.549247 0.030470
v -0.034699 0.544887 0.030470
v -0.045239 0.549247 0.002130
v -0.034699 0.544887 0.002130
v -0.042499 0.548117 0.030470
v -0.039259 0.546777 0.002130
v 0.003451 0.626967 -0.045710
v -0.024159 0.570327 -0.045710
v -0.042699 0.619817 -0.045710
v -0.034699 0.574697 -0.045710
v -0.054349 0.577687 -0.045710
v -0.045239 0.570327 -0.045710
v -0.049599 0.559787 -0.045710
v -0.040309 0.679567 -0.045710
v -0.065999 0.559757 -0.045710
v 0.008931 0.693947 -0.045710
v -0.047779 0.708457 -0.045710
v -0.006109 0.546297 -0.045710
v -0.045239 0.549247 -0.045710
v -0.019789 0.559787 -0.045710
v 0.013061 0.708457 -0.045710
v -0.022099 0.554217 -0.045710
v -0.024159 0.549247 -0.045710
v -0.061299 0.741117 -0.045710
v -0.047779 0.773777 -0.045710
v -0.015119 0.787297 -0.045710
v 0.017541 0.773777 -0.045710
v 0.031071 0.741117 -0.045710
v -0.029559 0.521727 -0.045710
v -0.034699 0.544887 -0.045710
v -0.025189 0.511187 -0.045710
v -0.035529 0.524207 -0.045710
v -0.040099 0.526097 -0.045710
v -0.039259 0.546777 -0.045710
v -0.050639 0.521727 -0.045710
v -0.054999 0.511187 -0.045710
v -0.009099 0.464727 -0.045710
v -0.029559 0.500647 -0.045710
v -0.040099 0.496287 -0.045710
v -0.074669 0.451887 -0.045710
v -0.050639 0.500647 -0.045710
v -0.005509 0.393317 -0.045710
v -0.073769 0.363147 -0.045710
v 0.006741 0.292917 -0.045710
v -0.062479 0.261857 -0.045710
v 0.029151 0.196707 -0.045710
v -0.048649 0.189057 -0.045710
v -0.031189 0.130447 -0.045710
v 0.026031 0.105447 -0.045710
v 0.015491 0.101087 -0.045710
v 0.011121 0.090547 -0.045710
v 0.057831 0.113047 -0.045710
v 0.003921 0.036897 -0.045710
v 0.036571 0.101087 -0.045710
v 0.039961 0.092887 -0.045710
v 0.015491 0.080007 -0.045710
v 0.040931 0.090547 -0.045710
v 0.030921 0.045547 -0.045710
v 0.026031 0.075637 -0.045710
v 0.035291 0.035007 -0.045710
v 0.035291 0.056087 -0.045710
v 0.032001 0.078107 -0.045710
v 0.039501 0.057827 -0.045710
v 0.036571 0.080007 -0.045710
v 0.045831 0.060447 -0.045710
v 0.056371 0.056087 -0.045710
v 0.092791 0.033267 -0.045710
v 0.060731 0.045547 -0.045710
v 0.056371 0.035007 -0.045710
v 0.110431 0.006297 -0.045710
v 0.033661 -0.025353 -0.045710
v 0.045831 0.030637 -0.045710
v 0.055791 -0.059063 -0.045710
v 0.125301 -0.026213 -0.045710
v 0.118211 -0.001483 -0.045710
v 0.078561 -0.068893 -0.045710
v 0.064901 -0.068473 -0.045710
v 0.128761 -0.012553 -0.045710
v 0.126861 -0.004773 -0.045710
v 0.003451 0.626967 0.002130
v -0.024159 0.570327 0.002130
v -0.042699 0.619817 0.002130
v -0.034699 0.574697 0.002130
v -0.054349 0.577677 0.002130
v -0.045239 0.570327 0.002130
v -0.049599 0.559787 0.002130
v -0.040309 0.679567 0.002130
v -0.065999 0.559757 0.002130
v 0.008931 0.693947 0.002130
v -0.047779 0.708457 0.002130
v -0.006109 0.546297 0.002130
v -0.045239 0.549247 0.002130
v -0.019789 0.559787 0.002130
v 0.013061 0.708457 0.002130
v -0.022099 0.554217 0.002130
v -0.024159 0.549247 0.002130
v -0.061299 0.741117 0.002130
v -0.047779 0.773777 0.002130
v -0.015119 0.787297 0.002130
v 0.017541 0.773777 0.002130
v 0.031071 0.741117 0.002130
v -0.029559 0.521727 0.002130
v -0.034699 0.544887 0.002130
v -0.025189 0.511187 0.002130
v -0.035529 0.524207 0.002130
v -0.040099 0.526097 0.002130
v -0.039259 0.546777 0.002130
v -0.050639 0.521727 0.002130
v -0.054999 0.511187 0.002130
v -0.009099 0.464727 0.002130
v -0.029559 0.500647 0.002130
v -0.040099 0.496287 0.002130
v -0.074669 0.451887 0.002130
v -0.050639 0.500647 0.002130
v -0.005509 0.393317 0.002130
v -0.073769 0.363147 0.002130
v 0.006741 0.292917 0.002130
v -0.062479 0.261857 0.002130
v 0.029151 0.196707 0.002130
v -0.048649 0.189057 0.002130
v -0.031189 0.130447 0.002130
v 0.026031 0.105447 0.002130
v 0.015491 0.101087 0.002130
v 0.011121 0.090547 0.002130
v 0.057831 0.113047 0.002130
v 0.003921 0.036897 0.002130
v 0.036571 0.101087 0.002130
v 0.039961 0.092887 0.002130
v 0.015491 0.080007 0.002130
v 0.040931 0.090547 0.002130
v 0.030921 0.045547 0.002130
v 0.026031 0.075637 0.002130
v 0.035291 0.035007 0.002130
v 0.035291 0.056087 0.002130
v 0.032001 0.078107 0.002130
v 0.039501 0.057827 0.002130
v 0.036571 0.080007 0.002130
v 0.045831 0.060447 0.002130
v 0.056371 0.056087 0.002130
v 0.092791 0.033267 0.002130
v 0.060731 0.045547 0.002130
v 0.056371 0.035007 0.002130
v 0.110431 0.006297 0.002130
v 0.033661 -0.025353 0.002130
v 0.045831 0.030637 0.002130
v 0.055791 -0.059063 0.002130
v 0.125301 -0.026213 0.002130
v 0.118211 -0.001483 0.002130
v 0.078561 -0.068893 0.002130
v 0.064901 -0.068473 0.002130
v 0.128761 -0.012553 0.002130
v 0.126861 -0.004773 0.002130
v -0.045239 0.570327 -0.017370
v -0.045239 0.570327 -0.045710
v -0.049599 0.559787 -0.017370
v -0.049599 0.559787 -0.045710
v -0.045239 0.549247 -0.017370
v -0.045239 0.549247 -0.045710
v -0.050639 0.521727 0.030470
v -0.050639 0.521727 0.002130
v -0.054999 0.511187 0.030470
v -0.054999 0.511187 0.002130
v -0.050639 0.500647 0.030470
v -0.050639 0.500647 0.002130
v 0.035291 0.056087 -0.045710
v 0.035291 0.056087 -0.017370
v 0.030921 0.045547 -0.017370
v 0.035291 0.035007 -0.017370
v 0.030921 0.045547 -0.045710
v 0.035291 0.035007 -0.045710
v 0.015491 0.101087 -0.017370
v 0.015491 0.101087 -0.045710
v 0.011121 0.090547 -0.017370
v 0.011121 0.090547 -0.045710
v 0.015491 0.080007 -0.017370
v 0.015491 0.080007 -0.045710
v 0.013061 0.708457 0.030470
v 0.031071 0.741117 0.002130
v 0.031071 0.741117 0.030470
v 0.017541 0.773777 0.002130
v 0.013061 0.708457 0.002130
v 0.017541 0.773777 0.030470
v 0.008931 0.693947 0.030470
v 0.008931 0.693947 0.002130
v 0.003451 0.626967 0.030470
v 0.003451 0.626967 0.002130
v -0.006109 0.546297 0.030470
v -0.006109 0.546297 0.002130
v -0.009099 0.464727 0.030470
v -0.009099 0.464727 0.002130
v -0.005509 0.393317 0.030470
v -0.005509 0.393317 0.002130
v 0.006741 0.292917 0.030470
v 0.006741 0.292917 0.002130
v 0.029151 0.196707 0.030470
v 0.029151 0.196707 0.002130
v 0.057831 0.113047 0.030470
v 0.057831 0.113047 0.002130
v 0.092791 0.033267 0.030470
v 0.092791 0.033267 0.002130
v 0.110431 0.006297 0.030470
v 0.110431 0.006297 0.002130
v 0.126861 -0.004773 0.030470
v 0.126861 -0.004773 0.002130
v 0.128761 -0.012553 0.030470
v 0.128761 -0.012553 0.002130
v 0.125301 -0.026213 0.030470
v 0.125301 -0.026213 0.002130
v 0.035291 0.056087 0.002130
v 0.035291 0.056087 0.030470
v 0.030921 0.045547 0.002130
v 0.030921 0.045547 0.030470
v 0.035291 0.035007 0.030470
v 0.035291 0.035007 0.002130
v 0.013061 0.708457 -0.017370
v 0.031071 0.741117 -0.045710
v 0.031071 0.741117 -0.017370
v 0.017541 0.773777 -0.017370
v 0.013061 0.708457 -0.045710
v 0.017541 0.773777 -0.045710
v 0.008931 0.693947 -0.017370
v 0.008931 0.693947 -0.045710
v 0.003451 0.626967 -0.017370
v 0.003451 0.626967 -0.045710
v -0.006109 0.546297 -0.017370
v -0.006109 0.546297 -0.045710
v -0.009099 0.464727 -0.017370
v -0.009099 0.464727 -0.045710
v -0.005509 0.393317 -0.017370
v -0.005509 0.393317 -0.045710
v 0.006741 0.292917 -0.017370
v 0.006741 0.292917 -0.045710
v 0.029151 0.196707 -0.017370
v 0.029151 0.196707 -0.045710
v 0.057831 0.113047 -0.017370
v 0.057831 0.113047 -0.045710
v 0.092791 0.033267 -0.017370
v 0.092791 0.033267 -0.045710
v 0.110431 0.006297 -0.017370
v 0.110431 0.006297 -0.045710
v 0.126861 -0.004773 -0.017370
v 0.126861 -0.004773 -0.045710
v 0.128761 -0.012553 -0.017370
v 0.128761 -0.012553 -0.045710
v 0.125301 -0.026213 -0.017370
v 0.125301 -0.026213 -0.045710
v 0.015491 0.101087 0.030470
v 0.015491 0.101087 0.002130
v 0.011121 0.090547 0.002130
v 0.011121 0.090547 0.030470
v 0.015491 0.080007 0.002130
v 0.015491 0.080007 0.030470
v -0.050639 0.521727 -0.017370
v -0.050639 0.521727 -0.045710
v -0.054999 0.511187 -0.017370
v -0.054999 0.511187 -0.045710
v -0.050639 0.500647 -0.017370
v -0.050639 0.500647 -0.045710
v -0.045239 0.570327 0.030470
v -0.045239 0.570327 0.002130
v -0.049599 0.559787 0.030470
v -0.049599 0.559787 0.002130
v -0.045239 0.549247 0.030470
v -0.045239 0.549247 0.002130
v -0.024159 0.570327 -0.045710
v -0.024159 0.570327 -0.017370
v -0.034699 0.574697 -0.017370
v -0.034699 0.574697 -0.045710
v -0.045239 0.570327 -0.017370
v -0.045239 0.570327 -0.045710
v -0.040099 0.526097 0.030470
v -0.035529 0.524207 0.002130
v -0.032409 0.522907 0.030470
v -0.029559 0.521727 0.002130
v -0.029559 0.521727 0.030470
v -0.040099 0.526097 0.002130
v -0.050639 0.521727 0.030470
v -0.050639 0.521727 0.002130
v 0.056371 0.056087 -0.045710
v 0.056371 0.056087 -0.017370
v 0.045831 0.060447 -0.017370
v 0.045831 0.060447 -0.045710
v 0.039501 0.057827 -0.017370
v 0.039501 0.057827 -0.045710
v 0.035291 0.056087 -0.045710
v 0.035291 0.056087 -0.017370
v 0.036571 0.101087 -0.045710
v 0.036571 0.101087 -0.017370
v 0.026031 0.105447 -0.017370
v 0.026031 0.105447 -0.045710
v 0.015491 0.101087 -0.017370
v 0.015491 0.101087 -0.045710
v 0.125301 -0.026213 0.030470
v 0.125301 -0.026213 0.002130
v 0.078561 -0.068893 0.030470
v 0.078561 -0.068893 0.002130
v 0.064901 -0.068473 0.030470
v 0.064901 -0.068473 0.002130
v 0.056371 0.056087 0.002130
v 0.056371 0.056087 0.030470
v 0.045831 0.060447 0.030470
v 0.045831 0.060447 0.002130
v 0.039501 0.057827 0.030470
v 0.039501 0.057827 0.002130
v 0.035291 0.056087 0.002130
v 0.035291 0.056087 0.030470
v 0.125301 -0.026213 -0.017370
v 0.125301 -0.026213 -0.045710
v 0.078561 -0.068893 -0.017370
v 0.078561 -0.068893 -0.045710
v 0.064901 -0.068473 -0.017370
v 0.064901 -0.068473 -0.045710
v 0.036571 0.101087 0.002130
v 0.036571 0.101087 0.030470
v 0.026031 0.105447 0.030470
v 0.026031 0.105447 0.002130
v 0.015491 0.101087 0.030470
v 0.015491 0.101087 0.002130
v -0.040099 0.526097 -0.017370
v -0.035529 0.524207 -0.045710
v -0.032409 0.522907 -0.017370
v -0.029559 0.521727 -0.045710
v -0.029559 0.521727 -0.017370
v -0.040099 0.526097 -0.045710
v -0.050639 0.521727 -0.017370
v -0.050639 0.521727 -0.045710
v -0.024159 0.570327 0.002130
v -0.024159 0.570327 0.030470
v -0.034699 0.574697 0.030470
v -0.034699 0.574697 0.002130
v -0.045239 0.570327 0.030470
v -0.045239 0.570327 0.002130
v -0.054349 0.577687 0.030470
v -0.049599 0.559787 0.030470
v -0.045239 0.570327 0.030470
v -0.034699 0.574697 0.030470
v -0.042699 0.619817 0.030470
v -0.065999 0.559757 0.030470
v -0.024159 0.570327 0.030470
v -0.045239 0.549247 0.030470
v 0.003451 0.626967 0.030470
v -0.040309 0.679567 0.030470
v 0.008931 0.693947 0.030470
v -0.047779 0.708457 0.030470
v -0.006109 0.546297 0.030470
v 0.013061 0.708457 0.030470
v -0.019789 0.559787 0.030470
v -0.061299 0.741117 0.030470
v -0.047779 0.773777 0.030470
v -0.015119 0.787297 0.030470
v 0.017541 0.773777 0.030470
v 0.031071 0.741117 0.030470
v -0.022259 0.553817 0.030470
v -0.024159 0.549247 0.030470
v -0.029559 0.521727 0.030470
v -0.034699 0.544887 0.030470
v -0.025189 0.511187 0.030470
v -0.032409 0.522907 0.030470
v -0.040099 0.526097 0.030470
v -0.042499 0.548117 0.030470
v -0.050639 0.521727 0.030470
v -0.054999 0.511187 0.030470
v -0.009099 0.464727 0.030470
v -0.029559 0.500647 0.030470
v -0.040099 0.496287 0.030470
v -0.074669 0.451887 0.030470
v -0.050639 0.500647 0.030470
v -0.005509 0.393317 0.030470
v -0.073769 0.363147 0.030470
v 0.006741 0.292917 0.030470
v -0.062479 0.261857 0.030470
v 0.029151 0.196707 0.030470
v -0.048649 0.189057 0.030470
v -0.031189 0.130447 0.030470
v 0.026031 0.105447 0.030470
v 0.015491 0.101087 0.030470
v 0.011121 0.090547 0.030470
v 0.057831 0.113047 0.030470
v 0.003921 0.036897 0.030470
v 0.036571 0.101087 0.030470
v 0.039961 0.092887 0.030470
v 0.015491 0.080007 0.030470
v 0.040931 0.090547 0.030470
v 0.030921 0.045547 0.030470
v 0.026031 0.075637 0.030470
v 0.035291 0.035007 0.030470
v 0.035291 0.056087 0.030470
v 0.032061 0.078137 0.030470
v 0.039501 0.057827 0.030470
v 0.036571 0.080007 0.030470
v 0.045831 0.060447 0.030470
v 0.056371 0.056087 0.030470
v 0.092791 0.033267 0.030470
v 0.060731 0.045547 0.030470
v 0.056371 0.035007 0.030470
v 0.110431 0.006297 0.030470
v 0.033661 -0.025353 0.030470
v 0.045831 0.030637 0.030470
v 0.055791 -0.059063 0.030470
v 0.125301 -0.026213 0.030470
v 0.118211 -0.001483 0.030470
v 0.078561 -0.068893 0.030470
v 0.064901 -0.068473 0.030470
v 0.128761 -0.012553 0.030470
v 0.126861 -0.004773 0.030470
v -0.054349 0.577677 -0.017370
v -0.049599 0.559787 -0.017370
v -0.045239 0.570327 -0.017370
v -0.034699 0.574697 -0.017370
v -0.042699 0.619817 -0.017370
v -0.065999 0.559757 -0.017370
v -0.024159 0.570327 -0.017370
v -0.045239 0.549247 -0.017370
v 0.003451 0.626967 -0.017370
v -0.040309 0.679567 -0.017370
v 0.008931 0.693947 -0.017370
v -0.047779 0.708457 -0.017370
v -0.006109 0.546297 -0.017370
v 0.013061 0.708457 -0.017370
v -0.019789 0.559787 -0.017370
v -0.061299 0.741117 -0.017370
v -0.047779 0.773777 -0.017370
v -0.015119 0.787297 -0.017370
v 0.017541 0.773777 -0.017370
v 0.031071 0.741117 -0.017370
v -0.022259 0.553817 -0.017370
v -0.024159 0.549247 -0.017370
v -0.029559 0.521727 -0.017370
v -0.034699 0.544887 -0.017370
v -0.025189 0.511187 -0.017370
v -0.032409 0.522907 -0.017370
v -0.040099 0.526097 -0.017370
v -0.042499 0.548117 -0.017370
v -0.050639 0.521727 -0.017370
v -0.054999 0.511187 -0.017370
v -0.009099 0.464727 -0.017370
v -0.029559 0.500647 -0.017370
v -0.040099 0.496287 -0.017370
v -0.074669 0.451887 -0.017370
v -0.050639 0.500647 -0.017370
v -0.005509 0.393317 -0.017370
v -0.073769 0.363147 -0.017370
v 0.006741 0.292917 -0.017370
v -0.062479 0.261857 -0.017370
v 0.029151 0.196707 -0.017370
v -0.048649 0.189057 -0.017370
v -0.031189 0.130447 -0.017370
v 0.026031 0.105447 -0.017370
v 0.015491 0.101087 -0.017370
v 0.011121 0.090547 -0.017370
v 0.057831 0.113047 -0.017370
v 0.003921 0.036897 -0.017370
v 0.036571 0.101087 -0.017370
v 0.039961 0.092887 -0.017370
v 0.015491 0.080007 -0.017370
v 0.040931 0.090547 -0.017370
v 0.030921 0.045547 -0.017370
v 0.026031 0.075637 -0.017370
v 0.035291 0.035007 -0.017370
v 0.035291 0.056087 -0.017370
v 0.032061 0.078137 -0.017370
v 0.039501 0.057827 -0.017370
v 0.036571 0.080007 -0.017370
v 0.045831 0.060447 -0.017370
v 0.056371 0.056087 -0.017370
v 0.092791 0.033267 -0.017370
v 0.060731 0.045547 -0.017370
v 0.056371 0.035007 -0.017370
v 0.110431 0.006297 -0.017370
v 0.033661 -0.025353 -0.017370
v 0.045831 0.030637 -0.017370
v 0.055791 -0.059063 -0.017370
v 0.125301 -0.026213 -0.017370
v 0.118211 -0.001483 -0.017370
v 0.078561 -0.068893 -0.017370
v 0.064901 -0.068473 -0.017370
v 0.128761 -0.012553 -0.017370
v 0.126861 -0.004773 -0.017370
v -0.103359 0.702377 -0.047800
v -0.103359 0.702377 0.032560
v -0.106609 0.694537 -0.047800
v -0.106609 0.694537 0.032560
v -0.103359 0.686707 -0.047800
v -0.103359 0.686707 0.032560
v 0.009191 -0.061303 -0.047800
v 0.009191 -0.061303 0.032560
v 0.005951 -0.069133 -0.047800
v 0.005951 -0.069133 0.032560
v 0.009191 -0.076963 -0.047800
v 0.009191 -0.076963 0.032560
v -0.087699 0.702377 0.032560
v -0.095529 0.705617 -0.047800
v -0.095529 0.705617 0.032560
v -0.103359 0.702377 -0.047800
v -0.087699 0.702377 -0.047800
v -0.103359 0.702377 0.032560
v 0.024861 -0.061303 0.032560
v 0.017031 -0.058053 -0.047800
v 0.017031 -0.058053 0.032560
v 0.009191 -0.061303 -0.047800
v 0.024861 -0.061303 -0.047800
v 0.009191 -0.061303 0.032560
v -0.084459 0.694537 -0.047800
v -0.103359 0.702377 -0.047800
v -0.095529 0.705617 -0.047800
v -0.087699 0.702377 -0.047800
v -0.095529 0.683467 -0.047800
v -0.087699 0.686707 -0.047800
v -0.106609 0.694537 -0.047800
v -0.103359 0.686707 -0.047800
v 0.028101 -0.069133 -0.047800
v 0.017031 -0.080203 -0.047800
v 0.009191 -0.076963 -0.047800
v 0.024861 -0.076963 -0.047800
v 0.009191 -0.061303 -0.047800
v 0.005951 -0.069133 -0.047800
v 0.017031 -0.058053 -0.047800
v 0.024861 -0.061303 -0.047800
v -0.087699 0.702377 0.032560
v -0.087699 0.702377 -0.047800
v -0.084459 0.694537 0.032560
v -0.084459 0.694537 -0.047800
v -0.087699 0.686707 0.032560
v -0.087699 0.686707 -0.047800
v 0.024861 -0.061303 0.032560
v 0.024861 -0.061303 -0.047800
v 0.028101 -0.069133 0.032560
v 0.028101 -0.069133 -0.047800
v 0.024861 -0.076963 0.032560
v 0.024861 -0.076963 -0.047800
v -0.087699 0.686707 0.032560
v -0.103359 0.686707 -0.047800
v -0.087699 0.686707 -0.047800
v -0.103359 0.686707 0.032560
v -0.095529 0.683467 0.032560
v -0.095529 0.683467 -0.047800
v 0.024861 -0.076963 0.032560
v 0.009191 -0.076963 -0.047800
v 0.024861 -0.076963 -0.047800
v 0.009191 -0.076963 0.032560
v 0.017031 -0.080203 0.032560
v 0.017031 -0.080203 -0.047800
v -0.095529 0.683467 0.032560
v -0.103359 0.702377 0.032560
v -0.106609 0.694537 0.032560
v -0.103359 0.686707 0.032560
v -0.084459 0.694537 0.032560
v -0.087699 0.686707 0.032560
v -0.095529 0.705617 0.032560
v -0.087699 0.702377 0.032560
v 0.009191 -0.061303 0.032560
v 0.028101 -0.069133 0.032560
v 0.017031 -0.058053 0.032560
v 0.024861 -0.061303 0.032560
v 0.009191 -0.076963 0.032560
v 0.005951 -0.069133 0.032560
v 0.017031 -0.080203 0.032560
v 0.024861 -0.076963 0.032560
v -0.138119 0.434277 -0.000290
v -0.138119 0.434277 0.034430
v -0.144069 0.417087 -0.000290
v -0.144069 0.417087 0.034430
v -0.141849 0.331037 -0.000290
v -0.141849 0.331037 0.034430
v -0.136799 0.250357 -0.000290
v -0.136799 0.250357 0.034430
v -0.117589 0.144587 -0.000290
v -0.117589 0.144587 0.034430
v -0.099389 0.082737 -0.000290
v -0.099389 0.082737 0.034430
v -0.083649 0.064207 -0.000290
v -0.083649 0.064207 0.034430
v -0.138119 0.434277 -0.049670
v -0.138119 0.434277 -0.014950
v -0.144069 0.417087 -0.049670
v -0.144069 0.417087 -0.014950
v -0.141849 0.331037 -0.049670
v -0.141849 0.331037 -0.014950
v -0.136799 0.250357 -0.049670
v -0.136799 0.250357 -0.014950
v -0.117589 0.144587 -0.049670
v -0.117589 0.144587 -0.014950
v -0.099389 0.082737 -0.049670
v -0.099389 0.082737 -0.014950
v -0.083649 0.064207 -0.049670
v -0.083649 0.064207 -0.014950
v -0.109779 0.578757 0.034430
v -0.106649 0.620507 0.034430
v -0.109779 0.578757 -0.000290
v -0.106649 0.620507 -0.000290
v -0.117999 0.543247 -0.000290
v -0.109169 0.653287 -0.000290
v -0.117999 0.543247 0.034430
v -0.109169 0.653287 0.034430
v -0.117079 0.538577 0.034430
v -0.111089 0.663967 -0.000290
v -0.117079 0.538577 -0.000290
v -0.111089 0.663967 0.034430
v -0.112749 0.533657 0.034430
v -0.106769 0.669977 -0.000290
v -0.112749 0.533657 -0.000290
v -0.106769 0.669977 0.034430
v -0.109779 0.578757 -0.014950
v -0.106649 0.620507 -0.014950
v -0.109779 0.578757 -0.049670
v -0.106649 0.620507 -0.049670
v -0.117999 0.543247 -0.049670
v -0.109169 0.653287 -0.049670
v -0.117999 0.543247 -0.014950
v -0.109169 0.653287 -0.014950
v -0.117079 0.538577 -0.014950
v -0.111089 0.663967 -0.049670
v -0.117079 0.538577 -0.049670
v -0.111089 0.663967 -0.014950
v -0.112749 0.533657 -0.014950
v -0.106769 0.669977 -0.049670
v -0.112749 0.533657 -0.049670
v -0.106769 0.669977 -0.014950
v -0.109369 0.434277 0.034430
v -0.123749 0.441397 -0.000290
v -0.123749 0.441397 0.034430
v -0.138119 0.434277 -0.000290
v -0.109369 0.434277 -0.000290
v -0.138119 0.434277 0.034430
v -0.109369 0.434277 -0.014950
v -0.123749 0.441397 -0.049670
v -0.123749 0.441397 -0.014950
v -0.138119 0.434277 -0.049670
v -0.109369 0.434277 -0.049670
v -0.138119 0.434277 -0.014950
v -0.106769 0.669977 -0.000290
v -0.106769 0.669977 0.034430
v -0.095719 0.670697 -0.000290
v -0.095719 0.670697 0.034430
v -0.085989 0.665897 -0.000290
v -0.085989 0.665897 0.034430
v -0.106769 0.669977 -0.049670
v -0.106769 0.669977 -0.014950
v -0.095719 0.670697 -0.049670
v -0.095719 0.670697 -0.014950
v -0.085989 0.665897 -0.049670
v -0.085989 0.665897 -0.014950
v -0.106649 0.620507 -0.049670
v -0.083229 0.592527 -0.049670
v -0.109779 0.578757 -0.049670
v -0.093319 0.547497 -0.049670
v -0.080949 0.631907 -0.049670
v -0.117999 0.543247 -0.049670
v -0.096819 0.537737 -0.049670
v -0.105239 0.532817 -0.049670
v -0.117079 0.538577 -0.049670
v -0.112749 0.533657 -0.049670
v -0.109169 0.653287 -0.049670
v -0.082269 0.658567 -0.049670
v -0.085989 0.665897 -0.049670
v -0.095719 0.670697 -0.049670
v -0.111089 0.663967 -0.049670
v -0.106769 0.669977 -0.049670
v -0.141849 0.331037 -0.049670
v -0.100189 0.308327 -0.049670
v -0.136799 0.250357 -0.049670
v -0.094829 0.265597 -0.049670
v -0.103419 0.417087 -0.049670
v -0.075619 0.172377 -0.049670
v -0.144069 0.417087 -0.049670
v -0.117589 0.144587 -0.049670
v -0.138119 0.434277 -0.049670
v -0.109369 0.434277 -0.049670
v -0.123749 0.441397 -0.049670
v -0.047929 0.085127 -0.049670
v -0.099389 0.082737 -0.049670
v -0.083649 0.064207 -0.049670
v -0.064909 0.062117 -0.049670
v -0.049679 0.072277 -0.049670
v -0.106649 0.620507 -0.000290
v -0.083229 0.592527 -0.000290
v -0.109779 0.578757 -0.000290
v -0.093319 0.547497 -0.000290
v -0.080949 0.631907 -0.000290
v -0.117999 0.543247 -0.000290
v -0.096819 0.537737 -0.000290
v -0.105239 0.532817 -0.000290
v -0.117079 0.538577 -0.000290
v -0.112749 0.533657 -0.000290
v -0.109169 0.653287 -0.000290
v -0.082269 0.658567 -0.000290
v -0.085989 0.665897 -0.000290
v -0.095719 0.670697 -0.000290
v -0.111089 0.663967 -0.000290
v -0.106769 0.669977 -0.000290
v -0.141849 0.331037 -0.000290
v -0.100189 0.308327 -0.000290
v -0.136799 0.250357 -0.000290
v -0.094829 0.265597 -0.000290
v -0.103419 0.417087 -0.000290
v -0.075619 0.172377 -0.000290
v -0.144069 0.417087 -0.000290
v -0.117589 0.144587 -0.000290
v -0.138119 0.434277 -0.000290
v -0.109369 0.434277 -0.000290
v -0.123749 0.441397 -0.000290
v -0.047929 0.085127 -0.000290
v -0.099389 0.082737 -0.000290
v -0.083649 0.064207 -0.000290
v -0.064909 0.062117 -0.000290
v -0.049679 0.072277 -0.000290
v -0.109369 0.434277 0.034430
v -0.109369 0.434277 -0.000290
v -0.103419 0.417087 0.034430
v -0.103419 0.417087 -0.000290
v -0.100189 0.308327 0.034430
v -0.100189 0.308327 -0.000290
v -0.094829 0.265597 -0.000290
v -0.094829 0.265597 0.034430
v -0.075619 0.172377 0.034430
v -0.075619 0.172377 -0.000290
v -0.047929 0.085127 0.034430
v -0.047929 0.085127 -0.000290
v -0.049679 0.072277 0.034430
v -0.049679 0.072277 -0.000290
v -0.109369 0.434277 -0.014950
v -0.109369 0.434277 -0.049670
v -0.103419 0.417087 -0.014950
v -0.103419 0.417087 -0.049670
v -0.100189 0.308327 -0.014950
v -0.100189 0.308327 -0.049670
v -0.094829 0.265597 -0.049670
v -0.094829 0.265597 -0.014950
v -0.075619 0.172377 -0.014950
v -0.075619 0.172377 -0.049670
v -0.047929 0.085127 -0.014950
v -0.047929 0.085127 -0.049670
v -0.049679 0.072277 -0.014950
v -0.049679 0.072277 -0.049670
v -0.096819 0.537737 0.034430
v -0.085989 0.665897 -0.000290
v -0.096819 0.537737 -0.000290
v -0.085989 0.665897 0.034430
v -0.093319 0.547497 0.034430
v -0.082269 0.658567 -0.000290
v -0.093319 0.547497 -0.000290
v -0.082269 0.658567 0.034430
v -0.083229 0.592527 0.034430
v -0.080949 0.631907 -0.000290
v -0.083229 0.592527 -0.000290
v -0.080949 0.631907 0.034430
v -0.096819 0.537737 -0.014950
v -0.085989 0.665897 -0.049670
v -0.096819 0.537737 -0.049670
v -0.085989 0.665897 -0.014950
v -0.093319 0.547497 -0.014950
v -0.082269 0.658567 -0.049670
v -0.093319 0.547497 -0.049670
v -0.082269 0.658567 -0.014950
v -0.083229 0.592527 -0.014950
v -0.080949 0.631907 -0.049670
v -0.083229 0.592527 -0.049670
v -0.080949 0.631907 -0.014950
v -0.049679 0.072277 0.034430
v -0.083649 0.064207 -0.000290
v -0.049679 0.072277 -0.000290
v -0.083649 0.064207 0.034430
v -0.064909 0.062117 0.034430
v -0.064909 0.062117 -0.000290
v -0.049679 0.072277 -0.014950
v -0.083649 0.064207 -0.049670
v -0.049679 0.072277 -0.049670
v -0.083649 0.064207 -0.014950
v -0.064909 0.062117 -0.014950
v -0.064909 0.062117 -0.049670
v -0.112749 0.533657 0.034430
v -0.112749 0.533657 -0.000290
v -0.105239 0.532817 0.034430
v -0.105239 0.532817 -0.000290
v -0.096819 0.537737 0.034430
v -0.096819 0.537737 -0.000290
v -0.112749 0.533657 -0.014950
v -0.112749 0.533657 -0.049670
v -0.105239 0.532817 -0.014950
v -0.105239 0.532817 -0.049670
v -0.096819 0.537737 -0.014950
v -0.096819 0.537737 -0.049670
v -0.093319 0.547497 0.034430
v -0.117999 0.543247 0.034430
v -0.096819 0.537737 0.034430
v -0.105239 0.532817 0.034430
v -0.117079 0.538577 0.034430
v -0.112749 0.533657 0.034430
v -0.109779 0.578757 0.034430
v -0.083229 0.592527 0.034430
v -0.106649 0.620507 0.034430
v -0.080949 0.631907 0.034430
v -0.109169 0.653287 0.034430
v -0.082269 0.658567 0.034430
v -0.085989 0.665897 0.034430
v -0.095719 0.670697 0.034430
v -0.111089 0.663967 0.034430
v -0.106769 0.669977 0.034430
v -0.083649 0.064207 0.034430
v -0.047929 0.085127 0.034430
v -0.099389 0.082737 0.034430
v -0.064909 0.062117 0.034430
v -0.049679 0.072277 0.034430
v -0.117589 0.144587 0.034430
v -0.075619 0.172377 0.034430
v -0.136799 0.250357 0.034430
v -0.094829 0.265597 0.034430
v -0.100189 0.308327 0.034430
v -0.141849 0.331037 0.034430
v -0.103419 0.417087 0.034430
v -0.144069 0.417087 0.034430
v -0.138119 0.434277 0.034430
v -0.109369 0.434277 0.034430
v -0.123749 0.441397 0.034430
v -0.093319 0.547497 -0.014950
v -0.117999 0.543247 -0.014950
v -0.096819 0.537737 -0.014950
v -0.105239 0.532817 -0.014950
v -0.117079 0.538577 -0.014950
v -0.112749 0.533657 -0.014950
v -0.109779 0.578757 -0.014950
v -0.083229 0.592527 -0.014950
v -0.106649 0.620507 -0.014950
v -0.080949 0.631907 -0.014950
v -0.109169 0.653287 -0.014950
v -0.082269 0.658567 -0.014950
v -0.085989 0.665897 -0.014950
v -0.095719 0.670697 -0.014950
v -0.111089 0.663967 -0.014950
v -0.106769 0.669977 -0.014950
v -0.083649 0.064207 -0.014950
v -0.047929 0.085127 -0.014950
v -0.099389 0.082737 -0.014950
v -0.064909 0.062117 -0.014950
v -0.049679 0.072277 -0.014950
v -0.117589 0.144587 -0.014950
v -0.075619 0.172377 -0.014950
v -0.136799 0.250357 -0.014950
v -0.094829 0.265597 -0.014950
v -0.100189 0.308327 -0.014950
v -0.141849 0.331037 -0.014950
v -0.103419 0.417087 -0.014950
v -0.144069 0.417087 -0.014950
v -0.138119 0.434277 -0.014950
v -0.109369 0.434277 -0.014950
v -0.123749 0.441397 -0.014950
v -0.043619 0.053407 -0.045710
v -0.043619 0.053407 -0.017370
v -0.040219 0.045207 -0.045710
v -0.040219 0.045207 -0.017370
v -0.039249 0.042867 -0.017370
v -0.039249 0.042867 -0.045710
v -0.043619 0.032327 -0.017370
v -0.043619 0.032327 -0.045710
v -0.109739 0.452967 0.002130
v -0.109739 0.452967 0.030470
v -0.105369 0.463517 0.002130
v -0.105369 0.463517 0.030470
v -0.109739 0.474057 0.002130
v -0.109739 0.474057 0.030470
v -0.043619 0.053407 0.002130
v -0.043619 0.053407 0.030470
v -0.040219 0.045207 0.002130
v -0.040219 0.045207 0.030470
v -0.039249 0.042867 0.030470
v -0.039249 0.042867 0.002130
v -0.043619 0.032327 0.002130
v -0.043619 0.032327 0.030470
v -0.023819 0.008407 -0.045710
v -0.023819 0.008407 -0.017370
v -0.019449 -0.002133 -0.017370
v -0.019449 -0.002133 -0.045710
v -0.023819 -0.012673 -0.017370
v -0.023819 -0.012673 -0.045710
v -0.023819 0.008407 0.002130
v -0.023819 0.008407 0.030470
v -0.019449 -0.002133 0.030470
v -0.019449 -0.002133 0.002130
v -0.023819 -0.012673 0.002130
v -0.023819 -0.012673 0.030470
v -0.104339 0.522657 0.002130
v -0.104339 0.522657 0.030470
v -0.099969 0.512117 0.030470
v -0.099969 0.512117 0.002130
v -0.102279 0.506547 0.002130
v -0.102449 0.506137 0.030470
v -0.104339 0.501567 0.002130
v -0.104339 0.501567 0.030470
v -0.104339 0.522657 -0.045710
v -0.104339 0.522657 -0.017370
v -0.099969 0.512117 -0.017370
v -0.099969 0.512117 -0.045710
v -0.102279 0.506547 -0.045710
v -0.102449 0.506137 -0.017370
v -0.104339 0.501567 -0.045710
v -0.104339 0.501567 -0.017370
v -0.109739 0.452967 -0.045710
v -0.109739 0.452967 -0.017370
v -0.105369 0.463517 -0.045710
v -0.105369 0.463517 -0.017370
v -0.109739 0.474057 -0.045710
v -0.109739 0.474057 -0.017370
v -0.127959 0.726097 -0.045710
v -0.127959 0.726097 -0.017370
v -0.141489 0.693437 -0.045710
v -0.141489 0.693437 -0.017370
v -0.127959 0.660777 -0.045710
v -0.127959 0.660777 -0.017370
v -0.120489 0.631897 -0.045710
v -0.120489 0.631897 -0.017370
v -0.122879 0.572137 -0.045710
v -0.122879 0.572137 -0.017370
v -0.134529 0.530007 -0.045710
v -0.134529 0.530007 -0.017370
v -0.146189 0.512077 -0.045710
v -0.146189 0.512077 -0.017370
v -0.154849 0.404217 -0.045710
v -0.154849 0.404217 -0.017370
v -0.153959 0.315477 -0.045710
v -0.153959 0.315477 -0.017370
v -0.142669 0.214177 -0.045710
v -0.142669 0.214177 -0.017370
v -0.128829 0.141387 -0.045710
v -0.128829 0.141387 -0.017370
v -0.111369 0.082767 -0.045710
v -0.111369 0.082767 -0.017370
v -0.076269 -0.010773 -0.045710
v -0.076269 -0.010773 -0.017370
v -0.046529 -0.073023 -0.045710
v -0.046529 -0.073023 -0.017370
v -0.015289 -0.116153 -0.017370
v -0.024399 -0.106743 -0.045710
v -0.015289 -0.116153 -0.045710
v -0.024399 -0.106743 -0.017370
v -0.127959 0.726097 0.002130
v -0.127959 0.726097 0.030470
v -0.141489 0.693437 0.002130
v -0.141489 0.693437 0.030470
v -0.127959 0.660777 0.002130
v -0.127959 0.660777 0.030470
v -0.120489 0.631897 0.002130
v -0.120489 0.631897 0.030470
v -0.122879 0.572137 0.002130
v -0.122879 0.572137 0.030470
v -0.134529 0.530007 0.002130
v -0.134529 0.530007 0.030470
v -0.146189 0.512077 0.030470
v -0.146189 0.512077 0.002130
v -0.154849 0.404217 0.030470
v -0.154849 0.404217 0.002130
v -0.153959 0.315477 0.002130
v -0.153959 0.315477 0.030470
v -0.142669 0.214177 0.002130
v -0.142669 0.214177 0.030470
v -0.128829 0.141387 0.002130
v -0.128829 0.141387 0.030470
v -0.111369 0.082767 0.002130
v -0.111369 0.082767 0.030470
v -0.076269 -0.010773 0.002130
v -0.076269 -0.010773 0.030470
v -0.046529 -0.073023 0.002130
v -0.046529 -0.073023 0.030470
v -0.015289 -0.116153 0.030470
v -0.024399 -0.106743 0.002130
v -0.015289 -0.116153 0.002130
v -0.024399 -0.106743 0.030470
v -0.043619 0.032327 -0.017370
v -0.064699 0.032327 -0.017370
v -0.043619 0.032327 -0.045710
v -0.064699 0.032327 -0.045710
v -0.048129 0.030457 -0.017370
v -0.054159 0.027957 -0.045710
v -0.048189 0.030437 -0.045710
v -0.054159 0.027957 -0.017370
v -0.130819 0.452967 0.030470
v -0.130819 0.452967 0.002130
v -0.120279 0.448607 0.002130
v -0.120279 0.448607 0.030470
v -0.109739 0.452967 0.002130
v -0.109739 0.452967 0.030470
v -0.043619 0.032327 0.002130
v -0.064699 0.032327 0.002130
v -0.043619 0.032327 0.030470
v -0.064699 0.032327 0.030470
v -0.048129 0.030457 0.030470
v -0.054159 0.027957 0.002130
v -0.048189 0.030437 0.002130
v -0.054159 0.027957 0.030470
v -0.023819 -0.012673 -0.017370
v -0.023819 -0.012673 -0.045710
v -0.034359 -0.017043 -0.017370
v -0.034359 -0.017043 -0.045710
v -0.044899 -0.012673 -0.017370
v -0.044899 -0.012673 -0.045710
v -0.023819 -0.012673 0.002130
v -0.023819 -0.012673 0.030470
v -0.034359 -0.017043 0.030470
v -0.034359 -0.017043 0.002130
v -0.044899 -0.012673 0.030470
v -0.044899 -0.012673 0.002130
v -0.104339 0.501567 0.002130
v -0.104339 0.501567 0.030470
v -0.125419 0.501567 0.030470
v -0.114879 0.497207 0.030470
v -0.125419 0.501567 0.002130
v -0.114879 0.497207 0.002130
v -0.122689 0.500437 0.030470
v -0.119449 0.499097 0.002130
v -0.104339 0.501567 -0.045710
v -0.104339 0.501567 -0.017370
v -0.125419 0.501567 -0.017370
v -0.114879 0.497207 -0.017370
v -0.125419 0.501567 -0.045710
v -0.114879 0.497207 -0.045710
v -0.122689 0.500437 -0.017370
v -0.119449 0.499097 -0.045710
v -0.130819 0.452967 -0.017370
v -0.130819 0.452967 -0.045710
v -0.120279 0.448607 -0.045710
v -0.120279 0.448607 -0.017370
v -0.109739 0.452967 -0.045710
v -0.109739 0.452967 -0.017370
v -0.062639 0.726097 -0.045710
v -0.062639 0.726097 -0.017370
v -0.095299 0.739627 -0.045710
v -0.095299 0.739627 -0.017370
v -0.127959 0.726097 -0.045710
v -0.127959 0.726097 -0.017370
v 0.030241 -0.041383 -0.045710
v 0.038031 -0.049163 -0.017370
v 0.038031 -0.049163 -0.045710
v 0.046671 -0.052453 -0.017370
v 0.046671 -0.052453 -0.045710
v -0.062639 0.726097 0.002130
v -0.062639 0.726097 0.030470
v -0.095299 0.739627 0.002130
v -0.095299 0.739627 0.030470
v -0.127959 0.726097 0.002130
v -0.127959 0.726097 0.030470
v 0.030241 -0.041383 0.030470
v 0.038031 -0.049163 0.002130
v 0.038031 -0.049163 0.030470
v 0.046671 -0.052453 0.002130
v 0.046671 -0.052453 0.030470
v -0.076729 0.579297 -0.045710
v -0.104339 0.522657 -0.045710
v -0.122879 0.572137 -0.045710
v -0.114879 0.527017 -0.045710
v -0.134529 0.530007 -0.045710
v -0.125419 0.522657 -0.045710
v -0.129789 0.512117 -0.045710
v -0.120489 0.631897 -0.045710
v -0.146189 0.512077 -0.045710
v -0.071249 0.646277 -0.045710
v -0.127959 0.660777 -0.045710
v -0.086289 0.498617 -0.045710
v -0.125419 0.501567 -0.045710
v -0.099969 0.512117 -0.045710
v -0.067119 0.660777 -0.045710
v -0.102279 0.506547 -0.045710
v -0.104339 0.501567 -0.045710
v -0.141489 0.693437 -0.045710
v -0.127959 0.726097 -0.045710
v -0.095299 0.739627 -0.045710
v -0.062639 0.726097 -0.045710
v -0.049109 0.693437 -0.045710
v -0.109739 0.474057 -0.045710
v -0.114879 0.497207 -0.045710
v -0.105369 0.463517 -0.045710
v -0.115709 0.476527 -0.045710
v -0.120279 0.478417 -0.045710
v -0.119449 0.499097 -0.045710
v -0.130819 0.474057 -0.045710
v -0.135189 0.463517 -0.045710
v -0.089279 0.417047 -0.045710
v -0.109739 0.452967 -0.045710
v -0.120279 0.448607 -0.045710
v -0.154849 0.404217 -0.045710
v -0.130819 0.452967 -0.045710
v -0.085689 0.345637 -0.045710
v -0.153959 0.315477 -0.045710
v -0.073439 0.245247 -0.045710
v -0.142669 0.214177 -0.045710
v -0.051029 0.149027 -0.045710
v -0.128829 0.141387 -0.045710
v -0.111369 0.082767 -0.045710
v -0.054159 0.057777 -0.045710
v -0.064699 0.053407 -0.045710
v -0.069059 0.042867 -0.045710
v -0.022349 0.065367 -0.045710
v -0.076269 -0.010773 -0.045710
v -0.043619 0.053407 -0.045710
v -0.040219 0.045207 -0.045710
v -0.064699 0.032327 -0.045710
v -0.039249 0.042867 -0.045710
v -0.049259 -0.002133 -0.045710
v -0.054159 0.027957 -0.045710
v -0.044899 -0.012673 -0.045710
v -0.044899 0.008407 -0.045710
v -0.048189 0.030437 -0.045710
v -0.040679 0.010157 -0.045710
v -0.043619 0.032327 -0.045710
v -0.034359 0.012777 -0.045710
v -0.023819 0.008407 -0.045710
v 0.012611 -0.014413 -0.045710
v -0.019449 -0.002133 -0.045710
v -0.023819 -0.012673 -0.045710
v 0.030241 -0.041383 -0.045710
v -0.046529 -0.073023 -0.045710
v -0.034359 -0.017043 -0.045710
v -0.024399 -0.106743 -0.045710
v 0.045121 -0.073893 -0.045710
v 0.038031 -0.049163 -0.045710
v -0.001629 -0.116573 -0.045710
v -0.015289 -0.116153 -0.045710
v 0.048571 -0.060233 -0.045710
v 0.046671 -0.052453 -0.045710
v -0.076729 0.579297 0.002130
v -0.104339 0.522657 0.002130
v -0.122879 0.572137 0.002130
v -0.114879 0.527017 0.002130
v -0.134529 0.530007 0.002130
v -0.125419 0.522657 0.002130
v -0.129789 0.512117 0.002130
v -0.120489 0.631897 0.002130
v -0.146189 0.512077 0.002130
v -0.071249 0.646277 0.002130
v -0.127959 0.660777 0.002130
v -0.086289 0.498617 0.002130
v -0.125419 0.501567 0.002130
v -0.099969 0.512117 0.002130
v -0.067119 0.660777 0.002130
v -0.102279 0.506547 0.002130
v -0.104339 0.501567 0.002130
v -0.141489 0.693437 0.002130
v -0.127959 0.726097 0.002130
v -0.095299 0.739627 0.002130
v -0.062639 0.726097 0.002130
v -0.049109 0.693437 0.002130
v -0.109739 0.474057 0.002130
v -0.114879 0.497207 0.002130
v -0.105369 0.463517 0.002130
v -0.115709 0.476527 0.002130
v -0.120279 0.478417 0.002130
v -0.119449 0.499097 0.002130
v -0.130819 0.474057 0.002130
v -0.135189 0.463517 0.002130
v -0.089279 0.417047 0.002130
v -0.109739 0.452967 0.002130
v -0.120279 0.448607 0.002130
v -0.154849 0.404217 0.002130
v -0.130819 0.452967 0.002130
v -0.085689 0.345637 0.002130
v -0.153959 0.315477 0.002130
v -0.073439 0.245247 0.002130
v -0.142669 0.214177 0.002130
v -0.051029 0.149027 0.002130
v -0.128829 0.141387 0.002130
v -0.111369 0.082767 0.002130
v -0.054159 0.057777 0.002130
v -0.064699 0.053407 0.002130
v -0.069059 0.042867 0.002130
v -0.022349 0.065367 0.002130
v -0.076269 -0.010773 0.002130
v -0.043619 0.053407 0.002130
v -0.040219 0.045207 0.002130
v -0.064699 0.032327 0.002130
v -0.039249 0.042867 0.002130
v -0.049259 -0.002133 0.002130
v -0.054159 0.027957 0.002130
v -0.044899 -0.012673 0.002130
v -0.044899 0.008407 0.002130
v -0.048189 0.030437 0.002130
v -0.040679 0.010157 0.002130
v -0.043619 0.032327 0.002130
v -0.034359 0.012777 0.002130
v -0.023819 0.008407 0.002130
v 0.012611 -0.014413 0.002130
v -0.019449 -0.002133 0.002130
v -0.023819 -0.012673 0.002130
v 0.030241 -0.041383 0.002130
v -0.046529 -0.073023 0.002130
v -0.034359 -0.017043 0.002130
v -0.024399 -0.106743 0.002130
v 0.045121 -0.073893 0.002130
v 0.038031 -0.049163 0.002130
v -0.001629 -0.116573 0.002130
v -0.015289 -0.116153 0.002130
v 0.048571 -0.060233 0.002130
v 0.046671 -0.052453 0.002130
v -0.064699 0.053407 -0.017370
v -0.064699 0.053407 -0.045710
v -0.069059 0.042867 -0.017370
v -0.069059 0.042867 -0.045710
v -0.064699 0.032327 -0.017370
v -0.064699 0.032327 -0.045710
v -0.130819 0.474057 0.030470
v -0.130819 0.474057 0.002130
v -0.135189 0.463517 0.030470
v -0.135189 0.463517 0.002130
v -0.130819 0.452967 0.030470
v -0.130819 0.452967 0.002130
v -0.064699 0.053407 0.030470
v -0.064699 0.053407 0.002130
v -0.069059 0.042867 0.030470
v -0.069059 0.042867 0.002130
v -0.064699 0.032327 0.002130
v -0.064699 0.032327 0.030470
v -0.044899 0.008407 -0.045710
v -0.044899 0.008407 -0.017370
v -0.049259 -0.002133 -0.017370
v -0.044899 -0.012673 -0.017370
v -0.049259 -0.002133 -0.045710
v -0.044899 -0.012673 -0.045710
v -0.044899 0.008407 0.002130
v -0.044899 0.008407 0.030470
v -0.049259 -0.002133 0.030470
v -0.044899 -0.012673 0.030470
v -0.049259 -0.002133 0.002130
v -0.044899 -0.012673 0.002130
v -0.125419 0.522657 0.030470
v -0.125419 0.522657 0.002130
v -0.129789 0.512117 0.030470
v -0.129789 0.512117 0.002130
v -0.125419 0.501567 0.030470
v -0.125419 0.501567 0.002130
v -0.125419 0.522657 -0.017370
v -0.125419 0.522657 -0.045710
v -0.129789 0.512117 -0.017370
v -0.129789 0.512117 -0.045710
v -0.125419 0.501567 -0.017370
v -0.125419 0.501567 -0.045710
v -0.130819 0.474057 -0.017370
v -0.130819 0.474057 -0.045710
v -0.135189 0.463517 -0.017370
v -0.135189 0.463517 -0.045710
v -0.130819 0.452967 -0.017370
v -0.130819 0.452967 -0.045710
v -0.067119 0.660777 -0.017370
v -0.049109 0.693437 -0.045710
v -0.049109 0.693437 -0.017370
v -0.062639 0.726097 -0.045710
v -0.067119 0.660777 -0.045710
v -0.062639 0.726097 -0.017370
v -0.071249 0.646277 -0.017370
v -0.071249 0.646277 -0.045710
v -0.076729 0.579297 -0.017370
v -0.076729 0.579297 -0.045710
v -0.086289 0.498617 -0.017370
v -0.086289 0.498617 -0.045710
v -0.089279 0.417047 -0.017370
v -0.089279 0.417047 -0.045710
v -0.085689 0.345637 -0.017370
v -0.085689 0.345637 -0.045710
v -0.073439 0.245247 -0.017370
v -0.073439 0.245247 -0.045710
v -0.051029 0.149027 -0.017370
v -0.051029 0.149027 -0.045710
v -0.022349 0.065367 -0.017370
v -0.022349 0.065367 -0.045710
v 0.012611 -0.014413 -0.017370
v 0.012611 -0.014413 -0.045710
v 0.030241 -0.041383 -0.017370
v 0.030241 -0.041383 -0.045710
v 0.038031 -0.049163 -0.017370
v 0.046671 -0.052453 -0.017370
v 0.046671 -0.052453 -0.045710
v 0.048571 -0.060233 -0.017370
v 0.048571 -0.060233 -0.045710
v 0.045121 -0.073893 -0.017370
v 0.045121 -0.073893 -0.045710
v -0.067119 0.660777 0.030470
v -0.049109 0.693437 0.002130
v -0.049109 0.693437 0.030470
v -0.062639 0.726097 0.002130
v -0.067119 0.660777 0.002130
v -0.062639 0.726097 0.030470
v -0.071249 0.646277 0.030470
v -0.071249 0.646277 0.002130
v -0.076729 0.579297 0.030470
v -0.076729 0.579297 0.002130
v -0.086289 0.498617 0.030470
v -0.086289 0.498617 0.002130
v -0.089279 0.417047 0.030470
v -0.089279 0.417047 0.002130
v -0.085689 0.345637 0.030470
v -0.085689 0.345637 0.002130
v -0.073439 0.245247 0.030470
v -0.073439 0.245247 0.002130
v -0.051029 0.149027 0.030470
v -0.051029 0.149027 0.002130
v -0.022349 0.065367 0.030470
v -0.022349 0.065367 0.002130
v 0.012611 -0.014413 0.030470
v 0.012611 -0.014413 0.002130
v 0.030241 -0.041383 0.030470
v 0.030241 -0.041383 0.002130
v 0.038031 -0.049163 0.002130
v 0.046671 -0.052453 0.002130
v 0.046671 -0.052453 0.030470
v 0.048571 -0.060233 0.030470
v 0.048571 -0.060233 0.002130
v 0.045121 -0.073893 0.030470
v 0.045121 -0.073893 0.002130
v -0.043619 0.053407 -0.045710
v -0.043619 0.053407 -0.017370
v -0.054159 0.057777 -0.017370
v -0.054159 0.057777 -0.045710
v -0.064699 0.053407 -0.017370
v -0.064699 0.053407 -0.045710
v -0.120279 0.478417 0.030470
v -0.115709 0.476527 0.002130
v -0.112589 0.475237 0.030470
v -0.109739 0.474057 0.002130
v -0.109739 0.474057 0.030470
v -0.120279 0.478417 0.002130
v -0.130819 0.474057 0.030470
v -0.130819 0.474057 0.002130
v -0.043619 0.053407 0.002130
v -0.043619 0.053407 0.030470
v -0.054159 0.057777 0.030470
v -0.054159 0.057777 0.002130
v -0.064699 0.053407 0.030470
v -0.064699 0.053407 0.002130
v -0.023819 0.008407 -0.045710
v -0.023819 0.008407 -0.017370
v -0.034359 0.012777 -0.017370
v -0.034359 0.012777 -0.045710
v -0.040679 0.010157 -0.017370
v -0.040679 0.010157 -0.045710
v -0.044899 0.008407 -0.045710
v -0.044899 0.008407 -0.017370
v -0.023819 0.008407 0.002130
v -0.023819 0.008407 0.030470
v -0.034359 0.012777 0.030470
v -0.034359 0.012777 0.002130
v -0.040679 0.010157 0.030470
v -0.040679 0.010157 0.002130
v -0.044899 0.008407 0.002130
v -0.044899 0.008407 0.030470
v -0.104339 0.522657 0.002130
v -0.104339 0.522657 0.030470
v -0.114879 0.527017 0.030470
v -0.114879 0.527017 0.002130
v -0.125419 0.522657 0.030470
v -0.125419 0.522657 0.002130
v -0.104339 0.522657 -0.045710
v -0.104339 0.522657 -0.017370
v -0.114879 0.527017 -0.017370
v -0.114879 0.527017 -0.045710
v -0.125419 0.522657 -0.017370
v -0.125419 0.522657 -0.045710
v -0.120279 0.478417 -0.017370
v -0.115709 0.476527 -0.045710
v -0.112589 0.475237 -0.017370
v -0.109739 0.474057 -0.045710
v -0.109739 0.474057 -0.017370
v -0.120279 0.478417 -0.045710
v -0.130819 0.474057 -0.017370
v -0.130819 0.474057 -0.045710
v 0.045121 -0.073893 -0.017370
v 0.045121 -0.073893 -0.045710
v -0.001629 -0.116573 -0.017370
v -0.001629 -0.116573 -0.045710
v -0.015289 -0.116153 -0.017370
v -0.015289 -0.116153 -0.045710
v 0.045121 -0.073893 0.030470
v 0.045121 -0.073893 0.002130
v -0.001629 -0.116573 0.030470
v -0.001629 -0.116573 0.002130
v -0.015289 -0.116153 0.030470
v -0.015289 -0.116153 0.002130
v -0.134529 0.530007 0.030470
v -0.129789 0.512117 0.030470
v -0.125419 0.522657 0.030470
v -0.114879 0.527017 0.030470
v -0.122879 0.572137 0.030470
v -0.146189 0.512077 0.030470
v -0.104339 0.522657 0.030470
v -0.125419 0.501567 0.030470
v -0.076729 0.579297 0.030470
v -0.120489 0.631897 0.030470
v -0.071249 0.646277 0.030470
v -0.127959 0.660777 0.030470
v -0.086289 0.498617 0.030470
v -0.067119 0.660777 0.030470
v -0.099969 0.512117 0.030470
v -0.141489 0.693437 0.030470
v -0.127959 0.726097 0.030470
v -0.095299 0.739627 0.030470
v -0.062639 0.726097 0.030470
v -0.049109 0.693437 0.030470
v -0.102449 0.506137 0.030470
v -0.104339 0.501567 0.030470
v -0.109739 0.474057 0.030470
v -0.114879 0.497207 0.030470
v -0.105369 0.463517 0.030470
v -0.112589 0.475237 0.030470
v -0.120279 0.478417 0.030470
v -0.122689 0.500437 0.030470
v -0.130819 0.474057 0.030470
v -0.135189 0.463517 0.030470
v -0.089279 0.417047 0.030470
v -0.109739 0.452967 0.030470
v -0.120279 0.448607 0.030470
v -0.154849 0.404217 0.030470
v -0.130819 0.452967 0.030470
v -0.085689 0.345637 0.030470
v -0.153959 0.315477 0.030470
v -0.073439 0.245247 0.030470
v -0.142669 0.214177 0.030470
v -0.051029 0.149027 0.030470
v -0.128829 0.141387 0.030470
v -0.111369 0.082767 0.030470
v -0.054159 0.057777 0.030470
v -0.064699 0.053407 0.030470
v -0.069059 0.042867 0.030470
v -0.022349 0.065367 0.030470
v -0.076269 -0.010773 0.030470
v -0.043619 0.053407 0.030470
v -0.040219 0.045207 0.030470
v -0.064699 0.032327 0.030470
v -0.039249 0.042867 0.030470
v -0.049259 -0.002133 0.030470
v -0.054159 0.027957 0.030470
v -0.044899 -0.012673 0.030470
v -0.044899 0.008407 0.030470
v -0.048129 0.030457 0.030470
v -0.040679 0.010157 0.030470
v -0.043619 0.032327 0.030470
v -0.034359 0.012777 0.030470
v -0.023819 0.008407 0.030470
v 0.012611 -0.014413 0.030470
v -0.019449 -0.002133 0.030470
v -0.023819 -0.012673 0.030470
v 0.030241 -0.041383 0.030470
v -0.046529 -0.073023 0.030470
v -0.034359 -0.017043 0.030470
v -0.024399 -0.106743 0.030470
v 0.045121 -0.073893 0.030470
v 0.038031 -0.049163 0.030470
v -0.001629 -0.116573 0.030470
v -0.015289 -0.116153 0.030470
v 0.048571 -0.060233 0.030470
v 0.046671 -0.052453 0.030470
v -0.134529 0.530007 -0.017370
v -0.129789 0.512117 -0.017370
v -0.125419 0.522657 -0.017370
v -0.114879 0.527017 -0.017370
v -0.122879 0.572137 -0.017370
v -0.146189 0.512077 -0.017370
v -0.104339 0.522657 -0.017370
v -0.125419 0.501567 -0.017370
v -0.076729 0.579297 -0.017370
v -0.120489 0.631897 -0.017370
v -0.071249 0.646277 -0.017370
v -0.127959 0.660777 -0.017370
v -0.086289 0.498617 -0.017370
v -0.067119 0.660777 -0.017370
v -0.099969 0.512117 -0.017370
v -0.141489 0.693437 -0.017370
v -0.127959 0.726097 -0.017370
v -0.095299 0.739627 -0.017370
v -0.062639 0.726097 -0.017370
v -0.049109 0.693437 -0.017370
v -0.102449 0.506137 -0.017370
v -0.104339 0.501567 -0.017370
v -0.109739 0.474057 -0.017370
v -0.114879 0.497207 -0.017370
v -0.105369 0.463517 -0.017370
v -0.112589 0.475237 -0.017370
v -0.120279 0.478417 -0.017370
v -0.122689 0.500437 -0.017370
v -0.130819 0.474057 -0.017370
v -0.135189 0.463517 -0.017370
v -0.089279 0.417047 -0.017370
v -0.109739 0.452967 -0.017370
v -0.120279 0.448607 -0.017370
v -0.154849 0.404217 -0.017370
v -0.130819 0.452967 -0.017370
v -0.085689 0.345637 -0.017370
v -0.153959 0.315477 -0.017370
v -0.073439 0.245247 -0.017370
v -0.142669 0.214177 -0.017370
v -0.051029 0.149027 -0.017370
v -0.128829 0.141387 -0.017370
v -0.111369 0.082767 -0.017370
v -0.054159 0.057777 -0.017370
v -0.064699 0.053407 -0.017370
v -0.069059 0.042867 -0.017370
v -0.022349 0.065367 -0.017370
v -0.076269 -0.010773 -0.017370
v -0.043619 0.053407 -0.017370
v -0.040219 0.045207 -0.017370
v -0.064699 0.032327 -0.017370
v -0.039249 0.042867 -0.017370
v -0.049259 -0.002133 -0.017370
v -0.054159 0.027957 -0.017370
v -0.044899 -0.012673 -0.017370
v -0.044899 0.008407 -0.017370
v -0.048129 0.030457 -0.017370
v -0.040679 0.010157 -0.017370
v -0.043619 0.032327 -0.017370
v -0.034359 0.012777 -0.017370
v -0.023819 0.008407 -0.017370
v 0.012611 -0.014413 -0.017370
v -0.019449 -0.002133 -0.017370
v -0.023819 -0.012673 -0.017370
v 0.030241 -0.041383 -0.017370
v -0.046529 -0.073023 -0.017370
v -0.034359 -0.017043 -0.017370
v -0.024399 -0.106743 -0.017370
v 0.045121 -0.073893 -0.017370
v 0.038031 -0.049163 -0.017370
v -0.001629 -0.116573 -0.017370
v -0.015289 -0.116153 -0.017370
v 0.048571 -0.060233 -0.017370
v 0.046671 -0.052453 -0.017370
v -0.095159 1.251027 0.002340
v -0.135099 1.186907 -0.017580
v -0.135099 1.186907 0.002340
v -0.095159 1.251027 -0.017580
v -0.073929 1.305387 0.002340
v -0.073929 1.305387 -0.017580
v -0.068039 1.340667 0.002340
v -0.068039 1.340667 -0.017580
v -0.069489 1.385317 -0.002500
v -0.069489 1.385317 -0.012740
v -0.069939 1.399107 -0.017580
v -0.069939 1.399107 0.002340
v -0.079449 1.450287 -0.002830
v -0.079449 1.450287 -0.012410
v -0.093519 1.492657 -0.007620
v -0.120229 0.768847 0.002340
v -0.138949 0.799347 0.002340
v -0.120229 0.768847 -0.017580
v -0.138949 0.799347 -0.017580
v -0.118399 0.740007 -0.017580
v -0.118399 0.740007 0.002340
v -0.133739 0.701407 -0.017580
v -0.133739 0.701407 0.002340
v -0.133469 0.664057 -0.017580
v -0.133469 0.664057 0.002340
v -0.124159 0.630447 -0.017580
v -0.124159 0.630447 0.002340
v -0.138949 0.799347 0.002340
v -0.112509 0.932727 0.002340
v -0.112509 0.932727 -0.017580
v -0.138949 0.799347 -0.017580
v -0.108169 0.986467 0.002340
v -0.108169 0.986467 -0.017580
v -0.109539 1.037727 0.002340
v -0.109539 1.037727 -0.017580
v -0.113649 1.088147 0.002340
v -0.113649 1.088147 -0.017580
v -0.124149 1.141467 0.002340
v -0.124149 1.141467 -0.017580
v -0.135099 1.186907 0.002340
v -0.135099 1.186907 -0.017580
v -0.012459 1.268057 -0.013600
v -0.024339 1.201967 -0.013600
v -0.012459 1.268057 -0.001640
v -0.024339 1.201967 -0.001640
v -0.024339 1.201967 -0.013600
v -0.033629 0.948457 -0.013600
v -0.024339 1.201967 -0.001640
v -0.033629 0.948457 -0.001640
v -0.033629 0.948457 -0.013600
v -0.044989 0.893087 -0.013600
v -0.033629 0.948457 -0.001640
v -0.044989 0.893087 -0.001640
v -0.022789 1.333117 -0.013600
v -0.012459 1.268057 -0.013600
v -0.022789 1.333117 -0.001640
v -0.012459 1.268057 -0.001640
v -0.047049 1.419857 -0.013600
v -0.022789 1.333117 -0.013600
v -0.047049 1.419857 -0.001640
v -0.022789 1.333117 -0.001640
v -0.093519 1.492657 -0.007620
v -0.047049 1.419857 -0.013600
v -0.047049 1.419857 -0.001640
v 0.098551 0.717837 0.002340
v 0.068641 0.733677 -0.017580
v 0.068641 0.733677 0.002340
v 0.098551 0.717837 -0.017580
v 0.030511 0.728597 0.002340
v 0.000281 0.702607 -0.017580
v 0.000281 0.702607 0.002340
v 0.030511 0.728597 -0.017580
v 0.068641 0.733677 0.002340
v 0.030511 0.728597 -0.017580
v 0.030511 0.728597 0.002340
v 0.068641 0.733677 -0.017580
v 0.000281 0.702607 0.002340
v -0.005639 0.702607 -0.017580
v -0.005639 0.702607 0.002340
v 0.000281 0.702607 -0.017580
v 0.015841 1.137817 -0.007620
v -0.033629 0.948457 -0.013600
v -0.024339 1.201967 -0.013600
v -0.007829 0.907447 -0.007620
v 0.030301 1.237607 -0.007620
v -0.044989 0.893087 -0.013600
v -0.012459 1.268057 -0.013600
v -0.003489 0.883237 -0.007620
v -0.022259 0.875507 -0.017580
v -0.046329 0.872597 -0.012740
v 0.033911 1.299687 -0.007620
v -0.022789 1.333117 -0.013600
v 0.026121 1.345857 -0.007620
v 0.005191 1.397557 -0.007620
v -0.047049 1.419857 -0.013600
v -0.029989 1.444757 -0.007620
v -0.093519 1.492657 -0.007620
v 0.029861 0.705287 -0.017580
v 0.030511 0.728597 -0.017580
v 0.060091 0.713657 -0.017580
v 0.068641 0.733677 -0.017580
v 0.000281 0.702607 -0.017580
v 0.092301 0.706487 -0.017580
v 0.098551 0.717837 -0.017580
v 0.099991 0.709257 -0.017580
v 0.001591 0.681387 -0.017580
v -0.005639 0.702607 -0.017580
v -0.002349 0.662867 -0.017580
v -0.028019 0.637667 -0.017580
v 0.002931 0.647377 -0.017580
v -0.042809 0.616507 -0.017580
v -0.065819 0.608537 -0.017580
v -0.095949 0.611527 -0.017580
v -0.133469 0.664057 -0.017580
v -0.124159 0.630447 -0.017580
v -0.133739 0.701407 -0.017580
v -0.118399 0.740007 -0.017580
v 0.007181 0.730987 -0.017580
v 0.011121 0.766547 -0.017580
v -0.120229 0.768847 -0.017580
v 0.000571 0.800487 -0.017580
v -0.046329 0.872597 -0.012740
v -0.138949 0.799347 -0.017580
v 0.002901 0.847517 -0.017580
v -0.022259 0.875507 -0.017580
v -0.003489 0.883237 -0.007620
v -0.069359 0.885467 -0.012740
v -0.112509 0.932727 -0.017580
v -0.066669 0.897287 -0.012740
v -0.108169 0.986467 -0.017580
v -0.109539 1.037727 -0.017580
v -0.055549 1.235067 -0.012740
v -0.113649 1.088147 -0.017580
v -0.124149 1.141467 -0.017580
v -0.135099 1.186907 -0.017580
v -0.095159 1.251027 -0.017580
v -0.050389 1.300637 -0.012740
v -0.073929 1.305387 -0.017580
v -0.068039 1.340667 -0.017580
v -0.069489 1.385317 -0.012740
v -0.069359 0.885467 -0.012740
v -0.044989 0.893087 -0.013600
v -0.046329 0.872597 -0.012740
v -0.066669 0.897287 -0.012740
v -0.033629 0.948457 -0.013600
v -0.055549 1.235067 -0.012740
v -0.024339 1.201967 -0.013600
v -0.012459 1.268057 -0.013600
v -0.050389 1.300637 -0.012740
v -0.022789 1.333117 -0.013600
v -0.069489 1.385317 -0.012740
v -0.047049 1.419857 -0.013600
v -0.069939 1.399107 -0.017580
v -0.079449 1.450287 -0.012410
v -0.093519 1.492657 -0.007620
v -0.028019 0.637667 0.002340
v -0.042809 0.616507 0.002340
v -0.028019 0.637667 -0.017580
v -0.042809 0.616507 -0.017580
v -0.002349 0.662867 0.002340
v 0.001591 0.681387 -0.017580
v 0.001591 0.681387 0.002340
v -0.002349 0.662867 -0.017580
v 0.099991 0.709257 0.002340
v 0.098551 0.717837 -0.017580
v 0.098551 0.717837 0.002340
v 0.099991 0.709257 -0.017580
v -0.003489 0.883237 -0.007620
v 0.002901 0.847517 0.002340
v 0.002901 0.847517 -0.017580
v 0.000571 0.800487 0.002340
v 0.000571 0.800487 -0.017580
v 0.011121 0.766547 0.002340
v 0.011121 0.766547 -0.017580
v 0.007181 0.730987 0.002340
v 0.007181 0.730987 -0.017580
v -0.005639 0.702607 0.002340
v -0.005639 0.702607 -0.017580
v -0.046329 0.872597 -0.012740
v -0.044989 0.893087 -0.001640
v -0.046329 0.872597 -0.002500
v -0.044989 0.893087 -0.013600
v -0.002349 0.662867 0.002340
v 0.002931 0.647377 0.002340
v 0.002931 0.647377 -0.017580
v -0.002349 0.662867 -0.017580
v -0.095949 0.611527 0.002340
v -0.124159 0.630447 0.002340
v -0.095949 0.611527 -0.017580
v -0.124159 0.630447 -0.017580
v -0.065819 0.608537 -0.017580
v -0.065819 0.608537 0.002340
v -0.042809 0.616507 -0.017580
v -0.042809 0.616507 0.002340
v 0.002931 0.647377 0.002340
v -0.028019 0.637667 0.002340
v 0.002931 0.647377 -0.017580
v -0.028019 0.637667 -0.017580
v 0.092301 0.706487 0.002340
v 0.099991 0.709257 -0.017580
v 0.099991 0.709257 0.002340
v 0.092301 0.706487 -0.017580
v 0.060091 0.713657 0.002340
v 0.092301 0.706487 -0.017580
v 0.092301 0.706487 0.002340
v 0.060091 0.713657 -0.017580
v 0.029861 0.705287 0.002340
v 0.029861 0.705287 -0.017580
v 0.001591 0.681387 0.002340
v 0.001591 0.681387 -0.017580
v -0.024339 1.201967 -0.001640
v -0.033629 0.948457 -0.001640
v 0.015841 1.137817 -0.007620
v -0.007829 0.907447 -0.007620
v 0.030301 1.237607 -0.007620
v -0.044989 0.893087 -0.001640
v -0.012459 1.268057 -0.001640
v -0.003489 0.883237 -0.007620
v -0.022249 0.875507 0.002340
v -0.046329 0.872597 -0.002500
v 0.033911 1.299687 -0.007620
v -0.022789 1.333117 -0.001640
v 0.026121 1.345857 -0.007620
v 0.005191 1.397557 -0.007620
v -0.047049 1.419857 -0.001640
v -0.029989 1.444757 -0.007620
v -0.093519 1.492657 -0.007620
v 0.030511 0.728597 0.002340
v 0.000281 0.702607 0.002340
v 0.029861 0.705287 0.002340
v 0.001591 0.681387 0.002340
v 0.060091 0.713657 0.002340
v 0.068641 0.733677 0.002340
v 0.092301 0.706487 0.002340
v 0.098551 0.717837 0.002340
v 0.099991 0.709257 0.002340
v -0.005639 0.702607 0.002340
v -0.002349 0.662867 0.002340
v -0.028019 0.637667 0.002340
v 0.002931 0.647377 0.002340
v -0.133739 0.701407 0.002340
v -0.118399 0.740007 0.002340
v 0.007181 0.730987 0.002340
v -0.133469 0.664057 0.002340
v 0.011121 0.766547 0.002340
v -0.120229 0.768847 0.002340
v 0.000571 0.800487 0.002340
v -0.095949 0.611527 0.002340
v -0.124159 0.630447 0.002340
v -0.065819 0.608537 0.002340
v -0.042809 0.616507 0.002340
v -0.046329 0.872597 -0.002500
v -0.138949 0.799347 0.002340
v 0.002901 0.847517 0.002340
v -0.022249 0.875507 0.002340
v -0.003489 0.883237 -0.007620
v -0.069359 0.885467 -0.002500
v -0.112509 0.932727 0.002340
v -0.066669 0.897287 -0.002500
v -0.108169 0.986467 0.002340
v -0.109539 1.037727 0.002340
v -0.055549 1.235067 -0.002500
v -0.113649 1.088147 0.002340
v -0.124149 1.141467 0.002340
v -0.135099 1.186907 0.002340
v -0.095159 1.251027 0.002340
v -0.050389 1.300637 -0.002500
v -0.073929 1.305387 0.002340
v -0.068039 1.340667 0.002340
v -0.069489 1.385317 -0.002500
v -0.044989 0.893087 -0.001640
v -0.069359 0.885467 -0.002500
v -0.046329 0.872597 -0.002500
v -0.066669 0.897287 -0.002500
v -0.033629 0.948457 -0.001640
v -0.055549 1.235067 -0.002500
v -0.024339 1.201967 -0.001640
v -0.012459 1.268057 -0.001640
v -0.050389 1.300637 -0.002500
v -0.022789 1.333117 -0.001640
v -0.069489 1.385317 -0.002500
v -0.047049 1.419857 -0.001640
v -0.069939 1.399107 0.002340
v -0.079449 1.450287 -0.002830
v -0.093519 1.492657 -0.007620
vn -0.9888 0.1491 -0.0000
vn -1.0000 -0.0000 -0.0000
vn -0.9999 0.0158 -0.0000
vn -0.9920 -0.1260 -0.0000
vn -0.9999 0.0157 -0.0000
vn -0.8976 -0.4409 -0.0000
vn -0.9754 0.2203 -0.0000
vn -0.4629 -0.8864 -0.0000
vn -0.4816 0.8764 -0.0000
vn -0.7492 0.6624 -0.0000
vn -0.9989 -0.0471 -0.0000
vn -0.9930 -0.1183 -0.0000
vn -0.9930 -0.1182 -0.0000
vn -0.9737 -0.2278 -0.0000
vn -0.9737 -0.2277 -0.0000
vn -0.8815 -0.4722 -0.0000
vn -0.8815 -0.4723 -0.0000
vn -0.4722 -0.8815 -0.0000
vn -0.4723 -0.8815 -0.0000
vn 0.1961 0.9806 -0.0000
vn 0.7031 0.7111 -0.0000
vn 0.1962 0.9806 -0.0000
vn 0.7491 0.6624 -0.0000
vn -0.0000 1.0000 -0.0000
vn -0.7491 0.6624 -0.0000
vn 0.7491 0.6624 0.0001
vn -0.0000 -0.0000 -1.0000
vn 0.7708 -0.6370 -0.0000
vn 0.7708 -0.6371 -0.0000
vn 0.9612 -0.2758 -0.0000
vn 0.7032 0.7110 -0.0000
vn 0.9658 0.2591 -0.0000
vn 0.9900 -0.1414 -0.0000
vn 1.0000 -0.0079 -0.0000
vn 0.9900 -0.1413 -0.0000
vn 1.0000 -0.0078 -0.0000
vn 0.9835 0.1810 -0.0000
vn 0.7492 0.6624 -0.0000
vn 0.9969 0.0785 -0.0000
vn 0.9862 0.1657 -0.0000
vn 0.9678 0.2518 -0.0000
vn 0.9678 0.2519 -0.0000
vn 0.9963 0.0859 -0.0000
vn 0.8498 -0.5271 -0.0000
vn 0.9835 0.1809 -0.0000
vn 0.9835 0.1808 -0.0000
vn -0.4628 -0.8865 -0.0000
vn 0.2052 -0.9787 -0.0000
vn 0.2053 -0.9787 -0.0000
vn -0.4628 -0.8865 0.0001
vn 0.8498 -0.5272 -0.0000
vn 0.8497 -0.5272 -0.0000
vn 0.2369 -0.9715 -0.0000
vn -0.0000 -0.0000 1.0000
vn -0.7071 0.7071 -0.0000
vn -0.7071 -0.7071 -0.0000
vn -0.7071 0.7071 0.0001
vn 0.7071 0.7071 -0.0000
vn 0.0001 -0.0000 -1.0000
vn -0.0001 -0.0000 -1.0000
vn 1.0000 -0.0000 -0.0000
vn 0.7071 -0.7071 -0.0000
vn -0.0000 -1.0000 -0.0000
vn -0.0001 -0.0000 1.0000
vn 0.0001 -0.0000 1.0000
vn -0.9224 0.3863 -0.0000
vn -0.9224 -0.3863 -0.0000
vn -1.0000 -0.0001 -0.0000
vn -0.9487 -0.3162 -0.0000
vn -0.9487 -0.3163 -0.0000
vn -0.9947 -0.1026 -0.0000
vn -0.9874 0.1580 -0.0000
vn -0.9125 0.4091 -0.0000
vn -0.9463 0.3233 -0.0000
vn -0.9995 0.0315 -0.0000
vn -0.9980 -0.0628 -0.0000
vn -0.9888 -0.1492 -0.0000
vn -0.9715 -0.2369 -0.0000
vn -0.9196 -0.3929 -0.0000
vn -0.8730 -0.4877 -0.0000
vn -0.7816 -0.6237 -0.0000
vn -0.4025 -0.9154 -0.0000
vn -0.9947 -0.1027 -0.0000
vn -0.9463 0.3232 -0.0000
vn -0.9888 -0.1491 -0.0000
vn -0.9716 -0.2367 -0.0000
vn -0.4025 -0.9154 -0.0001
vn 0.0002 1.0000 -0.0000
vn 0.3863 0.9224 -0.0000
vn -0.7071 0.7071 -0.0001
vn -0.3863 0.9224 -0.0000
vn 0.0001 1.0000 -0.0001
vn 0.7778 0.6286 -0.0000
vn 0.7778 0.6285 -0.0000
vn 0.5420 0.8404 -0.0000
vn 0.7491 0.6624 0.0002
vn 0.0004 1.0000 -0.0000
vn 0.9252 -0.3796 -0.0000
vn 0.9985 -0.0551 -0.0000
vn 0.9251 -0.3796 -0.0000
vn 0.7071 0.7071 -0.0001
vn 0.9835 -0.1809 -0.0000
vn 0.9947 -0.1026 -0.0000
vn 0.9969 -0.0784 -0.0000
vn 1.0000 0.0078 -0.0000
vn 0.9963 0.0860 -0.0000
vn 0.9963 0.0862 -0.0000
vn 0.9848 0.1735 -0.0000
vn 0.9849 0.1734 -0.0000
vn 0.9612 0.2759 -0.0000
vn 0.9317 0.3631 -0.0000
vn 0.8815 0.4722 -0.0000
vn 0.8589 -0.5121 -0.0000
vn 0.9251 -0.3797 -0.0000
vn 0.9985 -0.0550 -0.0000
vn 0.9835 -0.1810 -0.0000
vn 0.9969 -0.0785 -0.0000
vn 1.0000 0.0079 -0.0000
vn -0.0000 -1.0000 -0.0001
vn -0.3863 -0.9224 -0.0000
vn 0.0001 -1.0000 -0.0000
vn 0.3863 -0.9224 -0.0000
vn 0.8588 -0.5122 -0.0000
vn 0.3469 -0.9379 -0.0000
vn 0.8589 -0.5122 -0.0000
vn 0.3468 -0.9379 -0.0000
vn -1.0000 0.0001 -0.0000
vn -1.0000 -0.0002 -0.0000
vn 1.0000 0.0001 -0.0000
vn 1.0000 -0.0002 -0.0000
vn 0.0002 -1.0000 -0.0000
vn 0.7071 -0.7071 -0.0001
vn -0.7071 -0.7071 0.0001
vn -0.9989 -0.0472 -0.0000
vn -0.4723 -0.8815 -0.0001
vn -0.9920 -0.1261 -0.0000
vn -0.9754 0.2204 -0.0000
vn -0.8975 -0.4410 -0.0000
vn -0.4817 0.8764 -0.0000
vn -0.8975 -0.4409 -0.0000
vn -0.0001 1.0000 -0.0000
vn 0.9862 0.1656 -0.0000
vn 0.9658 0.2592 -0.0000
vn 0.9899 -0.1414 -0.0000
vn 0.7032 0.7110 -0.0001
vn 0.2367 -0.9716 -0.0000
vn 0.7708 -0.6371 -0.0001
vn -0.9874 0.1579 -0.0000
vn -0.9889 -0.1489 -0.0000
vn -0.9716 -0.2364 -0.0000
vn -0.9716 -0.2368 -0.0000
vn -0.9196 -0.3930 -0.0000
vn -0.8730 -0.4876 -0.0000
vn -0.7816 -0.6238 -0.0000
vn -0.9888 -0.1494 -0.0000
vn -0.0000 1.0000 0.0001
vn 0.7071 0.7071 0.0001
vn 0.5419 0.8404 -0.0000
vn 0.9985 -0.0552 -0.0000
vn 0.9963 0.0861 -0.0000
vn 0.9848 0.1734 -0.0000
vn 0.9947 -0.1027 -0.0000
vn 0.3467 -0.9380 -0.0000
vn 0.3468 -0.9380 -0.0000
vn -0.8944 0.4473 -0.0000
vn -0.8498 0.5272 -0.0000
vn -0.8497 0.5272 -0.0000
vn -0.8944 0.4472 -0.0000
vn -0.9633 0.2685 -0.0000
vn -0.9975 0.0706 -0.0000
vn -0.9995 -0.0314 -0.0000
vn -0.9995 -0.0315 -0.0000
vn -0.9697 -0.2444 -0.0000
vn -0.9495 -0.3138 -0.0000
vn -0.9541 -0.2996 -0.0000
vn -0.8532 -0.5215 -0.0000
vn -0.9835 0.1810 -0.0000
vn -0.9900 -0.1414 -0.0000
vn -0.9633 -0.2684 -0.0000
vn -0.9806 0.1961 -0.0000
vn -0.9910 0.1337 -0.0000
vn -0.9997 0.0237 -0.0000
vn -0.9985 -0.0550 -0.0000
vn -0.9910 -0.1337 -0.0000
vn -0.9771 -0.2128 -0.0000
vn -0.9849 0.1733 -0.0000
vn -0.9849 0.1734 -0.0000
vn -0.9992 0.0393 -0.0000
vn -0.9787 0.2052 -0.0000
vn -0.9875 -0.1579 -0.0000
vn -0.9874 -0.1579 -0.0000
vn -0.9874 -0.1580 -0.0000
vn -0.9633 -0.2685 -0.0000
vn -0.8439 -0.5364 -0.0000
vn 0.4661 0.8848 -0.0000
vn 0.4661 0.8847 -0.0000
vn -0.6540 0.7565 -0.0000
vn -0.1337 0.9910 -0.0000
vn 0.1491 -0.0157 -0.9887
vn 0.1656 -0.0158 -0.9861
vn 0.1259 -0.0158 -0.9919
vn 0.1580 -0.0079 -0.9874
vn 0.1260 -0.0079 -0.9920
vn 0.1104 0.1262 -0.9858
vn 0.1260 -0.0000 -0.9920
vn 0.1105 0.1185 -0.9868
vn 0.0472 0.2755 -0.9602
vn 0.0472 0.2754 -0.9602
vn 0.1182 0.0079 -0.9930
vn 0.1182 0.0236 -0.9927
vn 0.1181 0.0315 -0.9925
vn 0.1258 0.0550 -0.9905
vn 0.1339 0.1103 -0.9848
vn 0.1422 0.1422 -0.9796
vn 0.1177 0.1569 -0.9806
vn 0.0393 0.0079 -0.9992
vn 0.0394 0.0079 -0.9992
vn -0.0315 -0.0236 -0.9992
vn -0.0315 -0.0079 -0.9995
vn -0.0315 -0.0078 -0.9995
vn -0.0315 -0.0000 -0.9995
vn -0.0236 -0.0000 -0.9997
vn -0.0235 0.0001 -0.9997
vn -0.0079 -0.0000 -1.0000
vn 0.0079 0.0079 -0.9999
vn 0.0236 0.0157 -0.9996
vn 0.0236 0.0158 -0.9996
vn 0.8185 -0.5745 -0.0000
vn 0.9787 -0.2052 -0.0000
vn 0.9787 -0.2053 -0.0000
vn 0.9862 0.1655 -0.0000
vn 0.9862 0.1658 -0.0000
vn 0.9849 0.1733 -0.0000
vn 0.9985 0.0551 -0.0000
vn 0.9985 0.0550 -0.0000
vn 0.9921 0.1256 -0.0000
vn 0.9920 0.1260 -0.0000
vn 0.9955 0.0949 -0.0000
vn 0.9633 -0.2685 -0.0000
vn 0.9633 -0.2684 -0.0000
vn 0.9125 -0.4091 -0.0000
vn 0.9980 -0.0629 -0.0000
vn 0.9463 0.3232 -0.0000
vn -0.3375 -0.9413 -0.0000
vn -0.5601 -0.8284 -0.0000
vn -0.3374 -0.9414 -0.0000
vn -0.5602 -0.8284 -0.0000
vn 0.1182 -0.9930 -0.0000
vn 0.1183 -0.9930 -0.0000
vn 0.3304 -0.9439 -0.0000
vn 0.2997 -0.9540 -0.0000
vn 0.2993 -0.9541 -0.0000
vn 0.3398 -0.9405 -0.0000
vn 0.0237 -0.9997 -0.0000
vn -0.2203 -0.9754 -0.0000
vn 0.4661 -0.8847 -0.0000
vn 0.6456 -0.7637 -0.0000
vn 0.1259 -0.0158 0.9919
vn 0.1657 -0.0158 0.9861
vn 0.1491 -0.0157 0.9887
vn 0.1580 -0.0079 0.9874
vn 0.1260 -0.0079 0.9920
vn 0.1104 0.1262 0.9858
vn 0.1260 -0.0000 0.9920
vn 0.1105 0.1185 0.9868
vn 0.0472 0.2755 0.9601
vn 0.0472 0.2755 0.9602
vn 0.1182 0.0079 0.9930
vn 0.1182 0.0236 0.9927
vn 0.1181 0.0315 0.9925
vn 0.1258 0.0550 0.9905
vn 0.1339 0.1103 0.9848
vn 0.1422 0.1422 0.9796
vn 0.1177 0.1569 0.9806
vn 0.0393 0.0079 0.9992
vn 0.0394 0.0079 0.9992
vn 0.0393 0.0078 0.9992
vn -0.0315 -0.0079 0.9995
vn -0.0315 -0.0236 0.9992
vn -0.0315 -0.0078 0.9995
vn -0.0315 -0.0000 0.9995
vn -0.0236 -0.0000 0.9997
vn -0.0236 0.0001 0.9997
vn -0.0079 -0.0000 1.0000
vn 0.0079 0.0079 0.9999
vn 0.0236 0.0157 0.9996
vn 0.0236 0.0158 0.9996
vt 0.237937 0.752722
vt 0.237937 0.757940
vt 0.233597 0.752722
vt 0.233597 0.757940
vt 0.233597 0.748283
vt 0.233597 0.762038
vt 0.237937 0.748283
vt 0.237937 0.762038
vt 0.237937 0.747699
vt 0.233597 0.763374
vt 0.233597 0.747699
vt 0.237937 0.763374
vt 0.237937 0.747084
vt 0.233597 0.764124
vt 0.233597 0.747084
vt 0.237937 0.764124
vt 0.231765 0.752722
vt 0.231765 0.757940
vt 0.227426 0.752722
vt 0.227426 0.757940
vt 0.227426 0.748283
vt 0.227426 0.762038
vt 0.231765 0.748283
vt 0.231765 0.762038
vt 0.231765 0.747699
vt 0.227426 0.763374
vt 0.227426 0.747699
vt 0.231765 0.763374
vt 0.231765 0.747084
vt 0.227426 0.764124
vt 0.227426 0.747084
vt 0.231765 0.764124
vt 0.233597 0.732513
vt 0.237937 0.734662
vt 0.233597 0.734662
vt 0.237937 0.732513
vt 0.233597 0.721756
vt 0.237937 0.721756
vt 0.233597 0.711672
vt 0.237937 0.711672
vt 0.233597 0.698451
vt 0.237937 0.698451
vt 0.233597 0.690719
vt 0.237937 0.690719
vt 0.233597 0.688404
vt 0.237937 0.688404
vt 0.227426 0.732513
vt 0.231765 0.734662
vt 0.227426 0.734662
vt 0.231765 0.732513
vt 0.227426 0.721756
vt 0.231765 0.721756
vt 0.227426 0.711672
vt 0.231765 0.711672
vt 0.227426 0.698451
vt 0.231765 0.698451
vt 0.227426 0.690719
vt 0.231765 0.690719
vt 0.227426 0.688404
vt 0.231765 0.688404
vt 0.231335 0.720923
vt 0.232716 0.725262
vt 0.231335 0.725262
vt 0.232716 0.720923
vt 0.233932 0.725262
vt 0.233932 0.720923
vt 0.231335 0.727094
vt 0.232716 0.731434
vt 0.231335 0.731434
vt 0.232716 0.727094
vt 0.233932 0.731434
vt 0.233932 0.727094
vt 0.231009 0.720923
vt 0.229213 0.725262
vt 0.229213 0.720923
vt 0.227416 0.725262
vt 0.231009 0.725262
vt 0.227416 0.720923
vt 0.231009 0.727094
vt 0.229213 0.731434
vt 0.229213 0.727094
vt 0.227416 0.731434
vt 0.231009 0.731434
vt 0.227416 0.727094
vt 0.234012 0.757940
vt 0.231085 0.754443
vt 0.234404 0.752722
vt 0.232346 0.748814
vt 0.230800 0.759366
vt 0.235431 0.748283
vt 0.232784 0.747595
vt 0.233836 0.746980
vt 0.235317 0.747699
vt 0.234774 0.747084
vt 0.234327 0.762038
vt 0.230965 0.762698
vt 0.231430 0.763614
vt 0.232646 0.764214
vt 0.234567 0.763374
vt 0.234027 0.764124
vt 0.238412 0.721756
vt 0.233205 0.718918
vt 0.237781 0.711672
vt 0.232535 0.713577
vt 0.233609 0.732513
vt 0.230134 0.701924
vt 0.238690 0.732513
vt 0.235380 0.698451
vt 0.237946 0.734662
vt 0.234353 0.734662
vt 0.236150 0.735552
vt 0.226672 0.691018
vt 0.233105 0.690719
vt 0.231137 0.688404
vt 0.228795 0.688142
vt 0.226891 0.689412
vt 0.227426 0.747595
vt 0.231765 0.747595
vt 0.227426 0.748814
vt 0.227426 0.763614
vt 0.231765 0.762698
vt 0.231765 0.763614
vt 0.231765 0.748814
vt 0.227426 0.762698
vt 0.227426 0.754443
vt 0.231765 0.759366
vt 0.231765 0.754443
vt 0.227426 0.759366
vt 0.233597 0.747595
vt 0.237937 0.747595
vt 0.233597 0.748814
vt 0.233597 0.763614
vt 0.237937 0.762698
vt 0.237937 0.763614
vt 0.237937 0.748814
vt 0.233597 0.762698
vt 0.233597 0.754443
vt 0.237937 0.759366
vt 0.237937 0.754443
vt 0.233597 0.759366
vt 0.227426 0.718918
vt 0.231765 0.718918
vt 0.231765 0.713577
vt 0.227426 0.713577
vt 0.227426 0.701924
vt 0.231765 0.701924
vt 0.227426 0.691018
vt 0.231765 0.691018
vt 0.227426 0.689412
vt 0.231765 0.689412
vt 0.233597 0.718918
vt 0.237937 0.718918
vt 0.237937 0.713577
vt 0.233597 0.713577
vt 0.233597 0.701924
vt 0.237937 0.701924
vt 0.233597 0.691018
vt 0.237937 0.691018
vt 0.233597 0.689412
vt 0.237937 0.689412
vt 0.234774 0.720923
vt 0.234774 0.725262
vt 0.233836 0.720923
vt 0.233836 0.725262
vt 0.232784 0.720923
vt 0.232784 0.725262
vt 0.234774 0.727094
vt 0.234774 0.731434
vt 0.233836 0.727094
vt 0.233836 0.731434
vt 0.232784 0.727094
vt 0.232784 0.731434
vt 0.226891 0.725262
vt 0.226891 0.720923
vt 0.228795 0.720923
vt 0.231137 0.720923
vt 0.231137 0.725262
vt 0.228795 0.725262
vt 0.226891 0.731434
vt 0.226891 0.727094
vt 0.228795 0.727094
vt 0.231137 0.727094
vt 0.231137 0.731434
vt 0.228795 0.731434
vt 0.233017 0.748814
vt 0.229931 0.748283
vt 0.232579 0.747595
vt 0.231526 0.746980
vt 0.230046 0.747699
vt 0.230588 0.747084
vt 0.230958 0.752722
vt 0.234277 0.754443
vt 0.231350 0.757940
vt 0.234563 0.759366
vt 0.231035 0.762038
vt 0.234397 0.762698
vt 0.233932 0.763614
vt 0.232716 0.764214
vt 0.230795 0.763374
vt 0.231335 0.764124
vt 0.234225 0.688404
vt 0.238690 0.691018
vt 0.232258 0.690719
vt 0.236567 0.688142
vt 0.238472 0.689412
vt 0.229983 0.698451
vt 0.235229 0.701924
vt 0.227581 0.711672
vt 0.232827 0.713577
vt 0.232158 0.718918
vt 0.226950 0.721756
vt 0.231754 0.732513
vt 0.226672 0.732513
vt 0.227416 0.734662
vt 0.231009 0.734662
vt 0.229213 0.735552
vt -0.157860 0.699374
vt -0.147815 0.700353
vt -0.157860 0.700353
vt -0.147815 0.699374
vt -0.157860 0.698396
vt -0.147815 0.698396
vt -0.157860 0.603915
vt -0.147815 0.604894
vt -0.157860 0.604894
vt -0.147815 0.603915
vt -0.157860 0.602936
vt -0.147815 0.602936
vt -0.158893 0.646622
vt -0.159872 0.656667
vt -0.159872 0.646622
vt -0.160851 0.656667
vt -0.158893 0.656667
vt -0.160851 0.646622
vt -0.144823 0.646622
vt -0.145802 0.656667
vt -0.145802 0.646622
vt -0.146781 0.656667
vt -0.144823 0.656667
vt -0.146781 0.646622
vt -0.146781 0.698396
vt -0.146781 0.700353
vt -0.147187 0.699374
vt -0.144823 0.698396
vt -0.145802 0.697990
vt -0.144823 0.700353
vt -0.145802 0.700759
vt -0.144418 0.699374
vt -0.158893 0.602936
vt -0.161256 0.603915
vt -0.160851 0.602936
vt -0.159872 0.602531
vt -0.158487 0.603915
vt -0.160851 0.604894
vt -0.158893 0.604894
vt -0.159872 0.605300
vt -0.160851 0.698396
vt -0.158893 0.700353
vt -0.160851 0.700353
vt -0.159872 0.700759
vt -0.161256 0.699374
vt -0.158893 0.698396
vt -0.158487 0.699374
vt -0.159872 0.697990
vt -0.147187 0.603915
vt -0.144823 0.604894
vt -0.146781 0.604894
vt -0.145802 0.605300
vt -0.144418 0.603915
vt -0.144823 0.602936
vt -0.146781 0.602936
vt -0.145802 0.602531
vt 0.145668 0.623277
vt 0.142126 0.623277
vt 0.145668 0.621960
vt 0.142126 0.621960
vt 0.142126 0.621264
vt 0.145668 0.621213
vt 0.142126 0.620642
vt 0.145668 0.620642
vt 0.151648 0.614567
vt 0.148107 0.615885
vt 0.148107 0.614567
vt 0.151648 0.615885
vt 0.148107 0.617202
vt 0.151648 0.617202
vt 0.145668 0.558997
vt 0.142126 0.558997
vt 0.145668 0.557679
vt 0.142126 0.557679
vt 0.145668 0.556362
vt 0.142126 0.556362
vt 0.142126 0.564622
vt 0.145668 0.563597
vt 0.145668 0.564622
vt 0.142126 0.563597
vt 0.145668 0.563304
vt 0.142126 0.563304
vt 0.145668 0.561987
vt 0.142126 0.561987
vt 0.148107 0.648708
vt 0.151648 0.644625
vt 0.151648 0.648708
vt 0.148107 0.644625
vt 0.148107 0.640543
vt 0.151648 0.640543
vt 0.148107 0.636933
vt 0.151648 0.636933
vt 0.148107 0.629463
vt 0.151648 0.629463
vt 0.151648 0.624197
vt 0.148107 0.624197
vt 0.151648 0.621956
vt 0.148107 0.621956
vt 0.148107 0.608473
vt 0.151648 0.608473
vt 0.148107 0.597380
vt 0.151648 0.597380
vt 0.148107 0.584718
vt 0.151648 0.584718
vt 0.148107 0.575619
vt 0.151648 0.575619
vt 0.148107 0.568292
vt 0.151648 0.568292
vt 0.148107 0.556599
vt 0.151648 0.556599
vt 0.148107 0.548818
vt 0.151648 0.548818
vt 0.148107 0.544603
vt 0.151648 0.544603
vt 0.148107 0.543427
vt 0.151648 0.543427
vt 0.148107 0.557679
vt 0.151648 0.558997
vt 0.148107 0.558997
vt 0.151648 0.557679
vt 0.151648 0.556362
vt 0.148107 0.556362
vt 0.142126 0.644625
vt 0.145668 0.648708
vt 0.142126 0.648708
vt 0.145668 0.644625
vt 0.142126 0.640543
vt 0.145668 0.640543
vt 0.142126 0.636933
vt 0.145668 0.636933
vt 0.142126 0.629463
vt 0.145668 0.629463
vt 0.142126 0.624197
vt 0.145668 0.624197
vt 0.142126 0.621956
vt 0.145668 0.621956
vt 0.142126 0.608473
vt 0.145668 0.608473
vt 0.142126 0.597380
vt 0.145668 0.597380
vt 0.142126 0.584718
vt 0.145668 0.584718
vt 0.142126 0.575619
vt 0.145668 0.575619
vt 0.142126 0.568292
vt 0.145668 0.568292
vt 0.142126 0.556599
vt 0.145668 0.556599
vt 0.142126 0.548818
vt 0.145668 0.548818
vt 0.142126 0.544603
vt 0.145668 0.544603
vt 0.142126 0.543427
vt 0.145668 0.543427
vt 0.151648 0.564622
vt 0.148107 0.564622
vt 0.148107 0.563597
vt 0.151648 0.563597
vt 0.148107 0.563304
vt 0.151648 0.563304
vt 0.148107 0.561987
vt 0.151648 0.561987
vt 0.145668 0.614567
vt 0.142126 0.615885
vt 0.142126 0.614567
vt 0.145668 0.615885
vt 0.142126 0.617202
vt 0.145668 0.617202
vt 0.151648 0.623277
vt 0.148107 0.623277
vt 0.151648 0.621960
vt 0.148107 0.621960
vt 0.148107 0.621264
vt 0.151648 0.621213
vt 0.148107 0.620642
vt 0.151648 0.620642
vt 0.140487 0.598106
vt 0.140487 0.601648
vt 0.139170 0.598106
vt 0.139170 0.601648
vt 0.138193 0.598106
vt 0.137852 0.601648
vt 0.137852 0.598106
vt 0.138599 0.601648
vt 0.137177 0.592125
vt 0.138495 0.595667
vt 0.137177 0.595667
vt 0.138495 0.592125
vt 0.139812 0.595667
vt 0.139812 0.592125
vt 0.150552 0.598106
vt 0.150552 0.601648
vt 0.149235 0.598106
vt 0.149235 0.601648
vt 0.147917 0.598106
vt 0.147917 0.601648
vt 0.148077 0.601648
vt 0.147514 0.598106
vt 0.148077 0.598106
vt 0.147506 0.601648
vt 0.145442 0.598106
vt 0.146760 0.601648
vt 0.145442 0.601648
vt 0.146760 0.598106
vt 0.141617 0.595667
vt 0.145699 0.592125
vt 0.145699 0.595667
vt 0.141617 0.592125
vt 0.137535 0.595667
vt 0.137535 0.592125
vt 0.157310 0.595667
vt 0.157310 0.592125
vt 0.158283 0.592125
vt 0.158283 0.595667
vt 0.159364 0.592125
vt 0.159364 0.595667
vt 0.150552 0.592125
vt 0.150552 0.595667
vt 0.149235 0.592125
vt 0.149235 0.595667
vt 0.147917 0.592125
vt 0.147917 0.595667
vt 0.141617 0.601648
vt 0.145699 0.598106
vt 0.145699 0.601648
vt 0.141617 0.598106
vt 0.137535 0.601648
vt 0.137535 0.598106
vt 0.157310 0.601648
vt 0.157310 0.598106
vt 0.158283 0.598106
vt 0.158283 0.601648
vt 0.159364 0.598106
vt 0.159364 0.601648
vt 0.148077 0.595667
vt 0.147514 0.592125
vt 0.148077 0.592125
vt 0.147506 0.595667
vt 0.145442 0.592125
vt 0.146760 0.595667
vt 0.145442 0.595667
vt 0.146760 0.592125
vt 0.137177 0.598106
vt 0.138495 0.601648
vt 0.137177 0.601648
vt 0.138495 0.598106
vt 0.139812 0.601648
vt 0.139812 0.598106
vt 0.140487 0.592125
vt 0.140487 0.595667
vt 0.139170 0.592125
vt 0.139170 0.595667
vt 0.138193 0.592125
vt 0.137852 0.595667
vt 0.137852 0.592125
vt 0.138599 0.595667
vt 0.149836 0.630358
vt 0.153287 0.623277
vt 0.155605 0.629463
vt 0.154605 0.623823
vt 0.157062 0.624197
vt 0.155922 0.623277
vt 0.156468 0.621960
vt 0.155306 0.636933
vt 0.158518 0.621956
vt 0.149152 0.638730
vt 0.156240 0.640543
vt 0.151031 0.620273
vt 0.155922 0.620642
vt 0.152742 0.621960
vt 0.148635 0.640543
vt 0.153030 0.621264
vt 0.153287 0.620642
vt 0.157931 0.644625
vt 0.156240 0.648708
vt 0.152158 0.650399
vt 0.148075 0.648708
vt 0.146384 0.644625
vt 0.153962 0.617202
vt 0.154605 0.620097
vt 0.153417 0.615885
vt 0.154709 0.617512
vt 0.155280 0.617748
vt 0.155176 0.620333
vt 0.156597 0.617202
vt 0.157143 0.615885
vt 0.151405 0.610077
vt 0.153962 0.614567
vt 0.155280 0.614022
vt 0.159601 0.608473
vt 0.156597 0.614567
vt 0.150957 0.601151
vt 0.159489 0.597380
vt 0.149425 0.588601
vt 0.158078 0.584718
vt 0.146624 0.576575
vt 0.156349 0.575619
vt 0.154166 0.568292
vt 0.147015 0.565167
vt 0.148332 0.564622
vt 0.148878 0.563304
vt 0.143039 0.566117
vt 0.149779 0.556599
vt 0.145697 0.564622
vt 0.145273 0.563597
vt 0.148332 0.561987
vt 0.145151 0.563304
vt 0.146403 0.557679
vt 0.147015 0.561441
vt 0.145857 0.556362
vt 0.145857 0.558997
vt 0.146268 0.561750
vt 0.145330 0.559215
vt 0.145697 0.561987
vt 0.144540 0.559542
vt 0.143222 0.558997
vt 0.138669 0.556145
vt 0.142676 0.557679
vt 0.143222 0.556362
vt 0.136464 0.552773
vt 0.146061 0.548818
vt 0.144540 0.555816
vt 0.143294 0.544603
vt 0.134605 0.548710
vt 0.135492 0.551800
vt 0.140448 0.543374
vt 0.142156 0.543427
vt 0.134173 0.550417
vt 0.134411 0.551390
vt 0.142126 0.638730
vt 0.145668 0.638730
vt 0.142126 0.630358
vt 0.145668 0.630358
vt 0.142126 0.620273
vt 0.145668 0.620273
vt 0.142126 0.610077
vt 0.145668 0.610077
vt 0.142126 0.601151
vt 0.145668 0.601151
vt 0.142126 0.588601
vt 0.145668 0.588601
vt 0.142126 0.576575
vt 0.145668 0.576575
vt 0.142126 0.566117
vt 0.145668 0.566117
vt 0.142126 0.556145
vt 0.145668 0.556145
vt 0.142126 0.552773
vt 0.145668 0.552773
vt 0.145668 0.551390
vt 0.142126 0.551390
vt 0.142126 0.550417
vt 0.145668 0.550417
vt 0.142126 0.548710
vt 0.145668 0.548710
vt 0.148107 0.638730
vt 0.151648 0.638730
vt 0.148107 0.630358
vt 0.151648 0.630358
vt 0.148107 0.620273
vt 0.151648 0.620273
vt 0.148107 0.610077
vt 0.151648 0.610077
vt 0.148107 0.601151
vt 0.151648 0.601151
vt 0.148107 0.588601
vt 0.151648 0.588601
vt 0.148107 0.576575
vt 0.151648 0.576575
vt 0.148107 0.566117
vt 0.151648 0.566117
vt 0.148107 0.556145
vt 0.151648 0.556145
vt 0.148107 0.552773
vt 0.151648 0.552773
vt 0.151648 0.551390
vt 0.148107 0.551390
vt 0.148107 0.550417
vt 0.151648 0.550417
vt 0.148107 0.548710
vt 0.151648 0.548710
vt 0.153287 0.601648
vt 0.153287 0.598106
vt 0.154605 0.598106
vt 0.154605 0.601648
vt 0.155922 0.598106
vt 0.155922 0.601648
vt 0.155280 0.592125
vt 0.154709 0.595667
vt 0.154319 0.592125
vt 0.153962 0.595667
vt 0.153962 0.592125
vt 0.155280 0.595667
vt 0.156597 0.592125
vt 0.156597 0.595667
vt 0.143222 0.601648
vt 0.143222 0.598106
vt 0.144540 0.598106
vt 0.144540 0.601648
vt 0.145330 0.598106
vt 0.145330 0.601648
vt 0.145857 0.601648
vt 0.145857 0.598106
vt 0.145697 0.601648
vt 0.145697 0.598106
vt 0.147015 0.598106
vt 0.147015 0.601648
vt 0.148332 0.598106
vt 0.148332 0.601648
vt 0.134605 0.592125
vt 0.140448 0.592125
vt 0.134605 0.595667
vt 0.140448 0.595667
vt 0.142156 0.592125
vt 0.142156 0.595667
vt 0.143222 0.595667
vt 0.143222 0.592125
vt 0.144540 0.592125
vt 0.144540 0.595667
vt 0.145330 0.592125
vt 0.145330 0.595667
vt 0.145857 0.595667
vt 0.145857 0.592125
vt 0.134605 0.598106
vt 0.140448 0.598106
vt 0.134605 0.601648
vt 0.140448 0.601648
vt 0.142156 0.598106
vt 0.142156 0.601648
vt 0.145697 0.595667
vt 0.145697 0.592125
vt 0.147015 0.592125
vt 0.147015 0.595667
vt 0.148332 0.592125
vt 0.148332 0.595667
vt 0.155280 0.598106
vt 0.154709 0.601648
vt 0.154319 0.598106
vt 0.153962 0.601648
vt 0.153962 0.598106
vt 0.155280 0.601648
vt 0.156597 0.598106
vt 0.156597 0.601648
vt 0.153287 0.595667
vt 0.153287 0.592125
vt 0.154605 0.592125
vt 0.154605 0.595667
vt 0.155922 0.592125
vt 0.155922 0.595667
vt 0.136713 0.624197
vt 0.137306 0.621960
vt 0.137852 0.623277
vt 0.139170 0.623823
vt 0.138169 0.629463
vt 0.135256 0.621956
vt 0.140487 0.623277
vt 0.137852 0.620642
vt 0.143938 0.630358
vt 0.138468 0.636933
vt 0.144623 0.638730
vt 0.137535 0.640543
vt 0.142743 0.620273
vt 0.145139 0.640543
vt 0.141033 0.621960
vt 0.135844 0.644625
vt 0.137535 0.648708
vt 0.141617 0.650399
vt 0.145699 0.648708
vt 0.147390 0.644625
vt 0.140724 0.621213
vt 0.140487 0.620642
vt 0.139812 0.617202
vt 0.139170 0.620097
vt 0.140358 0.615885
vt 0.139456 0.617350
vt 0.138495 0.617748
vt 0.138193 0.620501
vt 0.137177 0.617202
vt 0.136631 0.615885
vt 0.142370 0.610077
vt 0.139812 0.614567
vt 0.138495 0.614022
vt 0.134173 0.608473
vt 0.137177 0.614567
vt 0.142818 0.601151
vt 0.134285 0.597380
vt 0.144349 0.588601
vt 0.135696 0.584718
vt 0.147150 0.576575
vt 0.137425 0.575619
vt 0.139608 0.568292
vt 0.146760 0.565167
vt 0.145442 0.564622
vt 0.144897 0.563304
vt 0.150736 0.566117
vt 0.143996 0.556599
vt 0.148077 0.564622
vt 0.148502 0.563597
vt 0.145442 0.561987
vt 0.148623 0.563304
vt 0.147372 0.557679
vt 0.146760 0.561441
vt 0.147917 0.556362
vt 0.147917 0.558997
vt 0.147514 0.561753
vt 0.148444 0.559215
vt 0.148077 0.561987
vt 0.149235 0.559542
vt 0.150552 0.558997
vt 0.155106 0.556145
vt 0.151098 0.557679
vt 0.150552 0.556362
vt 0.157310 0.552773
vt 0.147714 0.548818
vt 0.149235 0.555816
vt 0.150480 0.544603
vt 0.159169 0.548710
vt 0.158283 0.551800
vt 0.153326 0.543374
vt 0.151619 0.543427
vt 0.159601 0.550417
vt 0.159364 0.551390
vt -0.128955 0.550207
vt -0.118910 0.551185
vt -0.128955 0.551185
vt -0.118910 0.550207
vt -0.128955 0.549228
vt -0.118910 0.549228
vt -0.128955 0.454747
vt -0.118910 0.455726
vt -0.128955 0.455726
vt -0.118910 0.454747
vt -0.128955 0.453768
vt -0.118910 0.453768
vt -0.129988 0.497455
vt -0.130967 0.507500
vt -0.130967 0.497455
vt -0.131946 0.507500
vt -0.129988 0.507500
vt -0.131946 0.497455
vt -0.115919 0.497455
vt -0.116898 0.507500
vt -0.116898 0.497455
vt -0.117876 0.507500
vt -0.115919 0.507500
vt -0.117876 0.497455
vt -0.118282 0.550207
vt -0.115919 0.551185
vt -0.116898 0.551591
vt -0.117877 0.551185
vt -0.116898 0.548822
vt -0.117877 0.549228
vt -0.115513 0.550207
vt -0.115919 0.549228
vt -0.132352 0.454747
vt -0.130967 0.453363
vt -0.129988 0.453768
vt -0.131946 0.453768
vt -0.129988 0.455726
vt -0.129583 0.454747
vt -0.130967 0.456132
vt -0.131946 0.455726
vt -0.117877 0.507500
vt -0.117877 0.497455
vt -0.130967 0.548822
vt -0.131946 0.551185
vt -0.132352 0.550207
vt -0.131946 0.549228
vt -0.129583 0.550207
vt -0.129988 0.549228
vt -0.130967 0.551591
vt -0.129988 0.551185
vt -0.117876 0.455726
vt -0.115513 0.454747
vt -0.116898 0.456132
vt -0.115919 0.455726
vt -0.117876 0.453768
vt -0.118282 0.454747
vt -0.116898 0.453363
vt -0.115919 0.453768
vt -0.097651 0.843981
vt -0.093311 0.846129
vt -0.097651 0.846129
vt -0.093311 0.843981
vt -0.097651 0.833224
vt -0.093311 0.833224
vt -0.097651 0.823140
vt -0.093311 0.823140
vt -0.097651 0.809918
vt -0.093311 0.809918
vt -0.097651 0.802187
vt -0.093311 0.802187
vt -0.097651 0.799871
vt -0.093311 0.799871
vt -0.103823 0.843981
vt -0.099483 0.846129
vt -0.103823 0.846129
vt -0.099483 0.843981
vt -0.103823 0.833224
vt -0.099483 0.833224
vt -0.103823 0.823140
vt -0.099483 0.823140
vt -0.103823 0.809918
vt -0.099483 0.809918
vt -0.103823 0.802187
vt -0.099483 0.802187
vt -0.103823 0.799871
vt -0.099483 0.799871
vt -0.093311 0.864189
vt -0.093311 0.869408
vt -0.097651 0.864189
vt -0.097651 0.869408
vt -0.097651 0.859750
vt -0.097651 0.873505
vt -0.093311 0.859750
vt -0.093311 0.873505
vt -0.093311 0.859166
vt -0.097651 0.874841
vt -0.097651 0.859166
vt -0.093311 0.874841
vt -0.093311 0.858551
vt -0.097651 0.875592
vt -0.097651 0.858551
vt -0.093311 0.875592
vt -0.099483 0.864189
vt -0.099483 0.869408
vt -0.103823 0.864189
vt -0.103823 0.869408
vt -0.103823 0.859750
vt -0.103823 0.873505
vt -0.099483 0.859750
vt -0.099483 0.873505
vt -0.099483 0.859166
vt -0.103823 0.874841
vt -0.103823 0.859166
vt -0.099483 0.874841
vt -0.099483 0.858551
vt -0.103823 0.875592
vt -0.103823 0.858551
vt -0.099483 0.875592
vt -0.100239 0.832390
vt -0.102035 0.836730
vt -0.102035 0.832390
vt -0.103832 0.836730
vt -0.100239 0.836730
vt -0.103832 0.832390
vt -0.100239 0.838562
vt -0.102035 0.842901
vt -0.102035 0.838562
vt -0.103832 0.842901
vt -0.100239 0.842901
vt -0.103832 0.838562
vt -0.099913 0.832390
vt -0.098532 0.836730
vt -0.099913 0.836730
vt -0.098532 0.832390
vt -0.097316 0.836730
vt -0.097316 0.832390
vt -0.099913 0.838562
vt -0.098532 0.842901
vt -0.099913 0.842901
vt -0.098532 0.838562
vt -0.097316 0.842901
vt -0.097316 0.838562
vt -0.097236 0.869408
vt -0.100163 0.865910
vt -0.096844 0.864189
vt -0.098902 0.860282
vt -0.100448 0.870834
vt -0.095817 0.859750
vt -0.098464 0.859062
vt -0.097412 0.858447
vt -0.095932 0.859166
vt -0.096474 0.858551
vt -0.096921 0.873505
vt -0.100283 0.874166
vt -0.099818 0.875081
vt -0.098602 0.875682
vt -0.096681 0.874841
vt -0.097221 0.875592
vt -0.092836 0.833224
vt -0.098043 0.830385
vt -0.093467 0.823140
vt -0.098713 0.825044
vt -0.097639 0.843981
vt -0.101114 0.813392
vt -0.092558 0.843981
vt -0.095869 0.809918
vt -0.093302 0.846129
vt -0.096895 0.846129
vt -0.095099 0.847020
vt -0.104576 0.802486
vt -0.098144 0.802187
vt -0.100111 0.799871
vt -0.102453 0.799610
vt -0.104357 0.800880
vt -0.103823 0.830385
vt -0.099483 0.830385
vt -0.099483 0.825044
vt -0.103823 0.825044
vt -0.103823 0.813392
vt -0.099483 0.813392
vt -0.103823 0.802486
vt -0.099483 0.802486
vt -0.103823 0.800880
vt -0.099483 0.800880
vt -0.097651 0.830385
vt -0.093311 0.830385
vt -0.093311 0.825044
vt -0.097651 0.825044
vt -0.097651 0.813392
vt -0.093311 0.813392
vt -0.097651 0.802486
vt -0.093311 0.802486
vt -0.097651 0.800880
vt -0.093311 0.800880
vt -0.099483 0.859062
vt -0.103823 0.860282
vt -0.103823 0.859062
vt -0.103823 0.875081
vt -0.099483 0.874166
vt -0.099483 0.875081
vt -0.099483 0.860282
vt -0.103823 0.874166
vt -0.103823 0.865910
vt -0.099483 0.870834
vt -0.099483 0.865910
vt -0.103823 0.870834
vt -0.093311 0.859062
vt -0.097651 0.860282
vt -0.097651 0.859062
vt -0.097651 0.875081
vt -0.093311 0.874166
vt -0.093311 0.875081
vt -0.093311 0.860282
vt -0.097651 0.874166
vt -0.097651 0.865910
vt -0.093311 0.870834
vt -0.093311 0.865910
vt -0.097651 0.870834
vt -0.104357 0.836730
vt -0.104357 0.832390
vt -0.102453 0.832390
vt -0.100111 0.832390
vt -0.100111 0.836730
vt -0.102453 0.836730
vt -0.104357 0.842901
vt -0.104357 0.838562
vt -0.102453 0.838562
vt -0.100111 0.838562
vt -0.100111 0.842901
vt -0.102453 0.842901
vt -0.096474 0.832390
vt -0.096474 0.836730
vt -0.097412 0.832390
vt -0.097412 0.836730
vt -0.098464 0.832390
vt -0.098464 0.836730
vt -0.096474 0.838562
vt -0.096474 0.842901
vt -0.097412 0.838562
vt -0.097412 0.842901
vt -0.098464 0.838562
vt -0.098464 0.842901
vt -0.098232 0.860282
vt -0.101317 0.859750
vt -0.098669 0.859062
vt -0.099722 0.858447
vt -0.101202 0.859166
vt -0.100660 0.858551
vt -0.100290 0.864189
vt -0.096971 0.865910
vt -0.099898 0.869408
vt -0.096686 0.870834
vt -0.100213 0.873505
vt -0.096851 0.874166
vt -0.097316 0.875081
vt -0.098532 0.875682
vt -0.100453 0.874841
vt -0.099913 0.875592
vt -0.097023 0.799871
vt -0.092558 0.802486
vt -0.098990 0.802187
vt -0.094681 0.799610
vt -0.092776 0.800880
vt -0.101265 0.809918
vt -0.096019 0.813392
vt -0.103667 0.823140
vt -0.098421 0.825044
vt -0.099091 0.830385
vt -0.104298 0.833224
vt -0.099495 0.843981
vt -0.104576 0.843981
vt -0.103832 0.846129
vt -0.100239 0.846129
vt -0.102035 0.847020
vt 0.265207 0.403152
vt 0.261666 0.403152
vt 0.261666 0.402127
vt 0.265207 0.402127
vt 0.265207 0.401834
vt 0.261666 0.401834
vt 0.265207 0.400517
vt 0.261666 0.400517
vt 0.271188 0.453097
vt 0.267646 0.454415
vt 0.267646 0.453097
vt 0.271188 0.454415
vt 0.267646 0.455732
vt 0.271188 0.455732
vt 0.271188 0.403152
vt 0.267646 0.403152
vt 0.267646 0.402127
vt 0.271188 0.402127
vt 0.271188 0.401834
vt 0.267646 0.401834
vt 0.267646 0.400517
vt 0.271188 0.400517
vt 0.265207 0.397527
vt 0.261666 0.397527
vt 0.265207 0.396209
vt 0.261666 0.396209
vt 0.265207 0.394892
vt 0.261666 0.394892
vt 0.271188 0.397527
vt 0.267646 0.397527
vt 0.271188 0.396209
vt 0.267646 0.396209
vt 0.267646 0.394892
vt 0.271188 0.394892
vt 0.271188 0.461807
vt 0.267646 0.461807
vt 0.271188 0.460490
vt 0.267646 0.460490
vt 0.267646 0.459794
vt 0.271188 0.459743
vt 0.267646 0.459172
vt 0.271188 0.459172
vt 0.265207 0.461807
vt 0.261666 0.461807
vt 0.265207 0.460490
vt 0.261666 0.460490
vt 0.261666 0.459794
vt 0.265207 0.459743
vt 0.261666 0.459172
vt 0.265207 0.459172
vt 0.265207 0.453097
vt 0.261666 0.454415
vt 0.261666 0.453097
vt 0.265207 0.454415
vt 0.261666 0.455732
vt 0.265207 0.455732
vt 0.261666 0.483155
vt 0.265207 0.487238
vt 0.261666 0.487238
vt 0.265207 0.483155
vt 0.261666 0.479073
vt 0.265207 0.479073
vt 0.261666 0.475463
vt 0.265207 0.475463
vt 0.261666 0.467993
vt 0.265207 0.467993
vt 0.261666 0.462727
vt 0.265207 0.462727
vt 0.261666 0.460486
vt 0.265207 0.460486
vt 0.261666 0.447003
vt 0.265207 0.447003
vt 0.261666 0.435910
vt 0.265207 0.435910
vt 0.261666 0.423249
vt 0.265207 0.423249
vt 0.261666 0.414149
vt 0.265207 0.414149
vt 0.261666 0.406822
vt 0.265207 0.406822
vt 0.261666 0.395129
vt 0.265207 0.395129
vt 0.261666 0.387348
vt 0.265207 0.387348
vt 0.261666 0.383133
vt 0.265207 0.383133
vt 0.261666 0.381957
vt 0.265207 0.381957
vt 0.267646 0.483155
vt 0.271188 0.487238
vt 0.267646 0.487238
vt 0.271188 0.483155
vt 0.267646 0.479073
vt 0.271188 0.479073
vt 0.267646 0.475463
vt 0.271188 0.475463
vt 0.267646 0.467993
vt 0.271188 0.467993
vt 0.267646 0.462727
vt 0.271188 0.462727
vt 0.271188 0.460486
vt 0.267646 0.460486
vt 0.271188 0.447003
vt 0.267646 0.447003
vt 0.267646 0.435910
vt 0.271188 0.435910
vt 0.267646 0.423249
vt 0.271188 0.423249
vt 0.267646 0.414149
vt 0.271188 0.414149
vt 0.267646 0.406822
vt 0.271188 0.406822
vt 0.267646 0.395129
vt 0.271188 0.395129
vt 0.267646 0.387348
vt 0.271188 0.387348
vt 0.267646 0.383133
vt 0.271188 0.383133
vt 0.267646 0.381957
vt 0.271188 0.381957
vt 0.267617 0.440178
vt 0.267053 0.436636
vt 0.267617 0.436636
vt 0.264982 0.436636
vt 0.266300 0.440178
vt 0.264982 0.440178
vt 0.267046 0.440178
vt 0.266300 0.436636
vt 0.256717 0.430655
vt 0.258034 0.434197
vt 0.256717 0.434197
vt 0.258034 0.430655
vt 0.259352 0.434197
vt 0.259352 0.430655
vt 0.267617 0.434197
vt 0.267053 0.430655
vt 0.267617 0.430655
vt 0.264982 0.430655
vt 0.266300 0.434197
vt 0.264982 0.434197
vt 0.267046 0.434197
vt 0.266300 0.430655
vt 0.270092 0.436636
vt 0.270092 0.440178
vt 0.268775 0.436636
vt 0.268775 0.440178
vt 0.267457 0.436636
vt 0.267457 0.440178
vt 0.270092 0.430655
vt 0.270092 0.434197
vt 0.268775 0.430655
vt 0.268775 0.434197
vt 0.267457 0.430655
vt 0.267457 0.434197
vt 0.260027 0.430655
vt 0.260027 0.434197
vt 0.258709 0.430655
vt 0.258709 0.434197
vt 0.257733 0.430655
vt 0.257392 0.434197
vt 0.257392 0.430655
vt 0.258138 0.434197
vt 0.260027 0.436636
vt 0.260027 0.440178
vt 0.258709 0.436636
vt 0.258709 0.440178
vt 0.257733 0.436636
vt 0.257392 0.440178
vt 0.257392 0.436636
vt 0.258138 0.440178
vt 0.256717 0.436636
vt 0.258034 0.440178
vt 0.256717 0.440178
vt 0.258034 0.436636
vt 0.259352 0.440178
vt 0.259352 0.436636
vt 0.261157 0.440178
vt 0.265239 0.436636
vt 0.265239 0.440178
vt 0.261157 0.436636
vt 0.257074 0.440178
vt 0.257074 0.436636
vt 0.277822 0.436636
vt 0.277823 0.440178
vt 0.276850 0.440178
vt 0.278903 0.436636
vt 0.278903 0.440178
vt 0.261157 0.434197
vt 0.265239 0.430655
vt 0.265239 0.434197
vt 0.261157 0.430655
vt 0.257074 0.434197
vt 0.257074 0.430655
vt 0.277822 0.434197
vt 0.276850 0.430655
vt 0.277823 0.430655
vt 0.278903 0.434197
vt 0.278903 0.430655
vt 0.269376 0.468887
vt 0.272827 0.461807
vt 0.275145 0.467993
vt 0.274145 0.462353
vt 0.276601 0.462727
vt 0.275462 0.461807
vt 0.276008 0.460490
vt 0.274846 0.475463
vt 0.278058 0.460486
vt 0.268691 0.477260
vt 0.275780 0.479073
vt 0.270571 0.458803
vt 0.275462 0.459172
vt 0.272281 0.460490
vt 0.268175 0.479073
vt 0.272570 0.459794
vt 0.272827 0.459172
vt 0.277471 0.483155
vt 0.275780 0.487238
vt 0.271697 0.488929
vt 0.267615 0.487238
vt 0.265924 0.483155
vt 0.273502 0.455732
vt 0.274145 0.458627
vt 0.272956 0.454415
vt 0.274249 0.456042
vt 0.274820 0.456278
vt 0.274716 0.458863
vt 0.276137 0.455732
vt 0.276683 0.454415
vt 0.270945 0.448607
vt 0.273502 0.453097
vt 0.274820 0.452552
vt 0.279141 0.447003
vt 0.276137 0.453097
vt 0.270496 0.439680
vt 0.279029 0.435910
vt 0.268965 0.427131
vt 0.277618 0.423249
vt 0.266164 0.415105
vt 0.275889 0.414149
vt 0.273706 0.406822
vt 0.266554 0.403698
vt 0.267872 0.403152
vt 0.268417 0.401834
vt 0.262578 0.404647
vt 0.269318 0.395129
vt 0.265237 0.403152
vt 0.264812 0.402127
vt 0.267872 0.400517
vt 0.264691 0.401834
vt 0.265942 0.396209
vt 0.266554 0.399971
vt 0.265397 0.394892
vt 0.265397 0.397527
vt 0.265808 0.400280
vt 0.264870 0.397745
vt 0.265237 0.400517
vt 0.264079 0.398073
vt 0.262762 0.397527
vt 0.258208 0.394675
vt 0.262216 0.396209
vt 0.262762 0.394892
vt 0.256004 0.391303
vt 0.265600 0.387348
vt 0.264079 0.394346
vt 0.262834 0.383133
vt 0.254145 0.387240
vt 0.255031 0.390330
vt 0.259988 0.381904
vt 0.261695 0.381957
vt 0.253713 0.388947
vt 0.253951 0.389920
vt 0.265208 0.455732
vt 0.265208 0.454415
vt 0.265208 0.453097
vt 0.265208 0.403152
vt 0.265208 0.401834
vt 0.265208 0.400517
vt 0.265208 0.397527
vt 0.265208 0.396209
vt 0.265208 0.394892
vt 0.265208 0.461807
vt 0.265208 0.460490
vt 0.265208 0.459172
vt 0.267646 0.477260
vt 0.271188 0.477260
vt 0.267646 0.468887
vt 0.271188 0.468887
vt 0.267646 0.458803
vt 0.271188 0.458803
vt 0.267646 0.448607
vt 0.271188 0.448607
vt 0.267646 0.439680
vt 0.271188 0.439680
vt 0.267646 0.427131
vt 0.271188 0.427131
vt 0.267646 0.415105
vt 0.271188 0.415105
vt 0.267646 0.404647
vt 0.271188 0.404647
vt 0.267646 0.394675
vt 0.271188 0.394675
vt 0.267646 0.391303
vt 0.271188 0.391303
vt 0.267646 0.390330
vt 0.271188 0.389920
vt 0.267646 0.389920
vt 0.267646 0.388947
vt 0.271188 0.388947
vt 0.267646 0.387240
vt 0.271188 0.387240
vt 0.265208 0.483155
vt 0.265208 0.487238
vt 0.265208 0.479073
vt 0.261666 0.477260
vt 0.265208 0.477260
vt 0.261666 0.468887
vt 0.265208 0.468887
vt 0.261666 0.458803
vt 0.265208 0.458803
vt 0.261666 0.448607
vt 0.265208 0.448607
vt 0.261666 0.439680
vt 0.265208 0.439680
vt 0.261666 0.427131
vt 0.265208 0.427131
vt 0.261666 0.415105
vt 0.265208 0.415105
vt 0.261666 0.404647
vt 0.265208 0.404647
vt 0.261666 0.394675
vt 0.265208 0.394675
vt 0.261666 0.391303
vt 0.265208 0.391303
vt 0.265208 0.390330
vt 0.265208 0.389920
vt 0.261666 0.389920
vt 0.261666 0.388947
vt 0.265208 0.388947
vt 0.261666 0.387240
vt 0.265208 0.387240
vt 0.265237 0.440178
vt 0.265237 0.436636
vt 0.266554 0.436636
vt 0.266554 0.440178
vt 0.267872 0.436636
vt 0.267872 0.440178
vt 0.274820 0.430655
vt 0.274249 0.434197
vt 0.273858 0.430655
vt 0.273502 0.434197
vt 0.273502 0.430655
vt 0.274820 0.434197
vt 0.276137 0.430655
vt 0.276137 0.434197
vt 0.265237 0.434197
vt 0.265237 0.430655
vt 0.266554 0.430655
vt 0.266554 0.434197
vt 0.267872 0.430655
vt 0.267872 0.434197
vt 0.262762 0.440178
vt 0.262762 0.436636
vt 0.264079 0.436636
vt 0.264079 0.440178
vt 0.264870 0.436636
vt 0.264870 0.440178
vt 0.265397 0.440178
vt 0.265397 0.436636
vt 0.262762 0.434197
vt 0.262762 0.430655
vt 0.264079 0.430655
vt 0.264079 0.434197
vt 0.264870 0.430655
vt 0.264870 0.434197
vt 0.265397 0.434197
vt 0.265397 0.430655
vt 0.272827 0.434197
vt 0.272827 0.430655
vt 0.274145 0.430655
vt 0.274145 0.434197
vt 0.275462 0.430655
vt 0.275462 0.434197
vt 0.272827 0.440178
vt 0.272827 0.436636
vt 0.274145 0.436636
vt 0.274145 0.440178
vt 0.275462 0.436636
vt 0.275462 0.440178
vt 0.274820 0.436636
vt 0.274249 0.440178
vt 0.273858 0.436636
vt 0.273502 0.440178
vt 0.273502 0.436636
vt 0.274820 0.440178
vt 0.276137 0.436636
vt 0.276137 0.440178
vt 0.254145 0.436636
vt 0.259988 0.436636
vt 0.254145 0.440178
vt 0.259988 0.440178
vt 0.261695 0.436636
vt 0.261695 0.440178
vt 0.254145 0.430655
vt 0.259988 0.430655
vt 0.254145 0.434197
vt 0.259988 0.434197
vt 0.261695 0.430655
vt 0.261695 0.434197
vt 0.256253 0.462727
vt 0.256846 0.460490
vt 0.257392 0.461807
vt 0.258709 0.462353
vt 0.257709 0.467993
vt 0.254796 0.460486
vt 0.260027 0.461807
vt 0.257392 0.459172
vt 0.263478 0.468887
vt 0.258008 0.475463
vt 0.264163 0.477260
vt 0.257074 0.479073
vt 0.262283 0.458803
vt 0.264679 0.479073
vt 0.260572 0.460490
vt 0.255383 0.483155
vt 0.257074 0.487238
vt 0.261157 0.488929
vt 0.265239 0.487238
vt 0.266930 0.483155
vt 0.260263 0.459743
vt 0.260027 0.459172
vt 0.259352 0.455732
vt 0.258709 0.458627
vt 0.259897 0.454415
vt 0.258995 0.455880
vt 0.258034 0.456278
vt 0.257733 0.459031
vt 0.256717 0.455732
vt 0.256171 0.454415
vt 0.261909 0.448607
vt 0.259352 0.453097
vt 0.258034 0.452552
vt 0.253713 0.447003
vt 0.256717 0.453097
vt 0.262357 0.439680
vt 0.253825 0.435910
vt 0.263889 0.427131
vt 0.255236 0.423249
vt 0.266690 0.415105
vt 0.256965 0.414149
vt 0.259148 0.406822
vt 0.266300 0.403698
vt 0.264982 0.403152
vt 0.264436 0.401834
vt 0.270275 0.404647
vt 0.263536 0.395129
vt 0.267617 0.403152
vt 0.268042 0.402127
vt 0.264982 0.400517
vt 0.268163 0.401834
vt 0.266911 0.396209
vt 0.266300 0.399971
vt 0.267457 0.394892
vt 0.267457 0.397527
vt 0.267053 0.400283
vt 0.267984 0.397745
vt 0.267617 0.400517
vt 0.268775 0.398073
vt 0.270092 0.397527
vt 0.274645 0.394675
vt 0.270638 0.396209
vt 0.270092 0.394892
vt 0.276850 0.391303
vt 0.267253 0.387348
vt 0.268775 0.394346
vt 0.270020 0.383133
vt 0.278709 0.387240
vt 0.277823 0.390330
vt 0.272866 0.381904
vt 0.271158 0.381957
vt 0.279141 0.388947
vt 0.278903 0.389920
vt 0.277822 0.390330
vt -0.373447 0.687901
vt -0.375938 0.679886
vt -0.373447 0.679886
vt -0.375938 0.687901
vt -0.373447 0.694696
vt -0.375938 0.694696
vt -0.373447 0.699106
vt -0.375938 0.699106
vt -0.374052 0.704687
vt -0.375333 0.704687
vt -0.375938 0.706411
vt -0.373447 0.706411
vt -0.374094 0.712809
vt -0.375291 0.712809
vt -0.374692 0.718104
vt -0.373447 0.627628
vt -0.373447 0.631441
vt -0.375938 0.627628
vt -0.375938 0.631441
vt -0.375938 0.624023
vt -0.373447 0.624023
vt -0.375938 0.619199
vt -0.373447 0.619199
vt -0.375938 0.614530
vt -0.373447 0.614530
vt -0.375938 0.610328
vt -0.373447 0.610328
vt -0.373447 0.648114
vt -0.375938 0.648114
vt -0.373447 0.654831
vt -0.375938 0.654831
vt -0.373447 0.661238
vt -0.375938 0.661238
vt -0.373447 0.667540
vt -0.375938 0.667540
vt -0.373447 0.674206
vt -0.375938 0.674206
vt -0.375440 0.690030
vt -0.375440 0.681769
vt -0.373945 0.690030
vt -0.373945 0.681769
vt -0.375440 0.650080
vt -0.373945 0.650080
vt -0.375440 0.643159
vt -0.373945 0.643159
vt -0.375440 0.698162
vt -0.373945 0.698162
vt -0.375440 0.709004
vt -0.373945 0.709004
vt -0.359939 0.661601
vt -0.363678 0.664092
vt -0.363678 0.661601
vt -0.359939 0.664092
vt -0.368443 0.661601
vt -0.372223 0.664092
vt -0.372223 0.661601
vt -0.368443 0.664092
vt -0.372963 0.664092
vt -0.372963 0.661601
vt -0.379107 0.673749
vt -0.372923 0.650080
vt -0.374085 0.681769
vt -0.376149 0.644953
vt -0.380914 0.686224
vt -0.371503 0.643159
vt -0.375569 0.690030
vt -0.376690 0.641927
vt -0.374344 0.640960
vt -0.371335 0.640597
vt -0.381366 0.693983
vt -0.374278 0.698162
vt -0.380391 0.699754
vt -0.377776 0.706217
vt -0.371245 0.709004
vt -0.373378 0.712117
vt -0.365437 0.718104
vt -0.380859 0.619684
vt -0.380941 0.622597
vt -0.384639 0.620730
vt -0.385707 0.623232
vt -0.377161 0.619348
vt -0.388665 0.619833
vt -0.389445 0.621252
vt -0.389626 0.620180
vt -0.377326 0.616696
vt -0.376422 0.619348
vt -0.376833 0.614380
vt -0.373624 0.611231
vt -0.377493 0.612445
vt -0.371776 0.608585
vt -0.368900 0.607589
vt -0.365134 0.607963
vt -0.360443 0.614530
vt -0.361607 0.610328
vt -0.360409 0.619199
vt -0.362326 0.624023
vt -0.378024 0.622896
vt -0.378517 0.627340
vt -0.362098 0.627628
vt -0.377199 0.631583
vt -0.359759 0.631441
vt -0.377490 0.637462
vt -0.368456 0.642205
vt -0.363064 0.648114
vt -0.368794 0.643684
vt -0.363606 0.654831
vt -0.363435 0.661238
vt -0.370183 0.685906
vt -0.362921 0.667540
vt -0.361609 0.674206
vt -0.360239 0.679886
vt -0.365232 0.687901
vt -0.370829 0.694103
vt -0.367885 0.694696
vt -0.368622 0.699106
vt -0.368441 0.704687
vt -0.368385 0.706411
vt -0.367196 0.712809
vt -0.375938 0.611231
vt -0.375938 0.608585
vt -0.373447 0.611231
vt -0.373447 0.608585
vt -0.375938 0.614380
vt -0.373447 0.616696
vt -0.375938 0.616696
vt -0.373447 0.614380
vt -0.375938 0.620180
vt -0.373447 0.621252
vt -0.375938 0.621252
vt -0.373447 0.620180
vt -0.374692 0.641927
vt -0.375938 0.637462
vt -0.373447 0.637462
vt -0.375938 0.631583
vt -0.373447 0.631583
vt -0.375938 0.627340
vt -0.373447 0.627340
vt -0.375938 0.622896
vt -0.373447 0.622896
vt -0.375938 0.619348
vt -0.373447 0.619348
vt -0.374052 0.640597
vt -0.375439 0.643159
vt -0.375332 0.640597
vt -0.375938 0.612445
vt -0.373447 0.612445
vt -0.365134 0.661601
vt -0.361607 0.661601
vt -0.365134 0.664092
vt -0.361607 0.664092
vt -0.368900 0.664092
vt -0.368900 0.661601
vt -0.371776 0.664092
vt -0.371776 0.661601
vt -0.377493 0.661601
vt -0.373624 0.661601
vt -0.377493 0.664092
vt -0.373624 0.664092
vt -0.388665 0.661601
vt -0.389626 0.664092
vt -0.389626 0.661601
vt -0.388665 0.664092
vt -0.384639 0.661601
vt -0.384639 0.664092
vt -0.380859 0.661601
vt -0.380859 0.664092
vt -0.377326 0.661601
vt -0.377326 0.664092
vt -0.375300 0.681769
vt -0.376461 0.650080
vt -0.370278 0.673749
vt -0.373236 0.644953
vt -0.368470 0.686224
vt -0.377881 0.643159
vt -0.373815 0.690030
vt -0.372694 0.641927
vt -0.375039 0.640961
vt -0.378049 0.640597
vt -0.368018 0.693983
vt -0.375106 0.698162
vt -0.368993 0.699754
vt -0.371608 0.706217
vt -0.378139 0.709004
vt -0.376007 0.712117
vt -0.383948 0.718104
vt -0.368443 0.622597
vt -0.372223 0.619348
vt -0.368525 0.619684
vt -0.372059 0.616696
vt -0.364746 0.620730
vt -0.363678 0.623232
vt -0.360720 0.619833
vt -0.359939 0.621252
vt -0.359759 0.620180
vt -0.372963 0.619348
vt -0.372552 0.614380
vt -0.375760 0.611231
vt -0.371891 0.612445
vt -0.388975 0.619199
vt -0.387058 0.624023
vt -0.371360 0.622896
vt -0.388941 0.614530
vt -0.370867 0.627340
vt -0.387286 0.627628
vt -0.372186 0.631583
vt -0.384251 0.607963
vt -0.387777 0.610328
vt -0.380485 0.607589
vt -0.377609 0.608585
vt -0.389626 0.631441
vt -0.371894 0.637462
vt -0.380928 0.642205
vt -0.386321 0.648114
vt -0.380591 0.643684
vt -0.385779 0.654831
vt -0.385950 0.661238
vt -0.379201 0.685906
vt -0.386463 0.667540
vt -0.387776 0.674206
vt -0.389145 0.679886
vt -0.384152 0.687901
vt -0.378556 0.694103
vt -0.381499 0.694696
vt -0.380762 0.699106
vt -0.380944 0.704687
vt -0.381000 0.706411
vt -0.382188 0.712809
s 1
usemtl Meshpart1Mtl.001
f 1/1/1 2/2/2 3/3/1
f 2/2/2 4/4/2 3/3/1
f 1/1/1 3/3/1 5/5/3
f 2/2/2 6/6/4 4/4/2
f 7/7/5 1/1/1 5/5/3
f 6/6/4 2/2/2 8/8/4
f 5/5/3 9/9/6 7/7/5
f 8/8/4 10/10/7 6/6/4
f 9/9/6 5/5/3 11/11/6
f 10/10/7 8/8/4 12/12/7
f 11/11/6 13/13/8 9/9/6
f 12/12/7 14/14/9 10/10/7
f 13/13/8 11/11/6 15/15/8
f 16/16/9 14/14/9 12/12/7
f 17/17/1 18/18/2 19/19/1
f 18/18/2 20/20/2 19/19/1
f 17/17/1 19/19/1 21/21/3
f 18/18/2 22/22/4 20/20/2
f 23/23/5 17/17/1 21/21/3
f 22/22/4 18/18/2 24/24/4
f 21/21/3 25/25/6 23/23/5
f 24/24/4 26/26/7 22/22/4
f 25/25/6 21/21/3 27/27/6
f 28/28/7 26/26/7 24/24/4
f 27/27/6 29/29/8 25/25/6
f 28/28/7 30/30/9 26/26/7
f 29/29/8 27/27/6 31/31/8
f 30/30/9 28/28/7 32/32/9
f 35/33/1 34/34/10 33/35/10
f 34/34/10 35/33/1 36/36/1
f 35/33/1 37/37/11 36/36/1
f 38/38/11 36/36/1 37/37/11
f 37/37/11 39/39/12 38/38/11
f 40/40/13 38/38/11 39/39/12
f 39/39/12 41/41/14 40/40/13
f 42/42/15 40/40/13 41/41/14
f 41/41/14 43/43/16 42/42/15
f 44/44/17 42/42/15 43/43/16
f 44/44/17 43/43/16 45/45/18
f 45/45/18 46/46/19 44/44/17
f 49/47/1 48/48/10 47/49/10
f 48/48/10 49/47/1 50/50/1
f 49/47/1 51/51/11 50/50/1
f 52/52/11 50/50/1 51/51/11
f 51/51/11 53/53/13 52/52/11
f 54/54/13 52/52/11 53/53/13
f 53/53/13 55/55/15 54/54/13
f 56/56/15 54/54/13 55/55/15
f 55/55/15 57/57/16 56/56/15
f 58/58/17 56/56/15 57/57/16
f 58/58/17 57/57/16 59/59/18
f 59/59/18 60/60/19 58/58/17
f 62/61/9 63/62/20 61/63/9
f 64/64/20 63/62/20 62/61/9
f 64/64/20 65/65/21 63/62/20
f 65/65/21 64/64/20 66/66/21
f 68/67/9 69/68/20 67/69/9
f 69/68/20 68/67/9 70/70/22
f 70/70/22 71/71/21 69/68/20
f 72/72/21 71/71/21 70/70/22
f 73/73/23 74/74/24 75/75/24
f 76/76/25 75/75/24 74/74/24
f 74/74/24 73/73/23 77/77/26
f 75/75/24 76/76/25 78/78/25
f 79/79/23 80/80/24 81/81/24
f 82/82/25 81/81/24 80/80/24
f 80/80/24 79/79/23 83/83/23
f 81/81/24 82/82/25 84/84/25
f 85/85/27 86/86/27 87/87/27
f 87/87/27 86/86/27 88/88/27
f 86/86/27 85/85/27 89/89/27
f 88/88/27 90/90/27 87/87/27
f 90/90/27 88/88/27 91/91/27
f 90/90/27 91/91/27 92/92/27
f 92/92/27 93/93/27 90/90/27
f 93/93/27 92/92/27 94/94/27
f 95/95/27 89/89/27 85/85/27
f 89/89/27 95/95/27 96/96/27
f 96/96/27 95/95/27 97/97/27
f 97/97/27 95/95/27 98/98/27
f 98/98/27 95/95/27 99/99/27
f 98/98/27 99/99/27 100/100/27
f 101/101/27 102/102/27 103/103/27
f 104/104/27 103/103/27 102/102/27
f 101/101/27 105/105/27 102/102/27
f 106/106/27 103/103/27 104/104/27
f 107/107/27 105/105/27 101/101/27
f 103/103/27 106/106/27 108/108/27
f 109/109/27 105/105/27 107/107/27
f 105/105/27 109/109/27 110/110/27
f 110/110/27 109/109/27 111/111/27
f 112/112/27 108/108/27 106/106/27
f 112/112/27 113/113/27 108/108/27
f 113/113/27 112/112/27 114/114/27
f 114/114/27 112/112/27 115/115/27
f 115/115/27 112/112/27 116/116/27
f 117/85/27 118/86/27 119/87/27
f 119/87/27 118/86/27 120/88/27
f 118/86/27 117/85/27 121/89/27
f 120/88/27 122/90/27 119/87/27
f 122/90/27 120/88/27 123/91/27
f 122/90/27 123/91/27 124/92/27
f 124/92/27 125/93/27 122/90/27
f 125/93/27 124/92/27 126/94/27
f 127/95/27 121/89/27 117/85/27
f 121/89/27 127/95/27 128/96/27
f 128/96/27 127/95/27 129/97/27
f 129/97/27 127/95/27 130/98/27
f 130/98/27 127/95/27 131/99/27
f 130/98/27 131/99/27 132/100/27
f 133/101/27 134/102/27 135/103/27
f 136/104/27 135/103/27 134/102/27
f 133/101/27 137/105/27 134/102/27
f 138/106/27 135/103/27 136/104/27
f 139/107/27 137/105/27 133/101/27
f 135/103/27 138/106/27 140/108/27
f 141/109/27 137/105/27 139/107/27
f 137/105/27 141/109/27 142/110/27
f 142/110/27 141/109/27 143/111/27
f 144/112/27 140/108/27 138/106/27
f 144/112/27 145/113/27 140/108/27
f 145/113/27 144/112/27 146/114/27
f 146/114/27 144/112/27 147/115/27
f 147/115/27 144/112/27 148/116/27
f 149/117/28 151/118/29 153/119/30
f 152/120/31 154/121/32 150/122/31
f 153/119/30 151/118/29 155/123/30
f 154/121/32 152/120/31 156/124/32
f 153/119/30 155/123/30 157/125/33
f 156/124/32 158/126/34 154/121/32
f 157/125/33 155/123/30 159/127/35
f 158/126/34 156/124/32 160/128/36
f 159/127/35 160/128/36 157/125/33
f 160/128/36 159/127/35 158/126/34
f 161/129/29 163/130/28 165/131/30
f 164/132/31 166/133/32 162/134/31
f 165/131/30 163/130/28 167/135/30
f 168/136/32 166/133/32 164/132/31
f 165/131/30 167/135/30 169/137/33
f 168/136/32 170/138/34 166/133/32
f 169/137/33 167/135/30 171/139/33
f 170/138/34 168/136/32 172/140/36
f 171/139/33 172/140/36 169/137/33
f 172/140/36 171/139/33 170/138/34
f 175/47/37 174/48/38 173/49/38
f 174/48/38 175/47/37 176/50/37
f 177/141/39 176/50/37 175/47/37
f 176/50/37 177/141/39 178/142/39
f 177/141/39 179/143/40 178/142/39
f 177/141/39 180/144/40 179/143/40
f 180/144/40 181/145/41 179/143/40
f 182/146/42 179/143/40 181/145/41
f 181/145/41 183/147/43 182/146/42
f 184/148/43 182/146/42 183/147/43
f 184/148/43 183/147/43 185/149/44
f 185/149/44 186/150/44 184/148/43
f 189/33/45 188/34/38 187/35/38
f 188/34/38 189/33/45 190/36/46
f 191/151/39 190/36/46 189/33/45
f 190/36/46 191/151/39 192/152/39
f 191/151/39 193/153/40 192/152/39
f 191/151/39 194/154/40 193/153/40
f 194/154/40 195/155/41 193/153/40
f 196/156/42 193/153/40 195/155/41
f 195/155/41 197/157/43 196/156/42
f 198/158/43 196/156/42 197/157/43
f 198/158/43 197/157/43 199/159/44
f 199/159/44 200/160/44 198/158/43
f 201/161/47 202/162/47 203/163/48
f 203/163/48 202/162/47 204/164/49
f 204/164/49 205/165/29 203/163/48
f 205/165/29 204/164/49 206/166/29
f 207/167/47 208/168/50 209/169/48
f 209/169/48 208/168/50 210/170/48
f 210/170/48 211/171/29 209/169/48
f 211/171/29 210/170/48 212/172/29
f 215/173/51 213/174/52 217/175/53
f 216/176/18 214/177/18 218/178/53
f 217/175/53 218/178/53 215/173/51
f 218/178/53 217/175/53 216/176/18
f 221/179/51 219/180/52 223/181/53
f 222/182/18 220/183/18 224/184/53
f 223/181/53 224/184/53 221/179/51
f 224/184/53 223/181/53 222/182/18
f 225/185/54 226/186/54 227/187/54
f 227/187/54 226/186/54 228/188/54
f 228/188/54 226/186/54 229/189/54
f 228/188/54 229/189/54 230/190/54
f 226/186/54 225/185/54 231/191/54
f 232/192/54 231/191/54 225/185/54
f 231/191/54 232/192/54 233/193/54
f 234/194/54 233/193/54 232/192/54
f 234/194/54 235/195/54 233/193/54
f 235/195/54 234/194/54 236/196/54
f 235/195/54 236/196/54 237/197/54
f 235/195/54 237/197/54 238/198/54
f 238/198/54 239/199/54 235/195/54
f 239/199/54 238/198/54 240/200/54
f 241/201/54 242/202/54 243/203/54
f 242/202/54 241/201/54 244/204/54
f 242/202/54 244/204/54 245/205/54
f 242/202/54 246/206/54 243/203/54
f 247/207/54 246/206/54 242/202/54
f 246/206/54 247/207/54 248/208/54
f 249/209/54 248/208/54 247/207/54
f 250/210/54 248/208/54 249/209/54
f 248/208/54 250/210/54 251/211/54
f 252/212/54 251/211/54 250/210/54
f 252/212/54 253/213/54 251/211/54
f 252/212/54 254/214/54 253/213/54
f 254/214/54 252/212/54 255/215/54
f 254/214/54 255/215/54 256/216/54
f 257/185/54 258/186/54 259/187/54
f 259/187/54 258/186/54 260/188/54
f 260/188/54 258/186/54 261/189/54
f 260/188/54 261/189/54 262/190/54
f 258/186/54 257/185/54 263/191/54
f 264/192/54 263/191/54 257/185/54
f 263/191/54 264/192/54 265/193/54
f 266/194/54 265/193/54 264/192/54
f 266/194/54 267/195/54 265/193/54
f 267/195/54 266/194/54 268/196/54
f 267/195/54 268/196/54 269/197/54
f 267/195/54 269/197/54 270/198/54
f 270/198/54 271/199/54 267/195/54
f 271/199/54 270/198/54 272/200/54
f 273/201/54 274/202/54 275/203/54
f 274/202/54 273/201/54 276/204/54
f 274/202/54 276/204/54 277/205/54
f 274/202/54 278/206/54 275/203/54
f 279/207/54 278/206/54 274/202/54
f 278/206/54 279/207/54 280/208/54
f 281/209/54 280/208/54 279/207/54
f 282/210/54 280/208/54 281/209/54
f 280/208/54 282/210/54 283/211/54
f 284/212/54 283/211/54 282/210/54
f 284/212/54 285/213/54 283/211/54
f 284/212/54 286/214/54 285/213/54
f 286/214/54 284/212/54 287/215/54
f 286/214/54 287/215/54 288/216/54
f 1123/797/1 1122/798/10 1121/799/10
f 1122/798/10 1123/797/1 1124/800/1
f 1123/797/1 1125/801/134 1124/800/1
f 1126/802/11 1124/800/1 1125/801/134
f 1125/801/134 1127/803/13 1126/802/11
f 1128/804/13 1126/802/11 1127/803/13
f 1127/803/13 1129/805/14 1128/804/13
f 1130/806/14 1128/804/13 1129/805/14
f 1129/805/14 1131/807/16 1130/806/14
f 1132/808/17 1130/806/14 1131/807/16
f 1132/808/17 1131/807/16 1133/809/19
f 1133/809/19 1134/810/19 1132/808/17
f 1137/811/1 1136/812/10 1135/813/10
f 1136/812/10 1137/811/1 1138/814/1
f 1137/811/1 1139/815/134 1138/814/1
f 1140/816/11 1138/814/1 1139/815/134
f 1139/815/134 1141/817/13 1140/816/11
f 1142/818/13 1140/816/11 1141/817/13
f 1141/817/13 1143/819/14 1142/818/13
f 1144/820/14 1142/818/13 1143/819/14
f 1143/819/14 1145/821/16 1144/820/14
f 1146/822/17 1144/820/14 1145/821/16
f 1146/822/17 1145/821/16 1147/823/18
f 1147/823/18 1148/824/135 1146/822/17
f 1149/825/1 1150/826/2 1151/827/1
f 1150/826/2 1152/828/2 1151/827/1
f 1149/825/1 1151/827/1 1153/829/3
f 1150/826/2 1154/830/136 1152/828/2
f 1155/831/5 1149/825/1 1153/829/3
f 1156/832/136 1154/830/136 1150/826/2
f 1153/829/3 1157/833/6 1155/831/5
f 1156/832/136 1158/834/137 1154/830/136
f 1157/833/6 1153/829/3 1159/835/138
f 1160/836/137 1158/834/137 1156/832/136
f 1159/835/138 1161/837/8 1157/833/6
f 1160/836/137 1162/838/9 1158/834/137
f 1161/837/8 1159/835/138 1163/839/8
f 1164/840/139 1162/838/9 1160/836/137
f 1165/841/1 1166/842/2 1167/843/1
f 1166/842/2 1168/844/2 1167/843/1
f 1165/841/1 1167/843/1 1169/845/3
f 1166/842/2 1170/846/136 1168/844/2
f 1171/847/5 1165/841/1 1169/845/3
f 1172/848/136 1170/846/136 1166/842/2
f 1169/845/3 1173/849/140 1171/847/5
f 1172/848/136 1174/850/137 1170/846/136
f 1173/849/140 1169/845/3 1175/851/6
f 1176/852/137 1174/850/137 1172/848/136
f 1173/849/140 1175/851/6 1177/853/8
f 1176/852/137 1178/854/9 1174/850/137
f 1177/853/8 1175/851/6 1179/855/8
f 1178/854/9 1176/852/137 1180/856/139
f 1181/857/23 1182/858/141 1183/859/141
f 1184/860/25 1183/859/141 1182/858/141
f 1182/858/141 1181/857/23 1185/861/23
f 1183/859/141 1184/860/25 1186/862/25
f 1187/863/23 1188/864/141 1189/865/141
f 1190/866/25 1189/865/141 1188/864/141
f 1188/864/141 1187/863/23 1191/867/23
f 1189/865/141 1190/866/25 1192/868/25
f 1194/869/9 1195/870/20 1193/871/9
f 1196/872/22 1195/870/20 1194/869/9
f 1196/872/22 1197/873/21 1195/870/20
f 1197/873/21 1196/872/22 1198/874/21
f 1200/875/9 1201/876/20 1199/877/9
f 1202/878/22 1201/876/20 1200/875/9
f 1202/878/22 1203/879/21 1201/876/20
f 1204/880/21 1203/879/21 1202/878/22
f 1205/881/27 1206/882/27 1207/883/27
f 1207/883/27 1206/882/27 1208/884/27
f 1206/882/27 1205/881/27 1209/885/27
f 1208/884/27 1210/886/27 1207/883/27
f 1210/886/27 1208/884/27 1211/887/27
f 1210/886/27 1211/887/27 1212/888/27
f 1212/888/27 1213/889/27 1210/886/27
f 1213/889/27 1212/888/27 1214/890/27
f 1215/891/27 1209/885/27 1205/881/27
f 1209/885/27 1215/891/27 1216/892/27
f 1216/892/27 1215/891/27 1217/893/27
f 1217/893/27 1215/891/27 1218/894/27
f 1218/894/27 1215/891/27 1219/895/27
f 1218/894/27 1219/895/27 1220/896/27
f 1221/897/27 1222/898/27 1223/899/27
f 1224/900/27 1223/899/27 1222/898/27
f 1221/897/27 1225/901/27 1222/898/27
f 1226/902/27 1223/899/27 1224/900/27
f 1227/903/27 1225/901/27 1221/897/27
f 1223/899/27 1226/902/27 1228/904/27
f 1229/905/27 1225/901/27 1227/903/27
f 1225/901/27 1229/905/27 1230/906/27
f 1230/906/27 1229/905/27 1231/907/27
f 1232/908/27 1228/904/27 1226/902/27
f 1232/908/27 1233/909/27 1228/904/27
f 1233/909/27 1232/908/27 1234/910/27
f 1234/910/27 1232/908/27 1235/911/27
f 1235/911/27 1232/908/27 1236/912/27
f 1237/881/27 1238/882/27 1239/883/27
f 1239/883/27 1238/882/27 1240/884/27
f 1238/882/27 1237/881/27 1241/885/27
f 1240/884/27 1242/886/27 1239/883/27
f 1242/886/27 1240/884/27 1243/887/27
f 1242/886/27 1243/887/27 1244/888/27
f 1244/888/27 1245/889/27 1242/886/27
f 1245/889/27 1244/888/27 1246/890/27
f 1247/891/27 1241/885/27 1237/881/27
f 1241/885/27 1247/891/27 1248/892/27
f 1248/892/27 1247/891/27 1249/893/27
f 1249/893/27 1247/891/27 1250/894/27
f 1250/894/27 1247/891/27 1251/895/27
f 1250/894/27 1251/895/27 1252/896/27
f 1253/897/27 1254/898/27 1255/899/27
f 1256/900/27 1255/899/27 1254/898/27
f 1253/897/27 1257/901/27 1254/898/27
f 1258/902/27 1255/899/27 1256/900/27
f 1259/903/27 1257/901/27 1253/897/27
f 1255/899/27 1258/902/27 1260/904/27
f 1261/905/27 1257/901/27 1259/903/27
f 1257/901/27 1261/905/27 1262/906/27
f 1262/906/27 1261/905/27 1263/907/27
f 1264/908/27 1260/904/27 1258/902/27
f 1264/908/27 1265/909/27 1260/904/27
f 1265/909/27 1264/908/27 1266/910/27
f 1266/910/27 1264/908/27 1267/911/27
f 1267/911/27 1264/908/27 1268/912/27
f 1271/811/37 1270/812/38 1269/813/38
f 1270/812/38 1271/811/37 1272/814/46
f 1273/913/39 1272/814/46 1271/811/37
f 1272/814/46 1273/913/39 1274/914/39
f 1273/913/39 1275/915/142 1274/914/39
f 1273/913/39 1276/916/40 1275/915/142
f 1276/916/40 1277/917/41 1275/915/142
f 1278/918/41 1275/915/142 1277/917/41
f 1277/917/41 1279/919/107 1278/918/41
f 1280/920/43 1278/918/41 1279/919/107
f 1280/920/43 1279/919/107 1281/921/44
f 1281/921/44 1282/922/44 1280/920/43
f 1285/797/46 1284/798/38 1283/799/38
f 1284/798/38 1285/797/46 1286/800/46
f 1287/923/39 1286/800/46 1285/797/46
f 1286/800/46 1287/923/39 1288/924/39
f 1287/923/39 1289/925/142 1288/924/39
f 1287/923/39 1290/926/40 1289/925/142
f 1290/926/40 1291/927/41 1289/925/142
f 1292/928/41 1289/925/142 1291/927/41
f 1291/927/41 1293/929/43 1292/928/41
f 1294/930/43 1292/928/41 1293/929/43
f 1294/930/43 1293/929/43 1295/931/44
f 1295/931/44 1296/932/44 1294/930/43
f 1299/933/28 1301/934/30 1297/935/29
f 1300/936/31 1302/937/32 1298/938/31
f 1301/934/30 1299/933/28 1303/939/30
f 1304/940/143 1302/937/32 1300/936/31
f 1301/934/30 1303/939/30 1305/941/144
f 1304/940/143 1306/942/34 1302/937/32
f 1305/941/144 1303/939/30 1307/943/144
f 1308/944/34 1306/942/34 1304/940/143
f 1307/943/144 1308/944/34 1305/941/144
f 1308/944/34 1307/943/144 1306/942/34
f 1311/945/28 1313/946/30 1309/947/29
f 1312/948/145 1314/949/32 1310/950/31
f 1313/946/30 1311/945/28 1315/951/30
f 1316/952/32 1314/949/32 1312/948/145
f 1313/946/30 1315/951/30 1317/953/33
f 1316/952/32 1318/954/34 1314/949/32
f 1317/953/33 1315/951/30 1319/955/33
f 1320/956/34 1318/954/34 1316/952/32
f 1319/955/33 1320/956/34 1317/953/33
f 1320/956/34 1319/955/33 1318/954/34
f 1323/957/52 1321/958/52 1325/959/146
f 1324/960/18 1322/961/18 1326/962/146
f 1325/959/146 1326/962/146 1323/957/52
f 1326/962/146 1325/959/146 1324/960/18
f 1329/963/52 1327/964/52 1331/965/146
f 1330/966/18 1328/967/18 1332/968/146
f 1331/965/146 1332/968/146 1329/963/52
f 1332/968/146 1331/965/146 1330/966/18
f 1333/969/47 1334/970/47 1335/971/48
f 1335/971/48 1334/970/47 1336/972/48
f 1335/971/48 1336/972/48 1337/973/29
f 1337/973/29 1336/972/48 1338/974/29
f 1339/975/47 1340/976/47 1341/977/48
f 1341/977/48 1340/976/47 1342/978/49
f 1342/978/49 1343/979/147 1341/977/48
f 1343/979/147 1342/978/49 1344/980/29
f 1345/981/54 1346/982/54 1347/983/54
f 1347/983/54 1346/982/54 1348/984/54
f 1348/984/54 1346/982/54 1349/985/54
f 1348/984/54 1349/985/54 1350/986/65
f 1346/982/54 1345/981/54 1351/987/54
f 1352/988/54 1351/987/54 1345/981/54
f 1351/987/54 1352/988/54 1353/989/54
f 1354/990/54 1353/989/54 1352/988/54
f 1354/990/54 1355/991/54 1353/989/54
f 1355/991/54 1354/990/54 1356/992/54
f 1355/991/54 1356/992/54 1357/993/54
f 1355/991/54 1357/993/54 1358/994/54
f 1358/994/54 1359/995/54 1355/991/54
f 1359/995/54 1358/994/54 1360/996/54
f 1361/997/54 1362/998/54 1363/999/54
f 1362/998/54 1361/997/54 1364/1000/54
f 1362/998/54 1364/1000/54 1365/1001/54
f 1362/998/54 1366/1002/54 1363/999/54
f 1367/1003/54 1366/1002/54 1362/998/54
f 1366/1002/54 1367/1003/54 1368/1004/54
f 1369/1005/54 1368/1004/54 1367/1003/54
f 1370/1006/54 1368/1004/54 1369/1005/54
f 1368/1004/54 1370/1006/54 1371/1007/54
f 1372/1008/54 1371/1007/54 1370/1006/54
f 1372/1008/54 1373/1009/54 1371/1007/54
f 1372/1008/54 1374/1010/54 1373/1009/54
f 1374/1010/54 1372/1008/54 1375/1011/54
f 1374/1010/54 1375/1011/54 1376/1012/54
f 1377/981/54 1378/982/54 1379/983/54
f 1379/983/54 1378/982/54 1380/984/54
f 1380/984/54 1378/982/54 1381/985/54
f 1380/984/54 1381/985/54 1382/986/64
f 1378/982/54 1377/981/54 1383/987/54
f 1384/988/54 1383/987/54 1377/981/54
f 1383/987/54 1384/988/54 1385/989/54
f 1386/990/54 1385/989/54 1384/988/54
f 1386/990/54 1387/991/54 1385/989/54
f 1387/991/54 1386/990/54 1388/992/54
f 1387/991/54 1388/992/54 1389/993/54
f 1387/991/54 1389/993/54 1390/994/54
f 1390/994/54 1391/995/54 1387/991/54
f 1391/995/54 1390/994/54 1392/996/54
f 1393/997/54 1394/998/54 1395/999/54
f 1394/998/54 1393/997/54 1396/1000/54
f 1394/998/54 1396/1000/54 1397/1001/54
f 1394/998/54 1398/1002/54 1395/999/54
f 1399/1003/54 1398/1002/54 1394/998/54
f 1398/1002/54 1399/1003/54 1400/1004/54
f 1401/1005/54 1400/1004/54 1399/1003/54
f 1402/1006/54 1400/1004/54 1401/1005/54
f 1400/1004/54 1402/1006/54 1403/1007/54
f 1404/1008/54 1403/1007/54 1402/1006/54
f 1404/1008/54 1405/1009/54 1403/1007/54
f 1404/1008/54 1406/1010/54 1405/1009/54
f 1406/1010/54 1404/1008/54 1407/1011/54
f 1406/1010/54 1407/1011/54 1408/1012/54
usemtl Meshpart2Mtl.001
f 291/217/2 290/218/55 289/219/55
f 290/218/55 291/217/2 292/220/2
f 293/221/56 292/220/2 291/217/2
f 292/220/2 293/221/56 294/222/56
f 297/223/2 296/224/55 295/225/57
f 296/224/55 297/223/2 298/226/2
f 299/227/56 298/226/2 297/223/2
f 298/226/2 299/227/56 300/228/56
f 301/229/58 302/230/24 303/231/24
f 304/232/55 303/231/24 302/230/24
f 302/230/24 301/229/58 305/233/58
f 303/231/24 304/232/55 306/234/55
f 307/235/58 308/236/24 309/237/24
f 310/238/55 309/237/24 308/236/24
f 308/236/24 307/235/58 311/239/58
f 309/237/24 310/238/55 312/240/55
f 313/241/27 314/242/27 315/243/59
f 314/242/27 313/241/27 316/244/27
f 316/244/27 313/241/27 317/245/27
f 316/244/27 318/246/27 314/242/27
f 314/242/27 318/246/27 319/247/27
f 318/246/27 316/244/27 320/248/60
f 321/249/27 322/250/27 323/251/27
f 321/249/27 323/251/27 324/252/27
f 325/253/27 322/250/27 321/249/27
f 322/250/27 325/253/27 326/254/27
f 327/255/27 326/254/27 325/253/27
f 326/254/27 327/255/27 328/256/27
f 331/217/61 330/218/58 329/219/58
f 330/218/58 331/217/61 332/220/61
f 333/221/62 332/220/61 331/217/61
f 332/220/61 333/221/62 334/222/62
f 337/223/61 336/224/58 335/225/58
f 336/224/58 337/223/61 338/226/61
f 339/227/62 338/226/61 337/223/61
f 338/226/61 339/227/62 340/228/62
f 345/237/63 343/238/62 341/240/62
f 346/236/63 344/235/56 342/239/56
f 343/238/62 345/237/63 346/236/63
f 344/235/56 346/236/63 345/237/63
f 351/231/63 349/232/62 347/234/62
f 352/230/63 350/229/56 348/233/56
f 349/232/62 351/231/63 352/230/63
f 350/229/56 352/230/63 351/231/63
f 353/257/54 354/258/54 355/259/54
f 355/259/54 354/258/54 356/260/54
f 353/257/54 355/259/54 357/261/64
f 353/257/54 358/262/54 354/258/54
f 354/258/54 358/262/54 359/263/65
f 358/262/54 353/257/54 360/264/54
f 361/265/54 362/266/54 363/267/54
f 363/267/54 362/266/54 364/268/54
f 361/265/54 365/269/54 362/266/54
f 365/269/54 361/265/54 366/270/54
f 366/270/54 361/265/54 367/271/54
f 366/270/54 367/271/54 368/272/54
f 1043/739/127 1042/740/55 1041/741/57
f 1042/740/55 1043/739/127 1044/742/128
f 1045/743/56 1044/742/128 1043/739/127
f 1044/742/128 1045/743/56 1046/744/56
f 1049/745/2 1048/746/55 1047/747/55
f 1048/746/55 1049/745/2 1050/748/2
f 1051/749/56 1050/748/2 1049/745/2
f 1050/748/2 1051/749/56 1052/750/56
f 1053/751/58 1054/752/24 1055/753/24
f 1056/754/55 1055/753/24 1054/752/24
f 1054/752/24 1053/751/58 1057/755/58
f 1055/753/24 1056/754/55 1058/756/55
f 1059/757/58 1060/758/88 1061/759/88
f 1062/760/55 1061/759/88 1060/758/88
f 1060/758/88 1059/757/58 1063/761/58
f 1061/759/88 1062/760/55 1064/762/55
f 1065/763/27 1066/764/27 1067/765/27
f 1065/763/27 1067/765/27 1068/766/27
f 1066/764/27 1065/763/27 1069/767/27
f 1069/767/27 1065/763/27 1070/768/27
f 1066/764/27 1069/767/27 1071/769/27
f 1071/769/27 1069/767/27 1072/770/27
f 1073/771/27 1074/772/27 1075/773/27
f 1074/772/27 1073/771/27 1076/774/27
f 1077/775/27 1073/771/27 1075/773/27
f 1077/775/27 1075/773/27 1078/776/60
f 1073/771/27 1077/775/27 1079/777/27
f 1073/771/27 1079/777/27 1080/778/59
f 1083/739/129 1082/740/58 1081/741/58
f 1082/740/58 1083/739/129 1084/742/130
f 1085/743/62 1084/742/130 1083/739/129
f 1084/742/130 1085/743/62 1086/744/62
f 1089/745/61 1088/746/58 1087/747/58
f 1088/746/58 1089/745/61 1090/748/61
f 1091/749/62 1090/748/61 1089/745/61
f 1090/748/61 1091/749/62 1092/750/62
f 1097/759/63 1095/779/62 1093/780/62
f 1098/758/63 1096/757/56 1094/761/56
f 1095/779/62 1097/759/63 1098/758/63
f 1096/757/56 1098/758/63 1097/759/63
f 1103/753/131 1101/754/62 1099/756/132
f 1104/752/131 1102/751/56 1100/755/133
f 1101/754/62 1103/753/131 1104/752/131
f 1102/751/56 1104/752/131 1103/753/131
f 1105/781/54 1106/782/54 1107/783/54
f 1105/781/54 1107/783/54 1108/784/54
f 1109/785/54 1106/782/54 1105/781/54
f 1109/785/54 1105/781/54 1110/786/54
f 1106/782/54 1109/785/54 1111/787/54
f 1111/787/54 1109/785/54 1112/788/54
f 1113/789/54 1114/790/54 1115/791/54
f 1115/791/54 1114/790/54 1116/792/65
f 1114/790/54 1113/789/54 1117/793/54
f 1117/793/54 1113/789/54 1118/794/64
f 1114/790/54 1117/793/54 1119/795/54
f 1114/790/54 1119/795/54 1120/796/54
usemtl Meshpart3Mtl.001
f 370/273/56 369/274/56 371/275/2
f 371/275/2 369/274/56 372/276/2
f 371/275/2 372/276/2 373/277/66
f 371/275/2 373/277/66 374/278/66
f 375/279/55 374/278/66 373/277/66
f 374/278/66 375/279/55 376/280/55
f 378/281/55 379/282/2 377/283/55
f 380/284/2 379/282/2 378/281/55
f 380/284/2 381/285/67 379/282/2
f 382/286/67 381/285/67 380/284/2
f 384/287/56 383/288/56 385/289/2
f 385/289/2 383/288/56 386/290/2
f 385/289/2 386/290/2 387/291/55
f 387/291/55 386/290/2 388/292/55
f 389/293/56 391/294/67 390/295/56
f 391/294/67 389/293/56 392/296/67
f 392/296/67 393/297/2 391/294/67
f 393/297/2 392/296/67 394/298/68
f 393/297/2 394/298/68 395/299/55
f 395/299/55 394/298/68 396/300/55
f 397/301/55 399/302/2 398/303/55
f 399/302/2 397/301/55 400/304/2
f 401/305/69 399/302/2 400/304/2
f 399/302/2 401/305/69 402/306/70
f 402/306/70 401/305/69 403/307/71
f 404/308/71 402/306/70 403/307/71
f 403/307/71 405/309/72 404/308/71
f 406/310/72 404/308/71 405/309/72
f 405/309/72 407/311/73 406/310/72
f 407/311/73 405/309/72 408/312/73
f 408/312/73 409/313/74 407/311/73
f 409/313/74 408/312/73 410/314/74
f 410/314/74 411/315/75 409/313/74
f 412/316/75 409/313/74 411/315/75
f 411/315/75 413/317/76 412/316/75
f 414/318/76 412/316/75 413/317/76
f 413/317/76 415/319/77 414/318/76
f 416/320/77 414/318/76 415/319/77
f 415/319/77 417/321/78 416/320/77
f 418/322/78 416/320/77 417/321/78
f 417/321/78 419/323/69 418/322/78
f 420/324/69 418/322/78 419/323/69
f 419/323/69 421/325/79 420/324/69
f 422/326/79 420/324/69 421/325/79
f 421/325/79 423/327/80 422/326/79
f 424/328/80 422/326/79 423/327/80
f 424/328/80 423/327/80 426/329/81
f 428/330/81 424/328/80 426/329/81
f 427/331/82 425/332/82 428/330/81
f 428/330/81 426/329/81 427/331/82
f 431/333/2 430/334/56 429/335/56
f 430/334/56 431/333/2 432/336/2
f 432/336/2 431/333/2 433/337/55
f 433/337/55 431/333/2 434/338/55
f 437/339/2 436/340/55 435/341/57
f 436/340/55 437/339/2 438/342/2
f 439/343/70 438/342/2 437/339/2
f 438/342/2 439/343/70 440/344/69
f 440/344/69 439/343/70 441/345/83
f 442/346/71 440/344/69 441/345/83
f 441/345/83 443/347/72 442/346/71
f 444/348/72 442/346/71 443/347/72
f 444/348/72 443/347/72 445/349/73
f 446/350/73 444/348/72 445/349/73
f 446/350/73 445/349/73 447/351/84
f 448/352/74 446/350/73 447/351/84
f 447/351/84 449/353/75 448/352/74
f 450/354/75 448/352/74 449/353/75
f 449/353/75 451/355/76 450/354/75
f 452/356/76 450/354/75 451/355/76
f 451/355/76 453/357/77 452/356/76
f 454/358/85 452/356/76 453/357/77
f 453/357/77 455/359/86 454/358/85
f 456/360/78 454/358/85 455/359/86
f 455/359/86 457/361/69 456/360/78
f 458/362/69 456/360/78 457/361/69
f 457/361/69 459/363/79 458/362/69
f 460/364/79 458/362/69 459/363/79
f 459/363/79 461/365/80 460/364/79
f 462/366/80 460/364/79 461/365/80
f 462/366/80 461/365/80 464/367/81
f 466/368/81 462/366/80 464/367/81
f 465/369/82 463/370/87 466/368/81
f 466/368/81 464/367/81 465/369/82
f 468/371/56 467/372/56 469/373/67
f 468/371/56 469/373/67 470/374/67
f 471/375/2 470/374/67 469/373/67
f 470/374/67 471/375/2 472/376/68
f 473/377/55 472/376/68 471/375/2
f 472/376/68 473/377/55 474/378/55
f 476/379/55 477/380/2 475/381/55
f 478/382/2 477/380/2 476/379/55
f 478/382/2 479/383/67 477/380/2
f 480/384/67 479/383/67 478/382/2
f 482/385/56 481/386/56 483/387/2
f 483/387/2 481/386/56 484/388/2
f 483/387/2 484/388/2 485/389/66
f 483/387/2 485/389/66 486/390/66
f 487/391/55 486/390/66 485/389/66
f 486/390/66 487/391/55 488/392/55
f 490/393/55 489/394/55 492/395/88
f 492/395/88 489/394/55 494/396/24
f 495/397/89 493/398/58 491/399/58
f 492/395/88 494/396/24 496/400/89
f 493/398/58 495/397/89 496/400/89
f 492/395/88 496/400/89 495/397/89
f 497/401/58 499/402/24 498/403/58
f 500/404/24 499/402/24 497/401/58
f 500/404/24 501/405/55 499/402/24
f 502/406/55 501/405/55 500/404/24
f 503/407/55 504/408/55 505/409/24
f 505/409/24 504/408/55 506/410/24
f 505/409/24 506/410/24 507/411/58
f 507/411/58 506/410/24 508/412/58
f 510/413/90 512/414/91 509/415/55
f 512/414/91 510/413/90 514/416/91
f 511/417/58 515/418/24 513/419/58
f 514/416/91 516/420/92 512/414/91
f 516/420/92 515/418/24 511/417/58
f 516/420/92 514/416/91 515/418/24
f 519/421/24 518/422/58 517/423/58
f 518/422/58 519/421/24 520/424/24
f 521/425/55 520/424/24 519/421/24
f 520/424/24 521/425/55 522/426/55
f 524/427/93 523/428/94 525/429/95
f 525/429/95 526/430/95 524/427/93
f 526/430/95 525/429/95 527/431/23
f 527/431/23 528/432/96 526/430/95
f 529/433/55 530/434/55 531/435/24
f 531/435/24 530/434/55 532/436/24
f 531/435/24 532/436/24 533/437/58
f 533/437/58 532/436/24 534/438/58
f 537/439/24 535/440/58 536/441/58
f 535/440/58 537/439/24 538/442/24
f 539/443/55 538/442/24 537/439/24
f 538/442/24 539/443/55 540/444/55
f 542/445/93 541/446/94 543/447/95
f 543/447/95 544/448/95 542/445/93
f 544/448/95 543/447/95 545/449/23
f 545/449/23 546/450/23 544/448/95
f 547/451/90 550/452/91 548/453/55
f 550/452/91 547/451/90 552/454/91
f 551/455/58 553/456/97 549/457/58
f 552/454/91 554/458/92 550/452/91
f 554/458/92 553/456/97 551/455/58
f 554/458/92 552/454/91 553/456/97
f 555/459/58 557/460/24 556/461/58
f 558/462/24 557/460/24 555/459/58
f 558/462/24 559/463/55 557/460/24
f 560/464/55 559/463/55 558/462/24
f 562/465/55 561/466/55 564/467/88
f 564/467/88 561/466/55 566/468/24
f 567/469/89 565/470/58 563/471/58
f 564/467/88 566/468/24 568/472/89
f 565/470/58 567/469/89 568/472/89
f 564/467/88 568/472/89 567/469/89
f 569/473/27 570/474/27 571/475/27
f 571/475/27 570/474/27 572/476/27
f 573/477/27 571/475/27 572/476/27
f 572/476/27 574/478/27 573/477/27
f 575/479/27 573/477/27 574/478/27
f 576/480/27 569/473/27 571/475/27
f 573/477/27 575/479/27 577/481/27
f 569/473/27 576/480/27 578/482/27
f 579/483/27 578/482/27 576/480/27
f 580/484/27 570/474/27 569/473/27
f 581/485/27 577/481/27 575/479/27
f 570/474/27 580/484/27 582/486/27
f 578/482/27 579/483/27 583/487/27
f 584/488/27 582/486/27 580/484/27
f 580/484/27 585/489/27 584/488/27
f 586/490/27 583/487/27 579/483/27
f 587/491/27 583/487/27 586/490/27
f 588/492/27 583/487/27 587/491/27
f 583/487/27 588/492/27 589/493/27
f 583/487/27 589/493/27 590/494/27
f 580/484/27 591/495/27 585/489/27
f 591/495/27 592/496/27 585/489/27
f 591/495/27 580/484/27 593/497/27
f 592/496/27 591/495/27 594/498/27
f 595/499/27 592/496/27 594/498/27
f 592/496/27 595/499/27 596/500/27
f 595/499/27 581/485/27 596/500/27
f 597/501/27 581/485/27 595/499/27
f 581/485/27 597/501/27 577/481/27
f 577/481/27 597/501/27 598/502/27
f 593/497/27 580/484/27 599/503/27
f 599/503/27 600/504/27 593/497/27
f 599/503/27 601/505/27 600/504/27
f 602/506/27 577/481/27 598/502/27
f 601/505/27 599/503/27 602/506/27
f 602/506/27 598/502/27 603/507/27
f 602/506/27 603/507/27 601/505/27
f 604/508/27 602/506/27 599/503/27
f 602/506/27 604/508/27 605/509/27
f 606/510/27 605/509/27 604/508/27
f 605/509/27 606/510/27 607/511/27
f 608/512/27 607/511/27 606/510/27
f 607/511/27 608/512/27 609/513/27
f 608/512/27 610/514/27 609/513/27
f 610/514/27 608/512/27 611/515/27
f 610/514/27 611/515/27 612/516/27
f 610/514/27 612/516/27 613/517/27
f 611/515/27 608/512/27 614/518/27
f 615/519/27 610/514/27 613/517/27
f 611/515/27 614/518/27 616/520/27
f 614/518/27 617/521/27 616/520/27
f 615/519/27 613/517/27 618/522/27
f 614/518/27 619/523/27 617/521/27
f 618/522/27 620/524/27 615/519/27
f 620/524/27 618/522/27 621/525/27
f 615/519/27 620/524/27 622/526/27
f 620/524/27 621/525/27 623/527/27
f 624/528/27 623/527/27 621/525/27
f 623/527/27 624/528/27 625/529/27
f 625/529/27 624/528/27 626/530/27
f 625/529/27 626/530/27 627/531/27
f 619/523/27 627/531/27 626/530/27
f 627/531/27 619/523/27 628/532/27
f 619/523/27 614/518/27 628/532/27
f 629/533/27 628/532/27 614/518/27
f 628/532/27 629/533/27 630/534/27
f 629/533/27 631/535/27 630/534/27
f 632/536/27 631/535/27 629/533/27
f 631/535/27 632/536/27 633/537/27
f 631/535/27 633/537/27 634/538/27
f 633/537/27 622/526/27 634/538/27
f 622/526/27 633/537/27 615/519/27
f 632/536/27 635/539/27 633/537/27
f 632/536/27 636/540/27 635/539/27
f 636/540/27 632/536/27 637/541/27
f 635/539/27 636/540/27 638/542/27
f 635/539/27 638/542/27 639/543/27
f 636/540/27 637/541/27 640/544/27
f 640/544/27 637/541/27 641/545/27
f 642/473/27 643/474/27 644/475/27
f 644/475/27 643/474/27 645/476/27
f 646/477/27 644/475/27 645/476/27
f 645/476/27 647/478/27 646/477/27
f 648/479/27 646/477/27 647/478/27
f 649/480/27 642/473/27 644/475/27
f 646/477/27 648/479/27 650/481/27
f 642/473/27 649/480/27 651/482/27
f 652/483/27 651/482/27 649/480/27
f 653/484/27 643/474/27 642/473/27
f 654/485/27 650/481/27 648/479/27
f 643/474/27 653/484/27 655/486/27
f 651/482/27 652/483/27 656/487/27
f 657/488/27 655/486/27 653/484/27
f 653/484/27 658/489/27 657/488/27
f 659/490/27 656/487/27 652/483/27
f 660/491/27 656/487/27 659/490/27
f 661/492/27 656/487/27 660/491/27
f 656/487/27 661/492/27 662/493/27
f 656/487/27 662/493/27 663/494/27
f 653/484/27 664/495/27 658/489/27
f 664/495/27 665/496/27 658/489/27
f 664/495/27 653/484/27 666/497/27
f 665/496/27 664/495/27 667/498/27
f 668/499/27 665/496/27 667/498/27
f 665/496/27 668/499/27 669/500/27
f 668/499/27 654/485/27 669/500/27
f 670/501/27 654/485/27 668/499/27
f 654/485/27 670/501/27 650/481/27
f 650/481/27 670/501/27 671/502/27
f 666/497/27 653/484/27 672/503/27
f 672/503/27 673/504/27 666/497/27
f 672/503/27 674/505/27 673/504/27
f 675/506/27 650/481/27 671/502/27
f 674/505/27 672/503/27 675/506/27
f 675/506/27 671/502/27 676/507/27
f 675/506/27 676/507/27 674/505/27
f 677/508/27 675/506/27 672/503/27
f 675/506/27 677/508/27 678/509/27
f 679/510/27 678/509/27 677/508/27
f 678/509/27 679/510/27 680/511/27
f 681/512/27 680/511/27 679/510/27
f 680/511/27 681/512/27 682/513/27
f 681/512/27 683/514/27 682/513/27
f 683/514/27 681/512/27 684/515/27
f 683/514/27 684/515/27 685/516/27
f 683/514/27 685/516/27 686/517/27
f 684/515/27 681/512/27 687/518/27
f 688/519/27 683/514/27 686/517/27
f 684/515/27 687/518/27 689/520/27
f 687/518/27 690/521/27 689/520/27
f 688/519/27 686/517/27 691/522/27
f 687/518/27 692/523/27 690/521/27
f 691/522/27 693/524/27 688/519/27
f 693/524/27 691/522/27 694/525/27
f 688/519/27 693/524/27 695/526/27
f 693/524/27 694/525/27 696/527/27
f 697/528/27 696/527/27 694/525/27
f 696/527/27 697/528/27 698/529/27
f 698/529/27 697/528/27 699/530/27
f 698/529/27 699/530/27 700/531/27
f 692/523/27 700/531/27 699/530/27
f 700/531/27 692/523/27 701/532/27
f 692/523/27 687/518/27 701/532/27
f 702/533/27 701/532/27 687/518/27
f 701/532/27 702/533/27 703/534/27
f 702/533/27 704/535/27 703/534/27
f 705/536/27 704/535/27 702/533/27
f 704/535/27 705/536/27 706/537/27
f 704/535/27 706/537/27 707/538/27
f 706/537/27 695/526/27 707/538/27
f 695/526/27 706/537/27 688/519/27
f 705/536/27 708/539/27 706/537/27
f 705/536/27 709/540/27 708/539/27
f 709/540/27 705/536/27 710/541/27
f 708/539/27 709/540/27 711/542/27
f 708/539/27 711/542/27 712/543/27
f 709/540/27 710/541/27 713/544/27
f 713/544/27 710/541/27 714/545/27
f 716/385/62 715/386/62 717/388/61
f 717/388/61 718/387/61 716/385/62
f 718/387/61 717/388/61 719/391/58
f 719/391/58 720/392/58 718/387/61
f 722/384/62 721/383/62 723/380/61
f 723/380/61 724/382/61 722/384/62
f 724/382/61 723/380/61 725/381/58
f 725/381/58 726/379/58 724/382/61
f 727/334/62 728/335/62 729/333/61
f 729/333/61 731/336/61 727/334/62
f 731/336/61 729/333/61 730/338/58
f 730/338/58 732/337/58 731/336/61
f 734/371/62 733/372/62 735/375/61
f 735/375/61 736/376/61 734/371/62
f 736/376/61 735/375/61 737/377/58
f 737/377/58 738/378/58 736/376/61
f 739/343/98 740/342/99 741/339/99
f 742/340/58 741/339/99 740/342/99
f 740/342/99 739/343/98 743/344/100
f 741/339/99 742/340/58 744/341/101
f 745/546/102 743/344/100 739/343/98
f 743/344/100 745/546/102 746/547/102
f 745/546/102 747/548/103 746/547/102
f 748/549/103 746/547/102 747/548/103
f 747/548/103 749/550/104 748/549/103
f 750/551/104 748/549/103 749/550/104
f 749/550/104 751/552/105 750/551/104
f 752/553/105 750/551/104 751/552/105
f 751/552/105 753/554/106 752/553/105
f 754/555/107 752/553/105 753/554/106
f 753/554/106 755/556/108 754/555/107
f 756/557/109 754/555/107 755/556/108
f 755/556/108 757/558/110 756/557/109
f 758/559/110 756/557/109 757/558/110
f 757/558/110 759/560/111 758/559/110
f 760/561/111 758/559/110 759/560/111
f 759/560/111 761/562/112 760/561/111
f 762/563/112 760/561/111 761/562/112
f 761/562/112 763/564/94 762/563/112
f 763/564/94 764/565/94 762/563/112
f 766/566/38 765/567/38 767/568/34
f 767/568/34 768/569/34 766/566/38
f 768/569/34 767/568/34 769/570/113
f 769/570/113 770/571/113 768/569/34
f 772/288/62 773/289/61 771/287/62
f 773/289/61 772/288/62 774/290/61
f 773/289/61 774/290/61 775/292/58
f 775/292/58 776/291/58 773/289/61
f 777/305/114 778/302/115 779/304/115
f 778/302/115 780/301/58 779/304/115
f 778/302/115 777/305/114 781/306/114
f 780/301/58 778/302/115 782/303/58
f 783/572/116 781/306/114 777/305/114
f 781/306/114 783/572/116 784/573/102
f 783/572/116 785/574/103 784/573/102
f 786/575/103 784/573/102 785/574/103
f 785/574/103 787/576/117 786/575/103
f 788/577/104 786/575/103 787/576/117
f 787/576/117 789/578/105 788/577/104
f 790/579/118 788/577/104 789/578/105
f 789/578/105 791/580/106 790/579/118
f 792/581/106 790/579/118 791/580/106
f 791/580/106 793/582/108 792/581/106
f 794/583/108 792/581/106 793/582/108
f 793/582/108 795/584/110 794/583/108
f 796/585/110 794/583/108 795/584/110
f 795/584/110 797/586/111 796/585/110
f 798/587/111 796/585/110 797/586/111
f 797/586/111 799/588/112 798/587/111
f 800/589/112 798/587/111 799/588/112
f 799/588/112 801/590/94 800/589/112
f 801/590/94 802/591/94 800/589/112
f 804/592/38 803/593/38 805/594/34
f 805/594/34 806/595/34 804/592/38
f 806/595/34 805/594/34 807/596/113
f 807/596/113 808/597/113 806/595/34
f 809/293/62 811/297/61 810/295/62
f 811/297/61 809/293/62 812/298/61
f 812/298/61 813/299/58 811/297/61
f 813/299/58 812/298/61 814/300/58
f 816/286/62 815/285/62 817/282/61
f 817/282/61 818/284/61 816/286/62
f 818/284/61 817/282/61 819/283/58
f 819/283/58 820/281/58 818/284/61
f 822/273/62 821/274/62 823/276/61
f 823/276/61 824/275/61 822/273/62
f 824/275/61 823/276/61 825/279/58
f 825/279/58 826/280/58 824/275/61
f 827/598/56 828/599/56 829/600/63
f 829/600/63 830/601/63 827/598/56
f 830/601/63 829/600/63 831/602/62
f 831/602/62 832/603/62 830/601/63
f 833/604/119 834/605/120 835/606/120
f 835/606/120 834/605/120 836/607/120
f 836/607/120 837/608/120 835/606/120
f 834/605/120 833/604/119 838/609/121
f 838/609/121 833/604/119 839/610/62
f 839/610/62 840/611/62 838/609/121
f 841/612/56 842/613/56 843/614/121
f 843/614/121 844/615/121 841/612/56
f 844/615/121 843/614/121 845/616/122
f 845/616/122 846/617/122 844/615/121
f 845/616/122 847/618/62 846/617/122
f 848/619/62 847/618/62 845/616/122
f 849/620/56 850/621/56 851/622/63
f 851/622/63 852/623/63 849/620/56
f 852/623/63 851/622/63 853/624/62
f 853/624/62 854/625/62 852/623/63
f 855/626/123 857/627/124 856/628/125
f 857/627/124 858/629/126 856/628/125
f 858/629/126 857/627/124 859/630/82
f 859/630/82 860/631/82 858/629/126
f 861/632/56 862/633/56 863/634/121
f 863/634/121 864/635/121 861/632/56
f 864/635/121 863/634/121 865/636/122
f 865/636/122 866/637/122 864/635/121
f 865/636/122 867/638/62 866/637/122
f 868/639/62 867/638/62 865/636/122
f 869/640/125 871/641/126 870/642/125
f 871/641/126 872/643/126 870/642/125
f 872/643/126 871/641/126 873/644/82
f 873/644/82 874/645/82 872/643/126
f 875/646/56 876/647/56 877/648/63
f 877/648/63 878/649/63 875/646/56
f 878/649/63 877/648/63 879/650/62
f 879/650/62 880/651/62 878/649/63
f 881/652/119 882/653/120 883/654/120
f 883/654/120 882/653/120 884/655/120
f 884/655/120 885/656/120 883/654/120
f 882/653/120 881/652/119 886/657/121
f 886/657/121 881/652/119 887/658/62
f 887/658/62 888/659/62 886/657/121
f 889/660/56 890/661/56 891/662/63
f 891/662/63 892/663/63 889/660/56
f 892/663/63 891/662/63 893/664/62
f 893/664/62 894/665/62 892/663/63
f 895/666/54 896/667/54 897/668/54
f 897/668/54 898/669/54 895/666/54
f 899/670/54 895/666/54 898/669/54
f 896/667/54 895/666/54 900/671/54
f 901/672/54 899/670/54 898/669/54
f 900/671/54 902/673/54 896/667/54
f 903/674/54 899/670/54 901/672/54
f 899/670/54 903/674/54 904/675/54
f 904/675/54 903/674/54 905/676/54
f 905/676/54 906/677/54 904/675/54
f 903/674/54 901/672/54 907/678/54
f 906/677/54 905/676/54 908/679/54
f 907/678/54 901/672/54 909/680/54
f 908/679/54 910/681/54 906/677/54
f 910/681/54 908/679/54 911/682/54
f 911/682/54 908/679/54 912/683/54
f 912/683/54 908/679/54 913/684/54
f 913/684/54 908/679/54 914/685/54
f 909/680/54 915/686/54 907/678/54
f 916/687/54 907/678/54 915/686/54
f 916/687/54 917/688/54 907/678/54
f 918/689/54 917/688/54 916/687/54
f 919/690/54 907/678/54 917/688/54
f 917/688/54 918/689/54 920/691/54
f 920/691/54 918/689/54 921/692/54
f 922/693/54 921/692/54 918/689/54
f 902/673/54 921/692/54 922/693/54
f 921/692/54 902/673/54 923/694/54
f 900/671/54 923/694/54 902/673/54
f 924/695/54 923/694/54 900/671/54
f 907/678/54 919/690/54 925/696/54
f 925/696/54 919/690/54 926/697/54
f 927/698/54 925/696/54 926/697/54
f 900/671/54 928/699/54 924/695/54
f 925/696/54 927/698/54 928/699/54
f 928/699/54 929/700/54 924/695/54
f 928/699/54 927/698/54 929/700/54
f 925/696/54 928/699/54 930/701/54
f 931/702/54 930/701/54 928/699/54
f 930/701/54 931/702/54 932/703/54
f 933/704/54 932/703/54 931/702/54
f 932/703/54 933/704/54 934/705/54
f 935/706/54 934/705/54 933/704/54
f 936/707/54 934/705/54 935/706/54
f 936/707/54 937/708/54 934/705/54
f 937/708/54 936/707/54 938/709/54
f 938/709/54 936/707/54 939/710/54
f 937/708/54 940/711/54 934/705/54
f 941/712/54 939/710/54 936/707/54
f 940/711/54 937/708/54 942/713/54
f 943/714/65 940/711/54 942/713/54
f 939/710/54 941/712/54 944/715/54
f 945/716/54 940/711/54 943/714/65
f 946/717/54 944/715/54 941/712/54
f 944/715/54 946/717/54 947/718/54
f 941/712/54 948/719/54 946/717/54
f 947/718/54 946/717/54 949/720/54
f 947/718/54 949/720/54 950/721/54
f 950/721/54 949/720/54 951/722/54
f 951/722/54 952/723/54 950/721/54
f 952/723/54 951/722/54 953/724/54
f 953/724/54 945/716/54 952/723/54
f 954/725/54 945/716/54 953/724/54
f 945/716/54 954/725/54 940/711/54
f 954/725/54 955/726/54 940/711/54
f 955/726/54 954/725/54 956/727/54
f 957/728/54 955/726/54 956/727/54
f 955/726/54 957/728/54 958/729/54
f 959/730/54 958/729/54 957/728/54
f 959/730/54 957/728/54 960/731/54
f 948/719/54 959/730/54 960/731/54
f 959/730/54 948/719/54 941/712/54
f 961/732/54 958/729/54 959/730/54
f 962/733/54 958/729/54 961/732/54
f 958/729/54 962/733/54 963/734/54
f 962/733/54 961/732/54 964/735/54
f 964/735/54 961/732/54 965/736/54
f 966/737/54 963/734/54 962/733/54
f 963/734/54 966/737/54 967/738/54
f 968/666/54 969/667/54 970/668/54
f 970/668/54 971/669/54 968/666/54
f 972/670/54 968/666/54 971/669/54
f 969/667/54 968/666/54 973/671/54
f 974/672/54 972/670/54 971/669/54
f 973/671/54 975/673/54 969/667/54
f 976/674/54 972/670/54 974/672/54
f 972/670/54 976/674/54 977/675/54
f 977/675/54 976/674/54 978/676/54
f 978/676/54 979/677/54 977/675/54
f 976/674/54 974/672/54 980/678/54
f 979/677/54 978/676/54 981/679/54
f 980/678/54 974/672/54 982/680/54
f 981/679/54 983/681/54 979/677/54
f 983/681/54 981/679/54 984/682/54
f 984/682/54 981/679/54 985/683/54
f 985/683/54 981/679/54 986/684/54
f 986/684/54 981/679/54 987/685/54
f 982/680/54 988/686/54 980/678/54
f 989/687/54 980/678/54 988/686/54
f 989/687/54 990/688/54 980/678/54
f 991/689/54 990/688/54 989/687/54
f 992/690/54 980/678/54 990/688/54
f 990/688/54 991/689/54 993/691/54
f 993/691/54 991/689/54 994/692/54
f 995/693/54 994/692/54 991/689/54
f 975/673/54 994/692/54 995/693/54
f 994/692/54 975/673/54 996/694/54
f 973/671/54 996/694/54 975/673/54
f 997/695/54 996/694/54 973/671/54
f 980/678/54 992/690/54 998/696/54
f 998/696/54 992/690/54 999/697/54
f 1000/698/54 998/696/54 999/697/54
f 973/671/54 1001/699/54 997/695/54
f 998/696/54 1000/698/54 1001/699/54
f 1001/699/54 1002/700/54 997/695/54
f 1001/699/54 1000/698/54 1002/700/54
f 998/696/54 1001/699/54 1003/701/54
f 1004/702/54 1003/701/54 1001/699/54
f 1003/701/54 1004/702/54 1005/703/54
f 1006/704/54 1005/703/54 1004/702/54
f 1005/703/54 1006/704/54 1007/705/54
f 1008/706/54 1007/705/54 1006/704/54
f 1009/707/54 1007/705/54 1008/706/54
f 1009/707/54 1010/708/54 1007/705/54
f 1010/708/54 1009/707/54 1011/709/54
f 1011/709/54 1009/707/54 1012/710/54
f 1010/708/54 1013/711/54 1007/705/54
f 1014/712/54 1012/710/54 1009/707/54
f 1013/711/54 1010/708/54 1015/713/54
f 1016/714/64 1013/711/54 1015/713/54
f 1012/710/54 1014/712/54 1017/715/54
f 1018/716/54 1013/711/54 1016/714/64
f 1019/717/54 1017/715/54 1014/712/54
f 1017/715/54 1019/717/54 1020/718/54
f 1014/712/54 1021/719/54 1019/717/54
f 1020/718/54 1019/717/54 1022/720/54
f 1020/718/54 1022/720/54 1023/721/54
f 1023/721/54 1022/720/54 1024/722/54
f 1024/722/54 1025/723/54 1023/721/54
f 1025/723/54 1024/722/54 1026/724/54
f 1026/724/54 1018/716/54 1025/723/54
f 1027/725/54 1018/716/54 1026/724/54
f 1018/716/54 1027/725/54 1013/711/54
f 1027/725/54 1028/726/54 1013/711/54
f 1028/726/54 1027/725/54 1029/727/54
f 1030/728/54 1028/726/54 1029/727/54
f 1028/726/54 1030/728/54 1031/729/54
f 1032/730/54 1031/729/54 1030/728/54
f 1032/730/54 1030/728/54 1033/731/54
f 1021/719/54 1032/730/54 1033/731/54
f 1032/730/54 1021/719/54 1014/712/54
f 1034/732/54 1031/729/54 1032/730/54
f 1035/733/54 1031/729/54 1034/732/54
f 1031/729/54 1035/733/54 1036/734/54
f 1035/733/54 1034/732/54 1037/735/54
f 1037/735/54 1034/732/54 1038/736/54
f 1039/737/54 1036/734/54 1035/733/54
f 1036/734/54 1039/737/54 1040/738/54
f 1410/1013/56 1409/1014/56 1411/1015/67
f 1410/1013/56 1411/1015/67 1412/1016/67
f 1411/1015/67 1413/1017/127 1412/1016/67
f 1413/1017/127 1411/1015/67 1414/1018/2
f 1413/1017/127 1414/1018/2 1415/1019/55
f 1415/1019/55 1414/1018/2 1416/1020/55
f 1418/1021/55 1419/1022/128 1417/1023/55
f 1420/1024/128 1419/1022/128 1418/1021/55
f 1420/1024/128 1421/1025/67 1419/1022/128
f 1422/1026/67 1421/1025/67 1420/1024/128
f 1424/1027/56 1423/1028/56 1425/1029/67
f 1424/1027/56 1425/1029/67 1426/1030/67
f 1425/1029/67 1427/1031/2 1426/1030/67
f 1427/1031/2 1425/1029/67 1428/1032/2
f 1429/1033/55 1427/1031/2 1428/1032/2
f 1427/1031/2 1429/1033/55 1430/1034/55
f 1432/1035/56 1431/1036/56 1433/1037/2
f 1433/1037/2 1431/1036/56 1434/1038/2
f 1433/1037/2 1434/1038/2 1435/1039/55
f 1435/1039/55 1434/1038/2 1436/1040/55
f 1438/1041/56 1437/1042/56 1439/1043/2
f 1439/1043/2 1437/1042/56 1440/1044/2
f 1441/1045/55 1439/1043/2 1440/1044/2
f 1439/1043/2 1441/1045/55 1442/1046/55
f 1444/1047/56 1443/1048/56 1445/1049/2
f 1445/1049/2 1443/1048/56 1446/1050/2
f 1445/1049/2 1446/1050/2 1447/1051/66
f 1445/1049/2 1447/1051/66 1448/1052/66
f 1449/1053/55 1448/1052/66 1447/1051/66
f 1448/1052/66 1449/1053/55 1450/1054/55
f 1452/1055/56 1451/1056/56 1453/1057/2
f 1453/1057/2 1451/1056/56 1454/1058/2
f 1453/1057/2 1454/1058/2 1455/1059/66
f 1453/1057/2 1455/1059/66 1456/1060/66
f 1457/1061/55 1456/1060/66 1455/1059/66
f 1456/1060/66 1457/1061/55 1458/1062/55
f 1460/1063/55 1461/1064/128 1459/1065/55
f 1462/1066/128 1461/1064/128 1460/1063/55
f 1462/1066/128 1463/1067/67 1461/1064/128
f 1464/1068/67 1463/1067/67 1462/1066/128
f 1467/1069/2 1466/1070/55 1465/1071/55
f 1466/1070/55 1467/1069/2 1468/1072/2
f 1469/1073/69 1468/1072/2 1467/1069/2
f 1468/1072/2 1469/1073/69 1470/1074/69
f 1470/1074/69 1469/1073/69 1471/1075/83
f 1472/1076/71 1470/1074/69 1471/1075/83
f 1471/1075/83 1473/1077/72 1472/1076/71
f 1474/1078/148 1472/1076/71 1473/1077/72
f 1474/1078/148 1473/1077/72 1475/1079/73
f 1476/1080/73 1474/1078/148 1475/1079/73
f 1476/1080/73 1475/1079/73 1477/1081/74
f 1478/1082/74 1476/1080/73 1477/1081/74
f 1477/1081/74 1479/1083/75 1478/1082/74
f 1480/1084/75 1478/1082/74 1479/1083/75
f 1479/1083/75 1481/1085/76 1480/1084/75
f 1482/1086/76 1480/1084/75 1481/1085/76
f 1481/1085/76 1483/1087/77 1482/1086/76
f 1484/1088/149 1482/1086/76 1483/1087/77
f 1483/1087/77 1485/1089/150 1484/1088/149
f 1486/1090/151 1484/1088/149 1485/1089/150
f 1485/1089/150 1487/1091/69 1486/1090/151
f 1488/1092/69 1486/1090/151 1487/1091/69
f 1487/1091/69 1489/1093/152 1488/1092/69
f 1490/1094/79 1488/1092/69 1489/1093/152
f 1489/1093/152 1491/1095/153 1490/1094/79
f 1492/1096/153 1490/1094/79 1491/1095/153
f 1492/1096/153 1491/1095/153 1494/1097/154
f 1496/1098/81 1492/1096/153 1494/1097/154
f 1495/1099/82 1493/1100/82 1496/1098/81
f 1496/1098/81 1494/1097/154 1495/1099/82
f 1499/1101/2 1498/1102/55 1497/1103/55
f 1498/1102/55 1499/1101/2 1500/1104/2
f 1501/1105/69 1500/1104/2 1499/1101/2
f 1500/1104/2 1501/1105/69 1502/1106/69
f 1502/1106/69 1501/1105/69 1503/1107/83
f 1504/1108/71 1502/1106/69 1503/1107/83
f 1503/1107/83 1505/1109/72 1504/1108/71
f 1506/1110/72 1504/1108/71 1505/1109/72
f 1506/1110/72 1505/1109/72 1507/1111/73
f 1508/1112/73 1506/1110/72 1507/1111/73
f 1507/1111/73 1509/1113/74 1508/1112/73
f 1509/1113/74 1507/1111/73 1510/1114/74
f 1510/1114/74 1511/1115/75 1509/1113/74
f 1511/1115/75 1510/1114/74 1512/1116/75
f 1512/1116/75 1513/1117/76 1511/1115/75
f 1514/1118/76 1511/1115/75 1513/1117/76
f 1513/1117/76 1515/1119/155 1514/1118/76
f 1516/1120/77 1514/1118/76 1515/1119/155
f 1515/1119/155 1517/1121/150 1516/1120/77
f 1518/1122/151 1516/1120/77 1517/1121/150
f 1517/1121/150 1519/1123/69 1518/1122/151
f 1520/1124/69 1518/1122/151 1519/1123/69
f 1519/1123/69 1521/1125/79 1520/1124/69
f 1522/1126/79 1520/1124/69 1521/1125/79
f 1521/1125/79 1523/1127/153 1522/1126/79
f 1524/1128/153 1522/1126/79 1523/1127/153
f 1524/1128/153 1523/1127/153 1526/1129/154
f 1528/1130/154 1524/1128/153 1526/1129/154
f 1527/1131/82 1525/1132/82 1528/1130/154
f 1528/1130/154 1526/1129/154 1527/1131/82
f 1531/1133/57 1533/1134/91 1529/1135/55
f 1530/1136/58 1534/1137/24 1532/1138/58
f 1533/1134/91 1531/1133/57 1535/1139/91
f 1536/1140/156 1534/1137/24 1530/1136/58
f 1535/1139/91 1536/1140/156 1533/1134/91
f 1536/1140/156 1535/1139/91 1534/1137/24
f 1537/1141/58 1539/1142/24 1538/1143/58
f 1540/1144/24 1539/1142/24 1537/1141/58
f 1540/1144/24 1541/1145/55 1539/1142/24
f 1542/1146/55 1541/1145/55 1540/1144/24
f 1543/1147/57 1547/1148/91 1545/1149/55
f 1546/1150/58 1548/1151/24 1544/1152/58
f 1547/1148/91 1543/1147/57 1549/1153/91
f 1550/1154/156 1548/1151/24 1546/1150/58
f 1549/1153/91 1550/1154/156 1547/1148/91
f 1550/1154/156 1549/1153/91 1548/1151/24
f 1551/1155/55 1552/1156/55 1553/1157/24
f 1553/1157/24 1552/1156/55 1554/1158/24
f 1553/1157/24 1554/1158/24 1555/1159/58
f 1555/1159/58 1554/1158/24 1556/1160/58
f 1558/1161/55 1557/1162/55 1559/1163/24
f 1559/1163/24 1557/1162/55 1560/1164/24
f 1559/1163/24 1560/1164/24 1561/1165/58
f 1561/1165/58 1560/1164/24 1562/1166/58
f 1564/1167/55 1563/1168/55 1566/1169/24
f 1566/1169/24 1563/1168/55 1568/1170/24
f 1569/1171/89 1567/1172/58 1565/1173/58
f 1566/1169/24 1568/1170/24 1570/1174/89
f 1567/1172/58 1569/1171/89 1570/1174/89
f 1566/1169/24 1570/1174/89 1569/1171/89
f 1572/1175/55 1571/1176/55 1574/1177/24
f 1574/1177/24 1571/1176/55 1576/1178/24
f 1577/1179/89 1575/1180/58 1573/1181/58
f 1574/1177/24 1576/1178/24 1578/1182/89
f 1575/1180/58 1577/1179/89 1578/1182/89
f 1574/1177/24 1578/1182/89 1577/1179/89
f 1579/1183/58 1581/1184/24 1580/1185/58
f 1582/1186/24 1581/1184/24 1579/1183/58
f 1582/1186/24 1583/1187/55 1581/1184/24
f 1584/1188/55 1583/1187/55 1582/1186/24
f 1587/1189/24 1586/1190/58 1585/1191/157
f 1586/1190/58 1587/1189/24 1588/1192/24
f 1589/1193/55 1588/1192/24 1587/1189/24
f 1588/1192/24 1589/1193/55 1590/1194/55
f 1592/1195/158 1593/1196/95 1591/1197/94
f 1593/1196/95 1592/1195/158 1594/1198/23
f 1594/1198/23 1595/1199/23 1593/1196/95
f 1598/1200/24 1597/1201/58 1596/1202/58
f 1597/1201/58 1598/1200/24 1599/1203/24
f 1600/1204/55 1599/1203/24 1598/1200/24
f 1599/1203/24 1600/1204/55 1601/1205/55
f 1603/1206/158 1602/1207/94 1604/1208/95
f 1604/1208/95 1605/1209/23 1603/1206/158
f 1605/1209/23 1604/1208/95 1606/1210/23
f 1607/1211/27 1608/1212/27 1609/1213/27
f 1609/1213/27 1608/1212/27 1610/1214/27
f 1611/1215/27 1609/1213/27 1610/1214/27
f 1610/1214/27 1612/1216/27 1611/1215/27
f 1613/1217/27 1611/1215/27 1612/1216/27
f 1614/1218/27 1607/1211/27 1609/1213/27
f 1611/1215/27 1613/1217/27 1615/1219/27
f 1607/1211/27 1614/1218/27 1616/1220/27
f 1617/1221/27 1616/1220/27 1614/1218/27
f 1618/1222/27 1608/1212/27 1607/1211/27
f 1619/1223/27 1615/1219/27 1613/1217/27
f 1608/1212/27 1618/1222/27 1620/1224/27
f 1616/1220/27 1617/1221/27 1621/1225/27
f 1622/1226/27 1620/1224/27 1618/1222/27
f 1618/1222/27 1623/1227/27 1622/1226/27
f 1624/1228/27 1621/1225/27 1617/1221/27
f 1625/1229/27 1621/1225/27 1624/1228/27
f 1626/1230/27 1621/1225/27 1625/1229/27
f 1621/1225/27 1626/1230/27 1627/1231/27
f 1621/1225/27 1627/1231/27 1628/1232/27
f 1618/1222/27 1629/1233/27 1623/1227/27
f 1629/1233/27 1630/1234/27 1623/1227/27
f 1629/1233/27 1618/1222/27 1631/1235/27
f 1630/1234/27 1629/1233/27 1632/1236/27
f 1633/1237/27 1630/1234/27 1632/1236/27
f 1630/1234/27 1633/1237/27 1634/1238/27
f 1633/1237/27 1619/1223/27 1634/1238/27
f 1635/1239/27 1619/1223/27 1633/1237/27
f 1619/1223/27 1635/1239/27 1615/1219/27
f 1615/1219/27 1635/1239/27 1636/1240/27
f 1631/1235/27 1618/1222/27 1637/1241/27
f 1637/1241/27 1638/1242/27 1631/1235/27
f 1637/1241/27 1639/1243/27 1638/1242/27
f 1640/1244/27 1615/1219/27 1636/1240/27
f 1639/1243/27 1637/1241/27 1640/1244/27
f 1640/1244/27 1636/1240/27 1641/1245/27
f 1640/1244/27 1641/1245/27 1639/1243/27
f 1642/1246/27 1640/1244/27 1637/1241/27
f 1640/1244/27 1642/1246/27 1643/1247/27
f 1644/1248/27 1643/1247/27 1642/1246/27
f 1643/1247/27 1644/1248/27 1645/1249/27
f 1646/1250/27 1645/1249/27 1644/1248/27
f 1645/1249/27 1646/1250/27 1647/1251/27
f 1646/1250/27 1648/1252/27 1647/1251/27
f 1648/1252/27 1646/1250/27 1649/1253/27
f 1648/1252/27 1649/1253/27 1650/1254/27
f 1648/1252/27 1650/1254/27 1651/1255/27
f 1649/1253/27 1646/1250/27 1652/1256/27
f 1653/1257/27 1648/1252/27 1651/1255/27
f 1649/1253/27 1652/1256/27 1654/1258/27
f 1652/1256/27 1655/1259/27 1654/1258/27
f 1653/1257/27 1651/1255/27 1656/1260/27
f 1652/1256/27 1657/1261/27 1655/1259/27
f 1656/1260/27 1658/1262/27 1653/1257/27
f 1658/1262/27 1656/1260/27 1659/1263/27
f 1653/1257/27 1658/1262/27 1660/1264/27
f 1658/1262/27 1659/1263/27 1661/1265/27
f 1662/1266/27 1661/1265/27 1659/1263/27
f 1661/1265/27 1662/1266/27 1663/1267/27
f 1663/1267/27 1662/1266/27 1664/1268/27
f 1663/1267/27 1664/1268/27 1665/1269/27
f 1657/1261/27 1665/1269/27 1664/1268/27
f 1665/1269/27 1657/1261/27 1666/1270/27
f 1657/1261/27 1652/1256/27 1666/1270/27
f 1667/1271/27 1666/1270/27 1652/1256/27
f 1666/1270/27 1667/1271/27 1668/1272/27
f 1667/1271/27 1669/1273/27 1668/1272/27
f 1670/1274/27 1669/1273/27 1667/1271/27
f 1669/1273/27 1670/1274/27 1671/1275/27
f 1669/1273/27 1671/1275/27 1672/1276/27
f 1671/1275/27 1660/1264/27 1672/1276/27
f 1660/1264/27 1671/1275/27 1653/1257/27
f 1670/1274/27 1673/1277/27 1671/1275/27
f 1670/1274/27 1674/1278/27 1673/1277/27
f 1674/1278/27 1670/1274/27 1675/1279/27
f 1673/1277/27 1674/1278/27 1676/1280/27
f 1673/1277/27 1676/1280/27 1677/1281/27
f 1674/1278/27 1675/1279/27 1678/1282/27
f 1678/1282/27 1675/1279/27 1679/1283/27
f 1680/1211/27 1681/1212/27 1682/1213/27
f 1682/1213/27 1681/1212/27 1683/1214/27
f 1684/1215/27 1682/1213/27 1683/1214/27
f 1683/1214/27 1685/1216/27 1684/1215/27
f 1686/1217/27 1684/1215/27 1685/1216/27
f 1687/1218/27 1680/1211/27 1682/1213/27
f 1684/1215/27 1686/1217/27 1688/1219/27
f 1680/1211/27 1687/1218/27 1689/1220/27
f 1690/1221/27 1689/1220/27 1687/1218/27
f 1691/1222/27 1681/1212/27 1680/1211/27
f 1692/1223/27 1688/1219/27 1686/1217/27
f 1681/1212/27 1691/1222/27 1693/1224/27
f 1689/1220/27 1690/1221/27 1694/1225/27
f 1695/1226/27 1693/1224/27 1691/1222/27
f 1691/1222/27 1696/1227/27 1695/1226/27
f 1697/1228/27 1694/1225/27 1690/1221/27
f 1698/1229/27 1694/1225/27 1697/1228/27
f 1699/1230/27 1694/1225/27 1698/1229/27
f 1694/1225/27 1699/1230/27 1700/1231/27
f 1694/1225/27 1700/1231/27 1701/1232/27
f 1691/1222/27 1702/1233/27 1696/1227/27
f 1702/1233/27 1703/1234/27 1696/1227/27
f 1702/1233/27 1691/1222/27 1704/1235/27
f 1703/1234/27 1702/1233/27 1705/1236/27
f 1706/1237/27 1703/1234/27 1705/1236/27
f 1703/1234/27 1706/1237/27 1707/1238/27
f 1706/1237/27 1692/1223/27 1707/1238/27
f 1708/1239/27 1692/1223/27 1706/1237/27
f 1692/1223/27 1708/1239/27 1688/1219/27
f 1688/1219/27 1708/1239/27 1709/1240/27
f 1704/1235/27 1691/1222/27 1710/1241/27
f 1710/1241/27 1711/1242/27 1704/1235/27
f 1710/1241/27 1712/1243/27 1711/1242/27
f 1713/1244/27 1688/1219/27 1709/1240/27
f 1712/1243/27 1710/1241/27 1713/1244/27
f 1713/1244/27 1709/1240/27 1714/1245/27
f 1713/1244/27 1714/1245/27 1712/1243/27
f 1715/1246/27 1713/1244/27 1710/1241/27
f 1713/1244/27 1715/1246/27 1716/1247/27
f 1717/1248/27 1716/1247/27 1715/1246/27
f 1716/1247/27 1717/1248/27 1718/1249/27
f 1719/1250/27 1718/1249/27 1717/1248/27
f 1718/1249/27 1719/1250/27 1720/1251/27
f 1719/1250/27 1721/1252/27 1720/1251/27
f 1721/1252/27 1719/1250/27 1722/1253/27
f 1721/1252/27 1722/1253/27 1723/1254/27
f 1721/1252/27 1723/1254/27 1724/1255/27
f 1722/1253/27 1719/1250/27 1725/1256/27
f 1726/1257/27 1721/1252/27 1724/1255/27
f 1722/1253/27 1725/1256/27 1727/1258/27
f 1725/1256/27 1728/1259/27 1727/1258/27
f 1726/1257/27 1724/1255/27 1729/1260/27
f 1725/1256/27 1730/1261/27 1728/1259/27
f 1729/1260/27 1731/1262/27 1726/1257/27
f 1731/1262/27 1729/1260/27 1732/1263/27
f 1726/1257/27 1731/1262/27 1733/1264/27
f 1731/1262/27 1732/1263/27 1734/1265/27
f 1735/1266/27 1734/1265/27 1732/1263/27
f 1734/1265/27 1735/1266/27 1736/1267/27
f 1736/1267/27 1735/1266/27 1737/1268/27
f 1736/1267/27 1737/1268/27 1738/1269/27
f 1730/1261/27 1738/1269/27 1737/1268/27
f 1738/1269/27 1730/1261/27 1739/1270/27
f 1730/1261/27 1725/1256/27 1739/1270/27
f 1740/1271/27 1739/1270/27 1725/1256/27
f 1739/1270/27 1740/1271/27 1741/1272/27
f 1740/1271/27 1742/1273/27 1741/1272/27
f 1743/1274/27 1742/1273/27 1740/1271/27
f 1742/1273/27 1743/1274/27 1744/1275/27
f 1742/1273/27 1744/1275/27 1745/1276/27
f 1744/1275/27 1733/1264/27 1745/1276/27
f 1733/1264/27 1744/1275/27 1726/1257/27
f 1743/1274/27 1746/1277/27 1744/1275/27
f 1743/1274/27 1747/1278/27 1746/1277/27
f 1747/1278/27 1743/1274/27 1748/1279/27
f 1746/1277/27 1747/1278/27 1749/1280/27
f 1746/1277/27 1749/1280/27 1750/1281/27
f 1747/1278/27 1748/1279/27 1751/1282/27
f 1751/1282/27 1748/1279/27 1752/1283/27
f 1754/1027/62 1753/1028/62 1755/1032/61
f 1755/1032/61 1756/1031/61 1754/1027/62
f 1756/1031/61 1755/1032/61 1757/1033/58
f 1757/1033/58 1758/1034/58 1756/1031/61
f 1760/1284/62 1759/1067/62 1761/1064/130
f 1761/1064/130 1762/1285/130 1760/1284/62
f 1762/1285/130 1761/1064/130 1763/1065/58
f 1763/1065/58 1764/1286/58 1762/1285/130
f 1766/1287/62 1765/1014/62 1767/1018/61
f 1767/1018/61 1768/1288/61 1766/1287/62
f 1767/1018/61 1769/1289/58 1768/1288/61
f 1769/1289/58 1767/1018/61 1770/1020/58
f 1771/1041/62 1772/1042/62 1773/1044/61
f 1773/1044/61 1775/1043/61 1771/1041/62
f 1775/1043/61 1773/1044/61 1774/1045/58
f 1774/1045/58 1776/1046/58 1775/1043/61
f 1777/1290/62 1778/1036/62 1779/1038/61
f 1779/1038/61 1781/1291/61 1777/1290/62
f 1779/1038/61 1782/1292/58 1781/1291/61
f 1782/1292/58 1779/1038/61 1780/1040/58
f 1784/1293/62 1783/1056/62 1785/1058/130
f 1785/1058/130 1786/1294/130 1784/1293/62
f 1786/1294/130 1785/1058/130 1787/1061/58
f 1787/1061/58 1788/1295/58 1786/1294/130
f 1790/1047/62 1789/1048/62 1791/1050/130
f 1791/1050/130 1792/1049/130 1790/1047/62
f 1792/1049/130 1791/1050/130 1793/1053/58
f 1793/1053/58 1794/1054/58 1792/1049/130
f 1796/1026/62 1795/1025/62 1797/1022/130
f 1797/1022/130 1798/1024/130 1796/1026/62
f 1798/1024/130 1797/1022/130 1799/1023/58
f 1799/1023/58 1800/1021/58 1798/1024/130
f 1801/1105/114 1802/1104/159 1803/1101/159
f 1804/1102/58 1803/1101/159 1802/1104/159
f 1802/1104/159 1801/1105/114 1805/1106/98
f 1803/1101/159 1804/1102/58 1806/1103/58
f 1807/1296/102 1805/1106/98 1801/1105/114
f 1805/1106/98 1807/1296/102 1808/1297/102
f 1807/1296/102 1809/1298/103 1808/1297/102
f 1810/1299/103 1808/1297/102 1809/1298/103
f 1809/1298/103 1811/1300/104 1810/1299/103
f 1812/1301/117 1810/1299/103 1811/1300/104
f 1811/1300/104 1813/1302/105 1812/1301/117
f 1814/1303/105 1812/1301/117 1813/1302/105
f 1813/1302/105 1815/1304/107 1814/1303/105
f 1816/1305/160 1814/1303/105 1815/1304/107
f 1815/1304/107 1817/1306/161 1816/1305/160
f 1818/1307/109 1816/1305/160 1817/1306/161
f 1817/1306/161 1819/1308/110 1818/1307/109
f 1820/1309/110 1818/1307/109 1819/1308/110
f 1819/1308/110 1821/1310/111 1820/1309/110
f 1822/1311/111 1820/1309/110 1821/1310/111
f 1821/1310/111 1823/1312/112 1822/1311/111
f 1824/1313/112 1822/1311/111 1823/1312/112
f 1823/1312/112 1825/1314/94 1824/1313/112
f 1825/1314/94 1826/1315/94 1824/1313/112
f 1826/1315/94 1825/1314/94 1827/1316/95
f 1829/1317/23 1828/1318/23 1830/1319/34
f 1830/1319/34 1831/1320/34 1829/1317/23
f 1831/1320/34 1830/1319/34 1832/1321/125
f 1832/1321/125 1833/1322/113 1831/1320/34
f 1834/1073/98 1835/1323/99 1836/1069/159
f 1837/1324/58 1836/1069/159 1835/1323/99
f 1835/1323/99 1834/1073/98 1838/1325/100
f 1836/1069/159 1837/1324/58 1839/1071/101
f 1840/1326/102 1838/1325/100 1834/1073/98
f 1838/1325/100 1840/1326/102 1841/1327/102
f 1840/1326/102 1842/1328/103 1841/1327/102
f 1843/1329/162 1841/1327/102 1842/1328/103
f 1842/1328/103 1844/1330/117 1843/1329/162
f 1845/1331/117 1843/1329/162 1844/1330/117
f 1844/1330/117 1846/1332/105 1845/1331/117
f 1847/1333/105 1845/1331/117 1846/1332/105
f 1846/1332/105 1848/1334/107 1847/1333/105
f 1849/1335/106 1847/1333/105 1848/1334/107
f 1848/1334/107 1850/1336/161 1849/1335/106
f 1851/1337/161 1849/1335/106 1850/1336/161
f 1850/1336/161 1852/1338/110 1851/1337/161
f 1853/1339/110 1851/1337/161 1852/1338/110
f 1852/1338/110 1854/1340/111 1853/1339/110
f 1855/1341/111 1853/1339/110 1854/1340/111
f 1854/1340/111 1856/1342/112 1855/1341/111
f 1857/1343/112 1855/1341/111 1856/1342/112
f 1856/1342/112 1858/1344/94 1857/1343/112
f 1858/1344/94 1859/1345/94 1857/1343/112
f 1858/1344/94 1860/1346/95 1859/1345/94
f 1861/1347/23 1862/1348/38 1863/1349/34
f 1863/1349/34 1864/1350/34 1861/1347/23
f 1864/1350/34 1863/1349/34 1865/1351/125
f 1865/1351/125 1866/1352/113 1864/1350/34
f 1867/1353/56 1868/1354/56 1869/1355/63
f 1869/1355/63 1870/1356/63 1867/1353/56
f 1870/1356/63 1869/1355/63 1871/1357/62
f 1871/1357/62 1872/1358/62 1870/1356/63
f 1873/1359/121 1874/1360/120 1875/1361/120
f 1875/1361/120 1874/1360/120 1876/1362/120
f 1876/1362/120 1877/1363/120 1875/1361/120
f 1874/1360/120 1873/1359/121 1878/1364/63
f 1878/1364/63 1873/1359/121 1879/1365/62
f 1879/1365/62 1880/1366/62 1878/1364/63
f 1881/1367/56 1882/1368/56 1883/1369/63
f 1883/1369/63 1884/1370/63 1881/1367/56
f 1884/1370/63 1883/1369/63 1885/1371/62
f 1885/1371/62 1886/1372/62 1884/1370/63
f 1887/1373/56 1888/1374/56 1889/1375/63
f 1889/1375/63 1890/1376/63 1887/1373/56
f 1890/1376/63 1889/1375/63 1891/1377/122
f 1891/1377/122 1892/1378/122 1890/1376/63
f 1891/1377/122 1893/1379/62 1892/1378/122
f 1894/1380/62 1893/1379/62 1891/1377/122
f 1895/1381/56 1896/1382/56 1897/1383/63
f 1897/1383/63 1898/1384/63 1895/1381/56
f 1898/1384/63 1897/1383/63 1899/1385/122
f 1899/1385/122 1900/1386/122 1898/1384/63
f 1899/1385/122 1901/1387/62 1900/1386/122
f 1902/1388/62 1901/1387/62 1899/1385/122
f 1903/1389/56 1904/1390/56 1905/1391/63
f 1905/1391/63 1906/1392/63 1903/1389/56
f 1906/1392/63 1905/1391/63 1907/1393/62
f 1907/1393/62 1908/1394/62 1906/1392/63
f 1909/1395/56 1910/1396/56 1911/1397/63
f 1911/1397/63 1912/1398/63 1909/1395/56
f 1912/1398/63 1911/1397/63 1913/1399/62
f 1913/1399/62 1914/1400/62 1912/1398/63
f 1915/1401/121 1916/1402/120 1917/1403/120
f 1917/1403/120 1916/1402/120 1918/1404/120
f 1918/1404/120 1919/1405/120 1917/1403/120
f 1916/1402/120 1915/1401/121 1920/1406/63
f 1920/1406/63 1915/1401/121 1921/1407/62
f 1921/1407/62 1922/1408/62 1920/1406/63
f 1923/1409/125 1925/1410/163 1924/1411/123
f 1925/1410/163 1926/1412/124 1924/1411/123
f 1926/1412/124 1925/1410/163 1927/1413/82
f 1927/1413/82 1928/1414/82 1926/1412/124
f 1929/1415/125 1931/1416/124 1930/1417/123
f 1931/1416/124 1932/1418/164 1930/1417/123
f 1932/1418/164 1931/1416/124 1933/1419/82
f 1933/1419/82 1934/1420/82 1932/1418/164
f 1935/1421/54 1936/1422/54 1937/1423/54
f 1937/1423/54 1938/1424/54 1935/1421/54
f 1939/1425/54 1935/1421/54 1938/1424/54
f 1936/1422/54 1935/1421/54 1940/1426/54
f 1941/1427/54 1939/1425/54 1938/1424/54
f 1940/1426/54 1942/1428/54 1936/1422/54
f 1943/1429/54 1939/1425/54 1941/1427/54
f 1939/1425/54 1943/1429/54 1944/1430/54
f 1944/1430/54 1943/1429/54 1945/1431/54
f 1945/1431/54 1946/1432/54 1944/1430/54
f 1943/1429/54 1941/1427/54 1947/1433/54
f 1946/1432/54 1945/1431/54 1948/1434/54
f 1947/1433/54 1941/1427/54 1949/1435/54
f 1948/1434/54 1950/1436/54 1946/1432/54
f 1950/1436/54 1948/1434/54 1951/1437/54
f 1951/1437/54 1948/1434/54 1952/1438/54
f 1952/1438/54 1948/1434/54 1953/1439/54
f 1953/1439/54 1948/1434/54 1954/1440/54
f 1949/1435/54 1955/1441/54 1947/1433/54
f 1956/1442/54 1947/1433/54 1955/1441/54
f 1956/1442/54 1957/1443/54 1947/1433/54
f 1958/1444/54 1957/1443/54 1956/1442/54
f 1959/1445/54 1947/1433/54 1957/1443/54
f 1957/1443/54 1958/1444/54 1960/1446/64
f 1960/1446/64 1958/1444/54 1961/1447/54
f 1962/1448/54 1961/1447/54 1958/1444/54
f 1942/1428/54 1961/1447/54 1962/1448/54
f 1961/1447/54 1942/1428/54 1963/1449/54
f 1940/1426/54 1963/1449/54 1942/1428/54
f 1964/1450/54 1963/1449/54 1940/1426/54
f 1947/1433/54 1959/1445/54 1965/1451/54
f 1965/1451/54 1959/1445/54 1966/1452/54
f 1967/1453/54 1965/1451/54 1966/1452/54
f 1940/1426/54 1968/1454/54 1964/1450/54
f 1965/1451/54 1967/1453/54 1968/1454/54
f 1968/1454/54 1969/1455/54 1964/1450/54
f 1968/1454/54 1967/1453/54 1969/1455/54
f 1965/1451/54 1968/1454/54 1970/1456/54
f 1971/1457/54 1970/1456/54 1968/1454/54
f 1970/1456/54 1971/1457/54 1972/1458/54
f 1973/1459/54 1972/1458/54 1971/1457/54
f 1972/1458/54 1973/1459/54 1974/1460/54
f 1975/1461/54 1974/1460/54 1973/1459/54
f 1976/1462/54 1974/1460/54 1975/1461/54
f 1976/1462/54 1977/1463/54 1974/1460/54
f 1977/1463/54 1976/1462/54 1978/1464/54
f 1978/1464/54 1976/1462/54 1979/1465/54
f 1977/1463/54 1980/1466/54 1974/1460/54
f 1981/1467/54 1979/1465/54 1976/1462/54
f 1980/1466/54 1977/1463/54 1982/1468/54
f 1983/1469/54 1980/1466/54 1982/1468/54
f 1979/1465/54 1981/1467/54 1984/1470/54
f 1985/1471/54 1980/1466/54 1983/1469/54
f 1986/1472/54 1984/1470/54 1981/1467/54
f 1984/1470/54 1986/1472/54 1987/1473/54
f 1981/1467/54 1988/1474/54 1986/1472/54
f 1987/1473/54 1986/1472/54 1989/1475/54
f 1987/1473/54 1989/1475/54 1990/1476/54
f 1990/1476/54 1989/1475/54 1991/1477/54
f 1991/1477/54 1992/1478/54 1990/1476/54
f 1992/1478/54 1991/1477/54 1993/1479/54
f 1993/1479/54 1985/1471/54 1992/1478/54
f 1994/1480/54 1985/1471/54 1993/1479/54
f 1985/1471/54 1994/1480/54 1980/1466/54
f 1994/1480/54 1995/1481/54 1980/1466/54
f 1995/1481/54 1994/1480/54 1996/1482/54
f 1997/1483/54 1995/1481/54 1996/1482/54
f 1995/1481/54 1997/1483/54 1998/1484/54
f 1999/1485/54 1998/1484/54 1997/1483/54
f 1999/1485/54 1997/1483/54 2000/1486/54
f 1988/1474/54 1999/1485/54 2000/1486/54
f 1999/1485/54 1988/1474/54 1981/1467/54
f 2001/1487/54 1998/1484/54 1999/1485/54
f 2002/1488/54 1998/1484/54 2001/1487/54
f 1998/1484/54 2002/1488/54 2003/1489/54
f 2002/1488/54 2001/1487/54 2004/1490/54
f 2004/1490/54 2001/1487/54 2005/1491/54
f 2006/1492/54 2003/1489/54 2002/1488/54
f 2003/1489/54 2006/1492/54 2007/1493/54
f 2008/1421/54 2009/1422/54 2010/1423/54
f 2010/1423/54 2011/1424/54 2008/1421/54
f 2012/1425/54 2008/1421/54 2011/1424/54
f 2009/1422/54 2008/1421/54 2013/1426/54
f 2014/1427/54 2012/1425/54 2011/1424/54
f 2013/1426/54 2015/1428/54 2009/1422/54
f 2016/1429/54 2012/1425/54 2014/1427/54
f 2012/1425/54 2016/1429/54 2017/1430/54
f 2017/1430/54 2016/1429/54 2018/1431/54
f 2018/1431/54 2019/1432/54 2017/1430/54
f 2016/1429/54 2014/1427/54 2020/1433/54
f 2019/1432/54 2018/1431/54 2021/1434/54
f 2020/1433/54 2014/1427/54 2022/1435/54
f 2021/1434/54 2023/1436/54 2019/1432/54
f 2023/1436/54 2021/1434/54 2024/1437/54
f 2024/1437/54 2021/1434/54 2025/1438/54
f 2025/1438/54 2021/1434/54 2026/1439/54
f 2026/1439/54 2021/1434/54 2027/1440/54
f 2022/1435/54 2028/1441/54 2020/1433/54
f 2029/1442/54 2020/1433/54 2028/1441/54
f 2029/1442/54 2030/1443/54 2020/1433/54
f 2031/1444/54 2030/1443/54 2029/1442/54
f 2032/1445/54 2020/1433/54 2030/1443/54
f 2030/1443/54 2031/1444/54 2033/1446/54
f 2033/1446/54 2031/1444/54 2034/1447/54
f 2035/1448/54 2034/1447/54 2031/1444/54
f 2015/1428/54 2034/1447/54 2035/1448/54
f 2034/1447/54 2015/1428/54 2036/1449/54
f 2013/1426/54 2036/1449/54 2015/1428/54
f 2037/1450/54 2036/1449/54 2013/1426/54
f 2020/1433/54 2032/1445/54 2038/1451/54
f 2038/1451/54 2032/1445/54 2039/1452/54
f 2040/1453/54 2038/1451/54 2039/1452/54
f 2013/1426/54 2041/1454/54 2037/1450/54
f 2038/1451/54 2040/1453/54 2041/1454/54
f 2041/1454/54 2042/1455/54 2037/1450/54
f 2041/1454/54 2040/1453/54 2042/1455/54
f 2038/1451/54 2041/1454/54 2043/1456/54
f 2044/1457/54 2043/1456/54 2041/1454/54
f 2043/1456/54 2044/1457/54 2045/1458/54
f 2046/1459/54 2045/1458/54 2044/1457/54
f 2045/1458/54 2046/1459/54 2047/1460/54
f 2048/1461/54 2047/1460/54 2046/1459/54
f 2049/1462/54 2047/1460/54 2048/1461/54
f 2049/1462/54 2050/1463/54 2047/1460/54
f 2050/1463/54 2049/1462/54 2051/1464/54
f 2051/1464/54 2049/1462/54 2052/1465/54
f 2050/1463/54 2053/1466/54 2047/1460/54
f 2054/1467/54 2052/1465/54 2049/1462/54
f 2053/1466/54 2050/1463/54 2055/1468/54
f 2056/1469/54 2053/1466/54 2055/1468/54
f 2052/1465/54 2054/1467/54 2057/1470/54
f 2058/1471/54 2053/1466/54 2056/1469/54
f 2059/1472/54 2057/1470/54 2054/1467/54
f 2057/1470/54 2059/1472/54 2060/1473/54
f 2054/1467/54 2061/1474/54 2059/1472/54
f 2060/1473/54 2059/1472/54 2062/1475/54
f 2060/1473/54 2062/1475/54 2063/1476/54
f 2063/1476/54 2062/1475/54 2064/1477/54
f 2064/1477/54 2065/1478/54 2063/1476/54
f 2065/1478/54 2064/1477/54 2066/1479/54
f 2066/1479/54 2058/1471/54 2065/1478/54
f 2067/1480/54 2058/1471/54 2066/1479/54
f 2058/1471/54 2067/1480/54 2053/1466/54
f 2067/1480/54 2068/1481/54 2053/1466/54
f 2068/1481/54 2067/1480/54 2069/1482/54
f 2070/1483/54 2068/1481/54 2069/1482/54
f 2068/1481/54 2070/1483/54 2071/1484/54
f 2072/1485/54 2071/1484/54 2070/1483/54
f 2072/1485/54 2070/1483/54 2073/1486/54
f 2061/1474/54 2072/1485/54 2073/1486/54
f 2072/1485/54 2061/1474/54 2054/1467/54
f 2074/1487/54 2071/1484/54 2072/1485/54
f 2075/1488/54 2071/1484/54 2074/1487/54
f 2071/1484/54 2075/1488/54 2076/1494/54
f 2075/1488/54 2074/1487/54 2077/1490/54
f 2077/1490/54 2074/1487/54 2078/1491/54
f 2079/1492/54 2076/1494/54 2075/1488/54
f 2076/1494/54 2079/1492/54 2080/1493/54
usemtl Meshpart7Mtl.001
f 2081/1495/165 2082/1496/166 2083/1497/167
f 2082/1496/166 2081/1495/165 2084/1498/168
f 2085/1499/169 2084/1498/168 2081/1495/165
f 2084/1498/168 2085/1499/169 2086/1500/169
f 2087/1501/170 2086/1500/169 2085/1499/169
f 2086/1500/169 2087/1501/170 2088/1502/170
f 2089/1503/171 2088/1502/170 2087/1501/170
f 2088/1502/170 2089/1503/171 2090/1504/172
f 2089/1503/171 2091/1505/13 2090/1504/172
f 2091/1505/13 2089/1503/171 2092/1506/13
f 2093/1507/173 2091/1505/13 2092/1506/13
f 2091/1505/13 2093/1507/173 2094/1508/173
f 2094/1508/173 2093/1507/173 2095/1509/174
f 2096/1510/175 2097/1511/176 2098/1512/175
f 2097/1511/176 2099/1513/176 2098/1512/175
f 2096/1510/175 2098/1512/175 2100/1514/72
f 2101/1515/72 2096/1510/175 2100/1514/72
f 2100/1514/72 2102/1516/177 2101/1515/72
f 2103/1517/177 2101/1515/72 2102/1516/177
f 2102/1516/177 2104/1518/178 2103/1517/177
f 2105/1519/178 2103/1517/177 2104/1518/178
f 2105/1519/178 2104/1518/178 2106/1520/179
f 2107/1521/179 2105/1519/178 2106/1520/179
f 2108/1511/180 2109/1522/181 2110/1523/181
f 2108/1511/180 2110/1523/181 2111/1513/180
f 2112/1524/182 2110/1523/181 2109/1522/181
f 2110/1523/181 2112/1524/182 2113/1525/182
f 2114/1526/183 2113/1525/182 2112/1524/182
f 2113/1525/182 2114/1526/183 2115/1527/183
f 2116/1528/184 2115/1527/183 2114/1526/183
f 2115/1527/183 2116/1528/184 2117/1529/184
f 2118/1530/185 2117/1529/184 2116/1528/184
f 2117/1529/184 2118/1530/185 2119/1531/185
f 2120/1497/78 2119/1531/185 2118/1530/185
f 2119/1531/185 2120/1497/78 2121/1496/78
f 2122/1532/186 2123/1533/187 2124/1534/186
f 2125/1535/187 2124/1534/186 2123/1533/187
f 2126/1533/188 2127/1536/188 2128/1535/188
f 2129/1537/188 2128/1535/188 2127/1536/188
f 2130/1536/189 2131/1538/189 2132/1537/189
f 2133/1539/189 2132/1537/189 2131/1538/189
f 2134/1540/190 2135/1532/191 2136/1541/192
f 2137/1534/190 2136/1541/192 2135/1532/191
f 2138/1542/193 2139/1540/193 2140/1543/193
f 2141/1541/193 2140/1543/193 2139/1540/193
f 2142/1509/194 2143/1542/194 2144/1543/194
f 2145/1544/195 2146/1545/195 2147/1546/196
f 2146/1545/195 2145/1544/195 2148/1547/195
f 2149/1548/197 2150/1549/197 2151/1550/197
f 2150/1549/197 2149/1548/197 2152/1551/197
f 2153/1546/198 2154/1551/198 2155/1548/198
f 2154/1551/198 2153/1546/198 2156/1545/198
f 2157/1550/24 2158/1552/24 2159/1553/24
f 2158/1552/24 2157/1550/24 2160/1549/24
f 2161/1554/199 2162/1555/200 2163/1556/201
f 2162/1555/200 2161/1554/199 2164/1557/202
f 2163/1556/201 2165/1558/203 2161/1554/199
f 2162/1555/200 2164/1557/202 2166/1559/204
f 2165/1558/203 2163/1556/201 2167/1560/205
f 2166/1559/204 2164/1557/202 2168/1561/206
f 2169/1562/207 2166/1559/204 2168/1561/206
f 2166/1559/204 2169/1562/207 2170/1563/208
f 2167/1560/205 2171/1564/209 2165/1558/203
f 2171/1564/209 2167/1560/205 2172/1565/210
f 2172/1565/210 2173/1566/211 2171/1564/209
f 2172/1565/210 2174/1567/212 2173/1566/211
f 2174/1567/212 2172/1565/210 2175/1568/213
f 2176/1569/214 2174/1567/212 2175/1568/213
f 2177/1570/215 2176/1569/214 2175/1568/213
f 2178/1571/216 2179/1572/216 2180/1573/216
f 2181/1574/216 2180/1573/216 2179/1572/216
f 2182/1575/216 2179/1572/216 2178/1571/216
f 2180/1573/216 2181/1574/216 2183/1576/216
f 2184/1577/216 2183/1576/216 2181/1574/216
f 2183/1576/216 2184/1577/216 2185/1578/216
f 2186/1579/216 2182/1575/216 2178/1571/216
f 2186/1579/216 2187/1580/216 2182/1575/216
f 2188/1581/216 2187/1580/216 2186/1579/216
f 2189/1582/216 2187/1580/216 2188/1581/216
f 2188/1581/216 2190/1583/216 2189/1582/216
f 2189/1582/216 2191/1584/216 2192/1585/216
f 2193/1586/216 2189/1582/216 2192/1585/216
f 2193/1586/216 2194/1587/216 2189/1582/216
f 2194/1587/216 2193/1586/216 2195/1588/216
f 2189/1582/216 2196/1589/216 2187/1580/216
f 2187/1580/216 2196/1589/216 2197/1590/216
f 2196/1589/216 2189/1582/216 2194/1587/216
f 2197/1590/216 2198/1591/216 2187/1580/216
f 2197/1590/216 2199/1592/216 2198/1591/216
f 2200/1593/216 2199/1592/216 2197/1590/216
f 2199/1592/216 2200/1593/216 2201/1594/216
f 2201/1594/216 2200/1593/216 2202/1563/216
f 2203/1595/216 2202/1563/216 2200/1593/216
f 2201/1594/216 2202/1563/216 2204/1596/216
f 2204/1596/216 2202/1563/216 2205/1562/216
f 2204/1596/216 2205/1562/216 2206/1561/216
f 2202/1563/216 2203/1595/216 2207/1597/217
f 2207/1597/217 2203/1595/216 2208/1598/217
f 2207/1597/217 2208/1598/217 2209/1599/217
f 2210/1600/216 2209/1599/217 2208/1598/217
f 2211/1601/217 2209/1599/217 2210/1600/216
f 2209/1599/217 2211/1601/217 2212/1602/217
f 2212/1602/217 2211/1601/217 2213/1603/217
f 2214/1604/216 2212/1602/217 2213/1603/217
f 2215/1605/217 2212/1602/217 2214/1604/216
f 2212/1602/217 2215/1605/217 2216/1606/216
f 2212/1602/217 2216/1606/216 2217/1607/217
f 2217/1607/217 2216/1606/216 2218/1608/217
f 2219/1609/217 2217/1607/217 2218/1608/217
f 2220/1610/216 2217/1607/217 2219/1609/217
f 2221/1597/218 2222/1559/219 2223/1563/218
f 2222/1559/219 2221/1597/218 2224/1599/220
f 2224/1599/220 2225/1555/221 2222/1559/219
f 2224/1599/220 2226/1602/222 2225/1555/221
f 2226/1602/222 2227/1556/222 2225/1555/221
f 2226/1602/222 2228/1560/223 2227/1556/222
f 2228/1560/223 2226/1602/222 2229/1607/224
f 2229/1607/224 2230/1565/225 2228/1560/223
f 2231/1610/226 2230/1565/225 2229/1607/224
f 2230/1565/225 2231/1610/226 2232/1568/226
f 2232/1568/226 2231/1610/226 2233/1611/226
f 2234/1612/227 2232/1568/226 2233/1611/226
f 2235/1570/227 2232/1568/226 2234/1612/227
f 2236/1613/228 2237/1614/228 2238/1615/228
f 2237/1614/228 2239/1616/228 2238/1615/228
f 2240/1617/229 2241/1618/229 2242/1619/230
f 2241/1618/229 2240/1617/229 2243/1620/229
f 2244/1621/231 2245/1622/231 2246/1623/232
f 2245/1622/231 2244/1621/231 2247/1624/232
f 2248/1625/233 2249/1626/234 2250/1627/235
f 2251/1628/236 2250/1627/235 2249/1626/234
f 2250/1627/235 2251/1628/236 2252/1629/237
f 2253/1630/238 2252/1629/237 2251/1628/236
f 2252/1629/237 2253/1630/238 2254/1631/238
f 2255/1632/239 2254/1631/238 2253/1630/238
f 2254/1631/238 2255/1632/239 2256/1633/240
f 2257/1634/241 2256/1633/240 2255/1632/239
f 2256/1633/240 2257/1634/241 2258/1635/241
f 2259/1636/242 2260/1637/242 2261/1638/242
f 2260/1637/242 2259/1636/242 2262/1539/242
f 2263/1617/243 2264/1639/243 2265/1640/243
f 2263/1617/243 2265/1640/243 2266/1620/243
f 2267/1641/244 2268/1642/245 2269/1643/246
f 2268/1642/245 2270/1644/247 2269/1643/246
f 2267/1641/244 2269/1643/246 2271/1645/248
f 2272/1646/249 2267/1641/244 2271/1645/248
f 2272/1646/249 2271/1645/248 2273/1647/250
f 2274/1648/250 2272/1646/249 2273/1647/250
f 2275/1649/251 2276/1650/252 2277/1651/252
f 2276/1650/252 2278/1652/251 2277/1651/252
f 2279/1653/253 2280/1654/253 2281/1655/253
f 2280/1654/253 2279/1653/253 2282/1656/253
f 2283/1657/254 2284/1656/255 2285/1653/255
f 2284/1656/255 2283/1657/254 2286/1658/254
f 2287/1659/256 2286/1658/254 2283/1657/254
f 2286/1658/254 2287/1659/256 2288/1660/256
f 2289/1661/257 2288/1660/256 2287/1659/256
f 2288/1660/256 2289/1661/257 2290/1662/257
f 2291/1663/258 2292/1664/259 2293/1665/260
f 2294/1666/261 2293/1665/260 2292/1664/259
f 2293/1665/260 2295/1667/262 2291/1663/258
f 2294/1666/261 2292/1664/259 2296/1668/263
f 2297/1669/264 2291/1663/258 2295/1667/262
f 2298/1670/265 2294/1666/261 2296/1668/263
f 2298/1670/265 2296/1668/263 2299/1671/266
f 2299/1671/266 2296/1668/263 2300/1672/267
f 2295/1667/262 2301/1673/268 2297/1669/264
f 2302/1674/269 2297/1669/264 2301/1673/268
f 2302/1674/269 2301/1673/268 2303/1675/270
f 2304/1676/271 2302/1674/269 2303/1675/270
f 2302/1674/269 2304/1676/271 2305/1677/272
f 2305/1677/272 2304/1676/271 2306/1678/273
f 2307/1679/274 2305/1677/272 2306/1678/273
f 2308/1680/275 2309/1681/275 2310/1682/275
f 2311/1683/275 2310/1682/275 2309/1681/275
f 2312/1684/275 2308/1680/275 2310/1682/275
f 2308/1680/275 2312/1684/275 2313/1685/275
f 2314/1686/275 2313/1685/275 2312/1684/275
f 2313/1685/275 2314/1686/275 2315/1687/275
f 2315/1687/275 2314/1686/275 2316/1688/275
f 2317/1689/275 2311/1683/275 2309/1681/275
f 2317/1689/275 2318/1690/275 2311/1683/275
f 2318/1690/275 2317/1689/275 2319/1691/275
f 2319/1691/275 2320/1692/275 2318/1690/275
f 2319/1691/275 2317/1689/275 2321/1693/275
f 2322/1694/275 2321/1693/275 2317/1689/275
f 2323/1695/275 2322/1694/275 2317/1689/275
f 2319/1691/275 2321/1693/275 2324/1696/275
f 2325/1697/275 2322/1694/275 2323/1695/275
f 2322/1694/275 2325/1697/275 2326/1698/275
f 2326/1698/275 2325/1697/275 2327/1699/275
f 2328/1700/275 2319/1691/275 2324/1696/275
f 2328/1700/275 2324/1696/275 2329/1701/275
f 2319/1691/275 2328/1700/275 2330/1702/275
f 2319/1691/275 2330/1702/275 2331/1703/275
f 2327/1699/275 2332/1672/275 2326/1698/275
f 2326/1698/275 2332/1672/275 2333/1704/275
f 2334/1705/275 2332/1672/275 2327/1699/275
f 2332/1672/275 2334/1705/275 2335/1671/275
f 2334/1705/275 2336/1670/275 2335/1671/275
f 2333/1704/275 2332/1672/275 2337/1706/276
f 2333/1704/275 2337/1706/276 2338/1707/276
f 2339/1708/276 2338/1707/276 2337/1706/276
f 2338/1707/276 2339/1708/276 2340/1709/275
f 2339/1708/276 2341/1710/276 2340/1709/275
f 2341/1710/276 2339/1708/276 2342/1711/276
f 2341/1710/276 2342/1711/276 2343/1712/275
f 2342/1711/276 2344/1713/275 2343/1712/275
f 2342/1711/276 2345/1714/276 2344/1713/275
f 2345/1714/276 2342/1711/276 2346/1715/275
f 2347/1716/276 2346/1715/275 2342/1711/276
f 2346/1715/275 2347/1716/276 2348/1717/276
f 2348/1717/276 2347/1716/276 2349/1718/276
f 2347/1716/276 2350/1719/277 2349/1718/276
f 2351/1668/278 2352/1706/279 2353/1672/279
f 2352/1706/279 2351/1668/278 2354/1708/280
f 2354/1708/280 2351/1668/278 2355/1664/281
f 2356/1711/282 2354/1708/280 2355/1664/281
f 2356/1711/282 2355/1664/281 2357/1663/282
f 2358/1669/283 2356/1711/282 2357/1663/282
f 2356/1711/282 2358/1669/283 2359/1716/284
f 2360/1674/285 2359/1716/284 2358/1669/283
f 2361/1719/286 2359/1716/284 2360/1674/285
f 2362/1677/286 2361/1719/286 2360/1674/285
f 2361/1719/286 2362/1677/286 2363/1720/286
f 2362/1677/286 2364/1721/287 2363/1720/286
f 2362/1677/286 2365/1679/287 2364/1721/287
o 116794493011985
v -0.236460 0.460620 0.009949
v -0.299627 0.468303 -0.009949
v -0.299627 0.468303 0.009949
v -0.236460 0.460620 -0.009949
v -0.453294 0.227753 -0.009949
v -0.378603 0.250217 0.009949
v -0.453294 0.227753 0.009949
v -0.378603 0.250217 -0.009949
v -0.327140 0.271205 0.009949
v -0.327140 0.271205 -0.009949
v -0.284556 0.318856 -0.009949
v -0.245637 0.396494 0.009949
v -0.284556 0.318856 0.009949
v -0.245637 0.396494 -0.009949
v -0.236460 0.460620 0.009949
v -0.236460 0.460620 -0.009949
v -0.370230 0.357312 -0.009949
v -0.453294 0.227753 -0.009949
v -0.370230 0.357312 0.009949
v -0.453294 0.227753 0.009949
v -0.299627 0.468303 0.009949
v -0.370230 0.357312 -0.009949
v -0.370230 0.357312 0.009949
v -0.299627 0.468303 -0.009949
v -0.327140 0.271205 -0.009949
v -0.308090 0.284190 0.009949
v -0.327140 0.271205 0.009949
v -0.308090 0.284190 -0.009949
v -0.284556 0.318856 0.009949
v -0.284556 0.318856 -0.009949
v -0.370230 0.357312 0.009949
v -0.284556 0.318856 0.009949
v -0.299627 0.468303 0.009949
v -0.245637 0.396494 0.009949
v -0.236460 0.460620 0.009949
v -0.308090 0.284190 0.009949
v -0.327140 0.271205 0.009949
v -0.378603 0.250217 0.009949
v -0.453294 0.227753 0.009949
v -0.370230 0.357312 -0.009949
v -0.284556 0.318856 -0.009949
v -0.308090 0.284190 -0.009949
v -0.327140 0.271205 -0.009949
v -0.378603 0.250217 -0.009949
v -0.453294 0.227753 -0.009949
v -0.299627 0.468303 -0.009949
v -0.245637 0.396494 -0.009949
v -0.236460 0.460620 -0.009949
vn 0.1203 0.9927 0.0004
vn 0.1207 0.9927 -0.0000
vn 0.1204 0.9927 0.0004
vn 0.1202 0.9928 0.0005
vn 0.2877 -0.9577 -0.0003
vn 0.3332 -0.9429 -0.0003
vn 0.2875 -0.9578 -0.0006
vn 0.3332 -0.9429 -0.0005
vn 0.4747 -0.8802 -0.0005
vn 0.8637 -0.5040 -0.0005
vn 0.9598 -0.2806 -0.0005
vn 0.9900 -0.1414 -0.0005
vn -0.8431 0.5378 0.0005
vn -0.8416 0.5401 0.0004
vn -0.8416 0.5400 0.0003
vn -0.8438 0.5366 0.0005
vn -0.8438 0.5366 0.0007
vn 0.4748 -0.8801 -0.0005
vn 0.7180 -0.6961 -0.0005
vn -0.0000 -0.0000 1.0000
vn -0.0000 -0.0003 1.0000
vn -0.0000 -0.0000 -1.0000
vn -0.0000 -0.0003 -1.0000
vt 1.000000 1.000000
vt 1.000000 0.000000
s 1
f 2366/1722/288 2367/1723/289 2368/1722/290
f 2367/1723/289 2366/1722/288 2369/1723/291
f 2370/1723/292 2371/1722/293 2372/1722/294
f 2371/1722/293 2370/1723/292 2373/1723/295
f 2373/1723/295 2374/1722/296 2371/1722/293
f 2374/1722/296 2373/1723/295 2375/1723/296
f 2376/1723/297 2377/1722/298 2378/1722/297
f 2377/1722/298 2376/1723/297 2379/1723/298
f 2379/1723/298 2380/1722/299 2377/1722/298
f 2380/1722/299 2379/1723/298 2381/1723/299
f 2382/1723/300 2383/1723/301 2384/1722/300
f 2385/1722/302 2384/1722/300 2383/1723/301
f 2386/1722/303 2387/1723/300 2388/1722/300
f 2387/1723/300 2386/1722/303 2389/1723/304
f 2390/1723/305 2391/1722/306 2392/1722/305
f 2391/1722/306 2390/1723/305 2393/1723/306
f 2393/1723/306 2394/1722/297 2391/1722/306
f 2394/1722/297 2393/1723/306 2395/1723/297
f 2396/1722/307 2397/1722/307 2398/1722/307
f 2398/1722/307 2397/1722/307 2399/1722/307
f 2400/1722/307 2398/1722/307 2399/1722/307
f 2397/1722/307 2396/1722/307 2401/1722/307
f 2396/1722/307 2402/1722/307 2401/1722/307
f 2402/1722/307 2396/1722/307 2403/1722/307
f 2403/1722/307 2396/1722/307 2404/1722/308
f 2405/1723/309 2406/1723/309 2407/1723/309
f 2405/1723/309 2407/1723/309 2408/1723/309
f 2405/1723/309 2408/1723/309 2409/1723/309
f 2409/1723/309 2410/1723/310 2405/1723/309
f 2406/1723/309 2405/1723/309 2411/1723/309
f 2406/1723/309 2411/1723/309 2412/1723/309
f 2412/1723/309 2411/1723/309 2413/1723/309
o 116794493011985.001
v 0.093290 0.460620 -0.036292
v 0.156457 0.468303 -0.016394
v 0.156457 0.468303 -0.036292
v 0.093290 0.460620 -0.016394
v 0.310124 0.227753 -0.016394
v 0.235433 0.250217 -0.036292
v 0.310124 0.227753 -0.036292
v 0.235433 0.250217 -0.016394
v 0.183969 0.271205 -0.036292
v 0.183969 0.271205 -0.016394
v 0.141385 0.318856 -0.016394
v 0.102466 0.396494 -0.036292
v 0.141385 0.318856 -0.036292
v 0.102466 0.396494 -0.016394
v 0.093290 0.460620 -0.036292
v 0.093290 0.460620 -0.016394
v 0.227060 0.357312 -0.016394
v 0.310124 0.227753 -0.016394
v 0.227060 0.357312 -0.036292
v 0.310124 0.227753 -0.036292
v 0.156457 0.468303 -0.036292
v 0.227060 0.357312 -0.016394
v 0.227060 0.357312 -0.036292
v 0.156457 0.468303 -0.016394
v 0.183969 0.271205 -0.016394
v 0.164919 0.284190 -0.036292
v 0.183969 0.271205 -0.036292
v 0.164919 0.284190 -0.016394
v 0.141385 0.318856 -0.036292
v 0.141385 0.318856 -0.016394
v 0.227060 0.357312 -0.036292
v 0.141385 0.318856 -0.036292
v 0.156457 0.468303 -0.036292
v 0.102466 0.396494 -0.036292
v 0.093290 0.460620 -0.036292
v 0.164919 0.284190 -0.036292
v 0.183969 0.271205 -0.036292
v 0.235433 0.250217 -0.036292
v 0.310124 0.227753 -0.036292
v 0.227060 0.357312 -0.016394
v 0.141385 0.318856 -0.016394
v 0.164919 0.284190 -0.016394
v 0.183969 0.271205 -0.016394
v 0.235433 0.250217 -0.016394
v 0.310124 0.227753 -0.016394
v 0.156457 0.468303 -0.016394
v 0.102466 0.396494 -0.016394
v 0.093290 0.460620 -0.016394
vn -0.1204 0.9927 -0.0003
vn -0.1207 0.9927 -0.0000
vn -0.1204 0.9927 -0.0004
vn -0.1202 0.9928 -0.0005
vn -0.2877 -0.9577 0.0003
vn -0.3332 -0.9429 -0.0000
vn -0.2875 -0.9578 0.0006
vn -0.4746 -0.8802 0.0005
vn -0.8637 -0.5040 0.0005
vn -0.9598 -0.2806 0.0005
vn -0.9899 -0.1415 0.0003
vn 0.8431 0.5378 -0.0005
vn 0.8418 0.5397 -0.0000
vn 0.8416 0.5402 -0.0004
vn 0.8438 0.5366 -0.0005
vn -0.4748 -0.8801 0.0005
vn -0.7180 -0.6961 0.0005
vn -0.0000 -0.0000 -1.0000
vn -0.0000 -0.0003 -1.0000
vn -0.0000 -0.0000 1.0000
vn -0.0000 -0.0003 1.0000
vt 1.000000 1.000000
vt 1.000000 0.000000
s 1
f 2414/1724/311 2415/1725/312 2416/1724/313
f 2415/1725/312 2414/1724/311 2417/1725/314
f 2418/1725/315 2419/1724/316 2420/1724/317
f 2419/1724/316 2418/1725/315 2421/1725/316
f 2421/1725/316 2422/1724/318 2419/1724/316
f 2422/1724/318 2421/1725/316 2423/1725/318
f 2424/1725/319 2425/1724/320 2426/1724/319
f 2425/1724/320 2424/1725/319 2427/1725/320
f 2427/1725/320 2428/1724/321 2425/1724/320
f 2428/1724/321 2427/1725/320 2429/1725/321
f 2430/1725/322 2431/1725/323 2432/1724/322
f 2433/1724/324 2432/1724/322 2431/1725/323
f 2434/1724/325 2435/1725/322 2436/1724/322
f 2435/1725/322 2434/1724/325 2437/1725/325
f 2438/1725/326 2439/1724/327 2440/1724/326
f 2439/1724/327 2438/1725/326 2441/1725/327
f 2441/1725/327 2442/1724/319 2439/1724/327
f 2442/1724/319 2441/1725/327 2443/1725/319
f 2444/1724/328 2445/1724/328 2446/1724/328
f 2446/1724/328 2445/1724/328 2447/1724/328
f 2448/1724/328 2446/1724/328 2447/1724/328
f 2445/1724/328 2444/1724/328 2449/1724/328
f 2444/1724/328 2450/1724/328 2449/1724/328
f 2450/1724/328 2444/1724/328 2451/1724/328
f 2451/1724/328 2444/1724/328 2452/1724/329
f 2453/1725/330 2454/1725/330 2455/1725/330
f 2453/1725/330 2455/1725/330 2456/1725/330
f 2453/1725/330 2456/1725/330 2457/1725/330
f 2457/1725/330 2458/1725/331 2453/1725/330
f 2454/1725/330 2453/1725/330 2459/1725/330
f 2454/1725/330 2459/1725/330 2460/1725/330
f 2460/1725/330 2459/1725/330 2461/1725/330
o 70531853704400
v -0.448837 0.773907 0.020534
v -0.452415 0.684088 -0.016636
v -0.448837 0.773907 -0.016636
v -0.452415 0.684088 0.020534
v -0.806668 0.979543 -0.016636
v -0.954790 1.057810 -0.016636
v -0.806668 0.979543 0.020534
v -0.954790 1.057810 0.020534
v -1.075631 1.129080 -0.016636
v -1.075631 1.129080 0.020534
v -0.517300 0.847822 0.020534
v -0.517300 0.847822 -0.016636
v -0.448837 0.773907 0.020534
v -0.448837 0.773907 -0.016636
v -1.075631 1.129080 -0.016636
v -1.019663 1.010290 0.020534
v -1.075631 1.129080 0.020534
v -1.019663 1.010290 -0.016636
v -0.958329 0.913464 0.020534
v -0.958329 0.913464 -0.016636
v -0.913332 0.858777 0.020534
v -0.913332 0.858777 -0.016636
v -0.794369 0.775250 0.020534
v -0.794369 0.775250 -0.016636
v -0.671611 0.735900 0.020534
v -0.671611 0.735900 -0.016636
v -0.452415 0.684088 0.020534
v -0.452415 0.684088 -0.016636
v -0.806668 0.979543 0.020534
v -0.913332 0.858777 0.020534
v -0.794369 0.775250 0.020534
v -0.671611 0.735900 0.020534
v -0.954790 1.057810 0.020534
v -0.517300 0.847822 0.020534
v -0.452415 0.684088 0.020534
v -0.448837 0.773907 0.020534
v -0.958329 0.913464 0.020534
v -1.019663 1.010290 0.020534
v -1.075631 1.129080 0.020534
v -0.671611 0.735900 -0.016636
v -0.517300 0.847822 -0.016636
v -0.452415 0.684088 -0.016636
v -0.448837 0.773907 -0.016636
v -0.806668 0.979543 -0.016636
v -0.794369 0.775250 -0.016636
v -0.913332 0.858777 -0.016636
v -0.954790 1.057810 -0.016636
v -0.958329 0.913464 -0.016636
v -1.019663 1.010290 -0.016636
v -1.075631 1.129080 -0.016636
vn 0.9992 -0.0398 -0.0000
vn 0.9992 -0.0396 -0.0005
vn 0.9992 -0.0397 -0.0003
vn 0.9992 -0.0396 -0.0004
vn 0.4409 0.8975 -0.0000
vn 0.4877 0.8730 -0.0000
vn 0.4414 0.8973 0.0005
vn 0.5078 0.8615 0.0004
vn 0.6064 0.7951 0.0005
vn 0.7336 0.6796 0.0005
vn 0.7336 0.6796 0.0003
vn -0.9045 -0.4265 -0.0004
vn -0.8776 -0.4794 -0.0005
vn -0.9044 -0.4266 -0.0005
vn -0.8776 -0.4795 -0.0005
vn -0.8119 -0.5838 -0.0005
vn -0.6890 -0.7247 -0.0005
vn -0.6890 -0.7248 -0.0005
vn -0.4555 -0.8902 -0.0005
vn -0.2678 -0.9635 -0.0000
vn -0.2682 -0.9634 -0.0006
vn -0.2295 -0.9733 -0.0006
vn -0.2297 -0.9733 -0.0004
vn -0.0000 -0.0000 1.0000
vn -0.0000 -0.0000 -1.0000
vt 0.500000 1.000000
vt 1.000000 0.000000
vt 0.500000 0.000000
vt 1.000000 1.000000
s 1
f 2462/1726/332 2463/1727/333 2464/1728/334
f 2463/1727/333 2462/1726/332 2465/1729/335
f 2466/1727/336 2467/1727/337 2468/1729/338
f 2469/1729/337 2468/1729/338 2467/1727/337
f 2469/1729/337 2467/1727/337 2470/1727/339
f 2471/1729/339 2469/1729/337 2470/1727/339
f 2472/1726/340 2466/1727/336 2468/1729/338
f 2466/1727/336 2472/1726/340 2473/1728/340
f 2474/1726/341 2473/1728/340 2472/1726/340
f 2473/1728/340 2474/1726/341 2475/1728/342
f 2476/1727/343 2477/1729/344 2478/1729/345
f 2477/1729/344 2476/1727/343 2479/1727/346
f 2479/1727/346 2480/1729/347 2477/1729/344
f 2480/1729/347 2479/1727/346 2481/1727/347
f 2481/1727/347 2482/1729/348 2480/1729/347
f 2482/1729/348 2481/1727/347 2483/1727/349
f 2483/1727/349 2484/1729/350 2482/1729/348
f 2484/1729/350 2483/1727/349 2485/1727/350
f 2485/1727/350 2486/1729/351 2484/1729/350
f 2486/1729/351 2485/1727/350 2487/1727/352
f 2487/1727/352 2488/1729/353 2486/1729/351
f 2488/1729/353 2487/1727/352 2489/1727/354
f 2490/1729/355 2491/1729/355 2492/1729/355
f 2490/1729/355 2492/1729/355 2493/1729/355
f 2494/1729/355 2491/1729/355 2490/1729/355
f 2493/1729/355 2495/1726/355 2490/1729/355
f 2496/1729/355 2495/1726/355 2493/1729/355
f 2495/1726/355 2496/1729/355 2497/1726/355
f 2491/1729/355 2494/1729/355 2498/1729/355
f 2498/1729/355 2494/1729/355 2499/1729/355
f 2499/1729/355 2494/1729/355 2500/1729/355
f 2501/1727/356 2502/1728/356 2503/1727/356
f 2503/1727/356 2502/1728/356 2504/1728/356
f 2502/1728/356 2501/1727/356 2505/1727/356
f 2506/1727/356 2505/1727/356 2501/1727/356
f 2505/1727/356 2506/1727/356 2507/1727/356
f 2507/1727/356 2508/1727/356 2505/1727/356
f 2508/1727/356 2507/1727/356 2509/1727/356
f 2508/1727/356 2509/1727/356 2510/1727/356
f 2510/1727/356 2511/1727/356 2508/1727/356
o 70531853704400.001
v 0.293822 0.773907 -0.044928
v 0.297399 0.684088 -0.007758
v 0.293822 0.773907 -0.007758
v 0.297399 0.684088 -0.044928
v 0.651652 0.979543 -0.007758
v 0.799774 1.057810 -0.007758
v 0.651652 0.979543 -0.044928
v 0.799774 1.057810 -0.044928
v 0.920615 1.129080 -0.007758
v 0.920615 1.129080 -0.044928
v 0.362285 0.847822 -0.044928
v 0.362285 0.847822 -0.007758
v 0.293822 0.773907 -0.044928
v 0.293822 0.773907 -0.007758
v 0.920615 1.129080 -0.007758
v 0.864647 1.010290 -0.044928
v 0.920615 1.129080 -0.044928
v 0.864647 1.010290 -0.007758
v 0.803313 0.913464 -0.044928
v 0.803313 0.913464 -0.007758
v 0.758316 0.858777 -0.044928
v 0.758316 0.858777 -0.007758
v 0.639353 0.775250 -0.044928
v 0.639353 0.775250 -0.007758
v 0.516596 0.735900 -0.044928
v 0.516596 0.735900 -0.007758
v 0.297399 0.684088 -0.044928
v 0.297399 0.684088 -0.007758
v 0.651652 0.979543 -0.044928
v 0.758316 0.858777 -0.044928
v 0.639353 0.775250 -0.044928
v 0.516596 0.735900 -0.044928
v 0.799774 1.057810 -0.044928
v 0.362285 0.847822 -0.044928
v 0.297399 0.684088 -0.044928
v 0.293822 0.773907 -0.044928
v 0.803313 0.913464 -0.044928
v 0.864647 1.010290 -0.044928
v 0.920615 1.129080 -0.044928
v 0.516596 0.735900 -0.007758
v 0.362285 0.847822 -0.007758
v 0.297399 0.684088 -0.007758
v 0.293822 0.773907 -0.007758
v 0.651652 0.979543 -0.007758
v 0.639353 0.775250 -0.007758
v 0.758316 0.858777 -0.007758
v 0.799774 1.057810 -0.007758
v 0.803313 0.913464 -0.007758
v 0.864647 1.010290 -0.007758
v 0.920615 1.129080 -0.007758
vn -0.9992 -0.0398 -0.0000
vn -0.9992 -0.0396 0.0003
vn -0.9992 -0.0396 0.0004
vn -0.4413 0.8973 -0.0004
vn -0.4877 0.8730 -0.0000
vn -0.5078 0.8615 -0.0004
vn -0.5077 0.8615 -0.0006
vn -0.6064 0.7951 -0.0005
vn -0.7335 0.6797 -0.0005
vn -0.7336 0.6796 -0.0003
vn 0.9045 -0.4264 0.0003
vn 0.8776 -0.4794 0.0005
vn 0.9046 -0.4262 -0.0000
vn 0.8776 -0.4795 0.0005
vn 0.8119 -0.5838 0.0005
vn 0.6890 -0.7247 0.0005
vn 0.6890 -0.7248 0.0005
vn 0.4555 -0.8902 0.0005
vn 0.2680 -0.9634 0.0003
vn 0.2678 -0.9635 -0.0000
vn 0.2300 -0.9732 -0.0000
vn 0.2297 -0.9733 0.0004
vn -0.0000 -0.0000 -1.0000
vn -0.0000 -0.0000 1.0000
vt 0.500000 1.000000
vt 1.000000 0.000000
vt 0.500000 0.000000
vt 1.000000 1.000000
s 1
f 2512/1730/357 2513/1731/357 2514/1732/358
f 2513/1731/357 2512/1730/357 2515/1733/359
f 2516/1731/360 2517/1731/361 2518/1733/360
f 2519/1733/361 2518/1733/360 2517/1731/361
f 2519/1733/361 2517/1731/361 2520/1731/362
f 2521/1733/363 2519/1733/361 2520/1731/362
f 2522/1730/364 2516/1731/360 2518/1733/360
f 2516/1731/360 2522/1730/364 2523/1732/364
f 2524/1730/365 2523/1732/364 2522/1730/364
f 2523/1732/364 2524/1730/365 2525/1732/366
f 2526/1731/367 2527/1733/368 2528/1733/369
f 2527/1733/368 2526/1731/367 2529/1731/370
f 2529/1731/370 2530/1733/371 2527/1733/368
f 2530/1733/371 2529/1731/370 2531/1731/371
f 2531/1731/371 2532/1733/372 2530/1733/371
f 2532/1733/372 2531/1731/371 2533/1731/373
f 2533/1731/373 2534/1733/374 2532/1733/372
f 2534/1733/374 2533/1731/373 2535/1731/374
f 2535/1731/374 2536/1733/375 2534/1733/374
f 2536/1733/375 2535/1731/374 2537/1731/376
f 2537/1731/376 2538/1733/377 2536/1733/375
f 2538/1733/377 2537/1731/376 2539/1731/378
f 2540/1733/379 2541/1733/379 2542/1733/379
f 2540/1733/379 2542/1733/379 2543/1733/379
f 2544/1733/379 2541/1733/379 2540/1733/379
f 2543/1733/379 2545/1730/379 2540/1733/379
f 2546/1733/379 2545/1730/379 2543/1733/379
f 2545/1730/379 2546/1733/379 2547/1730/379
f 2541/1733/379 2544/1733/379 2548/1733/379
f 2548/1733/379 2544/1733/379 2549/1733/379
f 2549/1733/379 2544/1733/379 2550/1733/379
f 2551/1731/380 2552/1732/380 2553/1731/380
f 2553/1731/380 2552/1732/380 2554/1732/380
f 2552/1732/380 2551/1731/380 2555/1731/380
f 2556/1731/380 2555/1731/380 2551/1731/380
f 2555/1731/380 2556/1731/380 2557/1731/380
f 2557/1731/380 2558/1731/380 2555/1731/380
f 2558/1731/380 2557/1731/380 2559/1731/380
f 2558/1731/380 2559/1731/380 2560/1731/380
f 2560/1731/380 2561/1731/380 2558/1731/380
o 75653026415169
v -0.415333 0.604782 -0.013061
v -0.356202 0.518845 0.013061
v -0.356202 0.518845 -0.013061
v -0.415333 0.604782 0.013061
v -0.628319 0.571028 -0.013061
v -0.877640 0.532424 -0.013061
v -0.628319 0.571028 0.013061
v -0.877640 0.532424 0.013061
v -0.415333 0.604782 0.013061
v -0.415333 0.604782 -0.013061
v -0.877640 0.532424 -0.013061
v -0.768967 0.465058 0.013061
v -0.877640 0.532424 0.013061
v -0.768967 0.465058 -0.013061
v -0.687319 0.424621 0.013061
v -0.687319 0.424621 -0.013061
v -0.650689 0.415317 0.013061
v -0.650689 0.415317 -0.013061
v -0.582557 0.424038 0.013061
v -0.582557 0.424038 -0.013061
v -0.582557 0.424038 -0.013061
v -0.444937 0.460507 0.013061
v -0.444937 0.460507 -0.013061
v -0.356202 0.518845 0.013061
v -0.356202 0.518845 -0.013061
v -0.582557 0.424038 0.013061
v -0.444937 0.460507 0.013061
v -0.628319 0.571028 0.013061
v -0.650689 0.415317 0.013061
v -0.687319 0.424621 0.013061
v -0.768967 0.465058 0.013061
v -0.877640 0.532424 0.013061
v -0.415333 0.604782 0.013061
v -0.356202 0.518845 0.013061
v -0.628319 0.571028 -0.013061
v -0.444937 0.460507 -0.013061
v -0.582557 0.424038 -0.013061
v -0.650689 0.415317 -0.013061
v -0.687319 0.424621 -0.013061
v -0.768967 0.465058 -0.013061
v -0.877640 0.532424 -0.013061
v -0.415333 0.604782 -0.013061
v -0.356202 0.518845 -0.013061
vn 0.8238 0.5668 -0.0000
vn 0.8238 0.5669 -0.0000
vn 0.8236 0.5671 0.0006
vn -0.1548 0.9880 -0.0000
vn -0.1530 0.9882 -0.0000
vn -0.1549 0.9879 0.0006
vn -0.1530 0.9882 0.0005
vn -0.1567 0.9876 0.0003
vn -0.1565 0.9877 -0.0000
vn -0.5272 -0.8498 -0.0006
vn -0.4865 -0.8737 -0.0004
vn -0.5271 -0.8498 -0.0005
vn -0.4864 -0.8737 -0.0003
vn -0.3516 -0.9361 -0.0005
vn -0.3517 -0.9361 -0.0005
vn -0.0685 -0.9977 -0.0005
vn 0.1922 -0.9814 -0.0005
vn 0.4113 -0.9115 -0.0005
vn 0.5494 -0.8356 -0.0000
vn 0.5496 -0.8354 -0.0006
vn -0.0000 -0.0000 1.0000
vn -0.0000 -0.0000 -1.0000
vt 1.000000 0.000000
vt 1.000000 1.000000
s 1
f 2562/1734/381 2563/1735/382 2564/1734/383
f 2563/1735/382 2562/1734/381 2565/1735/381
f 2566/1734/384 2567/1734/385 2568/1735/386
f 2569/1735/387 2568/1735/386 2567/1734/385
f 2570/1735/388 2566/1734/384 2568/1735/386
f 2566/1734/384 2570/1735/388 2571/1734/389
f 2572/1734/390 2573/1735/391 2574/1735/392
f 2573/1735/391 2572/1734/390 2575/1734/393
f 2575/1734/393 2576/1735/394 2573/1735/391
f 2576/1735/394 2575/1734/393 2577/1734/395
f 2577/1734/395 2578/1735/396 2576/1735/394
f 2578/1735/396 2577/1734/395 2579/1734/396
f 2579/1734/396 2580/1735/397 2578/1735/396
f 2580/1735/397 2579/1734/396 2581/1734/397
f 2582/1734/397 2583/1735/398 2580/1735/397
f 2583/1735/398 2582/1734/397 2584/1734/398
f 2584/1734/398 2585/1735/399 2583/1735/398
f 2585/1735/399 2584/1734/398 2586/1734/400
f 2587/1735/401 2588/1735/401 2589/1735/401
f 2589/1735/401 2590/1735/401 2587/1735/401
f 2590/1735/401 2589/1735/401 2591/1735/401
f 2591/1735/401 2589/1735/401 2592/1735/401
f 2592/1735/401 2589/1735/401 2593/1735/401
f 2588/1735/401 2594/1735/401 2589/1735/401
f 2594/1735/401 2588/1735/401 2595/1735/401
f 2596/1734/402 2597/1734/402 2598/1734/402
f 2599/1734/402 2596/1734/402 2598/1734/402
f 2596/1734/402 2599/1734/402 2600/1734/402
f 2596/1734/402 2600/1734/402 2601/1734/402
f 2601/1734/402 2602/1734/402 2596/1734/402
f 2597/1734/402 2596/1734/402 2603/1734/402
f 2597/1734/402 2603/1734/402 2604/1734/402
o 75653026415169.001
v 0.264091 0.604782 -0.013282
v 0.204960 0.518845 -0.039404
v 0.204960 0.518845 -0.013282
v 0.264091 0.604782 -0.039404
v 0.477077 0.571028 -0.013282
v 0.726397 0.532424 -0.013282
v 0.477077 0.571028 -0.039404
v 0.726397 0.532424 -0.039404
v 0.264091 0.604782 -0.039404
v 0.264091 0.604782 -0.013282
v 0.726397 0.532424 -0.013282
v 0.617724 0.465058 -0.039404
v 0.726397 0.532424 -0.039404
v 0.617724 0.465058 -0.013282
v 0.536077 0.424621 -0.039404
v 0.536077 0.424621 -0.013282
v 0.499446 0.415317 -0.039404
v 0.499446 0.415317 -0.013282
v 0.431315 0.424038 -0.039404
v 0.431315 0.424038 -0.013282
v 0.431315 0.424038 -0.013282
v 0.293694 0.460507 -0.039404
v 0.293694 0.460507 -0.013282
v 0.204960 0.518845 -0.039404
v 0.204960 0.518845 -0.013282
v 0.431315 0.424038 -0.039404
v 0.293694 0.460507 -0.039404
v 0.477077 0.571028 -0.039404
v 0.499446 0.415317 -0.039404
v 0.536077 0.424621 -0.039404
v 0.617724 0.465058 -0.039404
v 0.726397 0.532424 -0.039404
v 0.264091 0.604782 -0.039404
v 0.204960 0.518845 -0.039404
v 0.477077 0.571028 -0.013282
v 0.293694 0.460507 -0.013282
v 0.431315 0.424038 -0.013282
v 0.499446 0.415317 -0.013282
v 0.536077 0.424621 -0.013282
v 0.617724 0.465058 -0.013282
v 0.726397 0.532424 -0.013282
v 0.264091 0.604782 -0.013282
v 0.204960 0.518845 -0.013282
vn -0.8238 0.5668 -0.0000
vn -0.8238 0.5669 -0.0000
vn 0.1548 0.9880 -0.0000
vn 0.1530 0.9882 -0.0000
vn 0.1530 0.9882 -0.0006
vn 0.1567 0.9876 -0.0003
vn 0.1568 0.9876 -0.0004
vn 0.5271 -0.8498 0.0004
vn 0.4864 -0.8737 0.0003
vn 0.5272 -0.8498 0.0006
vn 0.4865 -0.8737 0.0004
vn 0.3516 -0.9362 0.0005
vn 0.3517 -0.9361 0.0005
vn 0.0685 -0.9977 0.0005
vn 0.0685 -0.9976 0.0005
vn -0.1922 -0.9814 0.0005
vn -0.4113 -0.9115 0.0005
vn -0.5494 -0.8356 -0.0000
vn -0.5496 -0.8354 0.0006
vn -0.0000 -0.0000 -1.0000
vn -0.0000 -0.0000 1.0000
vt 1.000000 0.000000
vt 1.000000 1.000000
s 1
f 2605/1736/403 2606/1737/404 2607/1736/404
f 2606/1737/404 2605/1736/403 2608/1737/403
f 2609/1736/405 2610/1736/406 2611/1737/405
f 2612/1737/407 2611/1737/405 2610/1736/406
f 2613/1737/408 2609/1736/405 2611/1737/405
f 2609/1736/405 2613/1737/408 2614/1736/409
f 2615/1736/410 2616/1737/411 2617/1737/412
f 2616/1737/411 2615/1736/410 2618/1736/413
f 2618/1736/413 2619/1737/414 2616/1737/411
f 2619/1737/414 2618/1736/413 2620/1736/415
f 2620/1736/415 2621/1737/416 2619/1737/414
f 2621/1737/416 2620/1736/415 2622/1736/417
f 2622/1736/417 2623/1737/418 2621/1737/416
f 2623/1737/418 2622/1736/417 2624/1736/418
f 2625/1736/418 2626/1737/419 2623/1737/418
f 2626/1737/419 2625/1736/418 2627/1736/419
f 2627/1736/419 2628/1737/420 2626/1737/419
f 2628/1737/420 2627/1736/419 2629/1736/421
f 2630/1737/422 2631/1737/422 2632/1737/422
f 2632/1737/422 2633/1737/422 2630/1737/422
f 2633/1737/422 2632/1737/422 2634/1737/422
f 2634/1737/422 2632/1737/422 2635/1737/422
f 2635/1737/422 2632/1737/422 2636/1737/422
f 2631/1737/422 2637/1737/422 2632/1737/422
f 2637/1737/422 2631/1737/422 2638/1737/422
f 2639/1736/423 2640/1736/423 2641/1736/423
f 2642/1736/423 2639/1736/423 2641/1736/423
f 2639/1736/423 2642/1736/423 2643/1736/423
f 2639/1736/423 2643/1736/423 2644/1736/423
f 2644/1736/423 2645/1736/423 2639/1736/423
f 2640/1736/423 2639/1736/423 2646/1736/423
f 2640/1736/423 2646/1736/423 2647/1736/423
o 79379292583488
v -0.439298 0.682029 -0.019456
v -0.406485 0.605587 0.010572
v -0.406485 0.605587 -0.019456
v -0.439298 0.682029 0.010572
v -0.752159 0.737798 -0.019456
v -1.002047 0.772549 -0.019456
v -0.752159 0.737798 0.010572
v -1.002047 0.772549 0.010572
v -0.439298 0.682029 0.010572
v -0.439298 0.682029 -0.019456
v -1.002047 0.772549 -0.019456
v -0.917346 0.676769 0.010572
v -1.002047 0.772549 0.010572
v -0.917346 0.676769 -0.019456
v -0.850781 0.614554 0.010572
v -0.850781 0.614554 -0.019456
v -0.818377 0.595105 0.010572
v -0.818377 0.595105 -0.019456
v -0.750617 0.583857 0.010572
v -0.750617 0.583857 -0.019456
v -0.608323 0.579196 0.010572
v -0.608323 0.579196 -0.019456
v -0.406485 0.605587 0.010572
v -0.406485 0.605587 -0.019456
v -0.608323 0.579196 0.010572
v -0.439298 0.682029 0.010572
v -0.752159 0.737798 0.010572
v -0.406485 0.605587 0.010572
v -0.750617 0.583857 0.010572
v -0.818377 0.595105 0.010572
v -0.850781 0.614554 0.010572
v -0.917346 0.676769 0.010572
v -1.002047 0.772549 0.010572
v -0.750617 0.583857 -0.019456
v -0.752159 0.737798 -0.019456
v -0.608323 0.579196 -0.019456
v -0.818377 0.595105 -0.019456
v -0.850781 0.614554 -0.019456
v -0.917346 0.676769 -0.019456
v -1.002047 0.772549 -0.019456
v -0.439298 0.682029 -0.019456
v -0.406485 0.605587 -0.019456
vn 0.9188 0.3946 0.0003
vn 0.9188 0.3947 0.0004
vn 0.9189 0.3944 -0.0000
vn 0.1566 0.9877 -0.0000
vn 0.1378 0.9905 0.0005
vn 0.1377 0.9905 -0.0000
vn 0.1754 0.9845 0.0007
vn 0.1754 0.9845 0.0006
vn -0.7491 -0.6625 -0.0000
vn -0.7176 -0.6965 -0.0004
vn -0.7176 -0.6965 -0.0005
vn -0.6080 -0.7940 -0.0005
vn -0.6079 -0.7940 -0.0005
vn -0.3601 -0.9329 -0.0005
vn -0.0999 -0.9950 -0.0005
vn 0.0482 -0.9988 -0.0004
vn 0.0479 -0.9989 -0.0005
vn 0.1297 -0.9916 -0.0006
vn 0.1296 -0.9916 -0.0000
vn -0.0000 -0.0000 1.0000
vn -0.0000 -0.0000 -1.0000
vt 1.000000 0.000000
vt 1.000000 1.000000
s 1
f 2648/1738/424 2649/1739/425 2650/1738/426
f 2649/1739/425 2648/1738/424 2651/1739/425
f 2652/1738/427 2653/1738/428 2654/1739/427
f 2655/1739/429 2654/1739/427 2653/1738/428
f 2656/1739/430 2652/1738/427 2654/1739/427
f 2652/1738/427 2656/1739/430 2657/1738/431
f 2658/1738/432 2659/1739/433 2660/1739/432
f 2659/1739/433 2658/1738/432 2661/1738/434
f 2661/1738/434 2662/1739/435 2659/1739/433
f 2662/1739/435 2661/1738/434 2663/1738/436
f 2663/1738/436 2664/1739/437 2662/1739/435
f 2664/1739/437 2663/1738/436 2665/1738/437
f 2665/1738/437 2666/1739/438 2664/1739/437
f 2666/1739/438 2665/1738/437 2667/1738/438
f 2667/1738/438 2668/1739/439 2666/1739/438
f 2668/1739/439 2667/1738/438 2669/1738/440
f 2669/1738/440 2670/1739/441 2668/1739/439
f 2670/1739/441 2669/1738/440 2671/1738/442
f 2672/1739/443 2673/1739/443 2674/1739/443
f 2673/1739/443 2672/1739/443 2675/1739/443
f 2674/1739/443 2676/1739/443 2672/1739/443
f 2674/1739/443 2677/1739/443 2676/1739/443
f 2677/1739/443 2674/1739/443 2678/1739/443
f 2678/1739/443 2674/1739/443 2679/1739/443
f 2679/1739/443 2674/1739/443 2680/1739/443
f 2681/1738/444 2682/1738/444 2683/1738/444
f 2684/1738/444 2682/1738/444 2681/1738/444
f 2682/1738/444 2684/1738/444 2685/1738/444
f 2682/1738/444 2685/1738/444 2686/1738/444
f 2682/1738/444 2686/1738/444 2687/1738/444
f 2683/1738/444 2682/1738/444 2688/1738/444
f 2683/1738/444 2688/1738/444 2689/1738/444
o 79379292583488.001
v 0.284167 0.682029 -0.011329
v 0.251354 0.605587 -0.041357
v 0.251354 0.605587 -0.011329
v 0.284167 0.682029 -0.041357
v 0.597028 0.737798 -0.011329
v 0.846915 0.772549 -0.011329
v 0.597028 0.737798 -0.041357
v 0.846915 0.772549 -0.041357
v 0.284167 0.682029 -0.041357
v 0.284167 0.682029 -0.011329
v 0.846915 0.772549 -0.011329
v 0.762214 0.676769 -0.041357
v 0.846915 0.772549 -0.041357
v 0.762214 0.676769 -0.011329
v 0.695650 0.614554 -0.041357
v 0.695650 0.614554 -0.011329
v 0.663246 0.595105 -0.041357
v 0.663246 0.595105 -0.011329
v 0.595486 0.583857 -0.041357
v 0.595486 0.583857 -0.011329
v 0.453191 0.579196 -0.041357
v 0.453191 0.579196 -0.011329
v 0.251354 0.605587 -0.041357
v 0.251354 0.605587 -0.011329
v 0.453191 0.579196 -0.041357
v 0.284167 0.682029 -0.041357
v 0.597028 0.737798 -0.041357
v 0.251354 0.605587 -0.041357
v 0.595486 0.583857 -0.041357
v 0.663246 0.595105 -0.041357
v 0.695650 0.614554 -0.041357
v 0.762214 0.676769 -0.041357
v 0.846915 0.772549 -0.041357
v 0.595486 0.583857 -0.011329
v 0.597028 0.737798 -0.011329
v 0.453191 0.579196 -0.011329
v 0.663246 0.595105 -0.011329
v 0.695650 0.614554 -0.011329
v 0.762214 0.676769 -0.011329
v 0.846915 0.772549 -0.011329
v 0.284167 0.682029 -0.011329
v 0.251354 0.605587 -0.011329
vn -0.9188 0.3947 -0.0004
vn -0.9188 0.3948 -0.0005
vn -0.1566 0.9877 -0.0000
vn -0.1378 0.9905 -0.0005
vn -0.1377 0.9905 -0.0000
vn -0.1754 0.9845 -0.0007
vn -0.1754 0.9845 -0.0006
vn 0.7491 -0.6625 -0.0000
vn 0.7177 -0.6964 0.0005
vn 0.7176 -0.6965 0.0005
vn 0.6080 -0.7940 0.0005
vn 0.6079 -0.7940 0.0005
vn 0.3601 -0.9329 0.0005
vn 0.0999 -0.9950 0.0005
vn -0.0482 -0.9988 0.0004
vn -0.0479 -0.9989 0.0005
vn -0.1297 -0.9916 0.0007
vn -0.1297 -0.9916 -0.0000
vn -0.0000 -0.0000 -1.0000
vn -0.0000 -0.0000 1.0000
vt 1.000000 0.000000
vt 1.000000 1.000000
s 1
f 2690/1740/445 2691/1741/446 2692/1740/445
f 2691/1741/446 2690/1740/445 2693/1741/445
f 2694/1740/447 2695/1740/448 2696/1741/447
f 2697/1741/449 2696/1741/447 2695/1740/448
f 2698/1741/450 2694/1740/447 2696/1741/447
f 2694/1740/447 2698/1741/450 2699/1740/451
f 2700/1740/452 2701/1741/453 2702/1741/452
f 2701/1741/453 2700/1740/452 2703/1740/454
f 2703/1740/454 2704/1741/455 2701/1741/453
f 2704/1741/455 2703/1740/454 2705/1740/456
f 2705/1740/456 2706/1741/457 2704/1741/455
f 2706/1741/457 2705/1740/456 2707/1740/457
f 2707/1740/457 2708/1741/458 2706/1741/457
f 2708/1741/458 2707/1740/457 2709/1740/458
f 2709/1740/458 2710/1741/459 2708/1741/458
f 2710/1741/459 2709/1740/458 2711/1740/460
f 2711/1740/460 2712/1741/461 2710/1741/459
f 2712/1741/461 2711/1740/460 2713/1740/462
f 2714/1741/463 2715/1741/463 2716/1741/463
f 2715/1741/463 2714/1741/463 2717/1741/463
f 2716/1741/463 2718/1741/463 2714/1741/463
f 2716/1741/463 2719/1741/463 2718/1741/463
f 2719/1741/463 2716/1741/463 2720/1741/463
f 2720/1741/463 2716/1741/463 2721/1741/463
f 2721/1741/463 2716/1741/463 2722/1741/463
f 2723/1740/464 2724/1740/464 2725/1740/464
f 2726/1740/464 2724/1740/464 2723/1740/464
f 2724/1740/464 2726/1740/464 2727/1740/464
f 2724/1740/464 2727/1740/464 2728/1740/464
f 2724/1740/464 2728/1740/464 2729/1740/464
f 2725/1740/464 2724/1740/464 2730/1740/464
f 2725/1740/464 2730/1740/464 2731/1740/464
o 84914522817727
v -0.295495 0.480824 0.011316
v -0.360164 0.518531 -0.011316
v -0.360164 0.518531 0.011316
v -0.295495 0.480824 -0.011316
v -0.638160 0.330173 -0.011316
v -0.547009 0.319675 0.011316
v -0.638160 0.330173 0.011316
v -0.547009 0.319675 -0.011316
v -0.481638 0.318393 0.011316
v -0.481638 0.318393 -0.011316
v -0.455011 0.323554 -0.011316
v -0.455011 0.323554 0.011316
v -0.413448 0.350052 -0.011316
v -0.413448 0.350052 0.011316
v -0.413448 0.350052 -0.011316
v -0.335260 0.415815 0.011316
v -0.413448 0.350052 0.011316
v -0.335260 0.415815 -0.011316
v -0.295495 0.480824 0.011316
v -0.295495 0.480824 -0.011316
v -0.488109 0.431482 -0.011316
v -0.638160 0.330173 -0.011316
v -0.488109 0.431482 0.011316
v -0.638160 0.330173 0.011316
v -0.360164 0.518531 0.011316
v -0.360164 0.518531 -0.011316
v -0.488109 0.431482 0.011316
v -0.413448 0.350052 0.011316
v -0.360164 0.518531 0.011316
v -0.335260 0.415815 0.011316
v -0.295495 0.480824 0.011316
v -0.455011 0.323554 0.011316
v -0.481638 0.318393 0.011316
v -0.547009 0.319675 0.011316
v -0.638160 0.330173 0.011316
v -0.481638 0.318393 -0.011316
v -0.547009 0.319675 -0.011316
v -0.488109 0.431482 -0.011316
v -0.638160 0.330173 -0.011316
v -0.455011 0.323554 -0.011316
v -0.413448 0.350052 -0.011316
v -0.360164 0.518531 -0.011316
v -0.335260 0.415815 -0.011316
v -0.295495 0.480824 -0.011316
vn 0.5033 0.8641 0.0006
vn 0.5034 0.8640 0.0004
vn 0.5032 0.8642 0.0006
vn -0.1145 -0.9934 -0.0005
vn -0.0679 -0.9977 -0.0004
vn -0.1144 -0.9934 -0.0000
vn -0.0680 -0.9977 -0.0004
vn 0.0846 -0.9964 -0.0005
vn 0.3736 -0.9276 -0.0005
vn 0.5930 -0.8052 -0.0005
vn 0.5931 -0.8051 -0.0005
vn 0.7659 -0.6429 -0.0005
vn 0.8531 -0.5218 -0.0000
vn 0.8530 -0.5220 -0.0004
vn -0.5610 0.8278 -0.0000
vn -0.5597 0.8287 0.0003
vn -0.5596 0.8288 -0.0000
vn -0.5625 0.8268 0.0005
vn -0.0000 -0.0000 1.0000
vn -0.0001 -0.0005 1.0000
vn -0.0001 -0.0006 1.0000
vn -0.0001 -0.0005 -1.0000
vn -0.0000 -0.0000 -1.0000
vn -0.0001 -0.0006 -1.0000
vt 1.000000 1.000000
vt 1.000000 0.000000
s 1
f 2732/1742/465 2733/1743/466 2734/1742/467
f 2733/1743/466 2732/1742/465 2735/1743/466
f 2736/1743/468 2737/1742/469 2738/1742/470
f 2737/1742/469 2736/1743/468 2739/1743/471
f 2739/1743/471 2740/1742/472 2737/1742/469
f 2740/1742/472 2739/1743/471 2741/1743/472
f 2742/1743/473 2740/1742/472 2741/1743/472
f 2740/1742/472 2742/1743/473 2743/1742/473
f 2744/1743/474 2743/1742/473 2742/1743/473
f 2743/1742/473 2744/1743/474 2745/1742/474
f 2746/1743/475 2747/1742/476 2748/1742/475
f 2747/1742/476 2746/1743/475 2749/1743/476
f 2749/1743/476 2750/1742/477 2747/1742/476
f 2750/1742/477 2749/1743/476 2751/1743/478
f 2752/1743/479 2753/1743/480 2754/1742/479
f 2755/1742/481 2754/1742/479 2753/1743/480
f 2756/1742/482 2752/1743/479 2754/1742/479
f 2752/1743/479 2756/1742/482 2757/1743/482
f 2758/1742/483 2759/1742/484 2760/1742/484
f 2760/1742/484 2759/1742/484 2761/1742/484
f 2761/1742/484 2762/1742/485 2760/1742/484
f 2759/1742/484 2758/1742/483 2763/1742/484
f 2758/1742/483 2764/1742/484 2763/1742/484
f 2764/1742/484 2758/1742/483 2765/1742/484
f 2765/1742/484 2758/1742/483 2766/1742/484
f 2767/1743/486 2768/1743/486 2769/1743/487
f 2770/1743/486 2769/1743/487 2768/1743/486
f 2769/1743/487 2771/1743/486 2767/1743/486
f 2769/1743/487 2772/1743/486 2771/1743/486
f 2773/1743/486 2772/1743/486 2769/1743/487
f 2772/1743/486 2773/1743/486 2774/1743/486
f 2774/1743/486 2773/1743/486 2775/1743/488
o 84914522817727.001
v 0.148684 0.480824 -0.037659
v 0.213353 0.518531 -0.015027
v 0.213353 0.518531 -0.037659
v 0.148684 0.480824 -0.015027
v 0.491349 0.330173 -0.015027
v 0.400198 0.319675 -0.037659
v 0.491349 0.330173 -0.037659
v 0.400198 0.319675 -0.015027
v 0.334827 0.318393 -0.037659
v 0.334827 0.318393 -0.015027
v 0.308200 0.323554 -0.015027
v 0.308200 0.323554 -0.037659
v 0.266637 0.350052 -0.015027
v 0.266637 0.350052 -0.037659
v 0.266637 0.350052 -0.015027
v 0.188449 0.415815 -0.037659
v 0.266637 0.350052 -0.037659
v 0.188449 0.415815 -0.015027
v 0.148684 0.480824 -0.037659
v 0.148684 0.480824 -0.015027
v 0.341298 0.431482 -0.015027
v 0.491349 0.330173 -0.015027
v 0.341298 0.431482 -0.037659
v 0.491349 0.330173 -0.037659
v 0.213353 0.518531 -0.037659
v 0.213353 0.518531 -0.015027
v 0.341298 0.431482 -0.037659
v 0.266637 0.350052 -0.037659
v 0.213353 0.518531 -0.037659
v 0.188449 0.415815 -0.037659
v 0.148684 0.480824 -0.037659
v 0.308200 0.323554 -0.037659
v 0.334827 0.318393 -0.037659
v 0.400198 0.319675 -0.037659
v 0.491349 0.330173 -0.037659
v 0.334827 0.318393 -0.015027
v 0.400198 0.319675 -0.015027
v 0.341298 0.431482 -0.015027
v 0.491349 0.330173 -0.015027
v 0.308200 0.323554 -0.015027
v 0.266637 0.350052 -0.015027
v 0.213353 0.518531 -0.015027
v 0.188449 0.415815 -0.015027
v 0.148684 0.480824 -0.015027
vn -0.5033 0.8641 -0.0005
vn -0.5037 0.8639 -0.0000
vn 0.1145 -0.9934 0.0005
vn 0.0679 -0.9977 0.0004
vn 0.1144 -0.9934 -0.0000
vn 0.0680 -0.9977 0.0004
vn -0.0846 -0.9964 0.0005
vn -0.3736 -0.9276 0.0005
vn -0.5930 -0.8052 0.0005
vn -0.5931 -0.8051 0.0005
vn -0.7659 -0.6429 0.0005
vn -0.8529 -0.5220 0.0006
vn -0.8531 -0.5218 -0.0000
vn 0.5608 0.8279 -0.0004
vn 0.5596 0.8288 -0.0000
vn 0.5610 0.8278 -0.0000
vn 0.5625 0.8268 -0.0005
vn -0.0000 -0.0000 -1.0000
vn 0.0001 -0.0005 -1.0000
vn 0.0001 -0.0005 1.0000
vn -0.0000 -0.0000 1.0000
vt 1.000000 1.000000
vt 1.000000 0.000000
s 1
f 2776/1744/489 2777/1745/490 2778/1744/489
f 2777/1745/490 2776/1744/489 2779/1745/490
f 2780/1745/491 2781/1744/492 2782/1744/493
f 2781/1744/492 2780/1745/491 2783/1745/494
f 2783/1745/494 2784/1744/495 2781/1744/492
f 2784/1744/495 2783/1745/494 2785/1745/495
f 2786/1745/496 2784/1744/495 2785/1745/495
f 2784/1744/495 2786/1745/496 2787/1744/496
f 2788/1745/497 2787/1744/496 2786/1745/496
f 2787/1744/496 2788/1745/497 2789/1744/497
f 2790/1745/498 2791/1744/499 2792/1744/498
f 2791/1744/499 2790/1745/498 2793/1745/499
f 2793/1745/499 2794/1744/500 2791/1744/499
f 2794/1744/500 2793/1745/499 2795/1745/501
f 2796/1745/502 2797/1745/503 2798/1744/504
f 2799/1744/503 2798/1744/504 2797/1745/503
f 2800/1744/505 2796/1745/502 2798/1744/504
f 2796/1745/502 2800/1744/505 2801/1745/505
f 2802/1744/506 2803/1744/507 2804/1744/507
f 2804/1744/507 2803/1744/507 2805/1744/507
f 2805/1744/507 2806/1744/507 2804/1744/507
f 2803/1744/507 2802/1744/506 2807/1744/507
f 2802/1744/506 2808/1744/507 2807/1744/507
f 2808/1744/507 2802/1744/506 2809/1744/507
f 2809/1744/507 2802/1744/506 2810/1744/507
f 2811/1745/508 2812/1745/508 2813/1745/509
f 2814/1745/508 2813/1745/509 2812/1745/508
f 2813/1745/509 2815/1745/508 2811/1745/508
f 2813/1745/509 2816/1745/508 2815/1745/508
f 2817/1745/508 2816/1745/508 2813/1745/509
f 2816/1745/508 2817/1745/508 2818/1745/508
f 2818/1745/508 2817/1745/508 2819/1745/508
o 85600291420867
v -0.184592 0.456886 -0.019607
v -0.233207 0.443620 -0.000669
v -0.184592 0.456886 -0.000669
v -0.233207 0.443620 -0.019607
v -0.233207 0.443620 -0.000669
v -0.233207 0.443620 -0.019607
v -0.251767 0.341117 -0.019607
v -0.251767 0.341117 -0.000669
v -0.251767 0.341117 -0.019607
v -0.273907 0.221271 -0.019607
v -0.251767 0.341117 -0.000669
v -0.273907 0.221271 -0.000669
v -0.273907 0.221271 -0.019607
v -0.225864 0.260088 -0.000669
v -0.273907 0.221271 -0.000669
v -0.225864 0.260088 -0.019607
v -0.194410 0.290874 -0.000669
v -0.194410 0.290874 -0.019607
v -0.184327 0.306094 -0.000669
v -0.184327 0.306094 -0.019607
v -0.177442 0.338553 -0.000669
v -0.177442 0.338553 -0.019607
v -0.172135 0.407123 -0.000669
v -0.172135 0.407123 -0.019607
v -0.184592 0.456886 -0.019607
v -0.184592 0.456886 -0.000669
v -0.177442 0.338553 -0.019607
v -0.251767 0.341117 -0.019607
v -0.233207 0.443620 -0.019607
v -0.172135 0.407123 -0.019607
v -0.184592 0.456886 -0.019607
v -0.184327 0.306094 -0.019607
v -0.194410 0.290874 -0.019607
v -0.225864 0.260088 -0.019607
v -0.273907 0.221271 -0.019607
v -0.177442 0.338553 -0.000669
v -0.172135 0.407123 -0.000669
v -0.233207 0.443620 -0.000669
v -0.184592 0.456886 -0.000669
v -0.251767 0.341117 -0.000669
v -0.184327 0.306094 -0.000669
v -0.194410 0.290874 -0.000669
v -0.225864 0.260088 -0.000669
v -0.273907 0.221271 -0.000669
vn -0.2633 0.9647 -0.0000
vn -0.2630 0.9648 0.0004
vn -0.9840 0.1783 0.0003
vn -0.9840 0.1782 -0.0000
vn -0.9837 0.1797 0.0005
vn -0.9837 0.1796 0.0005
vn -0.9834 0.1817 -0.0000
vn -0.9834 0.1815 0.0004
vn 0.6287 -0.7777 -0.0004
vn 0.6653 -0.7466 -0.0004
vn 0.6653 -0.7466 -0.0005
vn 0.7742 -0.6330 -0.0005
vn 0.7741 -0.6330 -0.0005
vn 0.9312 -0.3646 -0.0005
vn 0.9902 -0.1397 -0.0005
vn 0.9956 0.0942 -0.0005
vn 0.9955 0.0943 -0.0005
vn 0.9700 0.2429 -0.0007
vn 0.9701 0.2429 -0.0003
vn 0.0004 -0.0003 -1.0000
vn -0.0000 -0.0000 -1.0000
vn 0.0004 -0.0002 -1.0000
vn 0.0004 -0.0003 1.0000
vn -0.0000 -0.0000 1.0000
vn 0.0004 -0.0002 1.0000
vt 1.000000 0.000000
vt 1.000000 1.000000
s 1
f 2820/1746/510 2821/1747/510 2822/1747/511
f 2821/1747/510 2820/1746/510 2823/1746/510
f 2824/1747/512 2825/1746/513 2826/1746/514
f 2824/1747/512 2826/1746/514 2827/1747/515
f 2828/1746/514 2829/1746/516 2830/1747/514
f 2830/1747/514 2829/1746/516 2831/1747/517
f 2832/1746/518 2833/1747/519 2834/1747/518
f 2833/1747/519 2832/1746/518 2835/1746/520
f 2835/1746/520 2836/1747/521 2833/1747/519
f 2836/1747/521 2835/1746/520 2837/1746/522
f 2837/1746/522 2838/1747/523 2836/1747/521
f 2838/1747/523 2837/1746/522 2839/1746/523
f 2839/1746/523 2840/1747/524 2838/1747/523
f 2840/1747/524 2839/1746/523 2841/1746/524
f 2841/1746/524 2842/1747/525 2840/1747/524
f 2842/1747/525 2841/1746/524 2843/1746/526
f 2844/1746/527 2842/1747/525 2843/1746/526
f 2844/1746/527 2845/1747/528 2842/1747/525
f 2846/1746/529 2847/1746/530 2848/1746/529
f 2846/1746/529 2848/1746/529 2849/1746/529
f 2849/1746/529 2848/1746/529 2850/1746/529
f 2847/1746/530 2846/1746/529 2851/1746/529
f 2852/1746/529 2847/1746/530 2851/1746/529
f 2847/1746/530 2852/1746/529 2853/1746/529
f 2847/1746/530 2853/1746/529 2854/1746/531
f 2855/1747/532 2856/1747/532 2857/1747/532
f 2858/1747/532 2857/1747/532 2856/1747/532
f 2859/1747/533 2855/1747/532 2857/1747/532
f 2855/1747/532 2859/1747/533 2860/1747/532
f 2859/1747/533 2861/1747/532 2860/1747/532
f 2861/1747/532 2859/1747/533 2862/1747/532
f 2862/1747/532 2859/1747/533 2863/1747/534
o 85600291420867.001
v 0.045317 0.471723 -0.016874
v 0.093931 0.458457 -0.035812
v 0.045317 0.471723 -0.035812
v 0.093931 0.458457 -0.016874
v 0.093931 0.458457 -0.035812
v 0.093931 0.458457 -0.016874
v 0.112492 0.355954 -0.016874
v 0.112492 0.355954 -0.035812
v 0.112492 0.355954 -0.016874
v 0.134632 0.236108 -0.016874
v 0.112492 0.355954 -0.035812
v 0.134632 0.236108 -0.035812
v 0.134632 0.236108 -0.016874
v 0.086589 0.274924 -0.035812
v 0.134632 0.236108 -0.035812
v 0.086589 0.274924 -0.016874
v 0.055134 0.305711 -0.035812
v 0.055134 0.305711 -0.016874
v 0.045051 0.320931 -0.035812
v 0.045051 0.320931 -0.016874
v 0.038167 0.353389 -0.035812
v 0.038167 0.353389 -0.016874
v 0.032860 0.421960 -0.035812
v 0.032860 0.421960 -0.016874
v 0.045317 0.471723 -0.016874
v 0.045317 0.471723 -0.035812
v 0.038167 0.353389 -0.016874
v 0.112492 0.355954 -0.016874
v 0.093931 0.458457 -0.016874
v 0.032860 0.421960 -0.016874
v 0.045317 0.471723 -0.016874
v 0.045051 0.320931 -0.016874
v 0.055134 0.305711 -0.016874
v 0.086589 0.274924 -0.016874
v 0.134632 0.236108 -0.016874
v 0.038167 0.353389 -0.035812
v 0.032860 0.421960 -0.035812
v 0.093931 0.458457 -0.035812
v 0.045317 0.471723 -0.035812
v 0.112492 0.355954 -0.035812
v 0.045051 0.320931 -0.035812
v 0.055134 0.305711 -0.035812
v 0.086589 0.274924 -0.035812
v 0.134632 0.236108 -0.035812
vn 0.2633 0.9647 -0.0000
vn 0.2629 0.9648 -0.0005
vn 0.9840 0.1784 -0.0005
vn 0.9840 0.1782 -0.0000
vn 0.9837 0.1797 -0.0005
vn 0.9837 0.1796 -0.0005
vn 0.9834 0.1817 -0.0000
vn 0.9834 0.1815 -0.0004
vn -0.6287 -0.7777 0.0004
vn -0.6653 -0.7466 0.0005
vn -0.6285 -0.7778 -0.0000
vn -0.6653 -0.7466 0.0004
vn -0.7742 -0.6330 0.0005
vn -0.7741 -0.6330 0.0005
vn -0.9312 -0.3646 0.0005
vn -0.9902 -0.1397 0.0005
vn -0.9956 0.0942 0.0005
vn -0.9955 0.0943 0.0005
vn -0.9701 0.2429 0.0005
vn -0.9701 0.2428 -0.0000
vn -0.0004 -0.0003 1.0000
vn -0.0000 -0.0000 1.0000
vn -0.0004 -0.0002 1.0000
vn -0.0004 -0.0003 -1.0000
vn -0.0004 -0.0002 -1.0000
vn -0.0000 -0.0000 -1.0000
vt 1.000000 0.000000
vt 1.000000 1.000000
s 1
f 2864/1748/535 2865/1749/535 2866/1749/536
f 2865/1749/535 2864/1748/535 2867/1748/535
f 2868/1749/537 2869/1748/538 2870/1748/539
f 2868/1749/537 2870/1748/539 2871/1749/540
f 2872/1748/539 2873/1748/541 2874/1749/539
f 2874/1749/539 2873/1748/541 2875/1749/542
f 2876/1748/543 2877/1749/544 2878/1749/545
f 2877/1749/544 2876/1748/543 2879/1748/546
f 2879/1748/546 2880/1749/547 2877/1749/544
f 2880/1749/547 2879/1748/546 2881/1748/548
f 2881/1748/548 2882/1749/549 2880/1749/547
f 2882/1749/549 2881/1748/548 2883/1748/549
f 2883/1748/549 2884/1749/550 2882/1749/549
f 2884/1749/550 2883/1748/549 2885/1748/550
f 2885/1748/550 2886/1749/551 2884/1749/550
f 2886/1749/551 2885/1748/550 2887/1748/552
f 2888/1748/553 2886/1749/551 2887/1748/552
f 2888/1748/553 2889/1749/554 2886/1749/551
f 2890/1748/555 2891/1748/556 2892/1748/555
f 2890/1748/555 2892/1748/555 2893/1748/555
f 2893/1748/555 2892/1748/555 2894/1748/557
f 2891/1748/556 2890/1748/555 2895/1748/555
f 2896/1748/555 2891/1748/556 2895/1748/555
f 2891/1748/556 2896/1748/555 2897/1748/555
f 2891/1748/556 2897/1748/555 2898/1748/555
f 2899/1749/558 2900/1749/558 2901/1749/558
f 2902/1749/559 2901/1749/558 2900/1749/558
f 2903/1749/560 2899/1749/558 2901/1749/558
f 2899/1749/558 2903/1749/560 2904/1749/558
f 2903/1749/560 2905/1749/558 2904/1749/558
f 2905/1749/558 2903/1749/560 2906/1749/558
f 2906/1749/558 2903/1749/560 2907/1749/558
o 97739475209127
v -0.103344 0.360073 0.000000
v -0.232678 0.458431 -0.040199
v -0.117156 0.415814 -0.040199
v -0.264324 0.410510 0.000000
v -0.290754 0.498833 -0.040199
v -0.333120 0.460065 0.000000
v -0.410107 0.574365 0.000000
v -0.364001 0.596145 -0.035694
v -0.455611 0.705756 0.000000
v -0.405014 0.712091 -0.035694
v -0.466270 0.740990 0.000000
v -0.431548 0.778333 -0.035694
v -0.537126 0.866664 -0.017892
v -0.554712 0.848116 0.000000
v -0.637813 0.914846 0.000000
v -0.103344 0.360073 0.000000
v -0.232678 0.458431 0.040199
v -0.264324 0.410510 0.000000
v -0.117156 0.415814 0.040199
v -0.290754 0.498833 0.040199
v -0.333120 0.460065 0.000000
v -0.410107 0.574365 0.000000
v -0.364001 0.596145 0.035694
v -0.455611 0.705756 0.000000
v -0.405014 0.712091 0.035694
v -0.466270 0.740990 0.000000
v -0.431548 0.778333 0.035694
v -0.537126 0.866664 0.017892
v -0.554712 0.848116 0.000000
v -0.637813 0.914846 0.000000
v -0.232678 0.458431 0.040199
v -0.117156 0.415814 0.040199
v -0.201032 0.506352 0.000000
v -0.130968 0.471555 0.000000
v -0.248389 0.537602 0.000000
v -0.290754 0.498833 0.040199
v -0.364001 0.596145 0.035694
v -0.317895 0.617926 0.000000
v -0.317895 0.617926 0.000000
v -0.405014 0.712091 0.035694
v -0.354419 0.718425 0.000000
v -0.431548 0.778333 0.035694
v -0.396827 0.815678 0.000000
v -0.519540 0.885212 0.000000
v -0.537126 0.866664 0.017892
v -0.637813 0.914846 0.000000
v -0.232678 0.458431 -0.040199
v -0.248389 0.537602 0.000000
v -0.201032 0.506352 0.000000
v -0.117156 0.415814 -0.040199
v -0.130968 0.471555 0.000000
v -0.290754 0.498833 -0.040199
v -0.364001 0.596145 -0.035694
v -0.317895 0.617926 0.000000
v -0.405014 0.712091 -0.035694
v -0.317895 0.617926 0.000000
v -0.354419 0.718425 0.000000
v -0.431548 0.778333 -0.035694
v -0.396827 0.815678 0.000000
v -0.519540 0.885212 0.000000
v -0.537126 0.866664 -0.017892
v -0.637813 0.914846 0.000000
vn -0.1954 -0.5800 -0.7908
vn -0.2559 -0.5353 -0.8050
vn -0.2877 -0.5102 -0.8105
vn -0.3983 -0.4105 -0.8203
vn -0.4307 -0.3764 -0.8203
vn -0.5199 -0.2466 -0.8179
vn -0.5107 -0.2642 -0.8181
vn -0.5558 -0.1993 -0.8071
vn -0.5543 -0.1981 -0.8084
vn -0.5077 -0.2865 -0.8125
vn -0.5241 -0.2643 -0.8096
vn -0.4240 -0.3881 -0.8183
vn -0.3968 -0.4144 -0.8191
vn -0.3599 -0.4482 -0.8183
vn -0.1954 -0.5800 0.7908
vn -0.2559 -0.5353 0.8050
vn -0.2877 -0.5102 0.8105
vn -0.3983 -0.4105 0.8203
vn -0.4307 -0.3764 0.8203
vn -0.5199 -0.2466 0.8179
vn -0.5107 -0.2642 0.8181
vn -0.5558 -0.1993 0.8071
vn -0.5543 -0.1981 0.8084
vn -0.5077 -0.2865 0.8125
vn -0.5241 -0.2643 0.8096
vn -0.4240 -0.3881 0.8183
vn -0.3968 -0.4144 0.8191
vn -0.3599 -0.4482 0.8183
vn 0.2956 0.5113 0.8069
vn 0.2375 0.5696 0.7869
vn 0.2750 0.5320 0.8008
vn 0.3753 0.4369 0.8175
vn 0.4007 0.4143 0.8172
vn 0.5056 0.2701 0.8194
vn 0.4926 0.2926 0.8196
vn 0.4927 0.2925 0.8196
vn 0.5489 0.2156 0.8076
vn 0.5478 0.2113 0.8095
vn 0.4457 0.3585 0.8203
vn 0.4679 0.3336 0.8184
vn 0.2471 0.5405 0.8043
vn 0.2216 0.5597 0.7985
vn 0.1522 0.6076 0.7795
vn 0.2957 0.5113 -0.8069
vn 0.3753 0.4369 -0.8175
vn 0.2750 0.5320 -0.8008
vn 0.2375 0.5696 -0.7869
vn 0.4006 0.4143 -0.8173
vn 0.5055 0.2701 -0.8194
vn 0.4927 0.2926 -0.8195
vn 0.5489 0.2156 -0.8076
vn 0.4927 0.2925 -0.8196
vn 0.5056 0.2701 -0.8194
vn 0.5478 0.2113 -0.8095
vn 0.4457 0.3585 -0.8203
vn 0.4679 0.3336 -0.8184
vn 0.2471 0.5405 -0.8043
vn 0.2216 0.5597 -0.7985
vn 0.1522 0.6076 -0.7795
vt 0.375000 1.000000
vt 0.625000 0.750000
vt 0.625000 1.000000
vt 0.375000 0.750000
vt 0.125000 0.750000
vt 0.375000 0.500000
vt 0.125000 0.500000
vt 0.375000 0.250000
vt 0.625000 0.500000
vt 0.625000 0.250000
vt 0.875000 0.750000
vt 0.875000 0.500000
s 1
f 2908/1750/561 2909/1751/562 2910/1752/561
f 2909/1751/562 2908/1750/561 2911/1753/563
f 2911/1753/563 2912/1751/564 2909/1751/562
f 2912/1751/564 2911/1753/563 2913/1753/565
f 2914/1753/566 2912/1751/564 2913/1753/565
f 2914/1753/566 2915/1751/567 2912/1751/564
f 2916/1753/568 2915/1751/567 2914/1753/566
f 2916/1753/568 2917/1751/569 2915/1751/567
f 2918/1753/570 2917/1751/569 2916/1753/568
f 2918/1753/570 2919/1751/571 2917/1751/569
f 2918/1753/570 2920/1751/572 2919/1751/571
f 2920/1751/572 2918/1753/570 2921/1753/573
f 2920/1751/572 2921/1753/573 2922/1751/574
f 2923/1754/575 2924/1755/576 2925/1753/577
f 2924/1755/576 2923/1754/575 2926/1756/575
f 2925/1753/577 2924/1755/576 2927/1755/578
f 2927/1755/578 2928/1753/579 2925/1753/577
f 2927/1755/578 2929/1753/580 2928/1753/579
f 2929/1753/580 2927/1755/578 2930/1755/581
f 2930/1755/581 2931/1753/582 2929/1753/580
f 2931/1753/582 2930/1755/581 2932/1755/583
f 2932/1755/583 2933/1753/584 2931/1753/582
f 2933/1753/584 2932/1755/583 2934/1755/585
f 2933/1753/584 2934/1755/585 2935/1755/586
f 2936/1753/587 2933/1753/584 2935/1755/586
f 2936/1753/587 2935/1755/586 2937/1753/588
f 2938/1755/589 2939/1757/590 2940/1758/591
f 2939/1757/590 2941/1759/590 2940/1758/591
f 2938/1755/589 2940/1758/591 2942/1758/592
f 2942/1758/592 2943/1755/593 2938/1755/589
f 2942/1758/592 2944/1755/594 2943/1755/593
f 2944/1755/594 2942/1758/592 2945/1758/595
f 2946/1758/596 2947/1755/597 2944/1755/594
f 2947/1755/597 2946/1758/596 2948/1758/598
f 2948/1758/598 2949/1755/599 2947/1755/597
f 2949/1755/599 2948/1758/598 2950/1758/600
f 2949/1755/599 2950/1758/600 2951/1758/601
f 2952/1755/602 2949/1755/599 2951/1758/601
f 2952/1755/602 2951/1758/601 2953/1755/603
f 2954/1751/604 2955/1758/605 2956/1758/606
f 2956/1758/606 2957/1760/607 2954/1751/604
f 2958/1761/607 2957/1760/607 2956/1758/606
f 2955/1758/605 2954/1751/604 2959/1751/608
f 2960/1751/609 2955/1758/605 2959/1751/608
f 2960/1751/609 2961/1758/610 2955/1758/605
f 2962/1751/611 2963/1758/612 2960/1751/613
f 2962/1751/611 2964/1758/614 2963/1758/612
f 2965/1751/615 2964/1758/614 2962/1751/611
f 2965/1751/615 2966/1758/616 2964/1758/614
f 2965/1751/615 2967/1758/617 2966/1758/616
f 2967/1758/617 2965/1751/615 2968/1751/618
f 2967/1758/617 2968/1751/618 2969/1758/619
o 97739475209127.001
v -0.040528 0.360073 -0.026343
v 0.088806 0.458431 0.013856
v -0.026715 0.415814 0.013856
v 0.120453 0.410510 -0.026343
v 0.146883 0.498833 0.013856
v 0.189249 0.460065 -0.026343
v 0.266236 0.574364 -0.026343
v 0.220130 0.596145 0.009351
v 0.311740 0.705756 -0.026343
v 0.261143 0.712090 0.009351
v 0.322399 0.740989 -0.026343
v 0.287677 0.778333 0.009351
v 0.393255 0.866663 -0.008451
v 0.410841 0.848116 -0.026343
v 0.493942 0.914845 -0.026343
v -0.040528 0.360073 -0.026343
v 0.088806 0.458431 -0.066542
v 0.120453 0.410510 -0.026343
v -0.026715 0.415814 -0.066542
v 0.146883 0.498833 -0.066542
v 0.189249 0.460065 -0.026343
v 0.266236 0.574364 -0.026343
v 0.220130 0.596145 -0.062037
v 0.311740 0.705756 -0.026343
v 0.261143 0.712090 -0.062037
v 0.322399 0.740989 -0.026343
v 0.287677 0.778333 -0.062037
v 0.393255 0.866663 -0.044235
v 0.410841 0.848116 -0.026343
v 0.493942 0.914845 -0.026343
v 0.088806 0.458431 -0.066542
v -0.026715 0.415814 -0.066542
v 0.057161 0.506352 -0.026343
v -0.012903 0.471555 -0.026343
v 0.104518 0.537602 -0.026343
v 0.146883 0.498833 -0.066542
v 0.220130 0.596145 -0.062037
v 0.174024 0.617926 -0.026343
v 0.174024 0.617926 -0.026343
v 0.261143 0.712090 -0.062037
v 0.210548 0.718425 -0.026343
v 0.287677 0.778333 -0.062037
v 0.252956 0.815677 -0.026343
v 0.375669 0.885212 -0.026343
v 0.393255 0.866663 -0.044235
v 0.493942 0.914845 -0.026343
v 0.088806 0.458431 0.013856
v 0.104518 0.537602 -0.026343
v 0.057161 0.506352 -0.026343
v -0.026715 0.415814 0.013856
v -0.012903 0.471555 -0.026343
v 0.146883 0.498833 0.013856
v 0.220130 0.596145 0.009351
v 0.174024 0.617926 -0.026343
v 0.261143 0.712090 0.009351
v 0.174024 0.617926 -0.026343
v 0.210548 0.718425 -0.026343
v 0.287677 0.778333 0.009351
v 0.252956 0.815677 -0.026343
v 0.375669 0.885212 -0.026343
v 0.393255 0.866663 -0.008451
v 0.493942 0.914845 -0.026343
vn 0.1954 -0.5800 0.7908
vn 0.2559 -0.5353 0.8050
vn 0.2877 -0.5102 0.8105
vn 0.3983 -0.4105 0.8203
vn 0.4307 -0.3764 0.8203
vn 0.5199 -0.2466 0.8179
vn 0.5107 -0.2642 0.8181
vn 0.5558 -0.1993 0.8071
vn 0.5543 -0.1981 0.8084
vn 0.5077 -0.2865 0.8125
vn 0.5241 -0.2643 0.8096
vn 0.4240 -0.3881 0.8183
vn 0.3968 -0.4144 0.8191
vn 0.3599 -0.4482 0.8183
vn 0.1954 -0.5800 -0.7908
vn 0.2559 -0.5353 -0.8050
vn 0.2877 -0.5102 -0.8105
vn 0.3983 -0.4105 -0.8203
vn 0.4307 -0.3764 -0.8203
vn 0.5199 -0.2466 -0.8179
vn 0.5107 -0.2642 -0.8181
vn 0.5558 -0.1993 -0.8071
vn 0.5543 -0.1981 -0.8084
vn 0.5077 -0.2865 -0.8125
vn 0.5241 -0.2643 -0.8096
vn 0.4240 -0.3881 -0.8183
vn 0.3968 -0.4144 -0.8191
vn 0.3599 -0.4482 -0.8183
vn -0.2956 0.5113 -0.8069
vn -0.2375 0.5696 -0.7869
vn -0.2750 0.5320 -0.8008
vn -0.3753 0.4369 -0.8175
vn -0.4007 0.4143 -0.8172
vn -0.5056 0.2701 -0.8194
vn -0.4926 0.2926 -0.8196
vn -0.4927 0.2925 -0.8196
vn -0.5489 0.2156 -0.8076
vn -0.5479 0.2112 -0.8094
vn -0.4457 0.3585 -0.8203
vn -0.4679 0.3336 -0.8184
vn -0.2471 0.5405 -0.8043
vn -0.2216 0.5597 -0.7985
vn -0.1522 0.6076 -0.7795
vn -0.2957 0.5113 0.8069
vn -0.3753 0.4369 0.8175
vn -0.2750 0.5320 0.8008
vn -0.2375 0.5696 0.7869
vn -0.4006 0.4143 0.8173
vn -0.5055 0.2701 0.8194
vn -0.4927 0.2926 0.8195
vn -0.5489 0.2156 0.8076
vn -0.4927 0.2925 0.8196
vn -0.5056 0.2701 0.8194
vn -0.5478 0.2113 0.8095
vn -0.4457 0.3585 0.8203
vn -0.4679 0.3336 0.8184
vn -0.2471 0.5405 0.8043
vn -0.2216 0.5597 0.7985
vn -0.1522 0.6076 0.7795
vt 0.375000 1.000000
vt 0.625000 0.750000
vt 0.625000 1.000000
vt 0.375000 0.750000
vt 0.125000 0.750000
vt 0.375000 0.500000
vt 0.125000 0.500000
vt 0.375000 0.250000
vt 0.625000 0.500000
vt 0.625000 0.250000
vt 0.875000 0.750000
vt 0.875000 0.500000
s 1
f 2970/1762/620 2971/1763/621 2972/1764/620
f 2971/1763/621 2970/1762/620 2973/1765/622
f 2973/1765/622 2974/1763/623 2971/1763/621
f 2974/1763/623 2973/1765/622 2975/1765/624
f 2976/1765/625 2974/1763/623 2975/1765/624
f 2976/1765/625 2977/1763/626 2974/1763/623
f 2978/1765/627 2977/1763/626 2976/1765/625
f 2978/1765/627 2979/1763/628 2977/1763/626
f 2980/1765/629 2979/1763/628 2978/1765/627
f 2980/1765/629 2981/1763/630 2979/1763/628
f 2980/1765/629 2982/1763/631 2981/1763/630
f 2982/1763/631 2980/1765/629 2983/1765/632
f 2982/1763/631 2983/1765/632 2984/1763/633
f 2985/1766/634 2986/1767/635 2987/1765/636
f 2986/1767/635 2985/1766/634 2988/1768/634
f 2987/1765/636 2986/1767/635 2989/1767/637
f 2989/1767/637 2990/1765/638 2987/1765/636
f 2989/1767/637 2991/1765/639 2990/1765/638
f 2991/1765/639 2989/1767/637 2992/1767/640
f 2992/1767/640 2993/1765/641 2991/1765/639
f 2993/1765/641 2992/1767/640 2994/1767/642
f 2994/1767/642 2995/1765/643 2993/1765/641
f 2995/1765/643 2994/1767/642 2996/1767/644
f 2995/1765/643 2996/1767/644 2997/1767/645
f 2998/1765/646 2995/1765/643 2997/1767/645
f 2998/1765/646 2997/1767/645 2999/1765/647
f 3000/1767/648 3001/1769/649 3002/1770/650
f 3001/1769/649 3003/1771/649 3002/1770/650
f 3000/1767/648 3002/1770/650 3004/1770/651
f 3004/1770/651 3005/1767/652 3000/1767/648
f 3004/1770/651 3006/1767/653 3005/1767/652
f 3006/1767/653 3004/1770/651 3007/1770/654
f 3008/1770/655 3009/1767/656 3006/1767/653
f 3009/1767/656 3008/1770/655 3010/1770/657
f 3010/1770/657 3011/1767/658 3009/1767/656
f 3011/1767/658 3010/1770/657 3012/1770/659
f 3011/1767/658 3012/1770/659 3013/1770/660
f 3014/1767/661 3011/1767/658 3013/1770/660
f 3014/1767/661 3013/1770/660 3015/1767/662
f 3016/1763/663 3017/1770/664 3018/1770/665
f 3018/1770/665 3019/1772/666 3016/1763/663
f 3020/1773/666 3019/1772/666 3018/1770/665
f 3017/1770/664 3016/1763/663 3021/1763/667
f 3022/1763/668 3017/1770/664 3021/1763/667
f 3022/1763/668 3023/1770/669 3017/1770/664
f 3024/1763/670 3025/1770/671 3022/1763/672
f 3024/1763/670 3026/1770/673 3025/1770/671
f 3027/1763/674 3026/1770/673 3024/1763/670
f 3027/1763/674 3028/1770/675 3026/1770/673
f 3027/1763/674 3029/1770/676 3028/1770/675
f 3029/1770/676 3027/1763/674 3030/1763/677
f 3029/1770/676 3030/1763/677 3031/1770/678
