# Blender 5.2.1 LTS
# www.blender.org
mtllib boneclaw rev body.mtl
o RenderMesh_138245509845481
v -0.002540 0.098201 -0.001790
v -0.025729 0.146594 0.075619
v -0.002540 0.135048 0.087166
v -0.002540 0.224003 0.124011
v -0.025729 0.114531 -0.001790
v -0.025729 0.224002 0.107682
v -0.025729 0.146594 -0.079198
v -0.025729 0.301411 0.075619
v -0.002540 0.135048 -0.090745
v -0.002540 0.312958 0.087166
v -0.002540 0.224002 -0.127591
v -0.002540 0.349804 -0.001790
v -0.025729 0.224002 -0.111262
v -0.025729 0.333474 -0.001790
v -0.025729 0.301411 -0.079198
v -0.002540 0.312958 -0.090745
v -0.112299 0.146594 0.075619
v -0.112299 0.114531 -0.001790
v -0.135488 0.098201 -0.001790
v -0.112299 0.146594 -0.079198
v -0.135488 0.135048 0.087166
v -0.135488 0.135048 -0.090745
v -0.135488 0.224003 0.124011
v -0.135488 0.224002 -0.127591
v -0.112299 0.224002 0.107682
v -0.112299 0.224002 -0.111262
v -0.112299 0.301411 0.075619
v -0.112299 0.301411 -0.079198
v -0.135488 0.312958 0.087166
v -0.135488 0.312958 -0.090745
v -0.135488 0.349804 -0.001790
v -0.112299 0.333474 -0.001790
v -0.030325 0.080658 -0.001790
v -0.002540 0.135048 0.087166
v -0.030325 0.122643 0.099569
v -0.030325 0.224003 0.141554
v -0.002540 0.098201 -0.001790
v -0.002540 0.224003 0.124011
v -0.002540 0.135048 -0.090745
v -0.002540 0.312958 0.087166
v -0.030325 0.122643 -0.103150
v -0.030325 0.325363 0.099569
v -0.030325 0.224002 -0.145134
v -0.030325 0.367347 -0.001790
v -0.002540 0.224002 -0.127591
v -0.002540 0.349804 -0.001790
v -0.002540 0.312958 -0.090745
v -0.030325 0.325363 -0.103149
v -0.135488 0.135048 0.087166
v -0.135488 0.098201 -0.001790
v -0.107703 0.080658 -0.001790
v -0.135488 0.135048 -0.090745
v -0.107703 0.122643 0.099569
v -0.107703 0.122643 -0.103150
v -0.107703 0.224003 0.141554
v -0.107703 0.224002 -0.145134
v -0.135488 0.224003 0.124011
v -0.135488 0.224002 -0.127591
v -0.135488 0.312958 0.087166
v -0.135488 0.312958 -0.090745
v -0.107703 0.325363 0.099569
v -0.107703 0.325363 -0.103149
v -0.107703 0.367347 -0.001790
v -0.135488 0.349804 -0.001790
v -0.058111 0.135048 0.087166
v -0.058111 0.098201 -0.001790
v -0.030325 0.080658 -0.001790
v -0.058111 0.135048 -0.090745
v -0.030325 0.122643 0.099569
v -0.030325 0.122643 -0.103150
v -0.030325 0.224003 0.141554
v -0.030325 0.224002 -0.145134
v -0.058111 0.224003 0.124011
v -0.058111 0.224002 -0.127591
v -0.058111 0.312958 0.087166
v -0.058111 0.312958 -0.090745
v -0.030325 0.325363 0.099569
v -0.030325 0.325363 -0.103149
v -0.030325 0.367347 -0.001790
v -0.058111 0.349804 -0.001790
v -0.107703 0.080658 -0.001790
v -0.079917 0.135048 0.087166
v -0.107703 0.122643 0.099569
v -0.107703 0.224003 0.141554
v -0.079917 0.098201 -0.001790
v -0.079917 0.224003 0.124011
v -0.079917 0.135048 -0.090745
v -0.079917 0.312958 0.087166
v -0.107703 0.122643 -0.103150
v -0.107703 0.325363 0.099569
v -0.107703 0.224002 -0.145134
v -0.107703 0.367347 -0.001790
v -0.079917 0.224002 -0.127591
v -0.079917 0.349804 -0.001790
v -0.079917 0.312958 -0.090745
v -0.107703 0.325363 -0.103149
v -0.025729 0.146594 0.075619
v -0.025729 0.114531 -0.001790
v -0.058111 0.098201 -0.001790
v -0.025729 0.146594 -0.079198
v -0.058111 0.135048 0.087166
v -0.058111 0.135048 -0.090745
v -0.058111 0.224003 0.124011
v -0.058111 0.224002 -0.127591
v -0.025729 0.224002 0.107682
v -0.025729 0.224002 -0.111262
v -0.025729 0.301411 0.075619
v -0.025729 0.301411 -0.079198
v -0.058111 0.312958 0.087166
v -0.058111 0.312958 -0.090745
v -0.058111 0.349804 -0.001790
v -0.025729 0.333474 -0.001790
v -0.079917 0.098201 -0.001790
v -0.112299 0.146594 0.075619
v -0.079917 0.135048 0.087166
v -0.079917 0.224003 0.124011
v -0.112299 0.114531 -0.001790
v -0.112299 0.224002 0.107682
v -0.112299 0.146594 -0.079198
v -0.112299 0.301411 0.075619
v -0.079917 0.135048 -0.090745
v -0.079917 0.312958 0.087166
v -0.079917 0.224002 -0.127591
v -0.079917 0.349804 -0.001790
v -0.112299 0.224002 -0.111262
v -0.112299 0.333474 -0.001790
v -0.112299 0.301411 -0.079198
v -0.079917 0.312958 -0.090745
vn 0.5758 0.8176 -0.0000
vn 0.5758 0.5781 -0.5781
vn 0.5758 -0.0000 -0.8176
vn 0.5758 0.5781 0.5781
vn 0.5758 -0.5781 -0.5781
vn 0.5756 0.0005 0.8177
vn 0.5758 -0.8176 -0.0000
vn 0.5758 -0.0000 0.8176
vn 0.5758 -0.5781 0.5781
vn -0.5758 0.5781 -0.5781
vn -0.5757 0.8177 0.0007
vn -0.5758 0.5781 0.5781
vn -0.5757 0.0003 -0.8177
vn -0.5758 -0.0000 0.8176
vn -0.5758 -0.0000 -0.8176
vn -0.5758 -0.5781 -0.5781
vn -0.5758 -0.5781 0.5781
vn -0.5757 -0.8177 0.0006
vn -0.5757 -0.8177 0.0007
vn 0.5339 -0.8456 -0.0000
vn 0.5339 -0.5979 0.5979
vn 0.5338 0.0008 0.8456
vn 0.5338 -0.8456 0.0005
vn 0.5338 0.0005 0.8456
vn 0.5339 -0.5979 -0.5979
vn 0.5339 0.5979 0.5979
vn 0.5339 -0.0000 -0.8456
vn 0.5339 0.8456 -0.0000
vn 0.5338 0.0005 -0.8456
vn 0.5339 0.5979 -0.5979
vn -0.5339 -0.5979 0.5979
vn -0.5339 -0.8456 -0.0000
vn -0.5338 -0.8456 0.0007
vn -0.5339 -0.5979 -0.5979
vn -0.5339 -0.0000 0.8456
vn -0.5339 -0.0000 -0.8456
vn -0.5339 0.5979 0.5979
vn -0.5339 0.5979 -0.5979
vn -0.5339 0.8456 -0.0000
vn -0.5338 -0.5979 0.5979
vn -0.5338 -0.8456 0.0005
vn -0.5338 0.0005 -0.8456
vn -0.5338 0.0005 0.8456
vn -0.5338 0.5979 0.5979
vn -0.5338 0.5979 -0.5979
vn -0.5338 0.8456 0.0005
vn 0.5338 -0.5979 0.5979
vn 0.5338 0.5979 0.5979
vn 0.5338 0.0006 -0.8456
vn 0.5338 0.8456 0.0005
vn 0.5338 0.5979 -0.5979
vn -0.4503 0.6314 -0.6314
vn -0.4503 0.8929 -0.0000
vn -0.4503 0.6314 0.6314
vn -0.4503 -0.0000 -0.8929
vn -0.4503 -0.0000 0.8929
vn -0.4503 -0.6314 -0.6314
vn -0.4503 -0.6314 0.6314
vn -0.4503 -0.8929 -0.0000
vn 0.4503 0.8929 -0.0000
vn 0.4503 0.6314 -0.6314
vn 0.4503 -0.0000 -0.8929
vn 0.4502 0.0005 -0.8929
vn 0.4503 0.6314 0.6314
vn 0.4503 -0.6314 -0.6314
vn 0.4503 -0.0000 0.8929
vn 0.4503 -0.8929 -0.0000
vn 0.4503 -0.6314 0.6314
vt 0.000000 0.000000
s 1
f 1/1/1 2/1/2 3/1/2
f 4/1/3 3/1/2 2/1/2
f 2/1/2 1/1/1 5/1/1
f 4/1/3 2/1/2 6/1/3
f 7/1/4 5/1/1 1/1/1
f 8/1/5 4/1/3 6/1/3
f 1/1/1 9/1/4 7/1/4
f 4/1/3 8/1/5 10/1/5
f 11/1/6 7/1/4 9/1/4
f 12/1/7 10/1/5 8/1/5
f 7/1/4 11/1/6 13/1/8
f 12/1/7 8/1/5 14/1/7
f 11/1/6 15/1/9 13/1/8
f 15/1/9 12/1/7 14/1/7
f 11/1/6 16/1/9 15/1/9
f 12/1/7 15/1/9 16/1/9
f 17/1/10 18/1/11 19/1/11
f 20/1/12 19/1/11 18/1/11
f 19/1/11 21/1/10 17/1/10
f 19/1/11 20/1/12 22/1/12
f 23/1/13 17/1/10 21/1/10
f 20/1/12 24/1/14 22/1/12
f 17/1/10 23/1/13 25/1/15
f 24/1/14 20/1/12 26/1/14
f 23/1/13 27/1/16 25/1/15
f 28/1/17 24/1/14 26/1/14
f 27/1/16 23/1/13 29/1/16
f 24/1/14 28/1/17 30/1/17
f 31/1/18 27/1/16 29/1/16
f 28/1/17 31/1/18 30/1/17
f 27/1/16 31/1/18 32/1/19
f 31/1/18 28/1/17 32/1/19
f 33/1/20 34/1/21 35/1/21
f 36/1/22 35/1/21 34/1/21
f 34/1/21 33/1/20 37/1/23
f 34/1/21 38/1/24 36/1/22
f 39/1/25 37/1/23 33/1/20
f 40/1/26 36/1/22 38/1/24
f 33/1/20 41/1/25 39/1/25
f 36/1/22 40/1/26 42/1/26
f 43/1/27 39/1/25 41/1/25
f 44/1/28 42/1/26 40/1/26
f 39/1/25 43/1/27 45/1/29
f 44/1/28 40/1/26 46/1/28
f 47/1/30 45/1/29 43/1/27
f 47/1/30 44/1/28 46/1/28
f 43/1/27 48/1/30 47/1/30
f 44/1/28 47/1/30 48/1/30
f 49/1/31 50/1/32 51/1/33
f 52/1/34 51/1/33 50/1/32
f 51/1/33 53/1/31 49/1/31
f 51/1/33 52/1/34 54/1/34
f 55/1/35 49/1/31 53/1/31
f 56/1/36 54/1/34 52/1/34
f 49/1/31 55/1/35 57/1/35
f 52/1/34 58/1/36 56/1/36
f 59/1/37 57/1/35 55/1/35
f 60/1/38 56/1/36 58/1/36
f 55/1/35 61/1/37 59/1/37
f 56/1/36 60/1/38 62/1/38
f 63/1/39 59/1/37 61/1/37
f 60/1/38 63/1/39 62/1/38
f 59/1/37 63/1/39 64/1/39
f 63/1/39 60/1/38 64/1/39
f 65/1/40 66/1/32 67/1/41
f 68/1/34 67/1/41 66/1/32
f 67/1/41 69/1/40 65/1/40
f 67/1/41 68/1/34 70/1/34
f 71/1/35 65/1/40 69/1/40
f 72/1/42 70/1/34 68/1/34
f 65/1/40 71/1/35 73/1/43
f 68/1/34 74/1/42 72/1/42
f 75/1/44 73/1/43 71/1/35
f 76/1/45 72/1/42 74/1/42
f 71/1/35 77/1/44 75/1/44
f 72/1/42 76/1/45 78/1/45
f 79/1/39 75/1/44 77/1/44
f 76/1/45 79/1/39 78/1/45
f 75/1/44 79/1/39 80/1/46
f 79/1/39 76/1/45 80/1/46
f 81/1/23 82/1/47 83/1/47
f 84/1/24 83/1/47 82/1/47
f 82/1/47 81/1/23 85/1/20
f 82/1/47 86/1/24 84/1/24
f 87/1/25 85/1/20 81/1/23
f 88/1/48 84/1/24 86/1/24
f 81/1/23 89/1/25 87/1/25
f 84/1/24 88/1/48 90/1/48
f 91/1/49 87/1/25 89/1/25
f 92/1/50 90/1/48 88/1/48
f 87/1/25 91/1/49 93/1/29
f 92/1/50 88/1/48 94/1/50
f 95/1/51 93/1/29 91/1/49
f 95/1/51 92/1/50 94/1/50
f 91/1/49 96/1/51 95/1/51
f 92/1/50 95/1/51 96/1/51
f 97/1/52 98/1/53 99/1/53
f 100/1/54 99/1/53 98/1/53
f 99/1/53 101/1/52 97/1/52
f 99/1/53 100/1/54 102/1/54
f 103/1/55 97/1/52 101/1/52
f 100/1/54 104/1/56 102/1/54
f 97/1/52 103/1/55 105/1/55
f 104/1/56 100/1/54 106/1/56
f 103/1/55 107/1/57 105/1/55
f 108/1/58 104/1/56 106/1/56
f 107/1/57 103/1/55 109/1/57
f 104/1/56 108/1/58 110/1/58
f 111/1/59 107/1/57 109/1/57
f 108/1/58 111/1/59 110/1/58
f 107/1/57 111/1/59 112/1/59
f 111/1/59 108/1/58 112/1/59
f 113/1/60 114/1/61 115/1/61
f 116/1/62 115/1/61 114/1/61
f 114/1/61 113/1/60 117/1/60
f 116/1/62 114/1/61 118/1/63
f 119/1/64 117/1/60 113/1/60
f 120/1/65 116/1/62 118/1/63
f 113/1/60 121/1/64 119/1/64
f 116/1/62 120/1/65 122/1/65
f 123/1/66 119/1/64 121/1/64
f 124/1/67 122/1/65 120/1/65
f 119/1/64 123/1/66 125/1/66
f 124/1/67 120/1/65 126/1/67
f 123/1/66 127/1/68 125/1/66
f 127/1/68 124/1/67 126/1/67
f 123/1/66 128/1/68 127/1/68
f 124/1/67 127/1/68 128/1/68
o RenderMesh_139648220393916
v -0.638057 -0.206313 -0.073604
v -0.597333 -0.256445 -0.072797
v -0.647318 -0.206163 0.004376
v -0.589647 -0.207106 -0.112116
v -0.599163 -0.259727 0.004376
v -0.562554 -0.248705 -0.086810
v -0.597333 -0.256445 0.081549
v -0.523490 -0.209166 -0.110851
v -0.524850 -0.245287 -0.078472
v -0.475176 -0.209221 -0.071545
v -0.638057 -0.206313 0.082357
v -0.589647 -0.207106 0.120869
v -0.562554 -0.248705 0.095563
v -0.523490 -0.209166 0.119604
v -0.524850 -0.245287 0.087225
v -0.475176 -0.209221 0.080298
v -0.592691 -0.019438 -0.075480
v -0.587928 -0.091157 -0.071708
v -0.601005 -0.013347 0.004376
v -0.549226 -0.051280 -0.118338
v -0.591700 -0.092961 0.004376
v -0.551360 -0.106486 -0.090176
v -0.587928 -0.091157 0.080460
v -0.490456 -0.095683 -0.116930
v -0.514914 -0.127619 -0.080897
v -0.446606 -0.126794 -0.073189
v -0.592690 -0.019438 0.084233
v -0.549226 -0.051279 0.127090
v -0.551360 -0.106486 0.098929
v -0.490456 -0.095683 0.125683
v -0.514914 -0.127619 0.089650
v -0.446606 -0.126794 0.081942
v 0.606846 0.205787 -0.008378
v 0.637230 0.187218 -0.039871
v 0.606832 0.208657 -0.013290
v 0.606811 0.212638 -0.016062
v 0.633779 0.215008 -0.048578
v 0.606617 0.250651 -0.043151
v 0.645980 0.166765 -0.016969
v 0.606868 0.201656 0.004376
v 0.646100 0.159892 0.004376
v 0.645980 0.166765 0.025721
v 0.606846 0.205787 0.017130
v 0.637230 0.187218 0.048623
v 0.606832 0.208657 0.022042
v 0.606811 0.212638 0.024814
v 0.633779 0.215008 0.057330
v 0.606617 0.250651 0.051903
v -0.316085 -0.280569 0.004376
v -0.380896 -0.226598 0.049369
v -0.375085 -0.226529 0.004376
v -0.380896 -0.226598 -0.040617
v -0.317968 -0.277157 0.078425
v -0.317968 -0.277157 -0.069673
v -0.354003 -0.268966 0.092500
v -0.354003 -0.268966 -0.083748
v -0.384933 -0.226646 0.056280
v -0.384933 -0.226646 -0.047529
v -0.393093 -0.265243 0.083852
v -0.389751 -0.226247 0.040350
v -0.444444 -0.227603 0.076668
v -0.393093 -0.265243 -0.075100
v -0.389751 -0.226247 -0.031598
v -0.444444 -0.227603 -0.067916
v 0.645980 0.166765 -0.016969
v 0.607265 0.124032 0.004376
v 0.607230 0.130860 -0.020026
v 0.607047 0.166555 -0.057693
v 0.646100 0.159892 0.004376
v 0.637230 0.187218 -0.039871
v 0.645980 0.166765 0.025721
v 0.606804 0.214099 -0.070945
v 0.633779 0.215008 -0.048578
v 0.606617 0.250651 -0.043151
v 0.607230 0.130860 0.028778
v 0.607047 0.166555 0.066445
v 0.637230 0.187218 0.048623
v 0.606804 0.214099 0.079697
v 0.633779 0.215008 0.057330
v 0.606617 0.250651 0.051903
v -0.501097 0.067753 -0.070866
v -0.496273 0.012774 0.004376
v -0.507659 0.071850 0.004376
v -0.501097 0.067753 0.079618
v -0.493550 0.014334 -0.070410
v -0.493550 0.014334 0.079163
v -0.466795 0.046332 -0.103034
v -0.466795 0.046332 0.111786
v -0.465327 0.004890 -0.081896
v -0.465327 0.004890 0.090649
v -0.420340 0.016358 -0.101977
v -0.436873 -0.008905 -0.074932
v -0.385790 -0.004495 -0.069146
v -0.420340 0.016358 0.110730
v -0.436873 -0.008905 0.083685
v -0.385790 -0.004495 0.077899
v 0.525291 0.194273 -0.005392
v 0.552889 0.177050 -0.030936
v 0.525267 0.196200 -0.008788
v 0.525236 0.198692 -0.010574
v 0.549925 0.199496 -0.037641
v 0.524827 0.231531 -0.035822
v 0.559927 0.160863 -0.012737
v 0.525331 0.191007 0.004376
v 0.560063 0.155203 0.004376
v 0.559927 0.160863 0.021489
v 0.525291 0.194273 0.014144
v 0.552889 0.177050 0.039688
v 0.525267 0.196200 0.017540
v 0.525236 0.198692 0.019326
v 0.549925 0.199496 0.046393
v 0.524827 0.231531 0.044574
v 0.559927 0.160863 -0.012737
v 0.526189 0.122194 0.004376
v 0.526114 0.128152 -0.016972
v 0.525735 0.158610 -0.049072
v 0.560063 0.155203 0.004376
v 0.552889 0.177050 -0.030936
v 0.559927 0.160863 0.021489
v 0.525222 0.199802 -0.060282
v 0.549925 0.199496 -0.037641
v 0.524827 0.231531 -0.035822
v 0.526114 0.128152 0.025724
v 0.525735 0.158610 0.057824
v 0.552889 0.177050 0.039688
v 0.525222 0.199802 0.069034
v 0.549925 0.199496 0.046393
v 0.524827 0.231531 0.044574
v 0.480822 0.171523 -0.033950
v 0.472024 0.192467 -0.049799
v 0.436782 0.215074 -0.017500
v 0.436782 0.217555 -0.015820
v 0.436782 0.210870 0.004376
v 0.468569 0.221402 -0.049701
v 0.436782 0.220762 -0.014865
v 0.436782 0.263030 -0.046050
v 0.480905 0.164236 0.004376
v 0.480822 0.171523 0.042702
v 0.436782 0.215074 0.026252
v 0.472024 0.192467 0.058551
v 0.436782 0.217555 0.024572
v 0.468569 0.221402 0.058453
v 0.436782 0.220762 0.023617
v 0.436782 0.263030 0.054802
v -0.330712 -0.151246 0.004376
v -0.340304 -0.074970 0.062710
v -0.343444 -0.078208 0.004376
v -0.330227 -0.145876 0.077647
v -0.340304 -0.074970 -0.053958
v -0.330227 -0.145876 -0.068895
v 0.480822 0.171523 -0.033950
v 0.436782 0.122298 0.004376
v 0.436782 0.129967 -0.043434
v 0.436782 0.169170 -0.077624
v 0.480905 0.164236 0.004376
v 0.472024 0.192467 -0.049799
v 0.480822 0.171523 0.042702
v 0.436782 0.222190 -0.078842
v 0.468569 0.221402 -0.049701
v 0.436782 0.263030 -0.046050
v 0.436782 0.129967 0.052186
v 0.436782 0.169170 0.086376
v 0.472024 0.192467 0.058551
v 0.436782 0.222190 0.087594
v 0.468569 0.221402 0.058453
v 0.436782 0.263030 0.054802
v 0.368465 0.175429 -0.038157
v 0.341154 0.191555 -0.009237
v 0.376484 0.156556 -0.015061
v 0.341154 0.194958 -0.015870
v 0.341154 0.187276 0.004376
v 0.341154 0.199970 -0.018356
v 0.365465 0.200679 -0.044462
v 0.341154 0.235784 -0.036365
v 0.376549 0.150431 0.004376
v 0.376484 0.156556 0.023813
v 0.341154 0.191555 0.017989
v 0.368465 0.175429 0.046909
v 0.341154 0.194958 0.024622
v 0.341154 0.199970 0.027108
v 0.365465 0.200679 0.053214
v 0.341154 0.235784 0.045117
v -0.401257 0.130684 0.004376
v -0.385425 0.151131 0.030236
v -0.410786 0.160558 0.004376
v -0.398148 0.171245 0.020926
v -0.385425 0.151131 -0.021484
v -0.410786 0.160558 0.004376
v -0.398148 0.171245 -0.012174
v -0.401257 0.130684 0.004376
v 0.335594 0.372323 0.004376
v 0.329405 0.368535 -0.002880
v 0.311858 0.373362 0.004376
v 0.340064 0.359891 -0.008846
v 0.352849 0.363263 0.004376
v 0.346974 0.343179 -0.013632
v 0.364436 0.347578 0.004376
v 0.349575 0.331805 -0.017003
v 0.374150 0.331966 0.004376
v 0.351519 0.323731 -0.006368
v 0.362260 0.323991 0.004376
v 0.352295 0.310213 -0.011737
v 0.368347 0.310213 0.004376
v 0.352849 0.363263 0.004376
v 0.346974 0.343179 0.022384
v 0.364436 0.347578 0.004376
v 0.349575 0.331805 0.025755
v 0.340064 0.359891 0.017598
v 0.374150 0.331966 0.004376
v 0.335594 0.372323 0.004376
v 0.329405 0.368535 0.011632
v 0.311858 0.373362 0.004376
v 0.351519 0.323731 0.015120
v 0.362260 0.323991 0.004376
v 0.352295 0.310213 0.020489
v 0.368347 0.310213 0.004376
v 0.376484 0.156556 -0.015061
v 0.341154 0.116308 0.004376
v 0.341154 0.122688 -0.018325
v 0.341154 0.156852 -0.057209
v 0.376549 0.150431 0.004376
v 0.368465 0.175429 -0.038157
v 0.376484 0.156556 0.023813
v 0.341154 0.201579 -0.067153
v 0.365465 0.200679 -0.044462
v 0.341154 0.235784 -0.036365
v 0.341154 0.122688 0.027077
v 0.341154 0.156852 0.065961
v 0.368465 0.175429 0.046909
v 0.341154 0.201579 0.075905
v 0.365465 0.200679 0.053214
v 0.341154 0.235784 0.045117
v 0.265116 0.377900 0.004376
v 0.257556 0.373474 -0.004385
v 0.236488 0.379713 0.004376
v 0.270219 0.362790 -0.011588
v 0.285732 0.366560 0.004376
v 0.280783 0.346609 -0.017367
v 0.306173 0.352725 0.004376
v 0.290899 0.329999 -0.023111
v 0.320773 0.330726 0.004376
v 0.285732 0.366560 0.004376
v 0.280783 0.346609 0.026119
v 0.306173 0.352725 0.004376
v 0.290899 0.329999 0.031863
v 0.320773 0.330726 0.004376
v 0.270219 0.362790 0.020340
v 0.265116 0.377900 0.004376
v 0.257556 0.373474 0.013137
v 0.236488 0.379713 0.004376
v -0.262570 -0.139033 0.004376
v -0.330227 -0.145876 0.077647
v -0.330712 -0.151246 0.004376
v -0.330227 -0.145876 -0.068895
v -0.262239 -0.133682 0.083955
v -0.262239 -0.133682 -0.075203
v -0.306874 -0.105712 0.110358
v -0.306874 -0.105712 -0.101606
v -0.351978 -0.121280 0.086036
v -0.351978 -0.121280 -0.077285
v -0.358275 -0.068231 0.109143
v -0.378561 -0.096434 0.078023
v -0.394958 -0.039759 0.079193
v -0.358275 -0.068231 -0.100391
v -0.378561 -0.096434 -0.069271
v -0.394958 -0.039759 -0.070441
v 0.309808 0.324575 0.004376
v 0.296378 0.324575 0.017806
v 0.315187 0.311235 0.004376
v 0.296378 0.311235 0.023186
v 0.296378 0.324575 -0.009054
v 0.315187 0.311235 0.004376
v 0.296378 0.311235 -0.014434
v 0.309808 0.324575 0.004376
v 0.246982 0.207044 -0.006757
v 0.279397 0.186064 -0.036831
v 0.246984 0.209155 -0.010511
v 0.246986 0.211827 -0.012447
v 0.276275 0.212359 -0.044606
v 0.247015 0.250372 -0.038090
v 0.287340 0.167079 -0.015628
v 0.246979 0.203290 0.004376
v 0.287415 0.160439 0.004376
v 0.287340 0.167079 0.024380
v 0.246982 0.207044 0.015509
v 0.279397 0.186064 0.045583
v 0.246984 0.209155 0.019263
v 0.246986 0.211827 0.021199
v 0.276275 0.212359 0.053358
v 0.247015 0.250372 0.046842
v 0.254900 0.331938 0.004376
v 0.241473 0.354842 0.004376
v 0.227012 0.331083 0.032165
v 0.221069 0.343450 0.027745
v 0.227623 0.364833 0.004376
v 0.211745 0.358329 0.021534
v 0.203889 0.373566 0.004376
v 0.196568 0.367643 0.013792
v 0.173175 0.370882 0.004376
v 0.241473 0.354842 0.004376
v 0.227012 0.331083 -0.023413
v 0.221069 0.343450 -0.018993
v 0.254900 0.331938 0.004376
v 0.227623 0.364833 0.004376
v 0.211745 0.358329 -0.012782
v 0.203889 0.373566 0.004376
v 0.196568 0.367643 -0.005040
v 0.173175 0.370882 0.004376
v -0.587928 -0.091157 -0.071708
v -0.501454 -0.086276 -0.057898
v -0.591700 -0.092961 0.004376
v -0.506485 -0.082591 0.004376
v -0.501454 -0.086276 0.066651
v -0.587928 -0.091157 0.080460
v -0.551360 -0.106486 0.098929
v -0.551360 -0.106486 -0.090176
v -0.497960 -0.088836 -0.051315
v -0.514914 -0.127619 -0.080897
v -0.493506 -0.091492 -0.034222
v -0.446606 -0.126794 -0.073189
v -0.514914 -0.127619 0.089650
v -0.497960 -0.088836 0.060067
v -0.493506 -0.091492 0.042975
v -0.446606 -0.126794 0.081942
v 0.229755 0.325140 -0.007866
v 0.248883 0.312952 0.004376
v 0.229755 0.312952 -0.014752
v 0.241997 0.325140 0.004376
v 0.241997 0.325140 0.004376
v 0.229755 0.325140 0.016618
v 0.248883 0.312952 0.004376
v 0.229755 0.312952 0.023504
v -0.351978 -0.121280 0.086036
v -0.350738 -0.072722 0.052473
v -0.340304 -0.074970 0.062710
v -0.330227 -0.145876 0.077647
v -0.378561 -0.096434 0.078023
v -0.354048 -0.069704 0.037711
v -0.394958 -0.039759 0.079193
v -0.330227 -0.145876 -0.068895
v -0.340304 -0.074970 -0.053958
v -0.351978 -0.121280 -0.077285
v -0.350738 -0.072722 -0.043721
v -0.378561 -0.096434 -0.069271
v -0.354048 -0.069704 -0.028959
v -0.394958 -0.039759 -0.070441
v -0.360389 0.215149 0.004376
v -0.332733 0.208167 -0.017407
v -0.347894 0.192641 0.004376
v -0.350495 0.225783 -0.010149
v -0.360389 0.215149 0.004376
v -0.332733 0.208166 0.026159
v -0.350495 0.225783 0.018901
v -0.347894 0.192641 0.004376
v 0.287340 0.167079 -0.015628
v 0.246918 0.122051 0.004376
v 0.246924 0.129057 -0.020744
v 0.246950 0.164701 -0.058303
v 0.287415 0.160439 0.004376
v 0.279397 0.186064 -0.036831
v 0.287340 0.167079 0.024380
v 0.246987 0.213073 -0.071407
v 0.276275 0.212359 -0.044606
v 0.247015 0.250372 -0.038090
v 0.246924 0.129057 0.029496
v 0.246950 0.164701 0.067055
v 0.279397 0.186064 0.045583
v 0.246987 0.213073 0.080159
v 0.276275 0.212359 0.053358
v 0.247015 0.250372 0.046842
v 0.218280 0.118026 0.004376
v 0.205553 0.062199 0.075997
v 0.203698 0.057746 0.004376
v 0.205553 0.062199 -0.067245
v 0.220024 0.122467 0.070980
v 0.220024 0.122467 -0.062228
v 0.175817 0.099120 0.099760
v 0.175817 0.099120 -0.091008
v 0.191840 0.138932 0.078849
v 0.191840 0.138932 -0.070097
v 0.143124 0.146122 0.098666
v 0.169757 0.164127 0.073016
v 0.120299 0.181131 0.080194
v 0.143124 0.146122 -0.089914
v 0.169757 0.164127 -0.064264
v 0.120299 0.181131 -0.071442
v -0.406168 0.174985 -0.033193
v -0.424829 0.142378 0.004376
v -0.434217 0.152990 0.004376
v -0.423099 0.182563 -0.027217
v -0.456425 0.169208 0.004376
v -0.445712 0.189783 -0.018821
v -0.469511 0.186150 -0.008354
v -0.471899 0.173645 0.004376
v -0.496487 0.169072 0.004376
v -0.456425 0.169208 0.004376
v -0.423099 0.182563 0.035969
v -0.445712 0.189783 0.027573
v -0.469511 0.186150 0.017106
v -0.471899 0.173645 0.004376
v -0.496487 0.169072 0.004376
v -0.434217 0.152990 0.004376
v -0.406168 0.174986 0.041945
v -0.424829 0.142378 0.004376
v -0.316085 -0.280569 0.004376
v -0.275494 -0.225352 0.065756
v -0.317968 -0.277157 0.078425
v -0.325707 -0.225946 0.118747
v -0.265888 -0.225240 0.004376
v -0.354003 -0.268966 0.092500
v -0.275494 -0.225352 -0.057004
v -0.394333 -0.227772 0.117436
v -0.393093 -0.265243 0.083852
v -0.444444 -0.227603 0.076668
v -0.317968 -0.277157 -0.069673
v -0.325707 -0.225946 -0.109995
v -0.354003 -0.268966 -0.083748
v -0.394333 -0.227772 -0.108684
v -0.393093 -0.265243 -0.075100
v -0.444444 -0.227603 -0.067916
v -0.411981 0.212135 0.004376
v -0.406168 0.174986 0.041945
v -0.387508 0.207593 0.004376
v -0.423099 0.182563 0.035969
v -0.434999 0.210358 0.004376
v -0.445712 0.189783 0.027573
v -0.467123 0.198654 0.004376
v -0.469511 0.186150 0.017106
v -0.496487 0.169072 0.004376
v -0.411981 0.212135 0.004376
v -0.406168 0.174985 -0.033193
v -0.423099 0.182563 -0.027217
v -0.387508 0.207593 0.004376
v -0.434999 0.210358 0.004376
v -0.445712 0.189783 -0.018821
v -0.467123 0.198654 0.004376
v -0.469511 0.186150 -0.008354
v -0.496487 0.169072 0.004376
v 0.127589 0.066573 0.004376
v 0.080974 0.023276 0.083955
v 0.076484 0.020348 0.004376
v 0.080974 0.023276 -0.075203
v 0.131970 0.069559 0.078381
v 0.131970 0.069559 -0.069629
v 0.076771 0.075782 0.110358
v 0.076771 0.075782 -0.101606
v 0.116394 0.102312 0.087124
v 0.116394 0.102312 -0.078372
v 0.076161 0.139395 0.109143
v 0.111881 0.139263 0.080643
v 0.077108 0.185821 0.079193
v 0.076161 0.139395 -0.100391
v 0.111881 0.139263 -0.071891
v 0.077108 0.185821 -0.070441
v -0.493550 0.014334 -0.070410
v -0.429094 0.022788 -0.057669
v -0.496273 0.012774 0.004376
v -0.433064 0.025268 0.004376
v -0.429094 0.022789 0.066422
v -0.493550 0.014334 0.079163
v -0.465327 0.004890 0.090649
v -0.465327 0.004890 -0.081896
v -0.426337 0.021067 -0.052728
v -0.436873 -0.008905 -0.074932
v -0.422855 0.019325 -0.039899
v -0.385790 -0.004495 -0.069146
v -0.436873 -0.008905 0.083685
v -0.426337 0.021067 0.061480
v -0.422855 0.019325 0.048651
v -0.385790 -0.004495 0.077899
v 0.148213 0.140085 0.047664
v 0.191840 0.138932 0.078849
v 0.156427 0.135103 0.056876
v 0.220024 0.122467 0.070980
v 0.169757 0.164127 0.073016
v 0.146286 0.143625 0.034378
v 0.120299 0.181131 0.080194
v 0.218280 0.118026 0.004376
v 0.152803 0.133273 0.004376
v 0.156427 0.135103 -0.048124
v 0.220024 0.122467 -0.062228
v 0.191840 0.138932 -0.070097
v 0.148213 0.140085 -0.038912
v 0.169757 0.164127 -0.064264
v 0.146286 0.143625 -0.025626
v 0.120299 0.181131 -0.071442
v 0.116394 0.102312 0.087124
v 0.081481 0.120954 0.062710
v 0.077056 0.130668 0.052473
v 0.131970 0.069559 0.078381
v 0.111881 0.139263 0.080643
v 0.077502 0.135124 0.037711
v 0.077108 0.185821 0.079193
v 0.127589 0.066573 0.004376
v 0.077009 0.121541 0.004376
v 0.081481 0.120954 -0.053958
v 0.131970 0.069559 -0.069629
v 0.116394 0.102312 -0.078372
v 0.077056 0.130668 -0.043721
v 0.111881 0.139263 -0.071891
v 0.077502 0.135124 -0.028959
v 0.077108 0.185821 -0.070441
v -0.588770 -0.154303 -0.069459
v -0.647318 -0.206163 0.004376
v -0.598088 -0.154037 0.004376
v -0.588770 -0.154303 0.078212
v -0.638057 -0.206313 -0.073604
v -0.638057 -0.206313 0.082357
v -0.589647 -0.207106 -0.112116
v -0.589647 -0.207106 0.120869
v -0.561163 -0.166483 -0.087942
v -0.561163 -0.166483 0.096695
v -0.523490 -0.209166 -0.110851
v -0.522826 -0.172005 -0.081199
v -0.475176 -0.209221 -0.071545
v -0.523490 -0.209166 0.119604
v -0.522826 -0.172005 0.089951
v -0.475176 -0.209221 0.080298
v -0.405105 0.233307 0.004376
v -0.414719 0.246713 -0.005434
v -0.396291 0.248859 -0.013500
v -0.416900 0.237148 0.004376
v -0.435961 0.234300 0.004376
v -0.385837 0.218710 0.004376
v -0.373598 0.239756 -0.019970
v -0.360139 0.231529 -0.024528
v -0.376837 0.207936 0.004376
v -0.360389 0.215149 0.004376
v -0.350495 0.225783 -0.010149
v -0.416900 0.237148 0.004376
v -0.414719 0.246713 0.014186
v -0.435961 0.234300 0.004376
v -0.405105 0.233307 0.004376
v -0.396291 0.248859 0.022252
v -0.385837 0.218710 0.004376
v -0.373598 0.239756 0.028722
v -0.360139 0.231529 0.033280
v -0.376837 0.207936 0.004376
v -0.360389 0.215149 0.004376
v -0.350495 0.225783 0.018901
v -0.412537 0.256277 0.004376
v -0.414719 0.246713 -0.005434
v -0.435961 0.234300 0.004376
v -0.396291 0.248859 -0.013500
v -0.387477 0.264410 0.004376
v -0.373598 0.239756 -0.019970
v -0.361359 0.260802 0.004376
v -0.360139 0.231529 -0.024528
v -0.343441 0.255121 0.004376
v -0.340600 0.236418 0.004376
v -0.350495 0.225783 -0.010149
v -0.332733 0.208167 -0.017407
v -0.317571 0.223692 0.004376
v -0.361359 0.260802 0.004376
v -0.387477 0.264410 0.004376
v -0.373598 0.239756 0.028722
v -0.396291 0.248859 0.022252
v -0.360139 0.231529 0.033280
v -0.412537 0.256277 0.004376
v -0.414719 0.246713 0.014186
v -0.435961 0.234300 0.004376
v -0.343441 0.255121 0.004376
v -0.340600 0.236418 0.004376
v -0.350495 0.225783 0.018901
v -0.332733 0.208166 0.026159
v -0.317571 0.223692 0.004376
v -0.597333 -0.256445 -0.072797
v -0.536440 -0.207975 -0.057805
v -0.599163 -0.259727 0.004376
v -0.562554 -0.248705 -0.086810
v -0.542043 -0.207883 0.004376
v -0.532548 -0.208038 -0.051889
v -0.536440 -0.207975 0.066558
v -0.524850 -0.245287 -0.078472
v -0.527902 -0.207676 -0.036530
v -0.475176 -0.209221 -0.071545
v -0.597333 -0.256445 0.081549
v -0.562554 -0.248705 0.095563
v -0.532548 -0.208038 0.060642
v -0.524850 -0.245287 0.087225
v -0.527902 -0.207676 0.045283
v -0.475176 -0.209221 0.080298
v 0.076484 0.020348 0.004376
v 0.030608 0.070545 0.077647
v 0.026011 0.067728 0.004376
v 0.030608 0.070545 -0.068895
v 0.080974 0.023276 0.083955
v 0.080974 0.023276 -0.075203
v 0.076771 0.075782 0.110358
v 0.076771 0.075782 -0.101606
v 0.037359 0.102677 0.086036
v 0.037359 0.102677 -0.077284
v 0.076161 0.139395 0.109143
v 0.041424 0.138836 0.078023
v 0.077108 0.185821 0.079193
v 0.076161 0.139395 -0.100391
v 0.041425 0.138836 -0.069271
v 0.077108 0.185821 -0.070441
v 0.026011 0.067728 0.004376
v 0.081481 0.120954 0.062710
v 0.077009 0.121541 0.004376
v 0.030608 0.070545 0.077647
v 0.081481 0.120954 -0.053958
v 0.030608 0.070545 -0.068895
v 0.320773 0.330726 0.004376
v 0.290899 0.329999 0.031863
v 0.296378 0.324575 0.017806
v 0.309808 0.324575 0.004376
v 0.320773 0.330726 0.004376
v 0.296378 0.324575 -0.009054
v 0.290899 0.329999 -0.023111
v 0.309808 0.324575 0.004376
v 0.203698 0.057746 0.004376
v 0.144138 0.071829 0.070320
v 0.142146 0.067404 0.004376
v 0.144138 0.071829 -0.061568
v 0.205553 0.062199 0.075997
v 0.205553 0.062199 -0.067245
v 0.175817 0.099120 0.099760
v 0.175817 0.099120 -0.091008
v 0.132874 0.099148 0.077870
v 0.132874 0.099148 -0.069118
v 0.143124 0.146122 0.098666
v 0.117572 0.128101 0.073450
v 0.120299 0.181131 0.080194
v 0.143124 0.146122 -0.089914
v 0.117572 0.128101 -0.064698
v 0.120299 0.181131 -0.071442
v -0.443421 0.083739 -0.067403
v -0.501097 0.067753 -0.070866
v -0.449975 0.087944 0.004376
v -0.507659 0.071850 0.004376
v -0.466795 0.046332 -0.103034
v -0.501097 0.067753 0.079618
v -0.428912 0.063130 -0.082842
v -0.443421 0.083739 0.076156
v -0.420340 0.016358 -0.101977
v -0.403857 0.042664 -0.077209
v -0.385790 -0.004495 -0.069146
v -0.466795 0.046332 0.111786
v -0.428912 0.063130 0.091594
v -0.420340 0.016358 0.110730
v -0.403857 0.042664 0.085962
v -0.385790 -0.004495 0.077899
v 0.210627 0.312952 0.004376
v 0.229755 0.325140 0.016618
v 0.217513 0.325140 0.004376
v 0.229755 0.312952 0.023504
v 0.229755 0.325140 -0.007866
v 0.229755 0.312952 -0.014752
v 0.210627 0.312952 0.004376
v 0.217513 0.325140 0.004376
v -0.345676 -0.183680 0.093674
v -0.380896 -0.226598 0.049369
v -0.384933 -0.226646 0.056280
v -0.316985 -0.171177 0.061456
v -0.385464 -0.189227 0.086680
v -0.389751 -0.226247 0.040350
v -0.444444 -0.227603 0.076668
v -0.375085 -0.226529 0.004376
v -0.307319 -0.170944 0.004376
v -0.316985 -0.171177 -0.052704
v -0.380896 -0.226598 -0.040617
v -0.345676 -0.183680 -0.084922
v -0.384933 -0.226646 -0.047529
v -0.385464 -0.189227 -0.077928
v -0.389751 -0.226247 -0.031598
v -0.444444 -0.227603 -0.067916
v 0.081481 0.120954 0.062710
v 0.030608 0.070545 0.077647
v 0.037359 0.102677 0.086036
v 0.077056 0.130668 0.052473
v 0.041424 0.138836 0.078023
v 0.077502 0.135124 0.037711
v 0.077108 0.185821 0.079193
v 0.077056 0.130668 -0.043721
v 0.037359 0.102677 -0.077284
v 0.081481 0.120954 -0.053958
v 0.030608 0.070545 -0.068895
v 0.041425 0.138836 -0.069271
v 0.077502 0.135124 -0.028959
v 0.077108 0.185821 -0.070441
v 0.254900 0.331938 0.004376
v 0.229755 0.325140 -0.007866
v 0.227012 0.331083 -0.023413
v 0.241997 0.325140 0.004376
v 0.254900 0.331938 0.004376
v 0.227012 0.331083 0.032165
v 0.229755 0.325140 0.016618
v 0.241997 0.325140 0.004376
v 0.206564 0.167140 -0.015628
v 0.246979 0.203290 0.004376
v 0.246982 0.207044 -0.006757
v 0.206480 0.160499 0.004376
v 0.214536 0.186113 -0.036831
v 0.206564 0.167140 0.024380
v 0.246984 0.209155 -0.010511
v 0.246982 0.207044 0.015509
v 0.246986 0.211827 -0.012447
v 0.217698 0.212403 -0.044606
v 0.247015 0.250372 -0.038090
v 0.214536 0.186113 0.045583
v 0.246984 0.209155 0.019263
v 0.246986 0.211827 0.021199
v 0.217698 0.212403 0.053358
v 0.247015 0.250372 0.046842
v 0.277568 0.311235 0.004376
v 0.296378 0.311235 0.023186
v 0.282948 0.324575 0.004376
v 0.296378 0.324575 0.017806
v 0.296378 0.311235 -0.014434
v 0.282948 0.324575 0.004376
v 0.296378 0.324575 -0.009054
v 0.277568 0.311235 0.004376
v 0.156427 0.135103 0.056876
v 0.144138 0.071829 0.070320
v 0.132874 0.099148 0.077870
v 0.148213 0.140085 0.047664
v 0.117572 0.128101 0.073450
v 0.146286 0.143625 0.034378
v 0.120299 0.181131 0.080194
v 0.144138 0.071829 -0.061568
v 0.156427 0.135103 -0.048124
v 0.132874 0.099148 -0.069118
v 0.148213 0.140085 -0.038912
v 0.117572 0.128101 -0.064698
v 0.146286 0.143625 -0.025626
v 0.120299 0.181131 -0.071442
v 0.142146 0.067404 0.004376
v 0.156427 0.135103 0.056876
v 0.152803 0.133273 0.004376
v 0.144138 0.071829 0.070320
v 0.156427 0.135103 -0.048124
v 0.144138 0.071829 -0.061568
v 0.336244 0.310213 0.004376
v 0.351519 0.323731 0.015120
v 0.340778 0.323471 0.004376
v 0.352295 0.310213 0.020489
v 0.351519 0.323731 -0.006368
v 0.352295 0.310213 -0.011737
v 0.336244 0.310213 0.004376
v 0.340778 0.323471 0.004376
v 0.200665 0.332057 0.004376
v 0.221069 0.343450 -0.018993
v 0.227012 0.331083 -0.023413
v 0.200899 0.326904 0.004376
v 0.195868 0.351825 0.004376
v 0.211745 0.358329 -0.012782
v 0.196568 0.367643 -0.005040
v 0.189247 0.361721 0.004376
v 0.173175 0.370882 0.004376
v 0.221069 0.343450 0.027745
v 0.195868 0.351825 0.004376
v 0.200665 0.332057 0.004376
v 0.227012 0.331083 0.032165
v 0.200899 0.326904 0.004376
v 0.211745 0.358329 0.021534
v 0.196568 0.367643 0.013792
v 0.189247 0.361721 0.004376
v 0.173175 0.370882 0.004376
v -0.350738 -0.072722 0.052473
v -0.304507 -0.058087 0.087124
v -0.340304 -0.074970 0.062710
v -0.268933 -0.065141 0.078381
v -0.336847 -0.039651 0.080643
v -0.354048 -0.069704 0.037711
v -0.394958 -0.039759 0.079193
v -0.269151 -0.070438 0.004376
v -0.343444 -0.078208 0.004376
v -0.340304 -0.074970 -0.053958
v -0.268933 -0.065141 -0.069629
v -0.304507 -0.058087 -0.078372
v -0.350738 -0.072722 -0.043721
v -0.336847 -0.039651 -0.071891
v -0.354048 -0.069704 -0.028959
v -0.394958 -0.039759 -0.070441
v 0.305824 0.156556 -0.015061
v 0.341154 0.187276 0.004376
v 0.341154 0.191555 -0.009237
v 0.305758 0.150431 0.004376
v 0.313843 0.175429 -0.038157
v 0.305824 0.156556 0.023813
v 0.341154 0.194958 -0.015870
v 0.341154 0.191555 0.017989
v 0.341154 0.199970 -0.018356
v 0.316842 0.200679 -0.044462
v 0.341154 0.235784 -0.036365
v 0.313843 0.175429 0.046909
v 0.341154 0.194958 0.024622
v 0.341154 0.199970 0.027108
v 0.316842 0.200679 0.053214
v 0.341154 0.235784 0.045117
v -0.514484 -0.003881 -0.070867
v -0.592691 -0.019438 -0.075480
v -0.522777 0.002352 0.004376
v -0.601005 -0.013347 0.004376
v -0.549226 -0.051280 -0.118338
v -0.592690 -0.019438 0.084233
v -0.497237 -0.032693 -0.091436
v -0.514484 -0.003881 0.079620
v -0.490456 -0.095683 -0.116930
v -0.465964 -0.062355 -0.083931
v -0.446606 -0.126794 -0.073189
v -0.549226 -0.051279 0.127090
v -0.497237 -0.032693 0.100188
v -0.490456 -0.095683 0.125683
v -0.465964 -0.062355 0.092684
v -0.446606 -0.126794 0.081942
v 0.257556 0.373474 -0.004385
v 0.254707 0.359020 0.004376
v 0.249996 0.369047 0.004376
v 0.236488 0.379713 0.004376
v 0.270219 0.362790 -0.011588
v 0.259918 0.340492 0.004376
v 0.280783 0.346609 -0.017367
v 0.263422 0.322883 0.004376
v 0.290899 0.329999 -0.023111
v 0.249996 0.369047 0.004376
v 0.257556 0.373474 0.013137
v 0.236488 0.379713 0.004376
v 0.254707 0.359020 0.004376
v 0.270219 0.362790 0.020340
v 0.259918 0.340492 0.004376
v 0.280783 0.346609 0.026119
v 0.263422 0.322883 0.004376
v 0.290899 0.329999 0.031863
v 0.290899 0.329999 0.031863
v 0.263422 0.322883 0.004376
v 0.282948 0.324575 0.004376
v 0.296378 0.324575 0.017806
v 0.282948 0.324575 0.004376
v 0.290899 0.329999 -0.023111
v 0.296378 0.324575 -0.009054
v 0.263422 0.322883 0.004376
v 0.206564 0.167140 -0.015628
v 0.246924 0.129057 -0.020744
v 0.246918 0.122051 0.004376
v 0.246950 0.164701 -0.058303
v 0.206480 0.160499 0.004376
v 0.214536 0.186113 -0.036831
v 0.206564 0.167140 0.024380
v 0.246987 0.213073 -0.071407
v 0.217698 0.212403 -0.044606
v 0.247015 0.250372 -0.038090
v 0.246924 0.129057 0.029496
v 0.246950 0.164701 0.067055
v 0.214536 0.186113 0.045583
v 0.246987 0.213073 0.080159
v 0.217698 0.212403 0.053358
v 0.247015 0.250372 0.046842
v 0.227012 0.331083 0.032165
v 0.200899 0.326904 0.004376
v 0.217513 0.325140 0.004376
v 0.229755 0.325140 0.016618
v 0.217513 0.325140 0.004376
v 0.227012 0.331083 -0.023413
v 0.229755 0.325140 -0.007866
v 0.200899 0.326904 0.004376
v 0.329405 0.368535 -0.002880
v 0.327279 0.356520 0.004376
v 0.323216 0.364747 0.004376
v 0.311858 0.373362 0.004376
v 0.340064 0.359891 -0.008846
v 0.329511 0.338779 0.004376
v 0.346974 0.343179 -0.013632
v 0.349575 0.331805 -0.017003
v 0.328461 0.325255 0.004376
v 0.340778 0.323471 0.004376
v 0.351519 0.323731 -0.006368
v 0.323216 0.364747 0.004376
v 0.329405 0.368535 0.011632
v 0.311858 0.373362 0.004376
v 0.327279 0.356520 0.004376
v 0.340064 0.359891 0.017598
v 0.329511 0.338779 0.004376
v 0.346974 0.343179 0.022384
v 0.349575 0.331805 0.025755
v 0.328461 0.325255 0.004376
v 0.340778 0.323471 0.004376
v 0.351519 0.323731 0.015120
v -0.369593 0.171578 0.004376
v -0.398148 0.171245 -0.012174
v -0.385511 0.181931 0.004376
v -0.385425 0.151131 -0.021484
v -0.387508 0.207593 0.004376
v -0.406168 0.174985 -0.033193
v -0.398148 0.171245 0.020926
v -0.369593 0.171578 0.004376
v -0.385511 0.181931 0.004376
v -0.385425 0.151131 0.030236
v -0.387508 0.207593 0.004376
v -0.406168 0.174986 0.041945
v 0.392743 0.171523 -0.033950
v 0.436782 0.210870 0.004376
v 0.436782 0.215074 -0.017500
v 0.392659 0.164236 0.004376
v 0.401540 0.192467 -0.049800
v 0.392743 0.171523 0.042702
v 0.436782 0.217555 -0.015820
v 0.436782 0.215074 0.026252
v 0.404995 0.221402 -0.049701
v 0.436782 0.220762 -0.014865
v 0.436782 0.263030 -0.046050
v 0.401540 0.192467 0.058551
v 0.436782 0.217555 0.024572
v 0.404995 0.221402 0.058453
v 0.436782 0.220762 0.023617
v 0.436782 0.263030 0.054802
v 0.305824 0.156556 -0.015061
v 0.341154 0.122688 -0.018325
v 0.341154 0.116308 0.004376
v 0.341154 0.156852 -0.057209
v 0.305758 0.150431 0.004376
v 0.313843 0.175429 -0.038157
v 0.305824 0.156556 0.023813
v 0.341154 0.201579 -0.067153
v 0.316842 0.200679 -0.044462
v 0.341154 0.235784 -0.036365
v 0.341154 0.122688 0.027077
v 0.341154 0.156852 0.065961
v 0.313843 0.175429 0.046909
v 0.341154 0.201579 0.075905
v 0.316842 0.200679 0.053214
v 0.341154 0.235784 0.045117
v -0.424829 0.142378 0.004376
v -0.398148 0.171245 0.020926
v -0.406168 0.174986 0.041945
v -0.410786 0.160558 0.004376
v -0.424829 0.142378 0.004376
v -0.398148 0.171245 -0.012174
v -0.410786 0.160558 0.004376
v -0.406168 0.174985 -0.033193
v 0.491497 0.160011 -0.012737
v 0.525331 0.191007 0.004376
v 0.525291 0.194273 -0.005392
v 0.491503 0.154349 0.004376
v 0.498130 0.176368 -0.030936
v 0.491497 0.160011 0.021489
v 0.525267 0.196200 -0.008788
v 0.525291 0.194273 0.014144
v 0.525236 0.198692 -0.010574
v 0.500534 0.198881 -0.037641
v 0.524827 0.231531 -0.035822
v 0.498130 0.176368 0.039688
v 0.525267 0.196200 0.017540
v 0.525236 0.198692 0.019326
v 0.500534 0.198881 0.046393
v 0.524827 0.231531 0.044574
v -0.269151 -0.070438 0.004376
v -0.262239 -0.133682 0.083955
v -0.262570 -0.139033 0.004376
v -0.262239 -0.133682 -0.075203
v -0.268933 -0.065141 0.078381
v -0.268933 -0.065141 -0.069629
v -0.306874 -0.105712 0.110358
v -0.306874 -0.105712 -0.101606
v -0.304507 -0.058087 0.087124
v -0.304507 -0.058087 -0.078372
v -0.358275 -0.068231 0.109143
v -0.336847 -0.039651 0.080643
v -0.394958 -0.039759 0.079193
v -0.358275 -0.068231 -0.100391
v -0.336847 -0.039651 -0.071891
v -0.394958 -0.039759 -0.070441
v 0.436782 0.129967 -0.043434
v 0.436782 0.122298 0.004376
v 0.392743 0.171523 -0.033950
v 0.436782 0.169170 -0.077624
v 0.392659 0.164236 0.004376
v 0.401540 0.192467 -0.049800
v 0.392743 0.171523 0.042702
v 0.436782 0.222190 -0.078842
v 0.404995 0.221402 -0.049701
v 0.436782 0.263030 -0.046050
v 0.436782 0.129967 0.052186
v 0.436782 0.169170 0.086376
v 0.401540 0.192467 0.058551
v 0.436782 0.222190 0.087594
v 0.404995 0.221402 0.058453
v 0.436782 0.263030 0.054802
v 0.568223 0.166719 -0.016567
v 0.606868 0.201656 0.004376
v 0.606846 0.205787 -0.008378
v 0.568175 0.159976 0.004376
v 0.576603 0.186873 -0.039036
v 0.568223 0.166719 0.025319
v 0.606832 0.208657 -0.013290
v 0.606846 0.205787 0.017130
v 0.606811 0.212638 -0.016062
v 0.579709 0.214173 -0.047579
v 0.606617 0.250651 -0.043151
v 0.576603 0.186873 0.047788
v 0.606832 0.208657 0.022042
v 0.606811 0.212638 0.024814
v 0.579709 0.214173 0.056331
v 0.606617 0.250651 0.051903
v -0.426337 0.021067 -0.052728
v -0.428912 0.063130 -0.082842
v -0.443421 0.083739 -0.067403
v -0.403857 0.042664 -0.077209
v -0.422855 0.019325 -0.039899
v -0.385790 -0.004495 -0.069146
v -0.449975 0.087944 0.004376
v -0.429094 0.022788 -0.057669
v -0.433064 0.025268 0.004376
v -0.429094 0.022789 0.066422
v -0.443421 0.083739 0.076156
v -0.428912 0.063130 0.091594
v -0.403857 0.042664 0.085962
v -0.426337 0.021067 0.061480
v -0.422855 0.019325 0.048651
v -0.385790 -0.004495 0.077899
v -0.265888 -0.225240 0.004376
v -0.316985 -0.171177 0.061456
v -0.275494 -0.225352 0.065756
v -0.325707 -0.225946 0.118747
v -0.307319 -0.170944 0.004376
v -0.345676 -0.183680 0.093674
v -0.316985 -0.171177 -0.052704
v -0.394333 -0.227772 0.117436
v -0.385464 -0.189227 0.086680
v -0.444444 -0.227603 0.076668
v -0.275494 -0.225352 -0.057004
v -0.325707 -0.225946 -0.109995
v -0.345676 -0.183680 -0.084922
v -0.394333 -0.227772 -0.108684
v -0.385464 -0.189227 -0.077928
v -0.444444 -0.227603 -0.067916
v 0.491497 0.160011 -0.012737
v 0.526114 0.128152 -0.016972
v 0.526189 0.122194 0.004376
v 0.525735 0.158610 -0.049072
v 0.491503 0.154349 0.004376
v 0.498130 0.176368 -0.030936
v 0.491497 0.160011 0.021489
v 0.525222 0.199802 -0.060282
v 0.500534 0.198881 -0.037641
v 0.524827 0.231531 -0.035822
v 0.526114 0.128152 0.025724
v 0.525735 0.158610 0.057824
v 0.498130 0.176368 0.039688
v 0.525222 0.199802 0.069034
v 0.500534 0.198881 0.046393
v 0.524827 0.231531 0.044574
v 0.568223 0.166719 -0.016567
v 0.607230 0.130860 -0.020026
v 0.607265 0.124032 0.004376
v 0.607047 0.166555 -0.057693
v 0.568175 0.159976 0.004376
v 0.576603 0.186873 -0.039036
v 0.568223 0.166719 0.025319
v 0.606804 0.214099 -0.070945
v 0.579709 0.214173 -0.047579
v 0.606617 0.250651 -0.043151
v 0.607230 0.130860 0.028778
v 0.607047 0.166555 0.066445
v 0.576603 0.186873 0.047788
v 0.606804 0.214099 0.079697
v 0.579709 0.214173 0.056331
v 0.606617 0.250651 0.051903
v -0.497960 -0.088836 -0.051315
v -0.497237 -0.032693 -0.091436
v -0.514484 -0.003881 -0.070867
v -0.465964 -0.062355 -0.083931
v -0.493506 -0.091492 -0.034222
v -0.446606 -0.126794 -0.073189
v -0.522777 0.002352 0.004376
v -0.501454 -0.086276 -0.057898
v -0.506485 -0.082591 0.004376
v -0.501454 -0.086276 0.066651
v -0.514484 -0.003881 0.079620
v -0.497237 -0.032693 0.100188
v -0.465964 -0.062355 0.092684
v -0.497960 -0.088836 0.060067
v -0.493506 -0.091492 0.042975
v -0.446606 -0.126794 0.081942
v -0.532548 -0.208038 -0.051889
v -0.561163 -0.166483 -0.087942
v -0.588770 -0.154303 -0.069459
v -0.522826 -0.172005 -0.081199
v -0.527902 -0.207676 -0.036530
v -0.475176 -0.209221 -0.071545
v -0.598088 -0.154037 0.004376
v -0.536440 -0.207975 -0.057805
v -0.542043 -0.207883 0.004376
v -0.536440 -0.207975 0.066558
v -0.588770 -0.154303 0.078212
v -0.561163 -0.166483 0.096695
v -0.522826 -0.172005 0.089951
v -0.532548 -0.208038 0.060642
v -0.527902 -0.207676 0.045283
v -0.475176 -0.209221 0.080298
vn -0.6748 -0.6463 -0.3563
vn -0.6178 -0.6262 -0.4755
vn -0.7591 -0.6510 -0.0002
vn -0.2388 -0.5612 -0.7925
vn -0.7592 -0.6509 -0.0002
vn -0.1280 -0.5731 -0.8094
vn -0.6179 -0.6264 0.4752
vn 0.2718 -0.5955 -0.7560
vn 0.2776 -0.5955 -0.7539
vn 0.5119 -0.5840 -0.6300
vn -0.6749 -0.6464 0.3559
vn -0.2388 -0.5614 0.7924
vn -0.1280 -0.5733 0.8093
vn 0.2717 -0.5953 0.7562
vn 0.2777 -0.5957 0.7537
vn 0.5119 -0.5840 0.6300
vn -0.9225 -0.1441 -0.3581
vn -0.8748 -0.1598 -0.4573
vn -0.9955 -0.0946 -0.0000
vn -0.5315 -0.3279 -0.7810
vn -0.9955 -0.0946 -0.0002
vn -0.4460 -0.3981 -0.8016
vn -0.8750 -0.1598 0.4570
vn -0.1221 -0.6432 -0.7559
vn -0.1172 -0.6468 -0.7536
vn 0.0804 -0.7724 -0.6300
vn -0.9223 -0.1442 0.3586
vn -0.5317 -0.3281 0.7808
vn -0.4461 -0.3982 0.8015
vn -0.1221 -0.6429 0.7561
vn -0.1173 -0.6470 0.7534
vn 0.0798 -0.7725 0.6300
vn 0.7111 0.6511 0.2652
vn 0.7366 0.5055 0.4493
vn 0.7376 0.4909 0.4637
vn 0.7153 0.3450 0.6077
vn 0.7096 0.3597 0.6059
vn 0.6802 0.4277 0.5953
vn 0.7117 0.6566 0.2498
vn 0.7289 0.6846 -0.0002
vn 0.7289 0.6847 -0.0000
vn 0.7116 0.6565 -0.2503
vn 0.7110 0.6511 -0.2656
vn 0.7366 0.5054 -0.4495
vn 0.7378 0.4910 -0.4633
vn 0.7151 0.3449 -0.6080
vn 0.7094 0.3596 -0.6062
vn 0.6802 0.4277 -0.5953
vn -0.6481 -0.7616 -0.0002
vn -0.5568 -0.7908 -0.2540
vn -0.5567 -0.7907 0.2545
vn -0.5747 -0.7895 -0.2153
vn -0.5747 -0.7894 0.2158
vn -0.1961 -0.7685 -0.6090
vn -0.1961 -0.7688 0.6087
vn 0.0180 -0.7305 -0.6827
vn 0.0179 -0.7307 0.6825
vn 0.0587 -0.6695 -0.7405
vn -0.0919 -0.6860 -0.7218
vn -0.4008 -0.6667 -0.6284
vn 0.0587 -0.6699 0.7401
vn -0.0919 -0.6856 0.7221
vn -0.4012 -0.6666 0.6282
vn 0.6512 -0.6258 -0.4292
vn 0.6840 -0.7294 -0.0002
vn 0.6597 -0.6537 -0.3707
vn 0.6241 -0.3943 -0.6745
vn 0.6840 -0.7295 -0.0002
vn 0.6248 -0.3659 -0.6898
vn 0.6514 -0.6259 0.4289
vn 0.6199 0.1321 -0.7735
vn 0.6221 0.0912 -0.7776
vn 0.5380 0.5120 -0.6697
vn 0.6598 -0.6538 0.3703
vn 0.6242 -0.3945 0.6743
vn 0.6245 -0.3658 0.6900
vn 0.6197 0.1320 0.7736
vn 0.6219 0.0911 0.7778
vn 0.5380 0.5120 0.6697
vn -0.9130 -0.2055 -0.3524
vn -0.9860 -0.1666 -0.0002
vn -0.9132 -0.2055 0.3520
vn -0.8528 -0.2172 -0.4750
vn -0.8529 -0.2173 0.4746
vn -0.4927 -0.3563 -0.7939
vn -0.4929 -0.3564 0.7938
vn -0.4041 -0.4243 -0.8103
vn -0.4043 -0.4245 0.8102
vn -0.0745 -0.6501 -0.7562
vn -0.0696 -0.6536 -0.7536
vn 0.1377 -0.7641 -0.6302
vn -0.0745 -0.6504 0.7560
vn -0.0696 -0.6539 0.7534
vn 0.1373 -0.7643 0.6300
vn 0.6985 0.6619 0.2720
vn 0.7200 0.5181 0.4617
vn 0.7210 0.4967 0.4831
vn 0.6883 0.3626 0.6283
vn 0.6825 0.3783 0.6254
vn 0.6445 0.4714 0.6020
vn 0.6991 0.6673 0.2567
vn 0.7181 0.6959 -0.0002
vn 0.7178 0.6963 -0.0000
vn 0.6990 0.6673 -0.2570
vn 0.6984 0.6618 -0.2724
vn 0.7202 0.5182 -0.4613
vn 0.7212 0.4968 -0.4827
vn 0.6881 0.3626 -0.6285
vn 0.6823 0.3781 -0.6257
vn 0.6443 0.4713 -0.6022
vn 0.6757 -0.6074 -0.4177
vn 0.7038 -0.7104 -0.0002
vn 0.6813 -0.6334 -0.3669
vn 0.6549 -0.3707 -0.6586
vn 0.6550 -0.3504 -0.6694
vn 0.6756 -0.6073 0.4181
vn 0.6590 0.1418 -0.7386
vn 0.6617 0.0834 -0.7451
vn 0.5893 0.4978 -0.6363
vn 0.6814 -0.6336 0.3665
vn 0.6546 -0.3706 0.6589
vn 0.6548 -0.3503 0.6697
vn 0.6588 0.1417 0.7389
vn 0.6619 0.0834 0.7449
vn 0.5893 0.4978 0.6363
vn 0.7346 0.6309 0.2497
vn 0.7554 0.3714 0.5398
vn 0.7367 0.6030 0.3062
vn 0.7480 0.1815 0.6384
vn 0.7272 0.6864 -0.0000
vn 0.7115 0.2177 0.6681
vn 0.7091 0.2350 0.6648
vn 0.6562 0.4483 0.6069
vn 0.7271 0.6866 -0.0002
vn 0.7347 0.6310 -0.2492
vn 0.7369 0.6030 -0.3057
vn 0.7557 0.3715 -0.5394
vn 0.7482 0.1815 -0.6382
vn 0.7113 0.2177 -0.6683
vn 0.7094 0.2350 -0.6645
vn 0.6563 0.4479 -0.6071
vn -0.9882 -0.1529 -0.0002
vn -0.9876 -0.1529 0.0367
vn -0.9875 -0.1529 -0.0372
vn 0.6975 -0.5894 -0.4076
vn 0.6950 -0.7190 -0.0002
vn 0.7006 -0.6178 -0.3571
vn 0.6639 -0.2503 -0.7046
vn 0.6949 -0.7191 -0.0002
vn 0.6637 -0.1996 -0.7209
vn 0.6976 -0.5895 0.4072
vn 0.6415 0.2333 -0.7308
vn 0.6423 0.2225 -0.7335
vn 0.5898 0.5056 -0.6297
vn 0.7007 -0.6179 0.3567
vn 0.6637 -0.2502 0.7049
vn 0.6639 -0.1997 0.7207
vn 0.6417 0.2334 0.7306
vn 0.6425 0.2225 0.7333
vn 0.5898 0.5056 0.6297
vn 0.7280 0.5064 0.4622
vn 0.7024 0.6628 0.2594
vn 0.7037 0.6670 0.2449
vn 0.7300 0.4764 0.4901
vn 0.7215 0.6924 -0.0000
vn 0.7007 0.2866 0.6534
vn 0.7003 0.2884 0.6530
vn 0.6873 0.3263 0.6489
vn 0.7214 0.6925 -0.0003
vn 0.7037 0.6671 -0.2444
vn 0.7025 0.6629 -0.2589
vn 0.7282 0.5066 -0.4615
vn 0.7302 0.4765 -0.4896
vn 0.7009 0.2868 -0.6531
vn 0.7005 0.2885 -0.6527
vn 0.6873 0.3263 -0.6489
vn -0.7349 -0.2074 0.6456
vn -0.7349 -0.2075 0.6456
vn -0.7352 -0.2075 -0.6453
vn 0.2483 0.7930 -0.5563
vn 0.1890 0.8203 -0.5398
vn 0.0382 0.8721 -0.4878
vn 0.4766 0.6006 -0.6419
vn 0.5119 0.5550 -0.6556
vn 0.6036 0.3996 -0.6900
vn 0.6044 0.3967 -0.6909
vn 0.6666 -0.0168 -0.7452
vn 0.6645 -0.0965 -0.7411
vn 0.6659 -0.2765 -0.6929
vn 0.6684 -0.2638 -0.6954
vn 0.6730 0.3024 -0.6750
vn 0.6732 0.3021 -0.6749
vn 0.5121 0.5552 0.6554
vn 0.6034 0.3994 0.6902
vn 0.6042 0.3965 0.6911
vn 0.6664 -0.0168 0.7454
vn 0.4769 0.6007 0.6416
vn 0.6647 -0.0966 0.7409
vn 0.2484 0.7932 0.5560
vn 0.1891 0.8205 0.5395
vn 0.0382 0.8721 0.4878
vn 0.6656 -0.2764 0.6932
vn 0.6686 -0.2638 0.6952
vn 0.6734 0.3022 0.6747
vn 0.6732 -0.6215 -0.4008
vn 0.6979 -0.7162 -0.0002
vn 0.6787 -0.6454 -0.3505
vn 0.6637 -0.3737 -0.6480
vn 0.6646 -0.3494 -0.6605
vn 0.6733 -0.6216 0.4004
vn 0.6637 0.1729 -0.7277
vn 0.6655 0.1436 -0.7324
vn 0.5840 0.5434 -0.6030
vn 0.6788 -0.6455 0.3501
vn 0.6639 -0.3738 0.6477
vn 0.6648 -0.3495 0.6603
vn 0.6635 0.1728 0.7279
vn 0.6653 0.1436 0.7327
vn 0.5840 0.5431 0.6034
vn 0.2629 0.7882 -0.5564
vn 0.2046 0.8165 -0.5399
vn 0.0548 0.8714 -0.4875
vn 0.4089 0.6717 -0.6177
vn 0.4273 0.6463 -0.6322
vn 0.5088 0.5344 -0.6749
vn 0.5246 0.5122 -0.6800
vn 0.5578 0.4599 -0.6909
vn 0.4274 0.6465 0.6319
vn 0.5090 0.5346 0.6746
vn 0.5244 0.5121 0.6803
vn 0.5580 0.4600 0.6907
vn 0.4090 0.6719 0.6175
vn 0.2630 0.7884 0.5561
vn 0.2046 0.8167 0.5396
vn 0.0548 0.8711 0.4880
vn 0.1736 -0.9848 -0.0000
vn 0.0452 -0.8552 0.5163
vn 0.1738 -0.9848 -0.0002
vn 0.0452 -0.8555 -0.5159
vn 0.0899 -0.9214 0.3781
vn 0.0899 -0.9212 -0.3785
vn -0.1941 -0.5460 0.8150
vn -0.1940 -0.5458 -0.8151
vn -0.2864 -0.4932 0.8214
vn -0.2866 -0.4934 -0.8212
vn -0.5575 -0.3298 0.7618
vn -0.5509 -0.3337 0.7649
vn -0.7138 -0.2202 0.6649
vn -0.5578 -0.3299 -0.7616
vn -0.5511 -0.3339 -0.7647
vn -0.7138 -0.2202 -0.6649
vn 0.6800 0.2742 0.6800
vn 0.6802 0.2739 -0.6800
vn 0.6800 0.2742 -0.6800
vn 0.6802 0.2738 -0.6800
vn 0.7074 0.6523 0.2721
vn 0.7272 0.5076 0.4620
vn 0.7285 0.4868 0.4820
vn 0.6985 0.3342 0.6327
vn 0.6960 0.3422 0.6312
vn 0.6708 0.4104 0.6177
vn 0.7084 0.6572 0.2575
vn 0.7281 0.6855 -0.0002
vn 0.7280 0.6856 -0.0002
vn 0.7085 0.6573 -0.2569
vn 0.7074 0.6522 -0.2725
vn 0.7274 0.5078 -0.4616
vn 0.7287 0.4869 -0.4815
vn 0.6988 0.3343 -0.6324
vn 0.6959 0.3421 -0.6315
vn 0.6708 0.4104 -0.6177
vn 0.6080 0.4188 0.6745
vn 0.5432 0.4979 0.6760
vn 0.5461 0.4949 0.6759
vn 0.3867 0.6613 0.6428
vn 0.3544 0.6911 0.6299
vn 0.1424 0.8188 0.5562
vn 0.0802 0.8381 0.5396
vn -0.0763 0.8695 0.4881
vn 0.5431 0.4977 -0.6763
vn 0.6083 0.4189 -0.6742
vn 0.5460 0.4947 -0.6761
vn 0.3865 0.6611 -0.6431
vn 0.3543 0.6909 -0.6302
vn 0.1424 0.8186 -0.5565
vn 0.0801 0.8379 -0.5399
vn -0.0760 0.8696 -0.4879
vn 0.0140 -0.9680 0.2507
vn -0.0394 -0.9103 0.4120
vn 0.0870 -0.9962 -0.0002
vn -0.0394 -0.9105 -0.4116
vn 0.0140 -0.9679 -0.2511
vn -0.3010 -0.6256 -0.7198
vn -0.3011 -0.6257 0.7196
vn -0.5325 -0.4058 0.7428
vn -0.4372 -0.5110 0.7401
vn -0.3236 -0.6111 0.7224
vn -0.0615 -0.7754 0.6284
vn -0.4372 -0.5110 -0.7401
vn -0.3011 -0.6255 -0.7198
vn -0.5327 -0.4060 -0.7426
vn -0.3237 -0.6113 -0.7222
vn -0.0615 -0.7754 -0.6284
vn 0.6566 0.3710 -0.6566
vn 0.6569 0.3712 0.6563
vn 0.6566 0.3710 0.6566
vn -0.2155 -0.4768 -0.8522
vn -0.1425 -0.5992 -0.7878
vn -0.2652 -0.3796 -0.8863
vn -0.4034 -0.5345 -0.7427
vn -0.5171 -0.4566 -0.7240
vn -0.7676 -0.2096 -0.6057
vn -0.2654 -0.3798 0.8862
vn -0.2654 -0.3797 0.8862
vn -0.2156 -0.4770 0.8520
vn -0.1426 -0.5994 0.7876
vn -0.4033 -0.5343 0.7429
vn -0.5173 -0.4567 0.7238
vn -0.7678 -0.2093 0.6056
vn -0.6324 -0.3521 -0.6900
vn -0.6326 -0.3523 -0.6897
vn -0.6326 -0.3524 -0.6897
vn -0.6324 -0.3521 0.6900
vn -0.6324 -0.3522 0.6899
vn 0.6674 -0.6167 -0.4174
vn 0.6940 -0.7200 -0.0002
vn 0.6733 -0.6420 -0.3668
vn 0.6492 -0.3786 -0.6597
vn 0.6939 -0.7200 -0.0002
vn 0.6500 -0.3581 -0.6702
vn 0.6673 -0.6166 0.4178
vn 0.6581 0.1555 -0.7367
vn 0.6604 0.1096 -0.7428
vn 0.5735 0.5455 -0.6111
vn 0.6731 -0.6419 0.3672
vn 0.6494 -0.3787 0.6594
vn 0.6502 -0.3582 0.6700
vn 0.6579 0.1554 0.7369
vn 0.6606 0.1096 0.7427
vn 0.5732 0.5454 0.6115
vn 0.9721 -0.2347 -0.0000
vn 0.9128 -0.1335 0.3859
vn 0.9721 -0.2346 -0.0003
vn 0.9130 -0.1336 -0.3855
vn 0.8466 -0.0878 0.5250
vn 0.8468 -0.0878 -0.5246
vn 0.4816 0.1825 0.8572
vn 0.4818 0.1826 -0.8570
vn 0.4565 0.2477 0.8546
vn 0.4567 0.2479 -0.8544
vn 0.3603 0.4811 0.7992
vn 0.3661 0.4666 0.8051
vn 0.3119 0.5944 0.7412
vn 0.3604 0.4814 -0.7990
vn 0.3663 0.4668 -0.8049
vn 0.3119 0.5944 -0.7412
vn -0.5129 -0.5165 -0.6857
vn -0.4792 -0.5412 -0.6910
vn -0.4782 -0.5421 -0.6909
vn -0.3175 -0.6341 -0.7051
vn -0.3633 -0.6110 -0.7033
vn -0.1113 -0.7007 -0.7047
vn -0.0249 -0.7122 -0.7015
vn 0.1336 -0.7188 -0.6822
vn -0.3176 -0.6343 0.7048
vn -0.4780 -0.5419 0.6912
vn -0.3634 -0.6112 0.7031
vn -0.1113 -0.7007 0.7047
vn -0.0249 -0.7125 0.7013
vn 0.1336 -0.7191 0.6819
vn -0.4791 -0.5410 0.6913
vn -0.5131 -0.5167 0.6854
vn 0.7613 -0.6484 -0.0000
vn 0.7143 -0.6256 0.3139
vn 0.6501 -0.5848 0.4851
vn 0.2893 -0.5440 0.7877
vn 0.7609 -0.6489 -0.0002
vn 0.1647 -0.5644 0.8089
vn 0.7143 -0.6257 -0.3134
vn -0.2747 -0.5942 0.7560
vn -0.2807 -0.5945 0.7535
vn -0.5140 -0.5820 0.6302
vn 0.6500 -0.5847 -0.4855
vn 0.2894 -0.5442 -0.7874
vn 0.1647 -0.5641 -0.8091
vn -0.2748 -0.5944 -0.7558
vn -0.2806 -0.5943 -0.7537
vn -0.5145 -0.5817 -0.6300
vn 0.0481 0.7292 0.6826
vn 0.1093 0.7154 0.6901
vn -0.1319 0.7546 0.6428
vn -0.1756 0.7564 0.6300
vn -0.4197 0.7174 0.5560
vn -0.4799 0.6919 0.5394
vn -0.6191 0.6153 0.4880
vn 0.0481 0.7295 -0.6823
vn 0.1094 0.7156 -0.6899
vn -0.1318 0.7544 -0.6430
vn -0.1757 0.7567 -0.6297
vn -0.4196 0.7172 -0.5563
vn -0.4798 0.6918 -0.5397
vn -0.6195 0.6150 -0.4878
vn 0.6711 -0.7414 -0.0000
vn 0.6791 -0.6245 0.3858
vn 0.6713 -0.7412 -0.0002
vn 0.6792 -0.6246 -0.3853
vn 0.6503 -0.5489 0.5251
vn 0.6505 -0.5491 -0.5247
vn 0.5003 -0.1199 0.8575
vn 0.5005 -0.1200 -0.8574
vn 0.5168 -0.0528 0.8545
vn 0.5170 -0.0527 -0.8544
vn 0.5598 0.2478 0.7907
vn 0.5596 0.2399 0.7933
vn 0.5608 0.4407 0.7009
vn 0.5596 0.2477 -0.7909
vn 0.5594 0.2399 -0.7934
vn 0.5608 0.4407 -0.7009
vn 0.0744 -0.9626 0.2605
vn 0.0092 -0.9035 0.4285
vn 0.1608 -0.9870 -0.0002
vn 0.0092 -0.9037 -0.4281
vn 0.0744 -0.9625 -0.2609
vn -0.2737 -0.6214 -0.7341
vn -0.2738 -0.6216 0.7339
vn -0.5074 -0.4332 0.7449
vn 0.0743 -0.9626 0.2606
vn -0.3985 -0.5413 0.7404
vn -0.2778 -0.6333 0.7223
vn -0.0045 -0.7783 0.6278
vn -0.3986 -0.5418 -0.7400
vn -0.5072 -0.4330 -0.7452
vn -0.2780 -0.6335 -0.7221
vn -0.0045 -0.7780 -0.6282
vn 0.6645 0.1942 -0.7216
vn 0.4866 0.4733 -0.7343
vn 0.3339 0.8166 -0.4709
vn 0.2816 0.9211 -0.2687
vn 0.5295 0.4714 -0.7053
vn 0.4761 0.5454 -0.6898
vn 0.1987 0.8106 -0.5508
vn 0.2173 0.9761 -0.0000
vn 0.2173 0.9761 -0.0002
vn 0.3340 0.8168 0.4705
vn 0.2816 0.9213 0.2683
vn 0.4867 0.4735 0.7341
vn 0.6647 0.1943 0.7214
vn 0.5293 0.4712 0.7056
vn 0.4760 0.5452 0.6901
vn 0.1987 0.8106 0.5508
vn 0.6685 0.1175 -0.7344
vn 0.7358 0.4863 -0.4712
vn 0.6585 -0.2141 -0.7215
vn 0.7513 0.6028 -0.2687
vn 0.7074 0.0289 -0.7062
vn 0.7112 0.1456 -0.6877
vn 0.6630 0.4772 -0.5769
vn 0.7296 0.6839 -0.0005
vn 0.7294 0.6840 -0.0002
vn 0.7361 0.4864 0.4707
vn 0.7512 0.6027 0.2691
vn 0.6687 0.1175 0.7342
vn 0.6587 -0.2142 0.7213
vn 0.7071 0.0289 0.7065
vn 0.7110 0.1455 0.6880
vn 0.6630 0.4772 0.5769
vn -0.5978 0.6650 -0.4476
vn -0.7244 0.6894 -0.0001
vn -0.7243 0.6894 -0.0002
vn -0.5976 0.6649 0.4481
vn -0.6415 0.6805 -0.3542
vn -0.6415 0.6806 0.3538
vn -0.2329 0.5810 -0.7798
vn -0.2330 0.5812 0.7797
vn -0.1378 0.5758 -0.8059
vn -0.1377 0.5755 0.8061
vn 0.2960 0.5461 -0.7837
vn 0.3010 0.5454 -0.7823
vn 0.5397 0.5191 -0.6627
vn 0.2960 0.5463 0.7836
vn 0.3011 0.5456 0.7821
vn 0.5393 0.5191 0.6631
vn -0.3272 -0.6256 -0.7083
vn -0.1366 -0.6965 -0.7044
vn -0.3675 -0.6040 -0.7071
vn -0.0501 -0.7111 -0.7013
vn 0.1081 -0.7237 -0.6816
vn -0.4927 -0.5176 -0.6995
vn -0.4956 -0.5148 -0.6995
vn -0.1971 -0.7124 -0.6735
vn -0.2311 -0.6957 -0.6801
vn 0.3039 -0.8298 -0.4680
vn 0.3038 -0.8299 -0.4680
vn -0.0502 -0.7113 0.7011
vn -0.1361 -0.6964 0.7047
vn 0.1081 -0.7237 0.6816
vn -0.3272 -0.6256 0.7083
vn -0.3675 -0.6040 0.7071
vn -0.4925 -0.5175 0.6998
vn -0.4954 -0.5146 0.6998
vn -0.1970 -0.7122 0.6738
vn -0.2310 -0.6955 0.6804
vn 0.3048 -0.8298 0.4675
vn -0.3942 0.7316 -0.5562
vn -0.4546 0.7085 -0.5398
vn -0.5975 0.6367 -0.4874
vn -0.0968 0.7604 -0.6422
vn -0.0395 0.7542 -0.6555
vn 0.1579 0.7086 -0.6877
vn 0.1609 0.7078 -0.6879
vn 0.4975 0.4978 -0.7104
vn 0.5228 0.4755 -0.7075
vn 0.6449 0.3623 -0.6729
vn 0.6559 0.3489 -0.6694
vn 0.3468 0.6311 -0.6939
vn 0.3467 0.6311 -0.6939
vn 0.1610 0.7080 0.6876
vn -0.0404 0.7544 0.6552
vn 0.1580 0.7088 0.6875
vn -0.0969 0.7606 0.6420
vn 0.4973 0.4976 0.7107
vn -0.3943 0.7318 0.5559
vn -0.4547 0.7087 0.5395
vn -0.5973 0.6366 0.4878
vn 0.5227 0.4753 0.7078
vn 0.6451 0.3625 0.6727
vn 0.6561 0.3490 0.6691
vn 0.3467 0.6309 0.6941
vn 0.3466 0.6309 0.6941
vn 0.5617 -0.7853 0.2605
vn 0.4750 -0.7685 0.4286
vn 0.6461 -0.7632 -0.0001
vn 0.0889 -0.6743 0.7331
vn 0.6464 -0.7630 -0.0002
vn -0.2096 -0.6335 0.7448
vn 0.4749 -0.7684 -0.4290
vn -0.0618 -0.6696 0.7401
vn 0.0889 -0.6859 0.7223
vn 0.3977 -0.6685 0.6284
vn 0.5616 -0.7852 -0.2609
vn 0.0890 -0.6745 -0.7329
vn -0.2096 -0.6333 -0.7450
vn -0.0617 -0.6697 -0.7401
vn 0.0888 -0.6861 -0.7221
vn 0.3977 -0.6685 -0.6284
vn -0.6866 -0.7270 -0.0005
vn -0.6591 -0.5469 0.5163
vn -0.6865 -0.7271 -0.0002
vn -0.6593 -0.5470 -0.5159
vn -0.6856 -0.6220 0.3783
vn -0.6854 -0.6219 -0.3786
vn -0.5541 -0.1695 0.8150
vn -0.5539 -0.1695 -0.8152
vn -0.5665 -0.0644 0.8215
vn -0.5668 -0.0645 -0.8213
vn -0.5978 0.2507 0.7614
vn -0.5966 0.2428 0.7649
vn -0.6027 0.4412 0.6649
vn -0.5976 0.2506 -0.7616
vn -0.5968 0.2429 -0.7647
vn -0.6027 0.4412 -0.6649
vn -0.7121 0.7021 -0.0000
vn -0.7119 0.7013 0.0368
vn -0.7124 0.7018 -0.0002
vn -0.7119 0.7013 0.0367
vn -0.7119 0.7013 -0.0372
vn 0.4458 -0.7686 0.4588
vn 0.4459 -0.7688 -0.4584
vn 0.4460 -0.7687 -0.4584
vn 0.4460 -0.7688 -0.4584
vn -0.1578 -0.9875 -0.0000
vn -0.2369 -0.8230 0.5162
vn -0.1581 -0.9874 -0.0002
vn -0.2370 -0.8233 -0.5158
vn -0.2165 -0.9001 0.3782
vn -0.2164 -0.8999 -0.3785
vn -0.3517 -0.4555 0.8178
vn -0.3516 -0.4553 -0.8180
vn -0.4129 -0.3805 0.8275
vn -0.4128 -0.3804 -0.8276
vn -0.5891 -0.1666 0.7907
vn -0.5755 -0.1821 0.7973
vn -0.6802 -0.0579 0.7307
vn -0.5889 -0.1665 -0.7909
vn -0.5752 -0.1821 -0.7975
vn -0.6802 -0.0579 -0.7307
vn -0.1707 0.8808 -0.4417
vn -0.1990 0.9163 -0.3476
vn -0.2661 0.9639 -0.0000
vn -0.2664 0.9639 -0.0002
vn 0.0995 0.6180 -0.7799
vn -0.1990 0.9161 0.3480
vn 0.1794 0.5648 -0.8055
vn -0.1707 0.8809 0.4414
vn 0.5352 0.3148 -0.7839
vn 0.5393 0.3120 -0.7822
vn 0.7301 0.1659 -0.6629
vn 0.0996 0.6182 0.7797
vn 0.1793 0.5646 0.8057
vn 0.5354 0.3149 0.7837
vn 0.5395 0.3121 0.7820
vn 0.7299 0.1660 0.6631
vn -0.6569 0.3712 0.6563
vn -0.6568 0.3711 0.6564
vn -0.6566 0.3710 0.6566
vn -0.6566 0.3710 -0.6566
vn -0.3672 0.8089 -0.4592
vn -0.6190 0.7640 -0.1821
vn -0.0968 0.7805 -0.6176
vn -0.6241 0.7653 -0.1578
vn 0.0636 0.6952 -0.7160
vn -0.1347 0.7350 -0.6645
vn -0.3857 0.7381 -0.5537
vn -0.6394 0.7689 -0.0002
vn -0.6240 0.7652 0.1583
vn -0.6190 0.7641 0.1816
vn -0.3673 0.8090 0.4589
vn -0.0968 0.7807 0.6173
vn 0.0636 0.6949 0.7163
vn -0.1347 0.7348 0.6648
vn -0.3856 0.7378 0.5540
vn -0.4627 -0.0138 -0.8864
vn -0.4628 -0.0138 -0.8864
vn -0.5111 -0.1121 -0.8522
vn -0.5656 -0.2434 -0.7880
vn -0.6698 0.0046 -0.7425
vn -0.6753 0.1426 -0.7236
vn -0.6263 0.4908 -0.6057
vn -0.5658 -0.2435 0.7878
vn -0.5113 -0.1121 0.8520
vn -0.4628 -0.0137 0.8864
vn -0.4629 -0.0139 0.8863
vn -0.6702 0.0048 0.7422
vn -0.6756 0.1426 0.7233
vn -0.6263 0.4907 0.6057
vn 0.4149 -0.8176 -0.3992
vn 0.4149 -0.8177 -0.3991
vn 0.4150 -0.8178 0.3988
vn -0.7075 0.6581 0.2575
vn -0.7273 0.6863 -0.0002
vn -0.7066 0.6532 0.2721
vn -0.7271 0.6865 -0.0002
vn -0.7270 0.5083 0.4617
vn -0.7076 0.6582 -0.2570
vn -0.7278 0.4878 0.4820
vn -0.7065 0.6532 -0.2725
vn -0.6979 0.3353 0.6329
vn -0.6954 0.3433 0.6314
vn -0.6702 0.4115 0.6177
vn -0.7271 0.5084 -0.4613
vn -0.7280 0.4880 -0.4816
vn -0.6981 0.3354 -0.6326
vn -0.6952 0.3432 -0.6316
vn -0.6702 0.4115 -0.6177
vn -0.6803 0.2741 0.6797
vn -0.6800 0.2742 0.6800
vn -0.6800 0.2742 -0.6800
vn -0.6803 0.2739 -0.6799
vn -0.3750 -0.2716 -0.8863
vn -0.3751 -0.2716 -0.8863
vn -0.3800 -0.3748 -0.8456
vn -0.3788 -0.4981 -0.7800
vn -0.6307 -0.3065 -0.7130
vn -0.6862 -0.2193 -0.6936
vn -0.8216 0.1133 -0.5587
vn -0.3753 -0.2717 0.8862
vn -0.3752 -0.2717 0.8862
vn -0.3798 -0.3746 0.8458
vn -0.3790 -0.4982 0.7798
vn -0.6304 -0.3064 0.7132
vn -0.6864 -0.2192 0.6934
vn -0.8216 0.1133 0.5587
vn -0.9839 0.1787 -0.0003
vn -0.9832 0.1788 0.0368
vn -0.9839 0.1787 -0.0002
vn -0.9832 0.1788 0.0367
vn -0.9832 0.1788 -0.0372
vn -0.6895 0.2346 0.6852
vn -0.6893 0.2340 0.6856
vn -0.6893 0.2341 0.6856
vn -0.6893 0.2342 0.6856
vn -0.6893 0.2340 -0.6856
vn -0.6891 0.2341 -0.6858
vn -0.6891 0.2341 -0.6859
vn -0.7145 -0.1160 -0.6899
vn -0.7146 -0.1160 -0.6899
vn -0.7245 -0.0830 -0.6843
vn -0.6513 -0.2794 -0.7055
vn -0.6718 -0.2318 -0.7036
vn -0.5375 -0.4632 -0.7047
vn -0.4789 -0.5282 -0.7012
vn -0.3624 -0.6357 -0.6816
vn -0.7143 -0.1160 0.6902
vn -0.6515 -0.2795 0.7052
vn -0.7242 -0.0829 0.6845
vn -0.7242 -0.0829 0.6846
vn -0.6720 -0.2319 0.7033
vn -0.5375 -0.4632 0.7047
vn -0.4790 -0.5284 0.7010
vn -0.3624 -0.6357 0.6816
vn 0.5645 0.4005 -0.7218
vn 0.3048 0.6065 -0.7344
vn 0.0490 0.8808 -0.4709
vn -0.0346 0.9626 -0.2686
vn 0.3982 0.5852 -0.7063
vn 0.3078 0.6573 -0.6879
vn 0.0129 0.8167 -0.5769
vn -0.1137 0.9935 -0.0000
vn -0.1133 0.9936 -0.0002
vn 0.0491 0.8811 0.4704
vn -0.0346 0.9627 0.2682
vn 0.3048 0.6068 0.7341
vn 0.5646 0.4007 0.7216
vn 0.3980 0.5850 0.7066
vn 0.3077 0.6571 0.6882
vn 0.0129 0.8167 0.5769
vn -0.7037 0.6670 0.2449
vn -0.7215 0.6924 -0.0000
vn -0.7025 0.6628 0.2594
vn -0.7214 0.6926 -0.0002
vn -0.7280 0.5064 0.4622
vn -0.7038 0.6670 -0.2444
vn -0.7301 0.4763 0.4900
vn -0.7026 0.6629 -0.2589
vn -0.7007 0.2866 0.6533
vn -0.7004 0.2884 0.6529
vn -0.6875 0.3267 0.6486
vn -0.7283 0.5066 -0.4614
vn -0.7303 0.4765 -0.4896
vn -0.7010 0.2867 -0.6530
vn -0.7006 0.2885 -0.6526
vn -0.6873 0.3263 -0.6489
vn -0.1037 0.8861 -0.4517
vn -0.1299 0.9246 -0.3581
vn -0.1930 0.9812 -0.0000
vn -0.1930 0.9812 -0.0002
vn 0.1453 0.6085 -0.7801
vn -0.1299 0.9248 0.3577
vn 0.2203 0.5495 -0.8059
vn -0.1036 0.8859 0.4521
vn 0.5568 0.2740 -0.7842
vn 0.5606 0.2720 -0.7821
vn 0.7405 0.1120 -0.6627
vn 0.1454 0.6087 0.7800
vn 0.2203 0.5493 0.8061
vn 0.5570 0.2741 0.7840
vn 0.5609 0.2721 0.7819
vn 0.7404 0.1116 0.6629
vn -0.6008 -0.3775 -0.7046
vn -0.6638 -0.2483 -0.7055
vn -0.5521 -0.4506 -0.7015
vn -0.4536 -0.5739 -0.6818
vn -0.6717 -0.2230 -0.7064
vn -0.6826 -0.1715 -0.7104
vn -0.6830 -0.1675 -0.7109
vn -0.6842 -0.1530 -0.7131
vn -0.6842 -0.1529 -0.7131
vn -0.5522 -0.4508 0.7013
vn -0.6008 -0.3775 0.7046
vn -0.4535 -0.5743 0.6815
vn -0.6633 -0.2484 0.7060
vn -0.6715 -0.2229 0.7066
vn -0.6828 -0.1715 0.7102
vn -0.6832 -0.1676 0.7107
vn -0.6844 -0.1530 0.7128
vn -0.0327 -0.9788 0.2021
vn -0.0326 -0.9788 0.2021
vn -0.0328 -0.9788 0.2021
vn -0.0326 -0.9787 -0.2025
vn -0.0327 -0.9787 -0.2025
vn -0.0329 -0.9787 -0.2026
vn -0.6679 -0.6160 -0.4176
vn -0.6743 -0.6410 -0.3667
vn -0.6950 -0.7190 -0.0002
vn -0.6501 -0.3775 -0.6595
vn -0.6509 -0.3570 -0.6700
vn -0.6678 -0.6159 0.4180
vn -0.6581 0.1565 -0.7365
vn -0.6599 0.1106 -0.7432
vn -0.5721 0.5466 -0.6115
vn -0.6742 -0.6408 0.3672
vn -0.6503 -0.3776 0.6592
vn -0.6511 -0.3571 0.6697
vn -0.6578 0.1563 0.7368
vn -0.6601 0.1106 0.7430
vn -0.5721 0.5466 0.6115
vn -0.1688 -0.9504 0.2614
vn -0.1688 -0.9505 -0.2609
vn -0.5933 -0.3891 -0.7047
vn -0.6761 -0.2030 -0.7083
vn -0.5433 -0.4613 -0.7015
vn -0.4422 -0.5830 -0.6816
vn -0.6884 -0.1598 -0.7075
vn -0.7145 -0.0138 -0.6995
vn -0.7155 -0.0100 -0.6986
vn -0.6253 -0.3661 -0.6892
vn -0.6259 -0.3640 -0.6898
vn -0.2632 -0.8572 -0.4428
vn -0.2632 -0.8571 -0.4428
vn -0.5434 -0.4614 0.7013
vn -0.5933 -0.3891 0.7047
vn -0.4422 -0.5830 0.6816
vn -0.6765 -0.2027 0.7080
vn -0.6882 -0.1597 0.7078
vn -0.7147 -0.0139 0.6993
vn -0.7152 -0.0100 0.6989
vn -0.6250 -0.3660 0.6895
vn -0.6261 -0.3641 0.6895
vn -0.2632 -0.8573 0.4424
vn -0.2633 -0.8573 0.4424
vn 0.4001 0.5900 -0.7013
vn 0.7315 0.2603 -0.6302
vn 0.7165 0.2809 -0.6385
vn 0.8786 -0.0401 -0.4758
vn 0.8787 -0.0402 -0.4757
vn 0.7317 0.2603 0.6299
vn 0.4002 0.5902 0.7011
vn 0.7162 0.2809 0.6389
vn 0.8788 -0.0401 0.4755
vn 0.8788 -0.0402 0.4754
vn -0.7347 0.6308 0.2497
vn -0.7272 0.6864 -0.0000
vn -0.7368 0.6028 0.3062
vn -0.7271 0.6866 -0.0002
vn -0.7555 0.3714 0.5397
vn -0.7348 0.6309 -0.2492
vn -0.7476 0.1816 0.6389
vn -0.7369 0.6029 -0.3056
vn -0.7117 0.2176 0.6679
vn -0.7088 0.2351 0.6651
vn -0.6563 0.4479 0.6071
vn -0.7557 0.3715 -0.5393
vn -0.7479 0.1817 -0.6385
vn -0.7114 0.2176 -0.6683
vn -0.7090 0.2351 -0.6649
vn -0.6563 0.4479 -0.6071
vn -0.6733 -0.6214 -0.4007
vn -0.6787 -0.6453 -0.3505
vn -0.6981 -0.7160 -0.0002
vn -0.6638 -0.3737 -0.6479
vn -0.6980 -0.7161 -0.0002
vn -0.6641 -0.3495 -0.6609
vn -0.6734 -0.6215 0.4004
vn -0.6638 0.1729 -0.7276
vn -0.6651 0.1438 -0.7328
vn -0.5835 0.5433 -0.6036
vn -0.6788 -0.6455 0.3501
vn -0.6640 -0.3738 0.6476
vn -0.6643 -0.3496 0.6606
vn -0.6636 0.1728 0.7278
vn -0.6648 0.1437 0.7331
vn -0.5835 0.5433 0.6036
vn 0.6611 -0.7242 0.1963
vn 0.6610 -0.7242 0.1964
vn 0.6610 -0.7241 -0.1967
vn 0.6610 -0.7241 -0.1968
vn -0.7156 0.6496 0.2566
vn -0.7352 0.6778 -0.0002
vn -0.7145 0.6446 0.2721
vn -0.7352 0.6779 -0.0002
vn -0.7325 0.5004 0.4616
vn -0.7155 0.6496 -0.2570
vn -0.7328 0.4792 0.4831
vn -0.7144 0.6445 -0.2725
vn -0.6970 0.3460 0.6281
vn -0.6919 0.3615 0.6250
vn -0.6563 0.4547 0.6021
vn -0.7327 0.5005 -0.4611
vn -0.7330 0.4793 -0.4827
vn -0.6968 0.3459 -0.6284
vn -0.6917 0.3613 -0.6253
vn -0.6563 0.4547 -0.6021
vn 0.9954 0.0961 -0.0003
vn 0.9065 0.1718 0.3857
vn 0.9954 0.0955 -0.0000
vn 0.9067 0.1718 -0.3853
vn 0.8288 0.1942 0.5248
vn 0.8290 0.1943 -0.5244
vn 0.3951 0.3302 0.8572
vn 0.3953 0.3304 -0.8571
vn 0.3505 0.3830 0.8547
vn 0.3507 0.3831 -0.8545
vn 0.1356 0.5970 0.7907
vn 0.1414 0.5921 0.7934
vn -0.0188 0.7130 0.7009
vn 0.1356 0.5969 -0.7908
vn 0.1414 0.5918 -0.7936
vn -0.0188 0.7130 -0.7009
vn -0.7007 -0.6177 -0.3571
vn -0.6949 -0.7191 -0.0002
vn -0.6971 -0.5897 -0.4078
vn -0.6640 -0.2503 -0.7046
vn -0.6638 -0.1996 -0.7208
vn -0.6972 -0.5899 0.4074
vn -0.6416 0.2333 -0.7307
vn -0.6424 0.2224 -0.7334
vn -0.5898 0.5056 -0.6297
vn -0.7008 -0.6178 0.3567
vn -0.6638 -0.2502 0.7048
vn -0.6640 -0.1996 0.7206
vn -0.6418 0.2334 0.7305
vn -0.6426 0.2225 0.7332
vn -0.5898 0.5056 0.6297
vn -0.7151 0.6522 0.2516
vn -0.7334 0.6798 -0.0002
vn -0.7143 0.6464 0.2682
vn -0.7333 0.6799 -0.0002
vn -0.7358 0.5025 0.4539
vn -0.7153 0.6522 -0.2511
vn -0.7370 0.4852 0.4706
vn -0.7144 0.6465 -0.2677
vn -0.7096 0.3412 0.6164
vn -0.7047 0.3547 0.6145
vn -0.6758 0.4255 0.6019
vn -0.7356 0.5025 -0.4542
vn -0.7368 0.4851 -0.4709
vn -0.7099 0.3413 -0.6161
vn -0.7049 0.3548 -0.6141
vn -0.6758 0.4255 -0.6019
vn 0.2689 0.6533 0.7078
vn 0.5928 0.4880 0.6407
vn 0.9274 0.2886 0.2381
vn 0.3604 0.6107 0.7051
vn 0.4772 0.5495 0.6858
vn 0.7106 0.3741 0.5959
vn 0.9683 0.2499 -0.0001
vn 0.8863 0.3090 0.3450
vn 0.9683 0.2498 -0.0002
vn 0.8865 0.3090 -0.3445
vn 0.9273 0.2886 -0.2385
vn 0.5926 0.4878 -0.6410
vn 0.3603 0.6105 -0.7053
vn 0.2689 0.6535 -0.7075
vn 0.5925 0.4879 -0.6410
vn 0.4770 0.5494 -0.6860
vn 0.7106 0.3741 -0.5959
vn 0.7920 0.6105 -0.0003
vn 0.6971 0.5972 0.3968
vn 0.7181 0.6027 0.3479
vn 0.2875 0.5894 0.7549
vn 0.7920 0.6105 -0.0002
vn 0.2484 0.5901 0.7681
vn 0.6970 0.5971 -0.3972
vn -0.3030 0.5969 0.7429
vn -0.2593 0.5903 0.7644
vn -0.5000 0.6075 0.6172
vn 0.7180 0.6026 -0.3483
vn 0.2874 0.5893 -0.7551
vn 0.2485 0.5904 -0.7679
vn -0.3029 0.5967 -0.7431
vn -0.2593 0.5901 -0.7645
vn -0.5000 0.6075 -0.6172
vn -0.6600 -0.6247 -0.4174
vn -0.6657 -0.6498 -0.3668
vn -0.6856 -0.7280 -0.0002
vn -0.6455 -0.3865 -0.6588
vn -0.6855 -0.7280 -0.0002
vn -0.6464 -0.3660 -0.6695
vn -0.6598 -0.6245 0.4179
vn -0.6627 0.1262 -0.7382
vn -0.6637 0.0668 -0.7450
vn -0.6015 0.4830 -0.6363
vn -0.6658 -0.6500 0.3664
vn -0.6453 -0.3863 0.6591
vn -0.6462 -0.3658 0.6698
vn -0.6630 0.1269 0.7378
vn -0.6639 0.0668 0.7448
vn -0.6018 0.4832 0.6359
vn -0.6522 -0.6275 -0.4253
vn -0.6598 -0.6547 -0.3688
vn -0.6821 -0.7313 -0.0002
vn -0.6299 -0.3952 -0.6686
vn -0.6820 -0.7313 -0.0002
vn -0.6309 -0.3698 -0.6821
vn -0.6523 -0.6277 0.4249
vn -0.6373 0.1252 -0.7604
vn -0.6396 0.0786 -0.7647
vn -0.5658 0.4972 -0.6577
vn -0.6599 -0.6548 0.3684
vn -0.6302 -0.3953 0.6683
vn -0.6306 -0.3697 0.6824
vn -0.6375 0.1252 0.7602
vn -0.6393 0.0785 0.7649
vn -0.5658 0.4972 0.6577
vn 0.3164 0.6318 0.7076
vn 0.6278 0.4422 0.6406
vn 0.9434 0.2195 0.2487
vn 0.4042 0.5825 0.7052
vn 0.5160 0.5134 0.6857
vn 0.7363 0.3205 0.5959
vn 0.9839 0.1785 -0.0002
vn 0.9032 0.2429 0.3539
vn 0.9434 0.2194 0.2486
vn 0.9839 0.1788 -0.0002
vn 0.9034 0.2430 -0.3534
vn 0.9433 0.2194 -0.2491
vn 0.6275 0.4421 -0.6409
vn 0.4041 0.5823 -0.7054
vn 0.3166 0.6319 -0.7074
vn 0.5159 0.5133 -0.6859
vn 0.7366 0.3207 -0.5955
vn -0.1065 0.6987 0.7074
vn 0.2563 0.7236 0.6409
vn 0.6443 0.7245 0.2449
vn -0.0064 0.7090 0.7052
vn 0.1250 0.7169 0.6858
vn 0.4159 0.6870 0.5959
vn 0.7005 0.7136 -0.0000
vn 0.5987 0.7205 0.3498
vn 0.6444 0.7244 0.2449
vn 0.7006 0.7136 -0.0002
vn 0.5986 0.7204 -0.3503
vn 0.6445 0.7245 -0.2444
vn 0.2562 0.7234 -0.6412
vn -0.0064 0.7088 -0.7054
vn -0.1065 0.6989 -0.7072
vn 0.1248 0.7168 -0.6860
vn 0.4159 0.6870 -0.5959
vt 0.000000 0.000000
s 1
f 129/2/69 130/2/70 131/2/71
f 129/2/69 132/2/72 130/2/70
f 130/2/70 133/2/73 131/2/71
f 130/2/70 132/2/72 134/2/74
f 131/2/71 133/2/73 135/2/75
f 132/2/72 136/2/76 134/2/74
f 134/2/74 136/2/76 137/2/77
f 137/2/77 136/2/76 138/2/78
f 131/2/71 135/2/75 139/2/79
f 135/2/75 140/2/80 139/2/79
f 140/2/80 135/2/75 141/2/81
f 141/2/81 142/2/82 140/2/80
f 143/2/83 142/2/82 141/2/81
f 143/2/83 144/2/84 142/2/82
f 145/2/85 146/2/86 147/2/87
f 148/2/88 146/2/86 145/2/85
f 146/2/86 149/2/89 147/2/87
f 148/2/88 150/2/90 146/2/86
f 147/2/87 149/2/89 151/2/91
f 150/2/90 148/2/88 152/2/92
f 152/2/92 153/2/93 150/2/90
f 153/2/93 152/2/92 154/2/94
f 147/2/87 151/2/91 155/2/95
f 155/2/95 151/2/91 156/2/96
f 157/2/97 156/2/96 151/2/91
f 156/2/96 157/2/97 158/2/98
f 157/2/97 159/2/99 158/2/98
f 159/2/99 160/2/100 158/2/98
f 161/2/101 162/2/102 163/2/103
f 163/2/103 162/2/102 164/2/104
f 165/2/105 164/2/104 162/2/102
f 165/2/105 166/2/106 164/2/104
f 162/2/102 161/2/101 167/2/107
f 168/2/108 167/2/107 161/2/101
f 167/2/107 168/2/108 169/2/109
f 168/2/108 170/2/110 169/2/109
f 170/2/110 168/2/108 171/2/111
f 171/2/111 172/2/112 170/2/110
f 172/2/112 171/2/111 173/2/113
f 174/2/114 172/2/112 173/2/113
f 172/2/112 174/2/114 175/2/115
f 175/2/115 174/2/114 176/2/116
f 177/2/117 178/2/118 179/2/117
f 180/2/119 177/2/117 179/2/117
f 177/2/117 181/2/120 178/2/118
f 182/2/121 177/2/117 180/2/119
f 178/2/118 181/2/120 183/2/122
f 182/2/121 180/2/119 184/2/123
f 178/2/118 183/2/122 185/2/124
f 186/2/125 184/2/123 180/2/119
f 185/2/124 183/2/122 187/2/126
f 187/2/126 188/2/127 185/2/124
f 188/2/127 187/2/126 189/2/128
f 184/2/123 186/2/125 190/2/129
f 190/2/129 186/2/125 191/2/130
f 191/2/130 192/2/131 190/2/129
f 193/2/132 194/2/133 195/2/134
f 196/2/135 193/2/132 195/2/134
f 194/2/133 193/2/132 197/2/136
f 193/2/132 196/2/135 198/2/137
f 199/2/138 194/2/133 197/2/136
f 200/2/139 198/2/137 196/2/135
f 198/2/137 200/2/139 201/2/140
f 200/2/139 202/2/141 201/2/140
f 194/2/133 199/2/138 203/2/142
f 199/2/138 204/2/143 203/2/142
f 204/2/143 199/2/138 205/2/144
f 205/2/144 206/2/145 204/2/143
f 206/2/145 205/2/144 207/2/146
f 206/2/145 207/2/146 208/2/147
f 209/2/148 210/2/149 211/2/149
f 210/2/149 212/2/150 211/2/149
f 210/2/149 209/2/148 213/2/151
f 212/2/150 210/2/149 214/2/152
f 215/2/153 213/2/151 209/2/148
f 212/2/150 214/2/152 216/2/154
f 213/2/151 215/2/153 217/2/155
f 218/2/156 216/2/154 214/2/152
f 219/2/157 217/2/155 215/2/153
f 219/2/157 220/2/158 217/2/155
f 220/2/158 219/2/157 221/2/159
f 216/2/154 218/2/156 222/2/160
f 218/2/156 223/2/161 222/2/160
f 223/2/161 224/2/162 222/2/160
f 225/2/163 226/2/164 227/2/165
f 227/2/165 226/2/164 228/2/166
f 229/2/167 228/2/166 226/2/164
f 229/2/167 230/2/168 228/2/166
f 226/2/164 225/2/163 231/2/169
f 232/2/170 231/2/169 225/2/163
f 231/2/169 232/2/170 233/2/171
f 232/2/170 234/2/172 233/2/171
f 234/2/172 232/2/170 235/2/173
f 235/2/173 236/2/174 234/2/172
f 236/2/174 235/2/173 237/2/175
f 238/2/176 236/2/174 237/2/175
f 236/2/174 238/2/176 239/2/177
f 239/2/177 238/2/176 240/2/178
f 241/2/179 242/2/180 243/2/181
f 244/2/182 241/2/179 243/2/181
f 242/2/180 241/2/179 245/2/180
f 241/2/179 244/2/182 246/2/183
f 247/2/184 242/2/180 245/2/180
f 248/2/185 246/2/183 244/2/182
f 246/2/183 248/2/185 249/2/186
f 248/2/185 250/2/187 249/2/186
f 242/2/180 247/2/184 251/2/188
f 247/2/184 252/2/189 251/2/188
f 252/2/189 247/2/184 253/2/190
f 253/2/190 254/2/191 252/2/189
f 254/2/191 253/2/190 255/2/192
f 254/2/191 255/2/192 256/2/193
f 257/2/194 258/2/195 259/2/196
f 258/2/195 260/2/197 259/2/196
f 261/2/198 257/2/194 259/2/196
f 262/2/199 260/2/197 258/2/195
f 260/2/197 262/2/199 263/2/200
f 262/2/199 264/2/201 263/2/200
f 257/2/194 261/2/198 265/2/202
f 261/2/198 266/2/203 265/2/202
f 266/2/203 261/2/198 267/2/204
f 267/2/204 268/2/205 266/2/203
f 269/2/206 268/2/205 267/2/204
f 269/2/206 270/2/207 268/2/205
f 270/2/207 269/2/206 271/2/208
f 270/2/207 271/2/208 272/2/209
f 273/2/210 274/2/211 275/2/210
f 274/2/211 273/2/210 276/2/211
f 277/2/212 273/2/210 275/2/210
f 278/2/212 273/2/210 277/2/212
f 279/2/213 280/2/214 281/2/215
f 282/2/216 279/2/213 281/2/215
f 280/2/214 279/2/213 283/2/217
f 279/2/213 282/2/216 284/2/218
f 285/2/219 280/2/214 283/2/217
f 286/2/220 284/2/218 282/2/216
f 284/2/218 286/2/220 287/2/221
f 286/2/220 288/2/222 287/2/221
f 280/2/214 285/2/219 289/2/223
f 285/2/219 290/2/224 289/2/223
f 290/2/224 285/2/219 291/2/225
f 291/2/225 292/2/226 290/2/224
f 292/2/226 291/2/225 293/2/227
f 292/2/226 293/2/227 294/2/228
f 295/2/229 296/2/230 297/2/231
f 296/2/230 295/2/229 298/2/232
f 299/2/233 297/2/231 296/2/230
f 298/2/232 295/2/229 300/2/234
f 301/2/235 300/2/234 295/2/229
f 301/2/235 302/2/236 300/2/234
f 297/2/231 299/2/233 303/2/237
f 299/2/233 304/2/238 303/2/237
f 304/2/238 299/2/233 305/2/239
f 305/2/239 306/2/240 304/2/238
f 306/2/240 305/2/239 307/2/241
f 308/2/242 306/2/240 307/2/241
f 306/2/240 308/2/242 309/2/243
f 309/2/243 308/2/242 310/2/244
f 311/2/245 312/2/245 313/2/246
f 312/2/245 314/2/245 313/2/246
f 315/2/247 316/2/247 317/2/247
f 316/2/247 315/2/247 318/2/247
f 319/2/248 320/2/249 321/2/250
f 319/2/248 322/2/251 320/2/249
f 322/2/251 319/2/248 323/2/252
f 323/2/252 324/2/253 322/2/251
f 324/2/253 323/2/252 325/2/254
f 325/2/254 326/2/255 324/2/253
f 326/2/255 325/2/254 327/2/256
f 327/2/256 328/2/257 326/2/255
f 328/2/257 327/2/256 329/2/258
f 329/2/258 330/2/259 328/2/257
f 330/2/259 329/2/258 331/2/260
f 332/2/261 333/2/262 334/2/263
f 335/2/264 334/2/263 333/2/262
f 333/2/262 332/2/261 336/2/265
f 337/2/266 334/2/263 335/2/264
f 332/2/261 338/2/267 336/2/265
f 336/2/265 338/2/267 339/2/268
f 339/2/268 338/2/267 340/2/269
f 337/2/266 335/2/264 341/2/270
f 337/2/266 341/2/270 342/2/271
f 343/2/272 342/2/271 341/2/270
f 342/2/271 343/2/272 344/2/272
f 345/2/273 346/2/274 347/2/275
f 348/2/276 345/2/273 347/2/275
f 346/2/274 345/2/273 349/2/274
f 345/2/273 348/2/276 350/2/277
f 351/2/278 346/2/274 349/2/274
f 352/2/279 350/2/277 348/2/276
f 350/2/277 352/2/279 353/2/280
f 352/2/279 354/2/281 353/2/280
f 346/2/274 351/2/278 355/2/282
f 351/2/278 356/2/283 355/2/282
f 356/2/283 351/2/278 357/2/284
f 357/2/284 358/2/285 356/2/283
f 358/2/285 357/2/284 359/2/286
f 358/2/285 359/2/286 360/2/287
f 361/2/288 362/2/289 363/2/290
f 361/2/288 364/2/291 362/2/289
f 364/2/291 361/2/288 365/2/292
f 365/2/292 366/2/293 364/2/291
f 366/2/293 365/2/292 367/2/294
f 367/2/294 368/2/295 366/2/293
f 368/2/295 367/2/294 369/2/295
f 370/2/296 371/2/297 372/2/298
f 373/2/299 372/2/298 371/2/297
f 374/2/299 372/2/298 373/2/299
f 371/2/297 370/2/296 375/2/300
f 370/2/296 376/2/301 375/2/300
f 375/2/300 376/2/301 377/2/302
f 377/2/302 376/2/301 378/2/303
f 379/2/304 380/2/305 381/2/306
f 382/2/307 379/2/304 381/2/306
f 380/2/305 379/2/304 383/2/308
f 384/2/309 379/2/304 382/2/307
f 385/2/310 380/2/305 383/2/308
f 384/2/309 382/2/307 386/2/311
f 380/2/305 385/2/310 387/2/312
f 388/2/313 386/2/311 382/2/307
f 389/2/314 387/2/312 385/2/310
f 387/2/312 389/2/314 390/2/315
f 390/2/315 389/2/314 391/2/316
f 388/2/313 392/2/317 386/2/311
f 388/2/313 393/2/318 392/2/317
f 393/2/318 394/2/319 392/2/317
f 395/2/320 396/2/320 397/2/320
f 397/2/320 396/2/320 398/2/320
f 399/2/321 400/2/322 401/2/323
f 400/2/322 399/2/321 402/2/322
f 403/2/324 404/2/325 405/2/326
f 405/2/326 404/2/325 406/2/327
f 407/2/328 406/2/327 404/2/325
f 407/2/328 408/2/329 406/2/327
f 404/2/325 403/2/324 409/2/330
f 410/2/331 409/2/330 403/2/324
f 409/2/330 410/2/331 411/2/332
f 410/2/331 412/2/333 411/2/332
f 412/2/333 410/2/331 413/2/334
f 413/2/334 414/2/335 412/2/333
f 414/2/335 413/2/334 415/2/336
f 416/2/337 414/2/335 415/2/336
f 414/2/335 416/2/337 417/2/338
f 417/2/338 416/2/337 418/2/339
f 419/2/340 420/2/341 421/2/340
f 421/2/340 420/2/341 422/2/342
f 423/2/343 422/2/342 420/2/341
f 422/2/342 423/2/343 424/2/344
f 423/2/343 425/2/345 424/2/344
f 424/2/344 425/2/345 426/2/346
f 426/2/346 425/2/345 427/2/347
f 428/2/348 429/2/349 430/2/350
f 429/2/349 428/2/348 431/2/349
f 430/2/350 432/2/351 428/2/348
f 432/2/351 430/2/350 433/2/352
f 433/2/352 434/2/353 432/2/351
f 434/2/353 433/2/352 435/2/354
f 434/2/353 435/2/354 436/2/355
f 437/2/356 438/2/357 439/2/358
f 438/2/357 440/2/358 439/2/358
f 439/2/358 440/2/358 441/2/359
f 439/2/358 441/2/359 442/2/360
f 442/2/360 441/2/359 443/2/361
f 444/2/362 445/2/363 437/2/356
f 445/2/363 444/2/362 446/2/364
f 445/2/363 446/2/364 447/2/365
f 447/2/365 446/2/364 448/2/366
f 449/2/367 443/2/368 450/2/369
f 449/2/367 450/2/369 451/2/370
f 451/2/370 452/2/371 449/2/367
f 453/2/372 454/2/372 455/2/372
f 454/2/372 453/2/372 456/2/372
f 457/2/373 458/2/374 459/2/373
f 460/2/374 459/2/373 458/2/374
f 461/2/375 462/2/376 463/2/377
f 463/2/377 464/2/377 461/2/375
f 462/2/376 461/2/375 465/2/378
f 462/2/376 465/2/378 466/2/379
f 466/2/379 465/2/378 467/2/380
f 468/2/381 469/2/382 470/2/383
f 470/2/383 469/2/382 471/2/384
f 472/2/385 470/2/383 471/2/384
f 472/2/385 471/2/384 473/2/386
f 473/2/386 474/2/387 472/2/385
f 475/2/388 476/2/388 477/2/389
f 476/2/388 475/2/388 478/2/390
f 479/2/391 480/2/391 481/2/392
f 480/2/391 479/2/391 482/2/391
f 483/2/393 484/2/394 485/2/395
f 486/2/396 483/2/393 485/2/395
f 484/2/394 483/2/393 487/2/397
f 483/2/393 486/2/396 488/2/398
f 489/2/399 484/2/394 487/2/397
f 490/2/400 488/2/398 486/2/396
f 488/2/398 490/2/400 491/2/401
f 490/2/400 492/2/402 491/2/401
f 484/2/394 489/2/399 493/2/403
f 489/2/399 494/2/404 493/2/403
f 494/2/404 489/2/399 495/2/405
f 495/2/405 496/2/406 494/2/404
f 496/2/406 495/2/405 497/2/407
f 496/2/406 497/2/407 498/2/408
f 499/2/409 500/2/410 501/2/411
f 502/2/412 499/2/409 501/2/411
f 500/2/410 499/2/409 503/2/413
f 499/2/409 502/2/412 504/2/414
f 503/2/413 505/2/415 500/2/410
f 506/2/416 504/2/414 502/2/412
f 505/2/415 503/2/413 507/2/417
f 504/2/414 506/2/416 508/2/418
f 507/2/417 509/2/419 505/2/415
f 509/2/419 507/2/417 510/2/420
f 509/2/419 510/2/420 511/2/421
f 512/2/422 508/2/418 506/2/416
f 508/2/418 512/2/422 513/2/423
f 512/2/422 514/2/424 513/2/423
f 515/2/425 516/2/425 517/2/426
f 515/2/425 517/2/426 518/2/427
f 517/2/426 519/2/428 518/2/427
f 518/2/427 519/2/428 520/2/429
f 519/2/428 521/2/430 520/2/429
f 521/2/430 519/2/428 522/2/431
f 521/2/430 522/2/431 523/2/432
f 524/2/433 525/2/434 526/2/435
f 524/2/433 526/2/435 527/2/436
f 528/2/437 524/2/433 527/2/436
f 528/2/437 527/2/436 529/2/438
f 525/2/434 524/2/433 530/2/439
f 530/2/439 531/2/440 525/2/434
f 531/2/440 530/2/439 532/2/440
f 533/2/441 534/2/442 535/2/443
f 535/2/443 534/2/442 536/2/444
f 534/2/442 533/2/441 537/2/445
f 536/2/444 538/2/446 535/2/443
f 533/2/441 539/2/447 537/2/445
f 538/2/446 536/2/444 540/2/448
f 541/2/449 538/2/446 540/2/448
f 541/2/449 540/2/448 542/2/450
f 539/2/447 533/2/441 543/2/451
f 539/2/447 543/2/451 544/2/452
f 543/2/451 545/2/453 544/2/452
f 546/2/454 544/2/452 545/2/453
f 546/2/454 545/2/453 547/2/455
f 547/2/455 548/2/456 546/2/454
f 549/2/457 550/2/458 551/2/458
f 550/2/458 549/2/457 552/2/457
f 553/2/459 552/2/457 549/2/457
f 552/2/457 553/2/459 554/2/460
f 555/2/461 554/2/460 553/2/459
f 554/2/460 555/2/461 556/2/462
f 556/2/462 555/2/461 557/2/463
f 558/2/464 559/2/465 560/2/464
f 559/2/465 558/2/464 561/2/465
f 560/2/464 562/2/466 558/2/464
f 562/2/466 560/2/464 563/2/467
f 563/2/467 564/2/468 562/2/466
f 564/2/468 563/2/467 565/2/469
f 564/2/468 565/2/469 566/2/470
f 567/2/471 568/2/472 569/2/473
f 570/2/474 567/2/471 569/2/473
f 568/2/472 567/2/471 571/2/475
f 567/2/471 570/2/474 572/2/476
f 571/2/475 573/2/477 568/2/472
f 574/2/478 572/2/476 570/2/474
f 573/2/477 571/2/475 575/2/479
f 572/2/476 574/2/478 576/2/480
f 575/2/479 577/2/481 573/2/477
f 577/2/481 575/2/479 578/2/482
f 577/2/481 578/2/482 579/2/483
f 580/2/484 576/2/480 574/2/478
f 576/2/480 580/2/484 581/2/485
f 580/2/484 582/2/486 581/2/485
f 583/2/487 584/2/488 585/2/489
f 584/2/488 586/2/489 585/2/489
f 585/2/489 586/2/489 587/2/490
f 585/2/489 587/2/490 588/2/491
f 588/2/491 587/2/490 589/2/492
f 590/2/493 591/2/494 583/2/495
f 591/2/494 590/2/493 592/2/496
f 591/2/494 592/2/496 593/2/497
f 593/2/497 592/2/496 594/2/498
f 595/2/499 589/2/492 596/2/500
f 595/2/499 596/2/500 597/2/501
f 597/2/501 598/2/502 595/2/499
f 599/2/503 600/2/504 601/2/505
f 602/2/506 601/2/505 600/2/504
f 599/2/503 603/2/507 600/2/504
f 603/2/507 599/2/503 604/2/508
f 603/2/507 604/2/508 605/2/509
f 606/2/510 601/2/505 602/2/506
f 601/2/505 606/2/510 607/2/511
f 606/2/510 608/2/512 607/2/511
f 608/2/512 606/2/510 609/2/513
f 610/2/514 608/2/512 609/2/513
f 608/2/512 610/2/514 611/2/515
f 612/2/516 611/2/515 610/2/514
f 611/2/515 612/2/516 613/2/517
f 612/2/516 614/2/518 613/2/517
f 615/2/519 616/2/520 617/2/521
f 616/2/520 615/2/519 618/2/522
f 617/2/521 619/2/523 615/2/519
f 619/2/523 617/2/521 620/2/524
f 619/2/523 620/2/524 621/2/525
f 622/2/526 616/2/520 618/2/522
f 616/2/520 622/2/526 623/2/527
f 622/2/526 624/2/528 623/2/527
f 624/2/528 622/2/526 625/2/529
f 626/2/530 624/2/528 625/2/529
f 624/2/528 626/2/530 627/2/531
f 628/2/532 627/2/531 626/2/530
f 627/2/531 628/2/532 629/2/533
f 628/2/532 630/2/534 629/2/533
f 631/2/535 632/2/536 633/2/537
f 632/2/536 634/2/538 633/2/537
f 632/2/536 631/2/535 635/2/539
f 634/2/538 632/2/536 636/2/540
f 631/2/535 637/2/541 635/2/539
f 638/2/542 634/2/538 636/2/540
f 637/2/541 631/2/535 639/2/543
f 634/2/538 638/2/542 640/2/544
f 639/2/543 641/2/545 637/2/541
f 641/2/545 639/2/543 642/2/546
f 641/2/545 642/2/546 643/2/547
f 644/2/548 640/2/544 638/2/542
f 640/2/544 644/2/548 645/2/549
f 644/2/548 646/2/550 645/2/549
f 647/2/551 648/2/552 649/2/553
f 648/2/552 647/2/551 650/2/554
f 648/2/552 650/2/554 651/2/555
f 649/2/553 652/2/556 647/2/551
f 652/2/556 649/2/553 653/2/557
f 654/2/558 652/2/556 653/2/557
f 652/2/556 654/2/558 655/2/559
f 654/2/558 656/2/560 655/2/559
f 656/2/560 654/2/558 657/2/561
f 658/2/562 659/2/563 660/2/564
f 658/2/562 661/2/565 659/2/563
f 661/2/565 662/2/566 659/2/563
f 663/2/567 662/2/566 661/2/565
f 663/2/567 664/2/568 662/2/566
f 663/2/567 665/2/569 664/2/568
f 665/2/569 663/2/567 666/2/570
f 665/2/569 666/2/570 667/2/571
f 665/2/569 667/2/571 668/2/571
f 669/2/572 670/2/573 671/2/574
f 669/2/572 672/2/575 670/2/573
f 672/2/575 669/2/572 673/2/576
f 673/2/576 674/2/577 672/2/575
f 674/2/577 673/2/576 675/2/578
f 675/2/578 676/2/579 674/2/577
f 676/2/579 675/2/578 677/2/580
f 678/2/581 676/2/579 677/2/580
f 678/2/581 679/2/582 676/2/579
f 680/2/583 679/2/582 678/2/581
f 681/2/584 680/2/583 678/2/581
f 682/2/585 683/2/586 684/2/587
f 684/2/587 683/2/586 685/2/588
f 682/2/585 684/2/587 686/2/589
f 683/2/586 687/2/590 685/2/588
f 685/2/588 687/2/590 688/2/591
f 688/2/591 687/2/590 689/2/592
f 686/2/589 690/2/593 682/2/585
f 686/2/589 691/2/594 690/2/593
f 691/2/594 686/2/589 692/2/595
f 693/2/596 691/2/594 692/2/595
f 691/2/594 693/2/596 694/2/597
f 695/2/598 696/2/599 697/2/600
f 696/2/599 695/2/598 698/2/601
f 696/2/599 699/2/602 697/2/600
f 696/2/599 698/2/601 700/2/603
f 697/2/600 699/2/602 701/2/604
f 698/2/601 702/2/605 700/2/603
f 700/2/603 702/2/605 703/2/606
f 703/2/606 702/2/605 704/2/607
f 697/2/600 701/2/604 705/2/608
f 705/2/608 701/2/604 706/2/609
f 707/2/610 706/2/609 701/2/604
f 707/2/610 708/2/611 706/2/609
f 709/2/612 708/2/611 707/2/610
f 709/2/612 710/2/613 708/2/611
f 711/2/614 712/2/615 713/2/616
f 714/2/617 711/2/614 713/2/616
f 712/2/615 711/2/614 715/2/618
f 716/2/619 711/2/614 714/2/617
f 712/2/615 715/2/618 717/2/620
f 718/2/621 716/2/619 714/2/617
f 719/2/622 712/2/615 717/2/620
f 718/2/621 714/2/617 720/2/623
f 717/2/620 721/2/624 719/2/622
f 719/2/622 721/2/624 722/2/625
f 722/2/625 721/2/624 723/2/626
f 724/2/627 718/2/621 720/2/623
f 724/2/627 720/2/623 725/2/628
f 725/2/628 726/2/629 724/2/627
f 727/2/630 728/2/631 729/2/632
f 728/2/631 727/2/630 730/2/633
f 731/2/634 727/2/630 729/2/632
f 732/2/634 727/2/630 731/2/634
f 733/2/635 734/2/635 735/2/635
f 733/2/635 735/2/635 736/2/635
f 737/2/636 738/2/637 739/2/638
f 738/2/637 737/2/636 740/2/636
f 741/2/639 742/2/640 743/2/641
f 744/2/642 741/2/639 743/2/641
f 742/2/640 741/2/639 745/2/643
f 746/2/644 741/2/639 744/2/642
f 745/2/643 747/2/645 742/2/640
f 744/2/642 748/2/646 746/2/644
f 742/2/640 747/2/645 749/2/647
f 750/2/648 748/2/646 744/2/642
f 747/2/645 751/2/649 749/2/647
f 749/2/647 751/2/649 752/2/650
f 752/2/650 751/2/649 753/2/651
f 750/2/648 754/2/652 748/2/646
f 754/2/652 750/2/648 755/2/653
f 755/2/653 756/2/654 754/2/652
f 757/2/655 758/2/656 759/2/657
f 758/2/656 760/2/658 759/2/657
f 757/2/655 761/2/659 758/2/656
f 759/2/657 760/2/658 762/2/660
f 761/2/659 757/2/655 763/2/661
f 759/2/657 762/2/660 764/2/662
f 763/2/661 765/2/663 761/2/659
f 765/2/663 763/2/661 766/2/664
f 765/2/663 766/2/664 767/2/665
f 768/2/666 764/2/662 762/2/660
f 764/2/662 768/2/666 769/2/667
f 770/2/668 769/2/667 768/2/666
f 769/2/667 770/2/668 771/2/669
f 770/2/668 772/2/670 771/2/669
f 773/2/671 774/2/672 775/2/673
f 774/2/672 773/2/671 776/2/673
f 777/2/674 778/2/674 779/2/674
f 777/2/674 779/2/674 780/2/674
f 781/2/675 782/2/676 783/2/677
f 782/2/676 781/2/675 784/2/678
f 783/2/677 785/2/679 781/2/675
f 785/2/679 783/2/677 786/2/680
f 785/2/679 786/2/680 787/2/681
f 784/2/678 788/2/682 782/2/676
f 788/2/682 784/2/678 789/2/682
f 790/2/683 788/2/682 789/2/682
f 788/2/682 790/2/683 791/2/684
f 792/2/685 791/2/684 790/2/683
f 791/2/684 792/2/685 793/2/686
f 794/2/687 793/2/686 792/2/685
f 793/2/686 794/2/687 795/2/688
f 794/2/687 796/2/689 795/2/688
f 797/2/690 798/2/691 799/2/692
f 797/2/690 799/2/692 800/2/693
f 801/2/694 800/2/693 799/2/692
f 801/2/694 802/2/695 800/2/693
f 802/2/695 801/2/694 803/2/696
f 804/2/697 805/2/698 806/2/699
f 807/2/700 806/2/699 805/2/698
f 805/2/698 804/2/697 808/2/701
f 809/2/702 808/2/701 804/2/697
f 809/2/702 810/2/703 808/2/701
f 811/2/704 812/2/705 813/2/704
f 812/2/705 811/2/704 814/2/704
f 815/2/706 816/2/706 817/2/706
f 815/2/706 817/2/706 818/2/706
f 819/2/707 820/2/708 821/2/709
f 820/2/708 819/2/707 822/2/710
f 821/2/709 823/2/711 819/2/707
f 824/2/712 820/2/708 822/2/710
f 823/2/711 821/2/709 825/2/713
f 820/2/708 824/2/712 826/2/714
f 827/2/715 823/2/711 825/2/713
f 823/2/711 827/2/715 828/2/716
f 827/2/715 829/2/717 828/2/716
f 830/2/718 826/2/714 824/2/712
f 826/2/714 830/2/718 831/2/719
f 830/2/718 832/2/720 831/2/719
f 832/2/720 830/2/718 833/2/721
f 832/2/720 833/2/721 834/2/722
f 835/2/723 836/2/724 837/2/724
f 836/2/724 838/2/723 837/2/724
f 839/2/725 840/2/725 841/2/725
f 840/2/725 839/2/725 842/2/726
f 843/2/727 844/2/728 845/2/729
f 843/2/727 845/2/729 846/2/730
f 845/2/729 847/2/731 846/2/730
f 846/2/730 847/2/731 848/2/732
f 848/2/732 847/2/731 849/2/733
f 850/2/734 851/2/735 852/2/736
f 852/2/736 851/2/735 853/2/737
f 853/2/737 854/2/738 852/2/736
f 855/2/739 854/2/738 853/2/737
f 855/2/739 856/2/740 854/2/738
f 857/2/741 858/2/742 859/2/743
f 858/2/742 857/2/741 860/2/744
f 861/2/745 857/2/741 859/2/743
f 862/2/745 857/2/741 861/2/745
f 863/2/746 864/2/747 865/2/748
f 864/2/747 863/2/746 866/2/749
f 867/2/750 868/2/751 869/2/752
f 867/2/750 869/2/752 870/2/751
f 871/2/753 872/2/754 873/2/755
f 873/2/755 874/2/755 871/2/753
f 872/2/754 871/2/753 875/2/756
f 875/2/756 876/2/757 872/2/754
f 875/2/756 877/2/758 876/2/757
f 877/2/758 875/2/756 878/2/759
f 877/2/758 878/2/759 879/2/760
f 880/2/761 881/2/762 882/2/761
f 882/2/761 883/2/763 880/2/761
f 883/2/763 882/2/761 884/2/764
f 881/2/762 880/2/761 885/2/765
f 886/2/766 881/2/762 885/2/765
f 881/2/762 886/2/766 887/2/767
f 887/2/767 886/2/766 888/2/768
f 889/2/769 890/2/770 891/2/771
f 892/2/772 891/2/771 890/2/770
f 889/2/769 893/2/773 890/2/770
f 893/2/773 889/2/769 894/2/774
f 893/2/773 894/2/774 895/2/775
f 896/2/776 891/2/771 892/2/772
f 891/2/771 896/2/776 897/2/777
f 896/2/776 898/2/778 897/2/777
f 898/2/778 896/2/776 899/2/779
f 900/2/780 898/2/778 899/2/779
f 898/2/778 900/2/780 901/2/781
f 902/2/782 901/2/781 900/2/780
f 901/2/781 902/2/782 903/2/783
f 902/2/782 904/2/784 903/2/783
f 905/2/785 906/2/786 907/2/787
f 906/2/786 905/2/785 908/2/788
f 907/2/787 909/2/789 905/2/785
f 910/2/790 906/2/786 908/2/788
f 909/2/789 907/2/787 911/2/791
f 906/2/786 910/2/790 912/2/792
f 913/2/793 909/2/789 911/2/791
f 909/2/789 913/2/793 914/2/794
f 913/2/793 915/2/795 914/2/794
f 916/2/796 912/2/792 910/2/790
f 912/2/792 916/2/796 917/2/797
f 916/2/796 918/2/798 917/2/797
f 918/2/798 916/2/796 919/2/799
f 918/2/798 919/2/799 920/2/800
f 921/2/801 922/2/802 923/2/803
f 922/2/802 924/2/804 923/2/803
f 921/2/801 925/2/805 922/2/802
f 923/2/803 924/2/804 926/2/806
f 925/2/805 921/2/801 927/2/807
f 923/2/803 926/2/806 928/2/808
f 927/2/807 929/2/809 925/2/805
f 929/2/809 927/2/807 930/2/810
f 929/2/809 930/2/810 931/2/811
f 932/2/812 928/2/808 926/2/806
f 928/2/808 932/2/812 933/2/813
f 934/2/814 933/2/813 932/2/812
f 933/2/813 934/2/814 935/2/815
f 934/2/814 936/2/816 935/2/815
f 937/2/817 938/2/818 939/2/819
f 937/2/817 939/2/819 940/2/820
f 938/2/818 937/2/817 941/2/821
f 941/2/821 942/2/822 938/2/818
f 942/2/822 941/2/821 943/2/823
f 943/2/823 944/2/824 942/2/822
f 944/2/824 943/2/823 945/2/825
f 946/2/826 947/2/827 948/2/828
f 949/2/829 947/2/827 946/2/826
f 947/2/827 949/2/829 950/2/830
f 951/2/831 950/2/830 949/2/829
f 950/2/830 951/2/831 952/2/832
f 953/2/833 952/2/832 951/2/831
f 952/2/832 953/2/833 954/2/833
f 955/2/834 956/2/835 957/2/834
f 955/2/834 957/2/834 958/2/836
f 959/2/837 960/2/838 961/2/839
f 960/2/838 959/2/837 962/2/837
f 963/2/840 964/2/841 965/2/842
f 963/2/840 966/2/843 964/2/841
f 963/2/840 965/2/842 967/2/842
f 963/2/840 968/2/844 966/2/843
f 965/2/842 969/2/845 967/2/842
f 970/2/846 966/2/843 968/2/844
f 970/2/846 968/2/844 971/2/847
f 971/2/847 972/2/848 970/2/846
f 969/2/845 965/2/842 973/2/849
f 974/2/850 969/2/845 973/2/849
f 969/2/845 974/2/850 975/2/851
f 974/2/850 976/2/852 975/2/851
f 975/2/851 976/2/852 977/2/853
f 977/2/853 976/2/852 978/2/854
f 979/2/855 980/2/855 981/2/855
f 979/2/855 981/2/855 982/2/855
f 983/2/856 984/2/856 985/2/856
f 984/2/856 983/2/856 986/2/856
f 987/2/857 988/2/858 989/2/859
f 987/2/857 989/2/859 990/2/860
f 988/2/858 987/2/857 991/2/861
f 991/2/861 992/2/862 988/2/858
f 992/2/862 991/2/861 993/2/863
f 992/2/862 993/2/863 994/2/864
f 994/2/864 995/2/865 992/2/862
f 994/2/864 996/2/866 995/2/865
f 996/2/866 994/2/864 997/2/867
f 998/2/868 999/2/869 1000/2/870
f 1001/2/871 999/2/869 998/2/868
f 999/2/869 1001/2/871 1002/2/872
f 1003/2/873 1002/2/872 1001/2/871
f 1002/2/872 1003/2/873 1004/2/874
f 1003/2/873 1005/2/875 1004/2/874
f 1005/2/875 1003/2/873 1006/2/876
f 1005/2/875 1006/2/876 1007/2/877
f 1005/2/875 1007/2/877 1008/2/878
f 1009/2/879 1010/2/880 1011/2/881
f 1010/2/880 1009/2/879 1012/2/879
f 1010/2/880 1013/2/882 1011/2/881
f 1013/2/882 1010/2/880 1014/2/883
f 1015/2/884 1016/2/885 1017/2/886
f 1016/2/885 1015/2/884 1018/2/885
f 1019/2/887 1015/2/884 1017/2/886
f 1019/2/887 1020/2/888 1015/2/884
f 1021/2/889 1022/2/890 1023/2/891
f 1022/2/890 1021/2/889 1024/2/892
f 1021/2/889 1023/2/891 1025/2/893
f 1026/2/894 1022/2/890 1024/2/892
f 1027/2/895 1025/2/893 1023/2/891
f 1022/2/890 1026/2/894 1028/2/896
f 1025/2/893 1027/2/895 1029/2/897
f 1029/2/897 1027/2/895 1030/2/898
f 1030/2/898 1031/2/899 1029/2/897
f 1032/2/900 1028/2/896 1026/2/894
f 1032/2/900 1033/2/901 1028/2/896
f 1033/2/901 1032/2/900 1034/2/902
f 1034/2/902 1035/2/903 1033/2/901
f 1035/2/903 1034/2/902 1036/2/904
f 1037/2/905 1038/2/906 1039/2/907
f 1037/2/905 1040/2/908 1038/2/906
f 1037/2/905 1039/2/907 1041/2/909
f 1037/2/905 1042/2/910 1040/2/908
f 1039/2/907 1043/2/911 1041/2/909
f 1044/2/912 1040/2/908 1042/2/910
f 1044/2/912 1042/2/910 1045/2/913
f 1045/2/913 1046/2/914 1044/2/912
f 1043/2/911 1039/2/907 1047/2/915
f 1048/2/916 1043/2/911 1047/2/915
f 1043/2/911 1048/2/916 1049/2/917
f 1048/2/916 1050/2/918 1049/2/917
f 1049/2/917 1050/2/918 1051/2/919
f 1051/2/919 1050/2/918 1052/2/920
f 1053/2/921 1054/2/921 1055/2/922
f 1054/2/921 1053/2/921 1056/2/921
f 1057/2/923 1058/2/924 1059/2/923
f 1058/2/924 1057/2/923 1060/2/924
f 1061/2/925 1062/2/926 1063/2/927
f 1062/2/926 1061/2/925 1064/2/928
f 1063/2/927 1065/2/929 1061/2/925
f 1066/2/930 1062/2/926 1064/2/928
f 1065/2/929 1063/2/927 1067/2/931
f 1062/2/926 1066/2/930 1068/2/932
f 1069/2/933 1065/2/929 1067/2/931
f 1065/2/929 1069/2/933 1070/2/934
f 1069/2/933 1071/2/935 1070/2/934
f 1072/2/936 1068/2/932 1066/2/930
f 1068/2/932 1072/2/936 1073/2/937
f 1072/2/936 1074/2/938 1073/2/937
f 1074/2/938 1072/2/936 1075/2/939
f 1074/2/938 1075/2/939 1076/2/940
f 1077/2/941 1078/2/942 1079/2/943
f 1080/2/944 1077/2/941 1079/2/943
f 1078/2/942 1077/2/941 1081/2/945
f 1077/2/941 1080/2/944 1082/2/946
f 1081/2/945 1083/2/947 1078/2/942
f 1084/2/948 1082/2/946 1080/2/944
f 1083/2/947 1081/2/945 1085/2/949
f 1082/2/946 1084/2/948 1086/2/950
f 1085/2/949 1087/2/951 1083/2/947
f 1087/2/951 1085/2/949 1088/2/952
f 1087/2/951 1088/2/952 1089/2/953
f 1090/2/954 1086/2/950 1084/2/948
f 1086/2/950 1090/2/954 1091/2/955
f 1090/2/954 1092/2/956 1091/2/955
f 1093/2/957 1094/2/958 1095/2/959
f 1095/2/959 1096/2/960 1093/2/957
f 1095/2/959 1094/2/958 1097/2/842
f 1095/2/959 1098/2/961 1096/2/960
f 1094/2/958 1099/2/962 1097/2/842
f 1100/2/963 1096/2/960 1098/2/961
f 1100/2/963 1098/2/961 1101/2/964
f 1101/2/964 1102/2/965 1100/2/963
f 1099/2/962 1094/2/958 1103/2/966
f 1104/2/967 1099/2/962 1103/2/966
f 1104/2/967 1105/2/968 1099/2/962
f 1104/2/967 1106/2/969 1105/2/968
f 1105/2/968 1106/2/969 1107/2/970
f 1107/2/970 1106/2/969 1108/2/971
f 1109/2/972 1110/2/973 1111/2/974
f 1110/2/973 1109/2/972 1112/2/975
f 1111/2/974 1113/2/976 1109/2/972
f 1114/2/977 1110/2/973 1112/2/975
f 1113/2/976 1111/2/974 1115/2/978
f 1110/2/973 1114/2/977 1116/2/979
f 1117/2/980 1113/2/976 1115/2/978
f 1113/2/976 1117/2/980 1118/2/981
f 1117/2/980 1119/2/982 1118/2/981
f 1120/2/983 1116/2/979 1114/2/977
f 1116/2/979 1120/2/983 1121/2/984
f 1120/2/983 1122/2/985 1121/2/984
f 1122/2/985 1120/2/983 1123/2/986
f 1122/2/985 1123/2/986 1124/2/987
f 1125/2/988 1126/2/989 1127/2/990
f 1125/2/988 1128/2/991 1126/2/989
f 1128/2/991 1125/2/988 1129/2/992
f 1128/2/991 1129/2/992 1130/2/993
f 1131/2/994 1132/2/995 1127/2/990
f 1132/2/995 1131/2/994 1133/2/996
f 1131/2/994 1134/2/997 1133/2/996
f 1134/2/997 1131/2/994 1135/2/998
f 1134/2/997 1135/2/998 1136/2/999
f 1137/2/1000 1138/2/1001 1136/2/1002
f 1138/2/1001 1137/2/1000 1139/2/1003
f 1137/2/1000 1140/2/1004 1139/2/1003
f 1141/2/1005 1142/2/1006 1143/2/1007
f 1142/2/1006 1144/2/1008 1143/2/1007
f 1142/2/1006 1141/2/1005 1145/2/1009
f 1144/2/1008 1142/2/1006 1146/2/1010
f 1141/2/1005 1147/2/1011 1145/2/1009
f 1146/2/1010 1148/2/1012 1144/2/1008
f 1148/2/1012 1146/2/1010 1149/2/1013
f 1148/2/1012 1149/2/1013 1150/2/1014
f 1147/2/1011 1141/2/1005 1151/2/1015
f 1152/2/1016 1147/2/1011 1151/2/1015
f 1147/2/1011 1152/2/1016 1153/2/1017
f 1154/2/1018 1153/2/1017 1152/2/1016
f 1153/2/1017 1154/2/1018 1155/2/1019
f 1154/2/1018 1156/2/1020 1155/2/1019
f 1157/2/1021 1158/2/1022 1159/2/1023
f 1157/2/1021 1160/2/1024 1158/2/1022
f 1157/2/1021 1159/2/1023 1161/2/1025
f 1157/2/1021 1162/2/1026 1160/2/1024
f 1159/2/1023 1163/2/1027 1161/2/1025
f 1164/2/1028 1160/2/1024 1162/2/1026
f 1164/2/1028 1162/2/1026 1165/2/1029
f 1165/2/1029 1166/2/1030 1164/2/1028
f 1163/2/1027 1159/2/1023 1167/2/1031
f 1168/2/1032 1163/2/1027 1167/2/1031
f 1163/2/1027 1168/2/1032 1169/2/1033
f 1168/2/1032 1170/2/1034 1169/2/1033
f 1169/2/1033 1170/2/1034 1171/2/1035
f 1171/2/1035 1170/2/1034 1172/2/1036
f 1173/2/1037 1174/2/1038 1175/2/1039
f 1173/2/1037 1176/2/1040 1174/2/1038
f 1173/2/1037 1175/2/1039 1177/2/1041
f 1173/2/1037 1178/2/1042 1176/2/1040
f 1175/2/1039 1179/2/1043 1177/2/1041
f 1180/2/1044 1176/2/1040 1178/2/1042
f 1180/2/1044 1178/2/1042 1181/2/1045
f 1181/2/1045 1182/2/1046 1180/2/1044
f 1179/2/1043 1175/2/1039 1183/2/1047
f 1184/2/1048 1179/2/1043 1183/2/1047
f 1179/2/1043 1184/2/1048 1185/2/1049
f 1184/2/1048 1186/2/1050 1185/2/1049
f 1185/2/1049 1186/2/1050 1187/2/1051
f 1187/2/1051 1186/2/1050 1188/2/1052
f 1189/2/1053 1190/2/1054 1191/2/1055
f 1189/2/1053 1192/2/1056 1190/2/1054
f 1192/2/1056 1189/2/1053 1193/2/1057
f 1192/2/1056 1193/2/1057 1194/2/1058
f 1195/2/1059 1196/2/1060 1191/2/1061
f 1196/2/1060 1195/2/1059 1197/2/1062
f 1195/2/1059 1198/2/1063 1197/2/1062
f 1198/2/1063 1195/2/1059 1199/2/1064
f 1198/2/1063 1199/2/1064 1200/2/1065
f 1201/2/1066 1202/2/1067 1200/2/1065
f 1202/2/1067 1201/2/1066 1203/2/1068
f 1201/2/1066 1204/2/1069 1203/2/1068
f 1205/2/1070 1206/2/1071 1207/2/1072
f 1205/2/1070 1208/2/1073 1206/2/1071
f 1208/2/1073 1205/2/1070 1209/2/1074
f 1208/2/1073 1209/2/1074 1210/2/1075
f 1211/2/1076 1212/2/1077 1207/2/1078
f 1212/2/1077 1211/2/1076 1213/2/1079
f 1211/2/1076 1214/2/1080 1213/2/1079
f 1214/2/1080 1211/2/1076 1215/2/1081
f 1214/2/1080 1215/2/1081 1216/2/1082
f 1217/2/1083 1218/2/1084 1216/2/1082
f 1218/2/1084 1217/2/1083 1219/2/1085
f 1217/2/1083 1220/2/1086 1219/2/1085
o RenderMesh_71591993154367
v -0.579699 -0.328832 -0.069851
v -0.356399 -0.328832 -0.069851
v -0.356399 -0.328832 0.074791
v -0.579699 -0.328832 0.074791
v -0.163600 0.213317 0.127778
v -0.163600 0.213317 -0.122838
v -0.163600 0.301924 0.091076
v -0.163600 0.124711 0.091076
v -0.163600 0.301924 -0.086136
v -0.163600 0.338626 0.002470
v -0.163600 0.124711 -0.086136
v -0.163600 0.088009 0.002470
v -0.457153 0.105772 -0.069851
v -0.457153 0.105772 0.074791
v -0.419819 0.142736 -0.069851
v -0.419819 0.142736 0.074791
v -0.455028 0.038808 0.074791
v -0.455028 0.038808 -0.069851
v -0.520178 0.004895 -0.069851
v -0.520178 0.004895 0.074791
v -0.558472 -0.056341 -0.069851
v -0.558472 -0.056341 0.074791
v -0.611049 -0.104832 -0.069851
v -0.611049 -0.104832 0.074791
v -0.589049 -0.187332 -0.069851
v -0.589049 -0.187332 0.074791
v -0.611049 -0.279332 -0.069851
v -0.611049 -0.279332 0.074791
v -0.579699 -0.328832 -0.069851
v -0.579699 -0.328832 0.074791
v -0.197380 0.024236 -0.069851
v -0.419819 0.142736 -0.069851
v -0.419819 0.142736 0.074791
v -0.197380 0.024236 0.074791
v -0.197380 0.024236 0.074791
v -0.228126 -0.005866 -0.069851
v -0.197380 0.024236 -0.069851
v -0.228126 -0.005866 0.074791
v -0.272059 -0.025264 -0.069851
v -0.272059 -0.025264 0.074791
v -0.276698 -0.065553 0.074791
v -0.276698 -0.065553 -0.069851
v -0.330499 -0.105841 0.074791
v -0.330499 -0.105841 -0.069851
v -0.338689 -0.165076 0.074791
v -0.338689 -0.165076 -0.069851
v -0.336496 -0.229832 0.074791
v -0.336496 -0.229832 -0.069851
v -0.325050 -0.279332 0.074791
v -0.325050 -0.279332 -0.069851
v -0.356399 -0.328832 0.074791
v -0.356399 -0.328832 -0.069851
v -0.457153 0.105772 0.074791
v -0.228126 -0.005866 0.074791
v -0.419819 0.142736 0.074791
v -0.197380 0.024236 0.074791
v -0.272059 -0.025264 0.074791
v -0.455028 0.038808 0.074791
v -0.276698 -0.065553 0.074791
v -0.520178 0.004895 0.074791
v -0.330499 -0.105841 0.074791
v -0.558472 -0.056341 0.074791
v -0.338689 -0.165076 0.074791
v -0.611049 -0.104832 0.074791
v -0.589049 -0.187332 0.074791
v -0.336496 -0.229832 0.074791
v -0.611049 -0.279332 0.074791
v -0.325050 -0.279332 0.074791
v -0.579699 -0.328832 0.074791
v -0.356399 -0.328832 0.074791
v -0.228126 -0.005866 -0.069851
v -0.419819 0.142736 -0.069851
v -0.197380 0.024236 -0.069851
v -0.457153 0.105772 -0.069851
v -0.272059 -0.025264 -0.069851
v -0.455028 0.038808 -0.069851
v -0.276698 -0.065553 -0.069851
v -0.520178 0.004895 -0.069851
v -0.330499 -0.105841 -0.069851
v -0.558472 -0.056341 -0.069851
v -0.338689 -0.165076 -0.069851
v -0.611049 -0.104832 -0.069851
v -0.589049 -0.187332 -0.069851
v -0.336496 -0.229832 -0.069851
v -0.611049 -0.279332 -0.069851
v -0.325050 -0.279332 -0.069851
v -0.356399 -0.328832 -0.069851
v -0.579699 -0.328832 -0.069851
v -0.233600 0.125241 -0.085607
v -0.233600 0.125241 0.090547
v -0.233600 0.213317 -0.122089
v -0.233600 0.088758 0.002470
v -0.233600 0.213317 0.127029
v -0.233600 0.301394 0.090547
v -0.233600 0.301394 -0.085607
v -0.233600 0.337877 0.002470
v -0.233600 0.125241 0.090547
v -0.163600 0.213317 0.127778
v -0.233600 0.213317 0.127029
v -0.233600 0.301394 0.090547
v -0.163600 0.124711 0.091076
v -0.163600 0.301924 0.091076
v -0.163600 0.088009 0.002470
v -0.163600 0.338626 0.002470
v -0.233600 0.088758 0.002470
v -0.233600 0.337877 0.002470
v -0.233600 0.125241 -0.085607
v -0.233600 0.301394 -0.085607
v -0.163600 0.124711 -0.086136
v -0.163600 0.301924 -0.086136
v -0.163600 0.213317 -0.122838
v -0.233600 0.213317 -0.122089
vn 0.0005 -1.0000 0.0005
vn 1.0000 0.0005 0.0005
vn -0.9289 0.3703 -0.0000
vn -0.9288 0.3705 0.0002
vn -0.7037 0.7105 0.0006
vn -0.7037 0.7105 0.0005
vn -0.8629 0.5053 0.0003
vn -0.8630 0.5052 -0.0000
vn -0.6787 0.7344 -0.0000
vn -0.6787 0.7345 -0.0000
vn -0.7698 0.6383 -0.0000
vn -0.9603 0.2788 -0.0000
vn -0.9603 0.2789 -0.0000
vn -0.9999 -0.0129 -0.0000
vn -0.9864 -0.1645 0.0004
vn -0.9864 -0.1642 -0.0000
vn -0.8448 -0.5351 -0.0000
vn -0.8448 -0.5350 0.0003
vn 0.4703 0.8825 0.0003
vn 0.4702 0.8826 -0.0000
vn 0.6997 -0.7144 0.0004
vn 0.5604 -0.8282 0.0005
vn 0.6996 -0.7146 -0.0000
vn 0.5606 -0.8281 0.0003
vn 0.8055 -0.5926 0.0004
vn 0.8671 -0.4981 -0.0000
vn 0.8672 -0.4979 0.0005
vn 0.8615 -0.5077 0.0005
vn 0.8614 -0.5079 -0.0000
vn 0.9987 -0.0517 -0.0000
vn 0.9915 0.1303 0.0003
vn 0.9915 0.1302 -0.0000
vn 0.9858 -0.1679 -0.0000
vn 0.9858 -0.1677 0.0005
vn 0.8448 -0.5350 0.0007
vn 0.8448 -0.5350 0.0005
vn 0.0005 0.0005 1.0000
vn 0.0005 0.0005 -1.0000
vn -1.0000 0.0005 0.0005
vn -0.0107 -0.7071 0.7071
vn -0.0103 0.0005 0.9999
vn -0.0104 0.0004 0.9999
vn -0.0107 0.7071 0.7071
vn -0.0104 0.7071 0.7071
vn -0.0105 -0.9999 0.0003
vn -0.0105 0.9999 0.0003
vn -0.0102 -0.9999 0.0005
vn -0.0107 0.9999 -0.0000
vn -0.0107 -0.7071 -0.7071
vn -0.0102 0.7071 -0.7071
vn -0.0103 0.0005 -0.9999
vt 0.000000 0.000000
s 1
f 1221/3/1087 1222/3/1087 1223/3/1087
f 1221/3/1087 1223/3/1087 1224/3/1087
f 1225/3/1088 1226/3/1088 1227/3/1088
f 1226/3/1088 1225/3/1088 1228/3/1088
f 1227/3/1088 1226/3/1088 1229/3/1088
f 1227/3/1088 1229/3/1088 1230/3/1088
f 1226/3/1088 1228/3/1088 1231/3/1088
f 1231/3/1088 1228/3/1088 1232/3/1088
f 1233/3/1089 1234/3/1090 1235/3/1091
f 1235/3/1091 1234/3/1090 1236/3/1092
f 1233/3/1089 1237/3/1093 1234/3/1090
f 1238/3/1094 1237/3/1093 1233/3/1089
f 1239/3/1095 1237/3/1093 1238/3/1094
f 1237/3/1093 1239/3/1095 1240/3/1096
f 1241/3/1097 1240/3/1096 1239/3/1095
f 1240/3/1096 1241/3/1097 1242/3/1097
f 1243/3/1098 1242/3/1097 1241/3/1097
f 1242/3/1097 1243/3/1098 1244/3/1099
f 1245/3/1100 1244/3/1099 1243/3/1098
f 1244/3/1099 1245/3/1100 1246/3/1100
f 1247/3/1101 1246/3/1100 1245/3/1100
f 1246/3/1100 1247/3/1101 1248/3/1102
f 1249/3/1103 1248/3/1102 1247/3/1101
f 1248/3/1102 1249/3/1103 1250/3/1104
f 1251/3/1105 1252/3/1106 1253/3/1106
f 1251/3/1105 1253/3/1106 1254/3/1106
f 1255/3/1107 1256/3/1108 1257/3/1109
f 1256/3/1108 1255/3/1107 1258/3/1110
f 1256/3/1108 1258/3/1110 1259/3/1111
f 1259/3/1111 1258/3/1110 1260/3/1111
f 1259/3/1111 1260/3/1111 1261/3/1112
f 1261/3/1112 1262/3/1113 1259/3/1111
f 1262/3/1113 1261/3/1112 1263/3/1114
f 1263/3/1114 1264/3/1115 1262/3/1113
f 1264/3/1115 1263/3/1114 1265/3/1116
f 1265/3/1116 1266/3/1116 1264/3/1115
f 1266/3/1116 1265/3/1116 1267/3/1117
f 1267/3/1117 1268/3/1118 1266/3/1116
f 1268/3/1118 1267/3/1117 1269/3/1119
f 1269/3/1119 1270/3/1120 1268/3/1118
f 1270/3/1120 1269/3/1119 1271/3/1121
f 1271/3/1121 1272/3/1122 1270/3/1120
f 1273/3/1123 1274/3/1123 1275/3/1123
f 1275/3/1123 1274/3/1123 1276/3/1123
f 1277/3/1123 1274/3/1123 1273/3/1123
f 1278/3/1123 1277/3/1123 1273/3/1123
f 1278/3/1123 1279/3/1123 1277/3/1123
f 1279/3/1123 1278/3/1123 1280/3/1123
f 1280/3/1123 1281/3/1123 1279/3/1123
f 1281/3/1123 1280/3/1123 1282/3/1123
f 1282/3/1123 1283/3/1123 1281/3/1123
f 1283/3/1123 1282/3/1123 1284/3/1123
f 1283/3/1123 1284/3/1123 1285/3/1123
f 1285/3/1123 1286/3/1123 1283/3/1123
f 1287/3/1123 1286/3/1123 1285/3/1123
f 1287/3/1123 1288/3/1123 1286/3/1123
f 1288/3/1123 1287/3/1123 1289/3/1123
f 1288/3/1123 1289/3/1123 1290/3/1123
f 1291/3/1124 1292/3/1124 1293/3/1124
f 1292/3/1124 1291/3/1124 1294/3/1124
f 1295/3/1124 1294/3/1124 1291/3/1124
f 1294/3/1124 1295/3/1124 1296/3/1124
f 1297/3/1124 1296/3/1124 1295/3/1124
f 1297/3/1124 1298/3/1124 1296/3/1124
f 1299/3/1124 1298/3/1124 1297/3/1124
f 1298/3/1124 1299/3/1124 1300/3/1124
f 1301/3/1124 1300/3/1124 1299/3/1124
f 1300/3/1124 1301/3/1124 1302/3/1124
f 1301/3/1124 1303/3/1124 1302/3/1124
f 1303/3/1124 1301/3/1124 1304/3/1124
f 1304/3/1124 1305/3/1124 1303/3/1124
f 1305/3/1124 1304/3/1124 1306/3/1124
f 1305/3/1124 1306/3/1124 1307/3/1124
f 1305/3/1124 1307/3/1124 1308/3/1124
f 1309/3/1125 1310/3/1125 1311/3/1125
f 1310/3/1125 1309/3/1125 1312/3/1125
f 1313/3/1125 1311/3/1125 1310/3/1125
f 1311/3/1125 1313/3/1125 1314/3/1125
f 1314/3/1125 1315/3/1125 1311/3/1125
f 1315/3/1125 1314/3/1125 1316/3/1125
f 1317/3/1126 1318/3/1127 1319/3/1128
f 1319/3/1128 1318/3/1127 1320/3/1129
f 1318/3/1127 1317/3/1126 1321/3/1126
f 1318/3/1127 1322/3/1130 1320/3/1129
f 1323/3/1131 1321/3/1126 1317/3/1126
f 1324/3/1132 1320/3/1129 1322/3/1130
f 1325/3/1133 1323/3/1131 1317/3/1126
f 1320/3/1129 1324/3/1132 1326/3/1134
f 1327/3/1135 1323/3/1131 1325/3/1133
f 1324/3/1132 1328/3/1136 1326/3/1134
f 1323/3/1131 1327/3/1135 1329/3/1135
f 1328/3/1136 1324/3/1132 1330/3/1136
f 1331/3/1137 1329/3/1135 1327/3/1135
f 1331/3/1137 1328/3/1136 1330/3/1136
f 1332/3/1137 1331/3/1137 1327/3/1135
f 1328/3/1136 1331/3/1137 1332/3/1137
o RenderMesh_75134616835639
v 0.712186 0.253691 -0.029530
v 0.712186 0.259084 0.003711
v 0.712186 0.239922 0.003711
v 0.712186 0.253691 0.036952
v 0.712186 0.267241 -0.015980
v 0.712186 0.286932 -0.024137
v 0.712186 0.286932 -0.043299
v 0.712186 0.267241 0.023402
v 0.712186 0.286932 0.031559
v 0.712186 0.286932 0.050721
v 0.712186 0.320173 0.036952
v 0.712186 0.306623 0.023402
v 0.712186 0.332866 0.003711
v 0.712186 0.314780 0.003711
v 0.712186 0.306623 -0.015980
v 0.712186 0.320173 -0.029530
v 0.712186 0.286932 -0.024137
v 0.712186 0.286932 -0.043299
v 0.675858 0.242352 0.003711
v 0.675858 0.185661 0.029281
v 0.675858 0.175070 0.003711
v 0.675858 0.211231 0.039872
v 0.675858 0.236801 0.029281
v 0.675858 0.185661 -0.021859
v 0.675858 0.211231 -0.032450
v 0.675858 0.236801 -0.021859
v 0.638139 0.403397 0.001723
v 0.665531 0.321078 0.017913
v 0.665531 0.321078 -0.010491
v 0.638139 0.403397 0.005699
v 0.657013 0.306623 0.023402
v 0.657013 0.267241 -0.015980
v 0.657013 0.306623 -0.015980
v 0.657013 0.286932 -0.024137
v 0.657013 0.314780 0.003711
v 0.657013 0.267241 0.023402
v 0.657013 0.259084 0.003711
v 0.657013 0.286932 0.031559
v -0.242550 0.340933 -0.060672
v -0.242550 0.340933 0.064307
v -0.222679 0.391803 -0.026952
v -0.222679 0.391803 0.031892
v -0.272690 0.291333 -0.084041
v -0.272690 0.291333 0.088981
v -0.312830 0.267885 0.080064
v -0.272690 0.291333 0.088981
v -0.312830 0.267885 -0.075124
v -0.336675 0.226553 -0.066169
v -0.336675 0.226553 0.071109
v -0.365290 0.190577 0.071109
v -0.336675 0.226553 0.071109
v -0.365290 0.190577 -0.066169
v -0.421978 0.136539 0.071109
v -0.421978 0.136539 -0.066169
v -0.335290 0.070577 0.071109
v -0.335290 0.070577 -0.066169
v -0.215290 0.020577 0.071109
v -0.215290 0.020577 -0.066169
v -0.155290 0.060577 0.071109
v -0.155290 0.060577 -0.066169
v -0.095290 0.070105 0.071109
v -0.095290 0.070105 -0.066169
v 0.114206 0.073201 -0.066169
v 0.114206 0.073201 0.071109
v 0.165081 0.095360 -0.066169
v 0.165081 0.095360 0.071109
v 0.210081 0.085343 0.071109
v 0.210081 0.085343 -0.066169
v 0.675858 0.185661 -0.021859
v 0.167011 0.211231 -0.032450
v 0.675858 0.211231 -0.032450
v 0.167011 0.185661 -0.021859
v 0.675858 0.175070 0.003711
v 0.167011 0.175069 0.003711
v 0.675858 0.185661 0.029281
v 0.167011 0.185661 0.029281
v 0.675858 0.211231 0.039872
v 0.167011 0.211231 0.039872
v 0.675858 0.236801 0.029281
v 0.167011 0.236801 0.029281
v 0.675858 0.242352 0.003711
v 0.167011 0.242352 0.003711
v 0.675858 0.236801 -0.021859
v 0.167011 0.236801 -0.021859
v 0.675858 0.211231 -0.032450
v 0.167011 0.211231 -0.032450
v 0.042058 0.371137 0.031892
v 0.131875 0.398957 -0.026952
v 0.042058 0.371137 -0.026952
v 0.131875 0.398957 0.031892
v -0.051734 0.367724 0.031892
v -0.051734 0.367724 -0.026952
v -0.137207 0.377818 0.031892
v -0.137207 0.377818 -0.026952
v -0.222679 0.391803 0.031892
v -0.222679 0.391803 -0.026952
v 0.041115 0.320951 0.076303
v 0.041115 0.313936 -0.074056
v 0.041115 0.313936 0.078996
v 0.041115 0.320951 -0.073430
v 0.041115 0.273859 -0.079221
v 0.041115 0.284704 -0.081520
v 0.041115 0.291333 -0.084041
v 0.041115 0.242104 0.077143
v 0.041115 0.291333 0.088981
v 0.041115 0.265572 -0.079472
v 0.041115 0.231626 -0.079208
v 0.041115 0.187898 -0.075047
v 0.041115 0.146485 0.071109
v 0.041115 0.132449 -0.066567
v 0.041115 0.132449 0.071109
v -0.272690 0.291333 0.088981
v -0.218828 0.320951 0.077396
v -0.242550 0.340933 0.064307
v -0.218828 0.295054 0.087338
v -0.218828 0.291333 0.088981
v 0.041115 0.320951 0.076303
v -0.222679 0.391803 0.031892
v -0.137207 0.377818 0.031892
v -0.051734 0.367724 0.031892
v 0.199437 0.325114 0.079930
v 0.042058 0.371137 0.031892
v 0.131875 0.398957 0.031892
v 0.193540 0.291333 0.088981
v 0.041115 0.313936 0.078996
v 0.041115 0.291333 0.088981
v -0.137207 0.377818 -0.026952
v -0.051734 0.367724 -0.026952
v -0.242550 0.340933 -0.060672
v -0.222679 0.391803 -0.026952
v 0.199437 0.336164 -0.060672
v 0.042058 0.371137 -0.026952
v 0.131875 0.398957 -0.026952
v 0.005966 0.320951 -0.074370
v -0.218828 0.320951 -0.072778
v 0.041115 0.320951 -0.073430
v -0.272690 0.291333 -0.084041
v 0.193540 0.291333 -0.084041
v 0.041115 0.313936 -0.074056
v 0.041115 0.291333 -0.084041
v -0.218828 0.296860 -0.082237
v -0.218828 0.295054 -0.082398
v -0.218828 0.291333 -0.084041
v 0.131875 0.398957 0.031892
v 0.199437 0.336164 -0.060672
v 0.131875 0.398957 -0.026952
v 0.199437 0.325114 0.079930
v -0.365290 0.190577 0.071109
v -0.218828 0.189128 0.081066
v -0.336675 0.226553 0.071109
v -0.312830 0.267885 0.080064
v -0.272690 0.291333 0.088981
v -0.218828 0.283230 0.087033
v -0.218828 0.291333 0.088981
v -0.218828 0.132449 0.076548
v -0.335290 0.070577 0.071109
v -0.421978 0.136539 0.071109
v -0.215290 0.020577 0.071109
v -0.155290 0.060577 0.071109
v -0.189992 0.132449 0.076676
v -0.095290 0.070105 0.071109
v 0.011172 0.132449 0.071109
v 0.114206 0.073201 0.071109
v 0.041115 0.132449 0.071109
v 0.041115 0.146485 0.071109
v 0.189206 0.133424 0.071109
v 0.165081 0.095360 0.071109
v 0.210081 0.085343 0.071109
v 0.194206 0.217015 0.071109
v 0.204206 0.181039 0.071109
v 0.041115 0.242104 0.077143
v 0.193540 0.291333 0.088981
v 0.041115 0.291333 0.088981
v 0.204206 0.258347 0.080064
v -0.188014 0.132449 -0.071178
v -0.032014 0.132449 -0.070225
v -0.095290 0.070105 -0.066169
v 0.041115 0.132449 -0.066567
v -0.155290 0.060577 -0.066169
v 0.114206 0.073201 -0.066169
v -0.218828 0.132449 -0.070219
v -0.215290 0.020577 -0.066169
v -0.335290 0.070577 -0.066169
v -0.365290 0.190577 -0.066169
v -0.421978 0.136539 -0.066169
v -0.336675 0.226553 -0.066169
v -0.218828 0.217123 -0.070878
v -0.312830 0.267885 -0.075124
v -0.218828 0.240996 -0.070154
v -0.272690 0.291333 -0.084041
v -0.218828 0.272238 -0.076779
v -0.218828 0.291333 -0.084041
v 0.189206 0.133424 -0.066169
v 0.165081 0.095360 -0.066169
v 0.210081 0.085343 -0.066169
v 0.041115 0.187898 -0.075047
v 0.194206 0.217015 -0.066169
v 0.204206 0.181039 -0.066169
v 0.041115 0.231626 -0.079208
v 0.041115 0.265572 -0.079472
v 0.193540 0.291333 -0.084041
v 0.204206 0.258347 -0.075124
v 0.041115 0.273859 -0.079221
v 0.041115 0.284704 -0.081520
v 0.041115 0.291333 -0.084041
v 0.193540 0.291333 -0.084041
v 0.193540 0.291333 0.088981
v 0.204206 0.258347 -0.075124
v 0.204206 0.258347 0.080064
v 0.199437 0.336164 -0.060672
v 0.199437 0.325114 0.079930
v 0.193540 0.291333 -0.084041
v 0.194206 0.217015 0.071109
v 0.204206 0.258347 0.080064
v 0.194206 0.217015 -0.066169
v 0.194206 0.217015 -0.066169
v 0.204206 0.181039 -0.066169
v 0.204206 0.181039 0.071109
v 0.189206 0.133424 -0.066169
v 0.189206 0.133424 0.071109
v 0.210081 0.085343 0.071109
v 0.210081 0.085343 -0.066169
v 0.170684 0.286932 -0.043299
v 0.712186 0.286932 -0.043299
v 0.712186 0.253691 -0.029530
v 0.170684 0.253691 -0.029530
v 0.712186 0.239922 0.003711
v 0.170684 0.239922 0.003711
v 0.712186 0.253691 0.036952
v 0.170684 0.253691 0.036952
v 0.712186 0.286932 0.050721
v 0.170684 0.286932 0.050721
v 0.712186 0.320173 0.036952
v 0.170684 0.320173 0.036952
v 0.712186 0.332866 0.003711
v 0.170684 0.332866 0.003711
v 0.712186 0.320173 -0.029530
v 0.170684 0.320173 -0.029530
v 0.712186 0.286932 -0.043299
v 0.170684 0.286932 -0.043299
v 0.665531 0.321078 0.017913
v 0.638139 0.403397 0.005699
v 0.582615 0.321078 0.017914
v 0.582615 0.321078 -0.010491
v 0.638139 0.403397 0.001723
v 0.665531 0.321078 -0.010491
v 0.712186 0.286932 -0.024137
v 0.657013 0.286932 -0.024137
v 0.712186 0.267241 -0.015980
v 0.657013 0.267241 -0.015980
v 0.712186 0.259084 0.003711
v 0.657013 0.259084 0.003711
v 0.712186 0.267241 0.023402
v 0.657013 0.267241 0.023402
v 0.712186 0.286932 0.031559
v 0.657013 0.286932 0.031559
v 0.712186 0.306623 0.023402
v 0.657013 0.306623 0.023402
v 0.712186 0.314780 0.003711
v 0.657013 0.314780 0.003711
v 0.712186 0.306623 -0.015980
v 0.657013 0.306623 -0.015980
v 0.712186 0.286932 -0.024137
v 0.657013 0.286932 -0.024137
v 0.005966 0.320951 -0.074370
v -0.218828 0.320951 0.077396
v -0.218828 0.320951 -0.072778
v 0.041115 0.320951 0.076303
v 0.041115 0.320951 -0.073430
v -0.218828 0.132449 -0.070219
v -0.189992 0.132449 0.076676
v -0.188014 0.132449 -0.071178
v -0.218828 0.132449 0.076548
v -0.032014 0.132449 -0.070225
v 0.011172 0.132449 0.071109
v 0.041115 0.132449 -0.066567
v 0.041115 0.132449 0.071109
v 0.582615 0.321078 -0.010491
v 0.638139 0.403397 0.005699
v 0.638139 0.403397 0.001723
v 0.582615 0.321078 0.017914
v -0.218828 0.283230 0.087033
v -0.218828 0.320951 0.077396
v -0.218828 0.295054 0.087338
v -0.218828 0.291333 0.088981
v -0.218828 0.272238 -0.076779
v -0.218828 0.320951 -0.072778
v -0.218828 0.296860 -0.082237
v -0.218828 0.295054 -0.082398
v -0.218828 0.291333 -0.084041
v -0.218828 0.240996 -0.070154
v -0.218828 0.189128 0.081066
v -0.218828 0.217123 -0.070878
v -0.218828 0.132449 -0.070219
v -0.218828 0.132449 0.076548
vn 1.0000 0.0005 0.0005
vn 1.0000 -0.0000 -0.0000
vn 0.9488 0.3157 -0.0000
vn 0.6307 -0.5488 -0.5487
vn 0.6307 0.5488 0.5487
vn 0.6307 -0.5487 0.5488
vn 0.6305 0.0005 0.7762
vn 0.6305 -0.7762 0.0005
vn 0.6307 0.5487 -0.5488
vn 0.6305 0.7762 0.0005
vn 0.6305 0.0005 -0.7762
vn -0.8839 0.4676 0.0005
vn -0.8840 0.4675 0.0003
vn -0.9314 0.3639 0.0005
vn -0.6873 0.7264 0.0005
vn -0.6858 0.7278 0.0005
vn -0.6872 0.7265 0.0005
vn -0.6863 0.7273 0.0005
vn -0.6857 0.7279 0.0005
vn -0.6864 0.7273 -0.0000
vn -0.8290 0.5593 0.0005
vn -0.8289 0.5593 -0.0000
vn -0.7380 0.6748 -0.0000
vn -0.8289 0.5593 0.0005
vn -0.7380 0.6747 -0.0000
vn -0.9985 -0.0552 0.0005
vn -0.4992 -0.8665 -0.0000
vn -0.4990 -0.8666 0.0005
vn 0.0963 -0.9954 0.0003
vn 0.0963 -0.9954 0.0005
vn 0.3637 -0.9315 0.0007
vn 0.3638 -0.9315 0.0007
vn 0.0863 -0.9963 0.0003
vn 0.0864 -0.9963 0.0004
vn 0.2112 -0.9774 -0.0000
vn 0.0952 -0.9955 0.0005
vn 0.0957 -0.9954 -0.0000
vn -0.2173 -0.9761 0.0003
vn -0.2173 -0.9761 -0.0000
vn -0.0000 -0.7071 -0.7071
vn 0.0005 0.0005 -1.0000
vn 0.0005 -1.0000 0.0005
vn -0.0000 -0.7071 0.7071
vn 0.0005 0.0005 1.0000
vn -0.0000 0.7674 0.6411
vn 0.0004 0.7673 0.6413
vn 0.0005 1.0000 0.0005
vn -0.0000 0.7675 -0.6411
vn 0.0005 0.7673 -0.6413
vn -0.1676 0.9859 -0.0000
vn -0.2957 0.9553 0.0004
vn -0.1675 0.9859 0.0005
vn 0.0406 0.9992 0.0006
vn 0.1394 0.9902 -0.0000
vn 0.1616 0.9869 0.0005
vn 0.1616 0.9869 0.0006
vn -1.0000 0.0005 0.0005
vn -1.0000 -0.0000 -0.0000
vn -0.0171 0.3776 0.9258
vn -0.0171 0.3777 0.9258
vn -0.0151 0.4903 0.8714
vn -0.0132 0.6490 0.7607
vn -0.0132 0.6491 0.7606
vn -0.0132 0.6492 0.7605
vn -0.0161 0.4852 0.8743
vn -0.0014 0.6316 -0.7753
vn -0.0015 0.6317 -0.7752
vn 0.0005 0.5505 -0.8348
vn 0.0005 0.5469 -0.8372
vn -0.0015 0.6316 -0.7753
vn 0.0024 0.4972 -0.8676
vn 0.0024 0.4971 -0.8677
vn 0.0025 0.4971 -0.8677
vn 0.0024 0.4970 -0.8678
vn 0.7085 0.7046 0.0386
vn 0.9779 0.2087 0.0132
vn 0.9844 0.1754 0.0122
vn -0.0122 -0.0610 0.9981
vn -0.0122 -0.0611 0.9981
vn -0.0112 -0.0552 0.9984
vn -0.0083 -0.0405 0.9991
vn -0.0122 -0.0612 0.9980
vn 0.0054 -0.0650 -0.9979
vn 0.0054 -0.0649 -0.9979
vn 0.0054 -0.0591 -0.9982
vn 0.0054 -0.0652 -0.9979
vn 0.0034 -0.0435 -0.9990
vn 0.9946 0.1041 -0.0024
vn 0.9966 0.0826 -0.0024
vn 0.9969 0.0789 0.0005
vn 0.9966 0.0826 -0.0025
vn 1.0000 0.0002 0.0005
vn 0.9969 0.0785 0.0005
vn 1.0000 0.0007 0.0005
vn 1.0000 0.0007 -0.0000
vn 0.9999 -0.0171 0.0004
vn 0.9986 0.0523 0.0006
vn 0.9986 0.0523 0.0005
vn 0.9173 0.3983 0.0005
vn 0.9173 0.3983 0.0006
vn 0.0005 0.0004 -1.0000
vn 0.0005 0.0002 -1.0000
vn -0.0000 0.7169 0.6972
vn -0.0000 0.7169 -0.6972
vn 0.0003 0.1469 0.9891
vn 0.0003 0.1469 -0.9891
vn 0.6306 0.0004 0.7761
vn -0.0000 0.7071 0.7071
vn 0.6308 0.5487 0.5487
vn 0.6306 0.7761 0.0005
vn -0.0000 0.7071 -0.7071
vn 0.6308 0.5487 -0.5487
vn 0.6306 0.0005 -0.7761
vn 0.6308 -0.5487 -0.5487
vn 0.6306 -0.7761 0.0005
vn 0.6308 -0.5487 0.5487
vn -0.0000 0.0005 1.0000
vn 0.6306 0.0005 0.7761
vn -0.8290 0.5592 -0.0000
vn -0.8290 0.5593 0.0003
vt 0.875000 1.000000
vt 0.750000 1.000000
vt 0.625000 1.000000
vt 1.000000 1.000000
vt 0.500000 1.000000
vt 0.375000 1.000000
vt 0.250000 1.000000
vt 0.125000 1.000000
vt 0.000000 1.000000
vt 0.625000 0.000000
vt 0.375000 0.250000
vt 0.375000 0.000000
vt 0.625000 0.250000
vt 0.080294 0.080294
vt 0.419706 0.419706
vt 0.080294 0.419706
vt 0.250000 0.490000
vt 0.010000 0.250000
vt 0.419706 0.080294
vt 0.490000 0.250000
vt 0.250000 0.010000
vt 0.000000 0.000000
vt 1.000000 0.500000
vt 0.875000 0.500000
vt 0.750000 0.500000
vt 0.625000 0.500000
vt 0.500000 0.500000
vt 0.375000 0.500000
vt 0.250000 0.500000
vt 0.125000 0.500000
vt 0.000000 0.500000
vt 0.625000 0.183294
vt 0.615697 0.064580
vt 0.615697 0.185420
vt 0.625000 0.065074
vt 0.562545 0.060502
vt 0.576928 0.058686
vt 0.585720 0.056696
vt 0.520430 0.183957
vt 0.585720 0.193304
vt 0.551553 0.060304
vt 0.506533 0.060512
vt 0.448539 0.063797
vt 0.393616 0.179194
vt 0.375000 0.070492
vt 0.375000 0.179194
vt 0.625000 0.750000
vt 0.839716 0.685668
vt 0.625000 0.565843
vt 0.625000 0.684411
vt 0.875000 0.566706
vt 0.875000 0.684926
vt 0.375000 0.682391
vt 0.347683 0.566412
vt 0.345809 0.683148
vt 0.375000 0.566512
vt 0.196263 0.682396
vt 0.155352 0.570807
vt 0.125000 0.679508
vt 0.125000 0.570806
vt 0.875000 0.750000
vt 0.574973 0.558234
vt 0.590654 0.557994
vt 0.585720 0.556696
vt 0.560395 0.687570
vt 0.593050 0.691879
vt 0.590654 0.692006
vt 0.585720 0.693304
vt 0.518961 0.682340
vt 0.450171 0.562946
vt 0.487299 0.682911
s 1
f 1333/4/1138 1334/5/1138 1335/5/1138
f 1334/5/1138 1336/6/1138 1335/5/1138
f 1334/5/1138 1333/4/1138 1337/4/1138
f 1337/4/1138 1333/4/1138 1338/7/1138
f 1333/4/1138 1339/7/1138 1338/7/1138
f 1336/6/1138 1334/5/1138 1340/6/1138
f 1341/8/1138 1336/6/1138 1340/6/1138
f 1336/6/1138 1341/8/1138 1342/8/1138
f 1341/8/1138 1343/9/1138 1342/8/1138
f 1343/9/1138 1341/8/1138 1344/9/1138
f 1345/10/1138 1343/9/1138 1344/9/1138
f 1345/10/1138 1344/9/1138 1346/10/1138
f 1347/11/1138 1345/10/1138 1346/10/1138
f 1345/10/1138 1347/11/1138 1348/11/1138
f 1349/12/1138 1348/11/1138 1347/11/1138
f 1348/11/1138 1349/12/1138 1350/12/1138
f 1351/10/1139 1352/6/1138 1353/5/1138
f 1352/6/1138 1351/10/1139 1354/8/1138
f 1354/8/1138 1351/10/1139 1355/9/1138
f 1356/4/1138 1351/10/1139 1353/5/1138
f 1351/10/1139 1356/4/1138 1357/12/1138
f 1351/10/1139 1357/12/1138 1358/11/1138
f 1359/13/1140 1360/14/1140 1361/15/1140
f 1360/14/1140 1359/13/1140 1362/16/1140
f 1363/17/1141 1364/18/1142 1365/19/1143
f 1365/19/1143 1364/18/1142 1366/20/1144
f 1363/17/1141 1365/19/1143 1367/21/1145
f 1363/17/1141 1368/22/1146 1364/18/1142
f 1364/18/1142 1368/22/1146 1369/23/1147
f 1368/22/1146 1363/17/1141 1370/24/1148
f 1371/25/1149 1372/12/1150 1373/25/1151
f 1373/25/1151 1372/12/1150 1374/12/1151
f 1375/25/1152 1372/12/1150 1371/25/1149
f 1372/12/1150 1375/25/1152 1376/12/1153
f 1375/25/1154 1377/12/1155 1378/12/1156
f 1377/12/1155 1375/25/1154 1379/25/1157
f 1380/25/1158 1377/12/1155 1379/25/1157
f 1377/12/1155 1380/25/1158 1381/12/1158
f 1380/25/1159 1382/12/1160 1383/12/1161
f 1384/25/1162 1382/12/1160 1380/25/1159
f 1384/25/1162 1385/12/1163 1382/12/1160
f 1386/25/1163 1385/12/1163 1384/25/1162
f 1386/25/1163 1387/12/1164 1385/12/1163
f 1387/12/1164 1386/25/1163 1388/25/1165
f 1388/25/1165 1389/12/1166 1387/12/1164
f 1390/25/1167 1389/12/1166 1388/25/1165
f 1390/25/1167 1391/12/1168 1389/12/1166
f 1392/25/1169 1391/12/1168 1390/25/1167
f 1392/25/1169 1393/12/1170 1391/12/1168
f 1394/25/1171 1393/12/1170 1392/25/1169
f 1394/25/1171 1395/25/1172 1393/12/1170
f 1395/25/1172 1396/12/1172 1393/12/1170
f 1397/25/1173 1396/12/1172 1395/25/1172
f 1396/12/1172 1397/25/1173 1398/12/1174
f 1397/25/1173 1399/12/1175 1398/12/1174
f 1400/25/1176 1399/12/1175 1397/25/1173
f 1401/4/1177 1402/26/1178 1403/7/1178
f 1402/26/1178 1401/4/1177 1404/27/1177
f 1405/5/1179 1404/27/1177 1401/4/1177
f 1404/27/1177 1405/5/1179 1406/28/1179
f 1407/6/1180 1406/28/1179 1405/5/1179
f 1406/28/1179 1407/6/1180 1408/29/1180
f 1409/8/1181 1408/29/1180 1407/6/1180
f 1408/29/1180 1409/8/1181 1410/30/1181
f 1411/9/1182 1410/30/1181 1409/8/1181
f 1410/30/1181 1411/9/1182 1412/31/1183
f 1413/10/1184 1412/31/1183 1411/9/1182
f 1413/10/1184 1414/32/1184 1412/31/1183
f 1415/11/1185 1414/32/1184 1413/10/1184
f 1415/11/1185 1416/33/1186 1414/32/1184
f 1417/12/1178 1416/33/1186 1415/11/1185
f 1416/33/1186 1417/12/1178 1418/34/1178
f 1419/12/1187 1420/25/1188 1421/25/1189
f 1420/25/1188 1419/12/1187 1422/12/1188
f 1421/25/1189 1423/12/1190 1419/12/1187
f 1424/25/1190 1423/12/1190 1421/25/1189
f 1424/25/1190 1425/12/1191 1423/12/1190
f 1426/25/1191 1425/12/1191 1424/25/1190
f 1426/25/1191 1427/12/1192 1425/12/1191
f 1427/12/1192 1426/25/1191 1428/25/1193
f 1429/35/1194 1430/36/1195 1431/37/1194
f 1430/36/1195 1429/35/1194 1432/38/1194
f 1430/36/1195 1433/39/1194 1431/37/1194
f 1433/39/1194 1430/36/1195 1434/40/1194
f 1430/36/1195 1435/41/1194 1434/40/1194
f 1433/39/1194 1436/42/1195 1431/37/1194
f 1431/37/1194 1436/42/1195 1437/43/1194
f 1436/42/1195 1433/39/1194 1438/44/1194
f 1436/42/1195 1438/44/1194 1439/45/1194
f 1440/46/1194 1436/42/1195 1439/45/1194
f 1436/42/1195 1440/46/1194 1441/47/1194
f 1442/48/1194 1441/47/1194 1440/46/1194
f 1441/47/1194 1442/48/1194 1443/49/1194
f 1444/12/1196 1445/12/1197 1446/12/1198
f 1445/12/1197 1444/12/1196 1447/12/1196
f 1447/12/1196 1444/12/1196 1448/12/1197
f 1449/12/1196 1446/12/1198 1445/12/1197
f 1450/12/1199 1446/12/1198 1451/12/1200
f 1446/12/1198 1452/12/1201 1451/12/1200
f 1446/12/1198 1453/12/1202 1452/12/1201
f 1453/12/1202 1446/12/1198 1449/12/1196
f 1452/12/1201 1453/12/1202 1454/12/1201
f 1453/12/1202 1455/12/1201 1454/12/1201
f 1449/12/1196 1456/12/1196 1453/12/1202
f 1456/12/1196 1449/12/1196 1457/12/1196
f 1456/12/1196 1457/12/1196 1458/12/1197
f 1459/25/1203 1460/25/1204 1461/25/1205
f 1461/25/1205 1462/25/1203 1459/25/1203
f 1463/25/1206 1461/25/1205 1460/25/1204
f 1463/25/1206 1460/25/1204 1464/25/1207
f 1464/25/1207 1465/25/1207 1463/25/1206
f 1463/25/1206 1466/25/1208 1461/25/1205
f 1461/25/1205 1466/25/1208 1467/25/1209
f 1466/25/1208 1463/25/1206 1468/25/1209
f 1467/25/1209 1469/25/1209 1461/25/1205
f 1470/25/1210 1468/25/1209 1463/25/1206
f 1468/25/1209 1470/25/1210 1471/25/1211
f 1470/25/1210 1472/25/1209 1471/25/1211
f 1469/25/1209 1467/25/1209 1473/25/1211
f 1474/25/1211 1469/25/1209 1473/25/1211
f 1475/25/1209 1469/25/1209 1474/25/1211
f 1476/12/1212 1477/25/1213 1478/25/1212
f 1479/12/1214 1477/25/1213 1476/12/1212
f 1480/12/1215 1481/12/1216 1482/12/1216
f 1482/12/1216 1481/12/1216 1483/12/1216
f 1483/12/1216 1481/12/1216 1484/12/1216
f 1484/12/1216 1481/12/1216 1485/12/1216
f 1484/12/1216 1485/12/1216 1486/12/1216
f 1481/12/1216 1480/12/1215 1487/12/1216
f 1480/12/1215 1488/12/1215 1487/12/1216
f 1480/12/1215 1489/12/1216 1488/12/1215
f 1490/12/1216 1487/12/1216 1488/12/1215
f 1491/12/1216 1487/12/1216 1490/12/1216
f 1487/12/1216 1491/12/1216 1492/12/1216
f 1493/12/1216 1492/12/1216 1491/12/1216
f 1494/12/1215 1492/12/1216 1493/12/1216
f 1495/12/1217 1494/12/1215 1493/12/1216
f 1494/12/1215 1495/12/1217 1496/12/1216
f 1495/12/1217 1497/12/1216 1496/12/1216
f 1498/12/1218 1497/12/1216 1495/12/1217
f 1498/12/1218 1495/12/1217 1499/12/1181
f 1500/12/1181 1498/12/1218 1499/12/1181
f 1501/12/1216 1497/12/1216 1498/12/1218
f 1501/12/1216 1498/12/1218 1502/12/1216
f 1497/12/1216 1501/12/1216 1503/12/1216
f 1504/12/1216 1503/12/1216 1501/12/1216
f 1503/12/1216 1504/12/1216 1505/12/1219
f 1504/12/1216 1501/12/1216 1506/12/1216
f 1507/25/1220 1508/25/1220 1509/25/1220
f 1510/25/1221 1509/25/1220 1508/25/1220
f 1511/25/1221 1507/25/1220 1509/25/1220
f 1509/25/1220 1510/25/1221 1512/25/1222
f 1511/25/1221 1513/25/1220 1507/25/1220
f 1513/25/1220 1511/25/1221 1514/25/1220
f 1513/25/1220 1514/25/1220 1515/25/1221
f 1516/25/1221 1513/25/1220 1515/25/1221
f 1516/25/1221 1515/25/1221 1517/25/1221
f 1518/25/1220 1513/25/1220 1516/25/1221
f 1513/25/1220 1518/25/1220 1519/25/1221
f 1520/25/1220 1519/25/1221 1518/25/1220
f 1519/25/1221 1520/25/1220 1521/25/1220
f 1522/25/1223 1521/25/1220 1520/25/1220
f 1521/25/1220 1522/25/1223 1523/25/1223
f 1522/25/1223 1524/25/1220 1523/25/1223
f 1510/25/1221 1525/25/1224 1512/25/1222
f 1512/25/1222 1525/25/1224 1526/25/1178
f 1525/25/1224 1527/25/1178 1526/25/1178
f 1528/25/1220 1525/25/1224 1510/25/1221
f 1525/25/1224 1528/25/1220 1529/25/1220
f 1525/25/1224 1529/25/1220 1530/25/1221
f 1529/25/1220 1528/25/1220 1531/25/1220
f 1532/25/1220 1529/25/1220 1531/25/1220
f 1533/25/1220 1529/25/1220 1532/25/1220
f 1529/25/1220 1533/25/1220 1534/25/1220
f 1533/25/1220 1532/25/1220 1535/25/1220
f 1533/25/1220 1535/25/1220 1536/25/1220
f 1533/25/1220 1536/25/1220 1537/25/1220
f 1538/25/1225 1539/12/1226 1540/25/1227
f 1540/25/1227 1539/12/1226 1541/12/1227
f 1539/12/1228 1542/25/1213 1543/12/1214
f 1542/25/1213 1539/12/1228 1544/25/1225
f 1545/12/1229 1540/25/1230 1546/12/1230
f 1540/25/1230 1545/12/1229 1547/25/1229
f 1548/25/1231 1545/12/1232 1549/25/1233
f 1549/25/1233 1545/12/1232 1550/12/1233
f 1549/25/1233 1550/12/1233 1551/25/1234
f 1551/25/1234 1550/12/1233 1552/12/1235
f 1551/25/1234 1552/12/1235 1553/12/1236
f 1553/12/1236 1554/25/1237 1551/25/1234
f 1555/26/1238 1556/7/1239 1557/4/1177
f 1555/26/1238 1557/4/1177 1558/27/1177
f 1558/27/1177 1557/4/1177 1559/5/1179
f 1558/27/1177 1559/5/1179 1560/28/1179
f 1560/28/1179 1559/5/1179 1561/6/1180
f 1560/28/1179 1561/6/1180 1562/29/1180
f 1562/29/1180 1561/6/1180 1563/8/1181
f 1562/29/1180 1563/8/1181 1564/30/1181
f 1564/30/1181 1563/8/1181 1565/9/1240
f 1564/30/1181 1565/9/1240 1566/31/1240
f 1567/10/1184 1566/31/1240 1565/9/1240
f 1567/10/1184 1568/32/1184 1566/31/1240
f 1569/11/1241 1568/32/1184 1567/10/1184
f 1569/11/1241 1570/33/1241 1568/32/1184
f 1570/33/1241 1569/11/1241 1571/12/1178
f 1570/33/1241 1571/12/1178 1572/34/1178
f 1573/14/1242 1574/16/1242 1575/31/1242
f 1576/50/1243 1577/6/1243 1578/9/1243
f 1579/7/1181 1580/7/1244 1581/4/1245
f 1582/4/1246 1581/4/1245 1580/7/1244
f 1582/4/1246 1583/5/1184 1581/4/1245
f 1583/5/1184 1582/4/1246 1584/5/1247
f 1584/5/1247 1585/6/1248 1583/5/1184
f 1585/6/1248 1584/5/1247 1586/6/1249
f 1585/6/1248 1586/6/1249 1587/8/1178
f 1588/8/1250 1587/8/1178 1586/6/1249
f 1587/8/1178 1588/8/1250 1589/9/1177
f 1590/9/1251 1589/9/1177 1588/8/1250
f 1589/9/1177 1590/9/1251 1591/10/1179
f 1592/10/1252 1591/10/1179 1590/9/1251
f 1591/10/1179 1592/10/1252 1593/11/1180
f 1594/11/1253 1593/11/1180 1592/10/1252
f 1593/11/1180 1594/11/1253 1595/12/1254
f 1596/12/1255 1595/12/1254 1594/11/1253
f 1597/51/1179 1598/52/1179 1599/53/1179
f 1598/52/1179 1597/51/1179 1600/54/1179
f 1601/55/1179 1600/54/1179 1597/51/1179
f 1602/56/1184 1603/57/1184 1604/58/1184
f 1603/57/1184 1602/56/1184 1605/59/1184
f 1604/58/1184 1603/57/1184 1606/60/1184
f 1606/60/1184 1603/57/1184 1607/61/1184
f 1607/61/1184 1608/62/1184 1606/60/1184
f 1608/62/1184 1607/61/1184 1609/63/1184
f 1610/50/1256 1611/27/1257 1612/64/1158
f 1611/27/1257 1610/50/1256 1613/29/1256
f 1614/65/1139 1615/52/1138 1616/66/1138
f 1614/65/1139 1616/66/1138 1617/67/1138
f 1614/65/1139 1618/68/1139 1615/52/1138
f 1615/52/1138 1618/68/1139 1619/53/1138
f 1618/68/1139 1620/69/1138 1619/53/1138
f 1620/69/1138 1618/68/1139 1621/70/1138
f 1621/70/1138 1618/68/1139 1622/71/1138
f 1618/68/1139 1614/65/1139 1623/72/1138
f 1624/73/1138 1623/72/1138 1614/65/1139
f 1623/72/1138 1624/73/1138 1625/74/1138
f 1624/73/1138 1626/56/1138 1625/74/1138
f 1626/56/1138 1624/73/1138 1627/59/1138
o RenderMesh_90046100775431
v -0.320189 0.232181 -0.008898
v -0.228427 0.337742 -0.008898
v -0.228427 0.337742 0.016420
v -0.320189 0.232181 0.016420
v -0.362415 0.371026 -0.008898
v -0.357206 0.374226 0.016420
v -0.357206 0.374226 -0.008898
v -0.362415 0.371026 0.016420
v -0.362415 0.361426 -0.008898
v -0.362415 0.361426 0.016420
v -0.362415 0.371026 -0.008898
v -0.362415 0.371026 0.016420
v -0.331070 0.374226 -0.008898
v -0.357206 0.374226 -0.008898
v -0.357206 0.374226 0.016420
v -0.331070 0.374226 0.016420
v -0.294826 0.354538 -0.008898
v -0.314430 0.370223 -0.008898
v -0.294826 0.354538 0.016420
v -0.314430 0.370223 0.016420
v -0.314430 0.370223 -0.008898
v -0.331070 0.374226 -0.008898
v -0.314430 0.370223 0.016420
v -0.331070 0.374226 0.016420
v -0.294826 0.354538 0.016420
v -0.228427 0.337742 0.016420
v -0.294826 0.354538 -0.008898
v -0.228427 0.337742 -0.008898
v -0.314430 0.370223 -0.008898
v -0.329404 0.336626 -0.008898
v -0.341607 0.354713 -0.008898
v -0.294826 0.354538 -0.008898
v -0.331070 0.374226 -0.008898
v -0.328673 0.314656 -0.008898
v -0.228427 0.337742 -0.008898
v -0.320189 0.232181 -0.008898
v -0.357206 0.374226 -0.008898
v -0.357206 0.358226 -0.008898
v -0.362415 0.361426 -0.008898
v -0.362415 0.371026 -0.008898
v -0.357206 0.358226 0.016420
v -0.341607 0.354713 0.016420
v -0.357206 0.374226 0.016420
v -0.362415 0.361426 0.016420
v -0.362415 0.371026 0.016420
v -0.331070 0.374226 0.016420
v -0.314430 0.370223 0.016420
v -0.329404 0.336626 0.016420
v -0.294826 0.354538 0.016420
v -0.328673 0.314656 0.016420
v -0.228427 0.337742 0.016420
v -0.320189 0.232181 0.016420
v -0.329404 0.336626 -0.008898
v -0.341607 0.354713 0.016420
v -0.341607 0.354713 -0.008898
v -0.329404 0.336626 0.016420
v -0.362415 0.361426 0.016420
v -0.362415 0.361426 -0.008898
v -0.357206 0.358226 -0.008898
v -0.357206 0.358226 0.016420
v -0.320189 0.232181 -0.008898
v -0.328673 0.314656 0.016420
v -0.328673 0.314656 -0.008898
v -0.320189 0.232181 0.016420
v -0.328673 0.314656 -0.008898
v -0.329404 0.336626 0.016420
v -0.329404 0.336626 -0.008898
v -0.328673 0.314656 0.016420
v -0.357206 0.358226 -0.008898
v -0.341607 0.354713 -0.008898
v -0.341607 0.354713 0.016420
v -0.357206 0.358226 0.016420
vn 0.7547 -0.6560 0.0005
vn -0.5232 0.8522 0.0004
vn -0.5234 0.8521 -0.0000
vn -0.5231 0.8523 0.0004
vn -0.5231 0.8523 0.0005
vn -1.0000 -0.0005 0.0005
vn 0.0005 1.0000 0.0005
vn 0.6247 0.7808 -0.0000
vn 0.2339 0.9723 -0.0000
vn 0.2448 0.9696 0.0004
vn 0.2446 0.9696 0.0006
vn 0.0005 -0.0005 -1.0000
vn 0.0005 -0.0005 1.0000
vn -0.8290 -0.5593 0.0005
vn -0.8290 -0.5593 -0.0000
vn -0.5230 -0.8523 0.0005
vn -0.5231 -0.8523 0.0004
vn -0.5231 -0.8522 0.0003
vn -0.9948 -0.1021 0.0004
vn -0.9994 -0.0338 0.0006
vn -0.9994 -0.0337 0.0005
vn -0.9994 -0.0335 0.0003
vn -0.9994 -0.0333 -0.0000
vn -0.2193 -0.9757 0.0006
vn -0.2193 -0.9756 0.0004
vt 0.000000 0.000000
s 1
f 1628/75/1258 1629/75/1258 1630/75/1258
f 1628/75/1258 1630/75/1258 1631/75/1258
f 1632/75/1259 1633/75/1260 1634/75/1261
f 1633/75/1260 1632/75/1259 1635/75/1262
f 1636/75/1263 1637/75/1263 1638/75/1263
f 1638/75/1263 1637/75/1263 1639/75/1263
f 1640/75/1264 1641/75/1264 1642/75/1264
f 1640/75/1264 1642/75/1264 1643/75/1264
f 1644/75/1265 1645/75/1265 1646/75/1265
f 1645/75/1265 1647/75/1265 1646/75/1265
f 1648/75/1266 1649/75/1266 1650/75/1266
f 1649/75/1266 1651/75/1266 1650/75/1266
f 1652/75/1267 1653/75/1268 1654/75/1268
f 1655/75/1268 1654/75/1268 1653/75/1268
f 1656/75/1269 1657/75/1269 1658/75/1269
f 1659/75/1269 1657/75/1269 1656/75/1269
f 1656/75/1269 1658/75/1269 1660/75/1269
f 1659/75/1269 1661/75/1269 1657/75/1269
f 1662/75/1269 1661/75/1269 1659/75/1269
f 1662/75/1269 1663/75/1269 1661/75/1269
f 1658/75/1269 1664/75/1269 1660/75/1269
f 1664/75/1269 1658/75/1269 1665/75/1269
f 1664/75/1269 1665/75/1269 1666/75/1269
f 1666/75/1269 1667/75/1269 1664/75/1269
f 1668/75/1270 1669/75/1270 1670/75/1270
f 1670/75/1270 1671/75/1270 1668/75/1270
f 1671/75/1270 1670/75/1270 1672/75/1270
f 1669/75/1270 1673/75/1270 1670/75/1270
f 1669/75/1270 1674/75/1270 1673/75/1270
f 1674/75/1270 1669/75/1270 1675/75/1270
f 1675/75/1270 1676/75/1270 1674/75/1270
f 1676/75/1270 1675/75/1270 1677/75/1270
f 1677/75/1270 1678/75/1270 1676/75/1270
f 1678/75/1270 1677/75/1270 1679/75/1270
f 1680/75/1271 1681/75/1271 1682/75/1271
f 1681/75/1271 1680/75/1271 1683/75/1272
f 1684/75/1273 1685/75/1274 1686/75/1273
f 1686/75/1273 1687/75/1275 1684/75/1273
f 1688/75/1276 1689/75/1276 1690/75/1276
f 1689/75/1276 1688/75/1276 1691/75/1276
f 1692/75/1277 1693/75/1278 1694/75/1279
f 1693/75/1278 1692/75/1277 1695/75/1280
f 1696/75/1281 1697/75/1282 1698/75/1281
f 1696/75/1281 1698/75/1281 1699/75/1282
