o Mesh
usemtl material6
v -0.41547467334976834 0.7315500130945988 0.08457025057164566
v -0.41547467334976834 -0.6720278411578288 0.08457025057164566
v -0.4019751272408098 -0.6720278411578288 0.05980025859002869
v -0.41547467334976834 -0.6720278411578288 0.08457025057164566
v -0.41547467334976834 0.7315500130945988 0.08457025057164566
v -0.4289742194587269 0.7315500130945988 0.05980025859002869
v -0.4019751272408098 -0.6720278411578288 0.05980025859002869
v -0.4019751272408098 0.7315500130945988 0.05980025859002869
v -0.41547467334976834 0.7315500130945988 0.08457025057164566
v -0.4289742194587269 0.7315500130945988 0.05980025859002869
v -0.4289742194587269 -0.6720278411578288 0.05980025859002869
v -0.41547467334976834 -0.6720278411578288 0.08457025057164566
v -0.3963834759611567 -0.6720278411578288 -4.702878778884627e-16
v -0.4019751272408098 0.7315500130945988 0.05980025859002869
v -0.4019751272408098 -0.6720278411578288 0.05980025859002869
v -0.43456594411385274 0.7315500130945988 4.0253519736326497e-16
v -0.4289742194587269 -0.6720278411578288 0.05980025859002869
v -0.4289742194587269 0.7315500130945988 0.05980025859002869
v -0.3963834759611567 -0.6720278411578288 -4.702878778884627e-16
v -0.3963834759611567 0.7315500130945988 4.0253519736326497e-16
v -0.4019751272408098 0.7315500130945988 0.05980025859002869
v -0.43456594411385274 0.7315500130945988 4.0253519736326497e-16
v -0.43456594411385274 -0.6720278411578288 -4.702878778884627e-16
v -0.4289742194587269 -0.6720278411578288 0.05980025859002869
v -0.4019751272408098 -0.6720278411578288 -0.05980025859002869
v -0.3963834759611567 0.7315500130945988 4.0253519736326497e-16
v -0.3963834759611567 -0.6720278411578288 -4.702878778884627e-16
v -0.4289742194587269 0.7315500130945988 -0.05980025859002869
v -0.43456594411385274 -0.6720278411578288 -4.702878778884627e-16
v -0.43456594411385274 0.7315500130945988 4.0253519736326497e-16
v -0.4019751272408098 -0.6720278411578288 -0.05980025859002869
v -0.4019751272408098 0.7315500130945988 -0.05980025859002869
v -0.3963834759611567 0.7315500130945988 4.0253519736326497e-16
v -0.4289742194587269 0.7315500130945988 -0.05980025859002869
v -0.4289742194587269 -0.6720278411578288 -0.05980025859002869
v -0.43456594411385274 -0.6720278411578288 -4.702878778884627e-16
v -0.41547467334976834 -0.6720278411578288 -0.08457025057164566
v -0.4019751272408098 0.7315500130945988 -0.05980025859002869
v -0.4019751272408098 -0.6720278411578288 -0.05980025859002869
v -0.41547467334976834 0.7315500130945988 -0.08457025057164566
v -0.4289742194587269 -0.6720278411578288 -0.05980025859002869
v -0.4289742194587269 0.7315500130945988 -0.05980025859002869
v -0.4019751272408098 0.7315500130945988 -0.05980025859002869
v -0.41547467334976834 -0.6720278411578288 -0.08457025057164566
v -0.41547467334976834 0.7315500130945988 -0.08457025057164566
v -0.4289742194587269 -0.6720278411578288 -0.05980025859002869
v -0.41547467334976834 0.7315500130945988 -0.08457025057164566
v -0.41547467334976834 -0.6720278411578288 -0.08457025057164566
v -0.01349954152299149 0.7315500130945988 0.05980025859002869
v -0.01349954152299149 -0.6720278411578288 0.05980025859002869
v 1.1464917623885182e-9 -0.6720278411578288 0.08457025057164566
v -0.01909121573247982 0.7315500130945988 4.0253519736326497e-16
v -0.01349954152299149 -0.6720278411578288 0.05980025859002869
v -0.01349954152299149 0.7315500130945988 0.05980025859002869
v 1.1464917623885182e-9 -0.6720278411578288 0.08457025057164566
v 1.1464917623885182e-9 0.7315500130945988 0.08457025057164566
v -0.01349954152299149 0.7315500130945988 0.05980025859002869
v -0.01909121573247982 0.7315500130945988 4.0253519736326497e-16
v -0.01909121573247982 -0.6720278411578288 -4.702878778884627e-16
v -0.01349954152299149 -0.6720278411578288 0.05980025859002869
v 1.1464917623885182e-9 0.7315500130945988 0.08457025057164566
v 1.1464917623885182e-9 -0.6720278411578288 0.08457025057164566
v 0.013499543815975014 -0.6720278411578288 0.05980025859002869
v -0.01349954152299149 0.7315500130945988 -0.05980025859002869
v -0.01909121573247982 -0.6720278411578288 -4.702878778884627e-16
v -0.01909121573247982 0.7315500130945988 4.0253519736326497e-16
v 0.013499543815975014 -0.6720278411578288 0.05980025859002869
v 0.013499543815975014 0.7315500130945988 0.05980025859002869
v 1.1464917623885182e-9 0.7315500130945988 0.08457025057164566
v -0.01349954152299149 0.7315500130945988 -0.05980025859002869
v -0.01349954152299149 -0.6720278411578288 -0.05980025859002869
v -0.01909121573247982 -0.6720278411578288 -4.702878778884627e-16
v 0.019091218025463347 -0.6720278411578288 -4.702878778884627e-16
v 0.013499543815975014 0.7315500130945988 0.05980025859002869
v 0.013499543815975014 -0.6720278411578288 0.05980025859002869
v 1.1464917623885182e-9 0.7315500130945988 -0.08457025057164566
v -0.01349954152299149 -0.6720278411578288 -0.05980025859002869
v -0.01349954152299149 0.7315500130945988 -0.05980025859002869
v 0.019091218025463347 -0.6720278411578288 -4.702878778884627e-16
v 0.019091218025463347 0.7315500130945988 4.0253519736326497e-16
v 0.013499543815975014 0.7315500130945988 0.05980025859002869
v -0.01349954152299149 -0.6720278411578288 -0.05980025859002869
v 1.1464917623885182e-9 0.7315500130945988 -0.08457025057164566
v 1.1464917623885182e-9 -0.6720278411578288 -0.08457025057164566
v 0.013499543815975014 -0.6720278411578288 -0.05980025859002869
v 0.019091218025463347 0.7315500130945988 4.0253519736326497e-16
v 0.019091218025463347 -0.6720278411578288 -4.702878778884627e-16
v 0.013499543815975014 0.7315500130945988 -0.05980025859002869
v 1.1464917623885182e-9 -0.6720278411578288 -0.08457025057164566
v 1.1464917623885182e-9 0.7315500130945988 -0.08457025057164566
v 0.013499543815975014 -0.6720278411578288 -0.05980025859002869
v 0.013499543815975014 0.7315500130945988 -0.05980025859002869
v 0.019091218025463347 0.7315500130945988 4.0253519736326497e-16
v 1.1464917623885182e-9 -0.6720278411578288 -0.08457025057164566
v 0.013499543815975014 0.7315500130945988 -0.05980025859002869
v 0.013499543815975014 -0.6720278411578288 -0.05980025859002869
v 0.2769831277957577 -0.6720278411578288 0.08457025057164566
v 0.29048252715377065 0.7315500130945988 0.05980025859002869
v 0.2769829810448121 0.7315500130945988 0.08457025057164566
v 0.29048252715377065 0.7315500130945988 0.05980025859002869
v 0.2769831277957577 -0.6720278411578288 0.08457025057164566
v 0.29048252715377065 -0.6720278411578288 0.05980025859002869
v 0.2769829810448121 0.7315500130945988 0.08457025057164566
v 0.2634834349358536 -0.6720278411578288 0.05980025859002869
v 0.2769831277957577 -0.6720278411578288 0.08457025057164566
v 0.2960741967772919 -0.6720278411578288 -4.702878778884627e-16
v 0.29048252715377065 0.7315500130945988 0.05980025859002869
v 0.29048252715377065 -0.6720278411578288 0.05980025859002869
v 0.2634834349358536 -0.6720278411578288 0.05980025859002869
v 0.2769829810448121 0.7315500130945988 0.08457025057164566
v 0.2634834349358536 0.7315500130945988 0.05980025859002869
v 0.2960741967772919 -0.6720278411578288 -4.702878778884627e-16
v 0.2960741967772919 0.7315500130945988 4.0253519736326497e-16
v 0.29048252715377065 0.7315500130945988 0.05980025859002869
v 0.25789176531233227 0.7315500130945988 4.0253519736326497e-16
v 0.2634834349358536 -0.6720278411578288 0.05980025859002869
v 0.2634834349358536 0.7315500130945988 0.05980025859002869
v 0.29048252715377065 -0.6720278411578288 -0.05980025859002869
v 0.2960741967772919 0.7315500130945988 4.0253519736326497e-16
v 0.2960741967772919 -0.6720278411578288 -4.702878778884627e-16
v 0.25789176531233227 0.7315500130945988 4.0253519736326497e-16
v 0.25789176531233227 -0.6720278411578288 -4.702878778884627e-16
v 0.2634834349358536 -0.6720278411578288 0.05980025859002869
v 0.29048252715377065 -0.6720278411578288 -0.05980025859002869
v 0.29048252715377065 0.7315500130945988 -0.05980025859002869
v 0.2960741967772919 0.7315500130945988 4.0253519736326497e-16
v 0.2634834349358536 0.7315500130945988 -0.05980025859002869
v 0.25789176531233227 -0.6720278411578288 -4.702878778884627e-16
v 0.25789176531233227 0.7315500130945988 4.0253519736326497e-16
v 0.2769831277957577 -0.6720278411578288 -0.08457025057164566
v 0.29048252715377065 0.7315500130945988 -0.05980025859002869
v 0.29048252715377065 -0.6720278411578288 -0.05980025859002869
v 0.2634834349358536 0.7315500130945988 -0.05980025859002869
v 0.2634834349358536 -0.6720278411578288 -0.05980025859002869
v 0.25789176531233227 -0.6720278411578288 -4.702878778884627e-16
v 0.29048252715377065 0.7315500130945988 -0.05980025859002869
v 0.2769831277957577 -0.6720278411578288 -0.08457025057164566
v 0.2769829810448121 0.7315500130945988 -0.08457025057164566
v 0.2769829810448121 0.7315500130945988 -0.08457025057164566
v 0.2634834349358536 -0.6720278411578288 -0.05980025859002869
v 0.2634834349358536 0.7315500130945988 -0.05980025859002869
v 0.2634834349358536 -0.6720278411578288 -0.05980025859002869
v 0.2769829810448121 0.7315500130945988 -0.08457025057164566
v 0.2769831277957577 -0.6720278411578288 -0.08457025057164566
v 0.13849141714693325 0.7315500130945988 0.08457025057164566
v 0.13849141714693325 -0.6720278411578288 0.08457025057164566
v 0.15199111000683738 -0.6720278411578288 0.05980025859002869
v 0.13849141714693325 -0.6720278411578288 0.08457025057164566
v 0.13849141714693325 0.7315500130945988 0.08457025057164566
v 0.12499187103797472 0.7315500130945988 0.05980025859002869
v 0.15199111000683738 -0.6720278411578288 0.05980025859002869
v 0.15199111000683738 0.7315500130945988 0.05980025859002869
v 0.13849141714693325 0.7315500130945988 0.08457025057164566
v 0.12499187103797472 0.7315500130945988 0.05980025859002869
v 0.12499187103797472 -0.6720278411578288 0.05980025859002869
v 0.13849141714693325 -0.6720278411578288 0.08457025057164566
v 0.15758277963035866 -0.6720278411578288 -4.702878778884627e-16
v 0.15199111000683738 0.7315500130945988 0.05980025859002869
v 0.15199111000683738 -0.6720278411578288 0.05980025859002869
v 0.11940020141445344 0.7315500130945988 4.0253519736326497e-16
v 0.12499187103797472 -0.6720278411578288 0.05980025859002869
v 0.12499187103797472 0.7315500130945988 0.05980025859002869
v 0.15758277963035866 -0.6720278411578288 -4.702878778884627e-16
v 0.15758263287941307 0.7315500130945988 4.0253519736326497e-16
v 0.15199111000683738 0.7315500130945988 0.05980025859002869
v 0.11940020141445344 0.7315500130945988 4.0253519736326497e-16
v 0.11940020141445344 -0.6720278411578288 -4.702878778884627e-16
v 0.12499187103797472 -0.6720278411578288 0.05980025859002869
v 0.15199111000683738 -0.6720278411578288 -0.05980025859002869
v 0.15758263287941307 0.7315500130945988 4.0253519736326497e-16
v 0.15758277963035866 -0.6720278411578288 -4.702878778884627e-16
v 0.12499187103797472 0.7315500130945988 -0.05980025859002869
v 0.11940020141445344 -0.6720278411578288 -4.702878778884627e-16
v 0.11940020141445344 0.7315500130945988 4.0253519736326497e-16
v 0.15199111000683738 -0.6720278411578288 -0.05980025859002869
v 0.15199111000683738 0.7315500130945988 -0.05980025859002869
v 0.15758263287941307 0.7315500130945988 4.0253519736326497e-16
v 0.12499187103797472 0.7315500130945988 -0.05980025859002869
v 0.12499187103797472 -0.6720278411578288 -0.05980025859002869
v 0.11940020141445344 -0.6720278411578288 -4.702878778884627e-16
v 0.13849141714693325 -0.6720278411578288 -0.08457025057164566
v 0.15199111000683738 0.7315500130945988 -0.05980025859002869
v 0.15199111000683738 -0.6720278411578288 -0.05980025859002869
v 0.13849141714693325 0.7315500130945988 -0.08457025057164566
v 0.12499187103797472 -0.6720278411578288 -0.05980025859002869
v 0.12499187103797472 0.7315500130945988 -0.05980025859002869
v 0.15199111000683738 0.7315500130945988 -0.05980025859002869
v 0.13849141714693325 -0.6720278411578288 -0.08457025057164566
v 0.13849141714693325 0.7315500130945988 -0.08457025057164566
v 0.12499187103797472 -0.6720278411578288 -0.05980025859002869
v 0.13849141714693325 0.7315500130945988 -0.08457025057164566
v 0.13849141714693325 -0.6720278411578288 -0.08457025057164566
v -0.2904826739047162 0.7315500130945988 0.05980025859002869
v -0.2904826739047162 -0.6720278411578288 0.05980025859002869
v -0.2769831277957577 -0.6720278411578288 0.08457025057164566
v -0.2960743435282375 0.7315500130945988 4.0253519736326497e-16
v -0.2904826739047162 -0.6720278411578288 0.05980025859002869
v -0.2904826739047162 0.7315500130945988 0.05980025859002869
v -0.2769831277957577 -0.6720278411578288 0.08457025057164566
v -0.2769831277957577 0.7315500130945988 0.08457025057164566
v -0.2904826739047162 0.7315500130945988 0.05980025859002869
v -0.2960743435282375 0.7315500130945988 4.0253519736326497e-16
v -0.2960743435282375 -0.6720278411578288 -4.702878778884627e-16
v -0.2904826739047162 -0.6720278411578288 0.05980025859002869
v -0.2769831277957577 0.7315500130945988 0.08457025057164566
v -0.2769831277957577 -0.6720278411578288 0.08457025057164566
v -0.26348360003066734 -0.6720278411578288 0.05980025859002869
v -0.2904826739047162 0.7315500130945988 -0.05980025859002869
v -0.2960743435282375 -0.6720278411578288 -4.702878778884627e-16
v -0.2960743435282375 0.7315500130945988 4.0253519736326497e-16
v -0.26348360003066734 -0.6720278411578288 0.05980025859002869
v -0.26348360003066734 0.7315500130945988 0.05980025859002869
v -0.2769831277957577 0.7315500130945988 0.08457025057164566
v -0.2904826739047162 0.7315500130945988 -0.05980025859002869
v -0.2904826739047162 -0.6720278411578288 -0.05980025859002869
v -0.2960743435282375 -0.6720278411578288 -4.702878778884627e-16
v -0.2578919120632779 -0.6720278411578288 -4.702878778884627e-16
v -0.26348360003066734 0.7315500130945988 0.05980025859002869
v -0.26348360003066734 -0.6720278411578288 0.05980025859002869
v -0.2769831277957577 0.7315500130945988 -0.08457025057164566
v -0.2904826739047162 -0.6720278411578288 -0.05980025859002869
v -0.2904826739047162 0.7315500130945988 -0.05980025859002869
v -0.2578919120632779 -0.6720278411578288 -4.702878778884627e-16
v -0.2578919120632779 0.7315500130945988 4.0253519736326497e-16
v -0.26348360003066734 0.7315500130945988 0.05980025859002869
v -0.2904826739047162 -0.6720278411578288 -0.05980025859002869
v -0.2769831277957577 0.7315500130945988 -0.08457025057164566
v -0.2769831277957577 -0.6720278411578288 -0.08457025057164566
v -0.26348360003066734 -0.6720278411578288 -0.05980025859002869
v -0.2578919120632779 0.7315500130945988 4.0253519736326497e-16
v -0.2578919120632779 -0.6720278411578288 -4.702878778884627e-16
v -0.26348360003066734 0.7315500130945988 -0.05980025859002869
v -0.2769831277957577 -0.6720278411578288 -0.08457025057164566
v -0.2769831277957577 0.7315500130945988 -0.08457025057164566
v -0.26348360003066734 -0.6720278411578288 -0.05980025859002869
v -0.26348360003066734 0.7315500130945988 -0.05980025859002869
v -0.2578919120632779 0.7315500130945988 4.0253519736326497e-16
v -0.2769831277957577 -0.6720278411578288 -0.08457025057164566
v -0.26348360003066734 0.7315500130945988 -0.05980025859002869
v -0.26348360003066734 -0.6720278411578288 -0.05980025859002869
v -0.13849156389787884 0.7315500130945988 0.08457025057164566
v -0.13849156389787884 -0.6720278411578288 0.08457025057164566
v -0.1249920269608544 -0.6720278411578288 0.05980025859002869
v -0.13849156389787884 -0.6720278411578288 0.08457025057164566
v -0.13849156389787884 0.7315500130945988 0.08457025057164566
v -0.15199111000683738 0.7315500130945988 0.05980025859002869
v -0.1249920269608544 -0.6720278411578288 0.05980025859002869
v -0.1249920269608544 0.7315500130945988 0.05980025859002869
v -0.13849156389787884 0.7315500130945988 0.08457025057164566
v -0.15199111000683738 0.7315500130945988 0.05980025859002869
v -0.15199111000683738 -0.6720278411578288 0.05980025859002869
v -0.13849156389787884 -0.6720278411578288 0.08457025057164566
v -0.11940034816539903 -0.6720278411578288 -4.702878778884627e-16
v -0.1249920269608544 0.7315500130945988 0.05980025859002869
v -0.1249920269608544 -0.6720278411578288 0.05980025859002869
v -0.15758277963035866 0.7315500130945988 4.0253519736326497e-16
v -0.15199111000683738 -0.6720278411578288 0.05980025859002869
v -0.15199111000683738 0.7315500130945988 0.05980025859002869
v -0.11940034816539903 -0.6720278411578288 -4.702878778884627e-16
v -0.11940034816539903 0.7315500130945988 4.0253519736326497e-16
v -0.1249920269608544 0.7315500130945988 0.05980025859002869
v -0.15758277963035866 0.7315500130945988 4.0253519736326497e-16
v -0.15758277963035866 -0.6720278411578288 -4.702878778884627e-16
v -0.15199111000683738 -0.6720278411578288 0.05980025859002869
v -0.1249920269608544 -0.6720278411578288 -0.05980025859002869
v -0.11940034816539903 0.7315500130945988 4.0253519736326497e-16
v -0.11940034816539903 -0.6720278411578288 -4.702878778884627e-16
v -0.15199111000683738 0.7315500130945988 -0.05980025859002869
v -0.15758277963035866 -0.6720278411578288 -4.702878778884627e-16
v -0.15758277963035866 0.7315500130945988 4.0253519736326497e-16
v -0.1249920269608544 -0.6720278411578288 -0.05980025859002869
v -0.1249920269608544 0.7315500130945988 -0.05980025859002869
v -0.11940034816539903 0.7315500130945988 4.0253519736326497e-16
v -0.15199111000683738 0.7315500130945988 -0.05980025859002869
v -0.15199111000683738 -0.6720278411578288 -0.05980025859002869
v -0.15758277963035866 -0.6720278411578288 -4.702878778884627e-16
v -0.13849156389787884 -0.6720278411578288 -0.08457025057164566
v -0.1249920269608544 0.7315500130945988 -0.05980025859002869
v -0.1249920269608544 -0.6720278411578288 -0.05980025859002869
v -0.13849156389787884 0.7315500130945988 -0.08457025057164566
v -0.15199111000683738 -0.6720278411578288 -0.05980025859002869
v -0.15199111000683738 0.7315500130945988 -0.05980025859002869
v -0.1249920269608544 0.7315500130945988 -0.05980025859002869
v -0.13849156389787884 -0.6720278411578288 -0.08457025057164566
v -0.13849156389787884 0.7315500130945988 -0.08457025057164566
v -0.15199111000683738 -0.6720278411578288 -0.05980025859002869
v -0.13849156389787884 0.7315500130945988 -0.08457025057164566
v -0.13849156389787884 -0.6720278411578288 -0.08457025057164566
v 0.4019749804898642 0.7315500130945988 0.05980025859002869
v 0.4019749804898642 -0.6720278411578288 0.05980025859002869
v 0.4154745265988227 -0.6720278411578288 0.08457025057164566
v 0.39638332921021113 0.7315500130945988 4.0253519736326497e-16
v 0.4019749804898642 -0.6720278411578288 0.05980025859002869
v 0.4019749804898642 0.7315500130945988 0.05980025859002869
v 0.4154745265988227 -0.6720278411578288 0.08457025057164566
v 0.4154745265988227 0.7315500130945988 0.08457025057164566
v 0.4019749804898642 0.7315500130945988 0.05980025859002869
v 0.39638332921021113 0.7315500130945988 4.0253519736326497e-16
v 0.39638332921021113 -0.6720278411578288 -4.702878778884627e-16
v 0.4019749804898642 -0.6720278411578288 0.05980025859002869
v 0.4154745265988227 0.7315500130945988 0.08457025057164566
v 0.4154745265988227 -0.6720278411578288 0.08457025057164566
v 0.4289740727077813 -0.6720278411578288 0.05980025859002869
v 0.4019749804898642 0.7315500130945988 -0.05980025859002869
v 0.39638332921021113 -0.6720278411578288 -4.702878778884627e-16
v 0.39638332921021113 0.7315500130945988 4.0253519736326497e-16
v 0.4289740727077813 -0.6720278411578288 0.05980025859002869
v 0.4289740727077813 0.7315500130945988 0.05980025859002869
v 0.4154745265988227 0.7315500130945988 0.08457025057164566
v 0.4019749804898642 0.7315500130945988 -0.05980025859002869
v 0.4019749804898642 -0.6720278411578288 -0.05980025859002869
v 0.39638332921021113 -0.6720278411578288 -4.702878778884627e-16
v 0.43456594411385274 -0.6720278411578288 -4.702878778884627e-16
v 0.4289740727077813 0.7315500130945988 0.05980025859002869
v 0.4289740727077813 -0.6720278411578288 0.05980025859002869
v 0.4154745265988227 0.7315500130945988 -0.08457025057164566
v 0.4019749804898642 -0.6720278411578288 -0.05980025859002869
v 0.4019749804898642 0.7315500130945988 -0.05980025859002869
v 0.43456594411385274 -0.6720278411578288 -4.702878778884627e-16
v 0.4345657973629072 0.7315500130945988 4.0253519736326497e-16
v 0.4289740727077813 0.7315500130945988 0.05980025859002869
v 0.4019749804898642 -0.6720278411578288 -0.05980025859002869
v 0.4154745265988227 0.7315500130945988 -0.08457025057164566
v 0.4154745265988227 -0.6720278411578288 -0.08457025057164566
v 0.4289740727077813 -0.6720278411578288 -0.05980025859002869
v 0.4345657973629072 0.7315500130945988 4.0253519736326497e-16
v 0.43456594411385274 -0.6720278411578288 -4.702878778884627e-16
v 0.4289740727077813 0.7315500130945988 -0.05980025859002869
v 0.4154745265988227 -0.6720278411578288 -0.08457025057164566
v 0.4154745265988227 0.7315500130945988 -0.08457025057164566
v 0.4289740727077813 -0.6720278411578288 -0.05980025859002869
v 0.4289740727077813 0.7315500130945988 -0.05980025859002869
v 0.4345657973629072 0.7315500130945988 4.0253519736326497e-16
v 0.4154745265988227 -0.6720278411578288 -0.08457025057164566
v 0.4289740727077813 0.7315500130945988 -0.05980025859002869
v 0.4289740727077813 -0.6720278411578288 -0.05980025859002869
vn 0.5217693607925891 0 0.8530865924031938
vn -0.5217693607925891 0 0.8530865924031938
vn 0.9583345635402708 0 0.2856481477693816
vn -0.5217693607925891 0 0.8530865924031938
vn 0.5217693607925891 0 0.8530865924031938
vn -0.9583343911500575 0 0.2856487261288742
vn 0.9583345635402708 0 0.2856481477693816
vn 0.9856976379789208 -2.3740781473060183e-17 0.16852348940956682
vn 0.5217693607925891 0 0.8530865924031938
vn -0.9583343911500575 0 0.2856487261288742
vn -0.9856974694941039 -2.3741089171479636e-17 0.1685244748780429
vn -0.5217693607925891 0 0.8530865924031938
vn 0.9995146161942179 -3.7081129105722884e-26 0.031153362806048978
vn 0.9856976379789208 -2.3740781473060183e-17 0.16852348940956682
vn 0.9583345635402708 0 0.2856481477693816
vn -0.9995146034312684 -6.821330654972529e-25 0.031153772285780694
vn -0.9856974694941039 -2.3741089171479636e-17 0.1685244748780429
vn -0.9583343911500575 0 0.2856487261288742
vn 0.9995146161942179 -3.7081129105722884e-26 0.031153362806048978
vn 0.9995146162999045 -3.7081129109643766e-26 -0.03115335941523365
vn 0.9856976379789208 -2.3740781473060183e-17 0.16852348940956682
vn -0.9995146034312684 -6.821330654972529e-25 0.031153772285780694
vn -0.9995146034312684 -6.821330654972529e-25 -0.031153772285780694
vn -0.9856974694941039 -2.3741089171479636e-17 0.1685244748780429
vn 0.9856976352152279 2.3740781406495927e-17 -0.168523505574467
vn 0.9995146162999045 -3.7081129109643766e-26 -0.03115335941523365
vn 0.9995146161942179 -3.7081129105722884e-26 0.031153362806048978
vn -0.9856974694941039 2.3741089171479636e-17 -0.1685244748780429
vn -0.9995146034312684 -6.821330654972529e-25 -0.031153772285780694
vn -0.9995146034312684 -6.821330654972529e-25 0.031153772285780694
vn 0.9856976352152279 2.3740781406495927e-17 -0.168523505574467
vn 0.9583345635402708 0 -0.2856481477693816
vn 0.9995146162999045 -3.7081129109643766e-26 -0.03115335941523365
vn -0.9856974694941039 2.3741089171479636e-17 -0.1685244748780429
vn -0.9583343911500575 0 -0.2856487261288742
vn -0.9995146034312684 -6.821330654972529e-25 -0.031153772285780694
vn 0.5217693607925891 0 -0.8530865924031938
vn 0.9583345635402708 0 -0.2856481477693816
vn 0.9856976352152279 2.3740781406495927e-17 -0.168523505574467
vn -0.5217693607925891 0 -0.8530865924031938
vn -0.9583343911500575 0 -0.2856487261288742
vn -0.9856974694941039 2.3741089171479636e-17 -0.1685244748780429
vn 0.9583345635402708 0 -0.2856481477693816
vn 0.5217693607925891 0 -0.8530865924031938
vn -0.5217693607925891 0 -0.8530865924031938
vn -0.9583343911500575 0 -0.2856487261288742
vn -0.5217693607925891 0 -0.8530865924031938
vn 0.5217693607925891 0 -0.8530865924031938
vn -0.9583345286876616 0 0.285648264698033
vn -0.9856975859766067 -2.3740878266140137e-17 0.16852379357197592
vn -0.5217694435323116 0 0.8530865417974788
vn -0.9995146122727547 -4.969664760972026e-25 0.031153488620778238
vn -0.9856975859766067 -2.3740878266140137e-17 0.16852379357197592
vn -0.9583345286876616 0 0.285648264698033
vn -0.5217694435323116 0 0.8530865417974788
vn 0.5217694435323116 0 0.8530865417974788
vn -0.9583345286876616 0 0.285648264698033
vn -0.9995146122727547 -4.969664760972026e-25 0.031153488620778238
vn -0.9995146122727547 -4.969664760972026e-25 -0.031153488620778238
vn -0.9856975859766067 -2.3740878266140137e-17 0.16852379357197592
vn 0.5217694435323116 0 0.8530865417974788
vn -0.5217694435323116 0 0.8530865417974788
vn 0.9583345286876616 0 0.285648264698033
vn -0.9856975859766067 2.3740878266140137e-17 -0.16852379357197592
vn -0.9995146122727547 -4.969664760972026e-25 -0.031153488620778238
vn -0.9995146122727547 -4.969664760972026e-25 0.031153488620778238
vn 0.9583345286876616 0 0.285648264698033
vn 0.9856975859766067 -2.3740878266140137e-17 0.16852379357197592
vn 0.5217694435323116 0 0.8530865417974788
vn -0.9856975859766067 2.3740878266140137e-17 -0.16852379357197592
vn -0.9583345286876616 0 -0.285648264698033
vn -0.9995146122727547 -4.969664760972026e-25 -0.031153488620778238
vn 0.9995146122727547 -4.969664760972026e-25 0.031153488620778238
vn 0.9856975859766067 -2.3740878266140137e-17 0.16852379357197592
vn 0.9583345286876616 0 0.285648264698033
vn -0.5217694435323116 0 -0.8530865417974788
vn -0.9583345286876616 0 -0.285648264698033
vn -0.9856975859766067 2.3740878266140137e-17 -0.16852379357197592
vn 0.9995146122727547 -4.969664760972026e-25 0.031153488620778238
vn 0.9995146122727547 -4.969664760972026e-25 -0.031153488620778238
vn 0.9856975859766067 -2.3740878266140137e-17 0.16852379357197592
vn -0.9583345286876616 0 -0.285648264698033
vn -0.5217694435323116 0 -0.8530865417974788
vn 0.5217694435323116 0 -0.8530865417974788
vn 0.9856975859766067 2.3740878266140137e-17 -0.16852379357197592
vn 0.9995146122727547 -4.969664760972026e-25 -0.031153488620778238
vn 0.9995146122727547 -4.969664760972026e-25 0.031153488620778238
vn 0.9583345286876616 0 -0.285648264698033
vn 0.5217694435323116 0 -0.8530865417974788
vn -0.5217694435323116 0 -0.8530865417974788
vn 0.9856975859766067 2.3740878266140137e-17 -0.16852379357197592
vn 0.9583345286876616 0 -0.285648264698033
vn 0.9995146122727547 -4.969664760972026e-25 -0.031153488620778238
vn 0.5217694435323116 0 -0.8530865417974788
vn 0.9583345286876616 0 -0.285648264698033
vn 0.9856975859766067 2.3740878266140137e-17 -0.16852379357197592
vn 0.5217693607925891 0 0.8530865924031938
vn 0.9754543003993161 1.4935836887781085e-8 0.22020197054631604
vn -0.521767949889352 0 0.8530874553457358
vn 0.9754543003993161 1.4935836887781085e-8 0.22020197054631604
vn 0.5217693607925891 0 0.8530865924031938
vn 0.9754544837998904 0 0.22020115811386956
vn -0.521767949889352 0 0.8530874553457358
vn -0.9754539335942113 -1.4935831601369713e-8 0.22020359541928486
vn 0.5217693607925891 0 0.8530865924031938
vn 0.9995146130709328 1.460647536667569e-25 0.0311534630123806
vn 0.9754543003993161 1.4935836887781085e-8 0.22020197054631604
vn 0.9754544837998904 0 0.22020115811386956
vn -0.9754539335942113 -1.4935831601369713e-8 0.22020359541928486
vn -0.521767949889352 0 0.8530874553457358
vn -0.9754541169974231 0 0.2202027829814545
vn 0.9995146130709328 1.460647536667569e-25 0.0311534630123806
vn 0.9995146130709328 1.460647536667569e-25 -0.0311534630123806
vn 0.9754543003993161 1.4935836887781085e-8 0.22020197054631604
vn -0.9995146130709328 1.460647536667569e-25 0.0311534630123806
vn -0.9754539335942113 -1.4935831601369713e-8 0.22020359541928486
vn -0.9754541169974231 0 0.2202027829814545
vn 0.9856977614101194 2.374086029134118e-17 -0.1685227674561494
vn 0.9995146130709328 1.460647536667569e-25 -0.0311534630123806
vn 0.9995146130709328 1.460647536667569e-25 0.0311534630123806
vn -0.9995146130709328 1.460647536667569e-25 0.0311534630123806
vn -0.9995146130709328 1.460647536667569e-25 -0.0311534630123806
vn -0.9754539335942113 -1.4935831601369713e-8 0.22020359541928486
vn 0.9856977614101194 2.374086029134118e-17 -0.1685227674561494
vn 0.9583348811858106 2.269904289013828e-8 -0.28564708208308054
vn 0.9995146130709328 1.460647536667569e-25 -0.0311534630123806
vn -0.985697595690225 2.3740856191102666e-17 -0.1685237367569027
vn -0.9995146130709328 1.460647536667569e-25 -0.0311534630123806
vn -0.9995146130709328 1.460647536667569e-25 0.0311534630123806
vn 0.5217693607925891 0 -0.8530865924031938
vn 0.9583348811858106 2.269904289013828e-8 -0.28564708208308054
vn 0.9856977614101194 2.374086029134118e-17 -0.1685227674561494
vn -0.985697595690225 2.3740856191102666e-17 -0.1685237367569027
vn -0.9583341703396151 -2.2699025127511713e-8 -0.28564946693365484
vn -0.9995146130709328 1.460647536667569e-25 -0.0311534630123806
vn 0.9583348811858106 2.269904289013828e-8 -0.28564708208308054
vn 0.5217693607925891 0 -0.8530865924031938
vn -0.5217680141071795 0 -0.853087416068629
vn -0.5217680141071795 0 -0.853087416068629
vn -0.9583341703396151 -2.2699025127511713e-8 -0.28564946693365484
vn -0.985697595690225 2.3740856191102666e-17 -0.1685237367569027
vn -0.9583341703396151 -2.2699025127511713e-8 -0.28564946693365484
vn -0.5217680141071795 0 -0.853087416068629
vn 0.5217693607925891 0 -0.8530865924031938
vn 0.5217666032001028 0 0.8530882790104589
vn -0.521767949889352 0 0.8530874553457358
vn 0.9583338178349926 0 0.28565064955957525
vn -0.521767949889352 0 0.8530874553457358
vn 0.5217666032001028 0 0.8530882790104589
vn -0.9583345286876616 0 0.285648264698033
vn 0.9583338178349926 0 0.28565064955957525
vn 0.9856975956902241 4.26886691112541e-8 0.16852373675690255
vn 0.5217666032001028 0 0.8530882790104589
vn -0.9583345286876616 0 0.285648264698033
vn -0.985697595690225 -2.3740856191102666e-17 0.1685237367569027
vn -0.521767949889352 0 0.8530874553457358
vn 0.9995146384796575 6.966943829502774e-8 0.03115264779878246
vn 0.9856975956902241 4.26886691112541e-8 0.16852373675690255
vn 0.9583338178349926 0 0.28565064955957525
vn -0.9995146130709328 1.460647536667569e-25 0.0311534630123806
vn -0.985697595690225 -2.3740856191102666e-17 0.1685237367569027
vn -0.9583345286876616 0 0.285648264698033
vn 0.9995146384796575 6.966943829502774e-8 0.03115264779878246
vn 0.9995146130709303 6.966942896926986e-8 -0.03115346301238052
vn 0.9856975956902241 4.26886691112541e-8 0.16852373675690255
vn -0.9995146130709328 1.460647536667569e-25 0.0311534630123806
vn -0.9995146130709328 1.460647536667569e-25 -0.0311534630123806
vn -0.985697595690225 -2.3740856191102666e-17 0.1685237367569027
vn 0.9856975956902241 4.26886691112541e-8 -0.16852373675690255
vn 0.9995146130709303 6.966942896926986e-8 -0.03115346301238052
vn 0.9995146384796575 6.966943829502774e-8 0.03115264779878246
vn -0.985697595690225 2.3740856191102666e-17 -0.1685237367569027
vn -0.9995146130709328 1.460647536667569e-25 -0.0311534630123806
vn -0.9995146130709328 1.460647536667569e-25 0.0311534630123806
vn 0.9856975956902241 4.26886691112541e-8 -0.16852373675690255
vn 0.9583341703396153 0 -0.2856494669336549
vn 0.9995146130709303 6.966942896926986e-8 -0.03115346301238052
vn -0.985697595690225 2.3740856191102666e-17 -0.1685237367569027
vn -0.9583345286876616 0 -0.285648264698033
vn -0.9995146130709328 1.460647536667569e-25 -0.0311534630123806
vn 0.5217665618299981 0 -0.8530883043132774
vn 0.9583341703396153 0 -0.2856494669336549
vn 0.9856975956902241 4.26886691112541e-8 -0.16852373675690255
vn -0.521767949889352 0 -0.8530874553457358
vn -0.9583345286876616 0 -0.285648264698033
vn -0.985697595690225 2.3740856191102666e-17 -0.1685237367569027
vn 0.9583341703396153 0 -0.2856494669336549
vn 0.5217665618299981 0 -0.8530883043132774
vn -0.521767949889352 0 -0.8530874553457358
vn -0.9583345286876616 0 -0.285648264698033
vn -0.521767949889352 0 -0.8530874553457358
vn 0.5217665618299981 0 -0.8530883043132774
vn -0.9583345286876616 0 0.285648264698033
vn -0.985697595690225 -2.3740856191102666e-17 0.1685237367569027
vn -0.521769567641868 0 0.8530864658889029
vn -0.9995146130709328 1.460647536667569e-25 0.0311534630123806
vn -0.985697595690225 -2.3740856191102666e-17 0.1685237367569027
vn -0.9583345286876616 0 0.285648264698033
vn -0.521769567641868 0 0.8530864658889029
vn 0.5217697331212249 0 0.8530863646774609
vn -0.9583345286876616 0 0.285648264698033
vn -0.9995146130709328 1.460647536667569e-25 0.0311534630123806
vn -0.9995146130709328 1.460647536667569e-25 -0.0311534630123806
vn -0.985697595690225 -2.3740856191102666e-17 0.1685237367569027
vn 0.5217697331212249 0 0.8530863646774609
vn -0.521769567641868 0 0.8530864658889029
vn 0.9583345635402708 0 0.2856481477693816
vn -0.985697595690225 2.3740856191102666e-17 -0.1685237367569027
vn -0.9995146130709328 1.460647536667569e-25 -0.0311534630123806
vn -0.9995146130709328 1.460647536667569e-25 0.0311534630123806
vn 0.9583345635402708 0 0.2856481477693816
vn 0.9856975734992819 -2.374093544736519e-17 0.1685238665519749
vn 0.5217697331212249 0 0.8530863646774609
vn -0.985697595690225 2.3740856191102666e-17 -0.1685237367569027
vn -0.9583345286876616 0 -0.285648264698033
vn -0.9995146130709328 1.460647536667569e-25 -0.0311534630123806
vn 0.999514609947637 3.292106395141526e-25 0.031153563218723326
vn 0.9856975734992819 -2.374093544736519e-17 0.1685238665519749
vn 0.9583345635402708 0 0.2856481477693816
vn -0.521769567641868 0 -0.8530864658889029
vn -0.9583345286876616 0 -0.285648264698033
vn -0.985697595690225 2.3740856191102666e-17 -0.1685237367569027
vn 0.999514609947637 3.292106395141526e-25 0.031153563218723326
vn 0.999514609947637 3.292106395141526e-25 -0.031153563218723326
vn 0.9856975734992819 -2.374093544736519e-17 0.1685238665519749
vn -0.9583345286876616 0 -0.285648264698033
vn -0.521769567641868 0 -0.8530864658889029
vn 0.5217697331212249 0 -0.8530863646774609
vn 0.9856975734992819 2.374093544736519e-17 -0.1685238665519749
vn 0.999514609947637 3.292106395141526e-25 -0.031153563218723326
vn 0.999514609947637 3.292106395141526e-25 0.031153563218723326
vn 0.9583345635402708 0 -0.2856481477693816
vn 0.5217697331212249 0 -0.8530863646774609
vn -0.521769567641868 0 -0.8530864658889029
vn 0.9856975734992819 2.374093544736519e-17 -0.1685238665519749
vn 0.9583345635402708 0 -0.2856481477693816
vn 0.999514609947637 3.292106395141526e-25 -0.031153563218723326
vn 0.5217697331212249 0 -0.8530863646774609
vn 0.9583345635402708 0 -0.2856481477693816
vn 0.9856975734992819 2.374093544736519e-17 -0.1685238665519749
vn 0.5217695262720196 0 0.853086491191762
vn -0.5217694435323116 0 0.8530865417974788
vn 0.9583345422540819 0 0.28564821918342054
vn -0.5217694435323116 0 0.8530865417974788
vn 0.5217695262720196 0 0.853086491191762
vn -0.9583345286876616 0 0.285648264698033
vn 0.9583345422540819 0 0.28564821918342054
vn 0.9856975832129073 -2.374089461352142e-17 0.1685238097368844
vn 0.5217695262720196 0 0.853086491191762
vn -0.9583345286876616 0 0.285648264698033
vn -0.985697595690225 -2.3740856191102666e-17 0.1685237367569027
vn -0.5217694435323116 0 0.8530865417974788
vn 0.9995146115329451 2.3763770113351963e-25 0.031153512356488097
vn 0.9856975832129073 -2.374089461352142e-17 0.1685238097368844
vn 0.9583345422540819 0 0.28564821918342054
vn -0.9995146130709328 1.460647536667569e-25 0.0311534630123806
vn -0.985697595690225 -2.3740856191102666e-17 0.1685237367569027
vn -0.9583345286876616 0 0.285648264698033
vn 0.9995146115329451 2.3763770113351963e-25 0.031153512356488097
vn 0.9995146115329451 2.3763770113351963e-25 -0.031153512356488097
vn 0.9856975832129073 -2.374089461352142e-17 0.1685238097368844
vn -0.9995146130709328 1.460647536667569e-25 0.0311534630123806
vn -0.9995146130709328 1.460647536667569e-25 -0.0311534630123806
vn -0.985697595690225 -2.3740856191102666e-17 0.1685237367569027
vn 0.9856975832129073 2.374089461352142e-17 -0.1685238097368844
vn 0.9995146115329451 2.3763770113351963e-25 -0.031153512356488097
vn 0.9995146115329451 2.3763770113351963e-25 0.031153512356488097
vn -0.985697595690225 2.3740856191102666e-17 -0.1685237367569027
vn -0.9995146130709328 1.460647536667569e-25 -0.0311534630123806
vn -0.9995146130709328 1.460647536667569e-25 0.0311534630123806
vn 0.9856975832129073 2.374089461352142e-17 -0.1685238097368844
vn 0.9583345422540819 0 -0.28564821918342054
vn 0.9995146115329451 2.3763770113351963e-25 -0.031153512356488097
vn -0.985697595690225 2.3740856191102666e-17 -0.1685237367569027
vn -0.9583345286876616 0 -0.285648264698033
vn -0.9995146130709328 1.460647536667569e-25 -0.0311534630123806
vn 0.5217695262720196 0 -0.853086491191762
vn 0.9583345422540819 0 -0.28564821918342054
vn 0.9856975832129073 2.374089461352142e-17 -0.1685238097368844
vn -0.5217694435323116 0 -0.8530865417974788
vn -0.9583345286876616 0 -0.285648264698033
vn -0.985697595690225 2.3740856191102666e-17 -0.1685237367569027
vn 0.9583345422540819 0 -0.28564821918342054
vn 0.5217695262720196 0 -0.853086491191762
vn -0.5217694435323116 0 -0.8530865417974788
vn -0.9583345286876616 0 -0.285648264698033
vn -0.5217694435323116 0 -0.8530865417974788
vn 0.5217695262720196 0 -0.853086491191762
vn -0.9583345635402708 0 0.2856481477693816
vn -0.9856976379789208 -2.3740781473060183e-17 0.16852348940956682
vn -0.5217693607925891 0 0.8530865924031938
vn -0.9995146161942179 -3.7081129105722884e-26 0.031153362806048978
vn -0.9856976379789208 -2.3740781473060183e-17 0.16852348940956682
vn -0.9583345635402708 0 0.2856481477693816
vn -0.5217693607925891 0 0.8530865924031938
vn 0.5217693607925891 0 0.8530865924031938
vn -0.9583345635402708 0 0.2856481477693816
vn -0.9995146161942179 -3.7081129105722884e-26 0.031153362806048978
vn -0.9995146162999045 -3.7081129109643766e-26 -0.03115335941523365
vn -0.9856976379789208 -2.3740781473060183e-17 0.16852348940956682
vn 0.5217693607925891 0 0.8530865924031938
vn -0.5217693607925891 0 0.8530865924031938
vn 0.9583340444941375 0 0.28564988913617356
vn -0.9856976352152279 2.3740781406495927e-17 -0.168523505574467
vn -0.9995146162999045 -3.7081129109643766e-26 -0.03115335941523365
vn -0.9995146161942179 -3.7081129105722884e-26 0.031153362806048978
vn 0.9583340444941375 0 0.28564988913617356
vn 0.9856973037713628 4.2688658114958084e-8 0.1685254441853333
vn 0.5217693607925891 0 0.8530865924031938
vn -0.9856976352152279 2.3740781406495927e-17 -0.168523505574467
vn -0.9583345635402708 0 -0.2856481477693816
vn -0.9995146162999045 -3.7081129109643766e-26 -0.03115335941523365
vn 0.9995146034312662 6.966943684725693e-8 0.03115377228578062
vn 0.9856973037713628 4.2688658114958084e-8 0.1685254441853333
vn 0.9583340444941375 0 0.28564988913617356
vn -0.5217693607925891 0 -0.8530865924031938
vn -0.9583345635402708 0 -0.2856481477693816
vn -0.9856976352152279 2.3740781406495927e-17 -0.168523505574467
vn 0.9995146034312662 6.966943684725693e-8 0.03115377228578062
vn 0.9995145780215882 6.966943573959782e-8 -0.031154587500422826
vn 0.9856973037713628 4.2688658114958084e-8 0.1685254441853333
vn -0.9583345635402708 0 -0.2856481477693816
vn -0.5217693607925891 0 -0.8530865924031938
vn 0.5217693607925891 0 -0.8530865924031938
vn 0.9856973037713628 4.2688658114958084e-8 -0.1685254441853333
vn 0.9995145780215882 6.966943573959782e-8 -0.031154587500422826
vn 0.9995146034312662 6.966943684725693e-8 0.03115377228578062
vn 0.9583343911500575 0 -0.2856487261288742
vn 0.5217693607925891 0 -0.8530865924031938
vn -0.5217693607925891 0 -0.8530865924031938
vn 0.9856973037713628 4.2688658114958084e-8 -0.1685254441853333
vn 0.9583343911500575 0 -0.2856487261288742
vn 0.9995145780215882 6.966943573959782e-8 -0.031154587500422826
vn 0.5217693607925891 0 -0.8530865924031938
vn 0.9583343911500575 0 -0.2856487261288742
vn 0.9856973037713628 4.2688658114958084e-8 -0.1685254441853333
f 1//1 2//2 3//3
f 4//4 5//5 6//6
f 7//7 8//8 9//9
f 10//10 11//11 12//12
f 13//13 14//14 15//15
f 16//16 17//17 18//18
f 19//19 20//20 21//21
f 22//22 23//23 24//24
f 25//25 26//26 27//27
f 28//28 29//29 30//30
f 31//31 32//32 33//33
f 34//34 35//35 36//36
f 37//37 38//38 39//39
f 40//40 41//41 42//42
f 43//43 44//44 45//45
f 46//46 47//47 48//48
f 49//49 50//50 51//51
f 52//52 53//53 54//54
f 55//55 56//56 57//57
f 58//58 59//59 60//60
f 61//61 62//62 63//63
f 64//64 65//65 66//66
f 67//67 68//68 69//69
f 70//70 71//71 72//72
f 73//73 74//74 75//75
f 76//76 77//77 78//78
f 79//79 80//80 81//81
f 82//82 83//83 84//84
f 85//85 86//86 87//87
f 88//88 89//89 90//90
f 91//91 92//92 93//93
f 94//94 95//95 96//96
f 97//97 98//98 99//99
f 100//100 101//101 102//102
f 103//103 104//104 105//105
f 106//106 107//107 108//108
f 109//109 110//110 111//111
f 112//112 113//113 114//114
f 115//115 116//116 117//117
f 118//118 119//119 120//120
f 121//121 122//122 123//123
f 124//124 125//125 126//126
f 127//127 128//128 129//129
f 130//130 131//131 132//132
f 133//133 134//134 135//135
f 136//136 137//137 138//138
f 139//139 140//140 141//141
f 142//142 143//143 144//144
f 145//145 146//146 147//147
f 148//148 149//149 150//150
f 151//151 152//152 153//153
f 154//154 155//155 156//156
f 157//157 158//158 159//159
f 160//160 161//161 162//162
f 163//163 164//164 165//165
f 166//166 167//167 168//168
f 169//169 170//170 171//171
f 172//172 173//173 174//174
f 175//175 176//176 177//177
f 178//178 179//179 180//180
f 181//181 182//182 183//183
f 184//184 185//185 186//186
f 187//187 188//188 189//189
f 190//190 191//191 192//192
f 193//193 194//194 195//195
f 196//196 197//197 198//198
f 199//199 200//200 201//201
f 202//202 203//203 204//204
f 205//205 206//206 207//207
f 208//208 209//209 210//210
f 211//211 212//212 213//213
f 214//214 215//215 216//216
f 217//217 218//218 219//219
f 220//220 221//221 222//222
f 223//223 224//224 225//225
f 226//226 227//227 228//228
f 229//229 230//230 231//231
f 232//232 233//233 234//234
f 235//235 236//236 237//237
f 238//238 239//239 240//240
f 241//241 242//242 243//243
f 244//244 245//245 246//246
f 247//247 248//248 249//249
f 250//250 251//251 252//252
f 253//253 254//254 255//255
f 256//256 257//257 258//258
f 259//259 260//260 261//261
f 262//262 263//263 264//264
f 265//265 266//266 267//267
f 268//268 269//269 270//270
f 271//271 272//272 273//273
f 274//274 275//275 276//276
f 277//277 278//278 279//279
f 280//280 281//281 282//282
f 283//283 284//284 285//285
f 286//286 287//287 288//288
f 289//289 290//290 291//291
f 292//292 293//293 294//294
f 295//295 296//296 297//297
f 298//298 299//299 300//300
f 301//301 302//302 303//303
f 304//304 305//305 306//306
f 307//307 308//308 309//309
f 310//310 311//311 312//312
f 313//313 314//314 315//315
f 316//316 317//317 318//318
f 319//319 320//320 321//321
f 322//322 323//323 324//324
f 325//325 326//326 327//327
f 328//328 329//329 330//330
f 331//331 332//332 333//333
f 334//334 335//335 336//336
o Mesh
usemtl material10
v 0.4133272690087344 -1.1188408414032571 -0.4342141801746577
v 0.4133272690087344 -1.1188408414032571 0.4342141801746577
v -0.41980880105703905 -1.1188408414032571 -0.4342141801746577
v 0.47356502524506544 -1.1188408414032571 -0.3137438443040598
v 0.4133272690087344 -1.1188408414032571 0.4342141801746577
v 0.4133272690087344 -1.1188408414032571 -0.4342141801746577
v 0.4133272690087344 -1.1188408414032571 0.4342141801746577
v 0.47356502524506544 -1.1188408414032571 -0.3137438443040598
v 0.47356502524506544 -1.1188408414032571 0.3137438443040598
v -0.41980880105703905 -1.1188408414032571 -0.4342141801746577
v 0.4133272690087344 -1.1188408414032571 0.4342141801746577
v -0.41980880105703905 -1.1188408414032571 0.4342141801746577
v -0.41980880105703905 -1.1188408414032571 0.4342141801746577
v -0.48004655729337004 -1.1188408414032571 -0.3137438443040598
v -0.41980880105703905 -1.1188408414032571 -0.4342141801746577
v -0.48004655729337004 -1.1188408414032571 -0.3137438443040598
v -0.41980880105703905 -1.1188408414032571 0.4342141801746577
v -0.48004655729337004 -1.1188408414032571 0.3137438443040598
v 0.7435240516661128 0.9954430748451913 -0.24541077123232563
v 0.9235129697038845 1.073003890572744 -0.15038238066295573
v 0.8940242853894051 0.992230861049839 -0.21553832398917672
v 1.0881943806192038 0.9325802822420884 2.048175356483151e-16
v 0.9235129697038845 1.073003890572744 -0.15038238066295573
v 0.9354064143689164 1.106076581588157 2.5138144113361984e-16
v 1.058432219935564 0.9193643651151268 -0.1338462443924341
v 0.8940242853894051 0.992230861049839 -0.21553832398917672
v 0.9235129697038845 1.073003890572744 -0.15038238066295573
v 0.9235129697038845 1.073003890572744 -0.15038238066295573
v 1.0881943806192038 0.9325802822420884 2.048175356483151e-16
v 1.058432219935564 0.9193643651151268 -0.1338462443924341
v 0.8940242853894051 0.992230861049839 -0.21553832398917672
v 1.058432219935564 0.9193643651151268 -0.1338462443924341
v 0.9838717363269945 0.8867845445387513 -0.1933430145942452
v 1.1034147550959317 0.7033134633538286 1.432855924464302e-16
v 1.058432219935564 0.9193643651151268 -0.1338462443924341
v 1.0881943806192038 0.9325802822420884 2.048175356483151e-16
v 0.9960840645145926 0.7570348951343087 -0.20950142259679166
v 0.9838717363269945 0.8867845445387513 -0.1933430145942452
v 1.058432219935564 0.9193643651151268 -0.1338462443924341
v 1.058432219935564 0.9193643651151268 -0.1338462443924341
v 1.1034147550959317 0.7033134633538286 1.432855924464302e-16
v 1.0724307996557871 0.7186377573026497 -0.14406496224313997
v 1.058432219935564 0.9193643651151268 -0.1338462443924341
v 1.0724307996557871 0.7186377573026497 -0.14406496224313997
v 0.9960840645145926 0.7570348951343087 -0.20950142259679166
v 0.8782900931241387 0.6052038065174348 1.1695435879250317e-16
v 1.0724307996557871 0.7186377573026497 -0.14406496224313997
v 1.1034147550959317 0.7033134633538286 1.432855924464302e-16
v 0.8772893918044873 0.6316053937101849 -0.11774155469914172
v 0.9960840645145926 0.7570348951343087 -0.20950142259679166
v 1.0724307996557871 0.7186377573026497 -0.14406496224313997
v 1.0724307996557871 0.7186377573026497 -0.14406496224313997
v 0.8782900931241387 0.6052038065174348 1.1695435879250317e-16
v 0.8772893918044873 0.6316053937101849 -0.11774155469914172
v 0.9960840645145926 0.7570348951343087 -0.20950142259679166
v 0.8772893918044873 0.6316053937101849 -0.11774155469914172
v 0.8732637214728152 0.6985334636387008 -0.17263115252636904
v 0.777684763899933 0.737155466076532 -0.16726633658987825
v 0.8732637214728152 0.6985334636387008 -0.17263115252636904
v 0.8772893918044873 0.6316053937101849 -0.11774155469914172
v 0.7239196585119162 0.6980918083430838 -0.11513267206768302
v 0.8772893918044873 0.6316053937101849 -0.11774155469914172
v 0.8782900931241387 0.6052038065174348 1.1695435879250317e-16
v 0.8772893918044873 0.6316053937101849 -0.11774155469914172
v 0.7239196585119162 0.6980918083430838 -0.11513267206768302
v 0.777684763899933 0.737155466076532 -0.16726633658987825
v 0.8782900931241387 0.6052038065174348 1.1695435879250317e-16
v 0.7016842340820028 0.6823409223761225 1.376568443017221e-16
v 0.7239196585119162 0.6980918083430838 -0.11513267206768302
v 0.7066637129973767 0.8336315405971322 1.7826109284161255e-16
v 0.7239196585119162 0.6980918083430838 -0.11513267206768302
v 0.7016842340820028 0.6823409223761225 1.376568443017221e-16
v 0.7265790450370572 0.8303840184793745 -0.08706935745472269
v 0.777684763899933 0.737155466076532 -0.16726633658987825
v 0.7239196585119162 0.6980918083430838 -0.11513267206768302
v 0.7239196585119162 0.6980918083430838 -0.11513267206768302
v 0.7066637129973767 0.8336315405971322 1.7826109284161255e-16
v 0.7265790450370572 0.8303840184793745 -0.08706935745472269
v 0.777684763899933 0.737155466076532 -0.16726633658987825
v 0.7265790450370572 0.8303840184793745 -0.08706935745472269
v 0.778519338336854 0.8206057822850366 -0.13160815756931413
v 0.7856346974070226 0.899767643649033 1.9601108371911837e-16
v 0.7265790450370572 0.8303840184793745 -0.08706935745472269
v 0.7066637129973767 0.8336315405971322 1.7826109284161255e-16
v 0.798213706120772 0.8895281096452484 -0.07037204975058253
v 0.778519338336854 0.8206057822850366 -0.13160815756931413
v 0.7265790450370572 0.8303840184793745 -0.08706935745472269
v 0.7265790450370572 0.8303840184793745 -0.08706935745472269
v 0.7856346974070226 0.899767643649033 1.9601108371911837e-16
v 0.798213706120772 0.8895281096452484 -0.07037204975058253
v 0.778519338336854 0.8206057822850366 -0.13160815756931413
v 0.798213706120772 0.8895281096452484 -0.07037204975058253
v 0.8321101138428765 0.8622089880948373 -0.1042080812732835
v 0.8404883472564146 0.8915596034988668 -2.769223153280621e-7
v 0.798213706120772 0.8895281096452484 -0.07037204975058253
v 0.7856346974070226 0.899767643649033 1.9601108371911837e-16
v 0.8453703590388025 0.8865224435106567 -0.030346532573606172
v 0.8321101138428765 0.8622089880948373 -0.1042080812732835
v 0.798213706120772 0.8895281096452484 -0.07037204975058253
v 0.798213706120772 0.8895281096452484 -0.07037204975058253
v 0.8404883472564146 0.8915596034988668 -2.769223153280621e-7
v 0.8453703590388025 0.8865224435106567 -0.030346532573606172
v 0.8321101138428765 0.8622089880948373 -0.1042080812732835
v 0.8453703590388025 0.8865224435106567 -0.030346532573606172
v 0.8580614969393404 0.8733113466324876 -0.04494947819815993
v 0.8716862265828748 0.8588908493322688 -0.03297784872697759
v 0.8453703590388025 0.8865224435106567 -0.030346532573606172
v 0.8404883472564146 0.8915596034988668 -2.769223153280621e-7
v 0.8453703590388025 0.8865224435106567 -0.030346532573606172
v 0.8716862265828748 0.8588908493322688 -0.03297784872697759
v 0.8580614969393404 0.8733113466324876 -0.04494947819815993
v 0.8404883472564146 0.8915596034988668 -2.769223153280621e-7
v 0.8775443952776677 0.8525998221268979 -2.769223153280621e-7
v 0.8716862265828748 0.8588908493322688 -0.03297784872697759
v 0.8321101138428765 0.8622089880948373 -0.1042080812732835
v 0.8580614969393404 0.8733113466324876 -0.04494947819815993
v 0.8716862265828748 0.8588908493322688 -0.03297784872697759
v 0.8775443952776677 0.8525998221268979 -2.769223153280621e-7
v 0.8676321364112332 0.8306932374394163 -0.074471609274146
v 0.8716862265828748 0.8588908493322688 -0.03297784872697759
v 0.8676321364112332 0.8306932374394163 -0.074471609274146
v 0.8321101138428765 0.8622089880948373 -0.1042080812732835
v 0.8716862265828748 0.8588908493322688 -0.03297784872697759
v 0.8676321364112332 0.8306932374394163 -0.074471609274146
v 0.8775443952776677 0.8525998221268979 -2.769223153280621e-7
v 0.8811300748141765 0.8167576571677276 1.7373238336294168e-16
v 0.8375616850544702 0.80677227078153 -0.10230423803977645
v 0.8321101138428765 0.8622089880948373 -0.1042080812732835
v 0.8676321364112332 0.8306932374394163 -0.074471609274146
v 0.8811300748141765 0.8167576571677276 1.7373238336294168e-16
v 0.8375616850544702 0.80677227078153 -0.10230423803977645
v 0.8676321364112332 0.8306932374394163 -0.074471609274146
v 0.8375616850544702 0.80677227078153 -0.10230423803977645
v 0.8811300748141765 0.8167576571677276 1.7373238336294168e-16
v 0.8665962978348922 0.7984374580881197 1.6881551721599602e-16
v 0.8321101138428765 0.8622089880948373 -0.1042080812732835
v 0.8375616850544702 0.80677227078153 -0.10230423803977645
v 0.778519338336854 0.8206057822850366 -0.13160815756931413
v 0.8351569144592372 0.7799497553629708 -0.1266315923841752
v 0.778519338336854 0.8206057822850366 -0.13160815756931413
v 0.8375616850544702 0.80677227078153 -0.10230423803977645
v 0.778519338336854 0.8206057822850366 -0.13160815756931413
v 0.8351569144592372 0.7799497553629708 -0.1266315923841752
v 0.777684763899933 0.737155466076532 -0.16726633658987825
v 0.8603428350023424 0.8044173382339319 1.704204219673921e-16
v 0.8351569144592372 0.7799497553629708 -0.1266315923841752
v 0.8375616850544702 0.80677227078153 -0.10230423803977645
v 0.8732637214728152 0.6985334636387008 -0.17263115252636904
v 0.777684763899933 0.737155466076532 -0.16726633658987825
v 0.8351569144592372 0.7799497553629708 -0.1266315923841752
v 0.8351569144592372 0.7799497553629708 -0.1266315923841752
v 0.8603428350023424 0.8044173382339319 1.704204219673921e-16
v 0.866190217076056 0.7708288805977163 -0.1256119596185086
v 0.866190217076056 0.7708288805977163 -0.1256119596185086
v 0.8732637214728152 0.6985334636387008 -0.17263115252636904
v 0.8351569144592372 0.7799497553629708 -0.1266315923841752
v 0.866190217076056 0.7708288805977163 -0.1256119596185086
v 0.8603428350023424 0.8044173382339319 1.704204219673921e-16
v 0.8625499585286969 0.801309603331158 1.6958636231833226e-16
v 0.8775589281503793 0.8172851128918519 1.7387394172638396e-16
v 0.866190217076056 0.7708288805977163 -0.1256119596185086
v 0.8625499585286969 0.801309603331158 1.6958636231833226e-16
v 0.914539276052441 0.798817534705412 -0.15523960850721064
v 0.8732637214728152 0.6985334636387008 -0.17263115252636904
v 0.866190217076056 0.7708288805977163 -0.1256119596185086
v 0.866190217076056 0.7708288805977163 -0.1256119596185086
v 0.8775589281503793 0.8172851128918519 1.7387394172638396e-16
v 0.914539276052441 0.798817534705412 -0.15523960850721064
v 0.8732637214728152 0.6985334636387008 -0.17263115252636904
v 0.914539276052441 0.798817534705412 -0.15523960850721064
v 0.9960840645145926 0.7570348951343087 -0.20950142259679166
v 0.9838717363269945 0.8867845445387513 -0.1933430145942452
v 0.9960840645145926 0.7570348951343087 -0.20950142259679166
v 0.914539276052441 0.798817534705412 -0.15523960850721064
v 0.914539276052441 0.798817534705412 -0.15523960850721064
v 0.8775589281503793 0.8172851128918519 1.7387394172638396e-16
v 0.90570606683721 0.8534580674244105 -0.13812718677062752
v 0.90570606683721 0.8534580674244105 -0.13812718677062752
v 0.9838717363269945 0.8867845445387513 -0.1933430145942452
v 0.914539276052441 0.798817534705412 -0.15523960850721064
v 0.90570606683721 0.8534580674244105 -0.13812718677062752
v 0.8775589281503793 0.8172851128918519 1.7387394172638396e-16
v 0.8734702820369568 0.8397498823895102 1.7990316106145583e-16
v 0.846719590941352 0.8741166896995021 1.8912673810612724e-16
v 0.90570606683721 0.8534580674244105 -0.13812718677062752
v 0.8734702820369568 0.8397498823895102 1.7990316106145583e-16
v 0.8617484544510131 0.9093875346705359 -0.1557261516326931
v 0.9838717363269945 0.8867845445387513 -0.1933430145942452
v 0.90570606683721 0.8534580674244105 -0.13812718677062752
v 0.90570606683721 0.8534580674244105 -0.13812718677062752
v 0.846719590941352 0.8741166896995021 1.8912673810612724e-16
v 0.8617484544510131 0.9093875346705359 -0.1557261516326931
v 0.9838717363269945 0.8867845445387513 -0.1933430145942452
v 0.8617484544510131 0.9093875346705359 -0.1557261516326931
v 0.8940242853894051 0.992230861049839 -0.21553832398917672
v 0.8114268002185671 0.8681375325910089 1.8752200927647529e-16
v 0.8617484544510131 0.9093875346705359 -0.1557261516326931
v 0.846719590941352 0.8741166896995021 1.8912673810612724e-16
v 0.7910783885720793 0.9063400528776688 -0.17627960699787715
v 0.8940242853894051 0.992230861049839 -0.21553832398917672
v 0.8617484544510131 0.9093875346705359 -0.1557261516326931
v 0.8617484544510131 0.9093875346705359 -0.1557261516326931
v 0.8114268002185671 0.8681375325910089 1.8752200927647529e-16
v 0.7910783885720793 0.9063400528776688 -0.17627960699787715
v 0.8940242853894051 0.992230861049839 -0.21553832398917672
v 0.7910783885720793 0.9063400528776688 -0.17627960699787715
v 0.7435240516661128 0.9954430748451913 -0.24541077123232563
v 0.6128110023404569 0.8561837976103752 -0.24555975309108347
v 0.7435240516661128 0.9954430748451913 -0.24541077123232563
v 0.7910783885720793 0.9063400528776688 -0.17627960699787715
v 0.7910783885720793 0.9063400528776688 -0.17627960699787715
v 0.8114268002185671 0.8681375325910089 1.8752200927647529e-16
v 0.7018325339742069 0.8012492297150313 -0.17498112429626386
v 0.7910783885720793 0.9063400528776688 -0.17627960699787715
v 0.7018325339742069 0.8012492297150313 -0.17498112429626386
v 0.6128110023404569 0.8561837976103752 -0.24555975309108347
v 0.7018325339742069 0.8012492297150313 -0.17498112429626386
v 0.8114268002185671 0.8681375325910089 1.8752200927647529e-16
v 0.7393208865157225 0.7788979770764375 1.6357137798438945e-16
v 0.7018325339742069 0.8012492297150313 -0.17498112429626386
v 0.5719234431669594 0.6300765312994092 -0.24559382117843956
v 0.6128110023404569 0.8561837976103752 -0.24555975309108347
v 0.6745452892180881 0.6058333310097412 -0.17407087584014616
v 0.7018325339742069 0.8012492297150313 -0.17498112429626386
v 0.7393208865157225 0.7788979770764375 1.6357137798438945e-16
v 0.5719234431669594 0.6300765312994092 -0.24559382117843956
v 0.7018325339742069 0.8012492297150313 -0.17498112429626386
v 0.6745452892180881 0.6058333310097412 -0.17407087584014616
v 0.6745452892180881 0.6058333310097412 -0.17407087584014616
v 0.7393208865157225 0.7788979770764375 1.6357137798438945e-16
v 0.7167353167392763 0.5964652979876488 1.1460905806065047e-16
v 0.6745452892180881 0.6058333310097412 -0.17407087584014616
v 0.655249574280287 0.3098027524236813 -0.24548138328547942
v 0.5719234431669594 0.6300765312994092 -0.24559382117843956
v 0.8006888804104747 0.3434602601238501 4.670610889514217e-17
v 0.6745452892180881 0.6058333310097412 -0.17407087584014616
v 0.7167353167392763 0.5964652979876488 1.1460905806065047e-16
v 0.655249574280287 0.3098027524236813 -0.24548138328547942
v 0.6745452892180881 0.6058333310097412 -0.17407087584014616
v 0.7585999370928143 0.3336197222138685 -0.1726450009397856
v 0.6745452892180881 0.6058333310097412 -0.17407087584014616
v 0.8006888804104747 0.3434602601238501 4.670610889514217e-17
v 0.7585999370928143 0.3336197222138685 -0.1726450009397856
v 0.7585999370928143 0.3336197222138685 -0.1726450009397856
v 0.7539178976389387 -0.05779104732980638 -0.28610838624458845
v 0.655249574280287 0.3098027524236813 -0.24548138328547942
v 0.9294272675826172 -0.050985548945496055 -5.915751276123357e-17
v 0.7585999370928143 0.3336197222138685 -0.1726450009397856
v 0.8006888804104747 0.3434602601238501 4.670610889514217e-17
v 0.7539178976389387 -0.05779104732980638 -0.28610838624458845
v 0.7585999370928143 0.3336197222138685 -0.1726450009397856
v 0.877919472574719 -0.052981915236038686 -0.20282843502105286
v 0.7585999370928143 0.3336197222138685 -0.1726450009397856
v 0.9294272675826172 -0.050985548945496055 -5.915751276123357e-17
v 0.877919472574719 -0.052981915236038686 -0.20282843502105286
v 0.877919472574719 -0.052981915236038686 -0.20282843502105286
v 0.7266692780289602 -0.2577483133084383 -0.367330799953892
v 0.7539178976389387 -0.05779104732980638 -0.28610838624458845
v 0.9294272675826172 -0.050985548945496055 -5.915751276123357e-17
v 0.8796591543241215 -0.29868424605257604 -0.2601358436874742
v 0.877919472574719 -0.052981915236038686 -0.20282843502105286
v 0.7266692780289602 -0.2577483133084383 -0.367330799953892
v 0.877919472574719 -0.052981915236038686 -0.20282843502105286
v 0.8796591543241215 -0.29868424605257604 -0.2601358436874742
v -0.7435240516661128 0.9954430748451913 0.2454104906327689
v -0.9235130342944299 1.0730041315851835 0.15038238066295573
v -0.8940242207988598 0.9922312225684985 0.21553832398917672
v -0.9354065435500072 1.1060768226005968 2.513814997742012e-16
v -1.0881943806192038 0.932580523254528 2.0481759428889648e-16
v -0.9235130342944299 1.0730041315851835 0.15038238066295573
v -0.9235130342944299 1.0730041315851835 0.15038238066295573
v -1.0584321553450184 0.9193646061275664 0.1338462443924341
v -0.8940242207988598 0.9922312225684985 0.21553832398917672
v -0.9235130342944299 1.0730041315851835 0.15038238066295573
v -1.0881943806192038 0.932580523254528 2.0481759428889648e-16
v -1.0584321553450184 0.9193646061275664 0.1338462443924341
v -0.8940242207988598 0.9922312225684985 0.21553832398917672
v -1.0584321553450184 0.9193646061275664 0.1338462443924341
v -0.9838716717364492 0.8867847855511909 0.1933430145942452
v -1.1034147550959317 0.7033137043662682 1.4328565108701158e-16
v -1.0584321553450184 0.9193646061275664 0.1338462443924341
v -1.0881943806192038 0.932580523254528 2.0481759428889648e-16
v -1.0584321553450184 0.9193646061275664 0.1338462443924341
v -0.9960839999240473 0.7570351361467482 0.20950142259679166
v -0.9838716717364492 0.8867847855511909 0.1933430145942452
v -1.0584321553450184 0.9193646061275664 0.1338462443924341
v -1.1034147550959317 0.7033137043662682 1.4328565108701158e-16
v -1.0724307350652418 0.7186379983150892 0.14406468164358324
v -0.9960839999240473 0.7570351361467482 0.20950142259679166
v -1.0584321553450184 0.9193646061275664 0.1338462443924341
v -1.0724307350652418 0.7186379983150892 0.14406468164358324
v -1.1034147550959317 0.7033137043662682 1.4328565108701158e-16
v -0.8782900931241387 0.6052041077829843 1.169544247631572e-16
v -1.0724307350652418 0.7186379983150892 0.14406468164358324
v -1.0724307350652418 0.7186379983150892 0.14406468164358324
v -0.8772894563950326 0.6316055142164047 0.117741274099585
v -0.9960839999240473 0.7570351361467482 0.20950142259679166
v -1.0724307350652418 0.7186379983150892 0.14406468164358324
v -0.8782900931241387 0.6052041077829843 1.169544247631572e-16
v -0.8772894563950326 0.6316055142164047 0.117741274099585
v -0.9960839999240473 0.7570351361467482 0.20950142259679166
v -0.8772894563950326 0.6316055142164047 0.117741274099585
v -0.8732637214728152 0.6985337046511405 0.1726308719268123
v -0.8772894563950326 0.6316055142164047 0.117741274099585
v -0.7776846993093877 0.737155466076532 0.16726633658987825
v -0.8732637214728152 0.6985337046511405 0.1726308719268123
v -0.8782900931241387 0.6052041077829843 1.169544247631572e-16
v -0.7239197231024616 0.6980918083430838 0.11513267206768302
v -0.8772894563950326 0.6316055142164047 0.117741274099585
v -0.7776846993093877 0.737155466076532 0.16726633658987825
v -0.8772894563950326 0.6316055142164047 0.117741274099585
v -0.7239197231024616 0.6980918083430838 0.11513267206768302
v -0.7239197231024616 0.6980918083430838 0.11513267206768302
v -0.8782900931241387 0.6052041077829843 1.169544247631572e-16
v -0.7016841694914573 0.6823409223761225 1.376568443017221e-16
v -0.7066637129973767 0.8336315405971322 1.7826109284161255e-16
v -0.7239197231024616 0.6980918083430838 0.11513267206768302
v -0.7016841694914573 0.6823409223761225 1.376568443017221e-16
v -0.7239197231024616 0.6980918083430838 0.11513267206768302
v -0.7265789804465118 0.8303840184793745 0.08706935745472269
v -0.7776846993093877 0.737155466076532 0.16726633658987825
v -0.7239197231024616 0.6980918083430838 0.11513267206768302
v -0.7066637129973767 0.8336315405971322 1.7826109284161255e-16
v -0.7265789804465118 0.8303840184793745 0.08706935745472269
v -0.7776846993093877 0.737155466076532 0.16726633658987825
v -0.7265789804465118 0.8303840184793745 0.08706935745472269
v -0.7785194029273994 0.8206057822850366 0.13160815756931413
v -0.7066637129973767 0.8336315405971322 1.7826109284161255e-16
v -0.7856346328164773 0.899767643649033 1.9601108371911837e-16
v -0.7265789804465118 0.8303840184793745 0.08706935745472269
v -0.7982136415302267 0.8895281096452484 0.07037204975058253
v -0.7785194029273994 0.8206057822850366 0.13160815756931413
v -0.7265789804465118 0.8303840184793745 0.08706935745472269
v -0.7265789804465118 0.8303840184793745 0.08706935745472269
v -0.7856346328164773 0.899767643649033 1.9601108371911837e-16
v -0.7982136415302267 0.8895281096452484 0.07037204975058253
v -0.7785194029273994 0.8206057822850366 0.13160815756931413
v -0.7982136415302267 0.8895281096452484 0.07037204975058253
v -0.832110049252331 0.8622089880948373 0.10420780892665492
v -0.8404882826658693 0.8915596034988668 -2.769223153280621e-7
v -0.7982136415302267 0.8895281096452484 0.07037204975058253
v -0.7856346328164773 0.899767643649033 1.9601108371911837e-16
v -0.7982136415302267 0.8895281096452484 0.07037204975058253
v -0.8453704236293479 0.8865224435106567 0.03034625610051353
v -0.832110049252331 0.8622089880948373 0.10420780892665492
v -0.7982136415302267 0.8895281096452484 0.07037204975058253
v -0.8404882826658693 0.8915596034988668 -2.769223153280621e-7
v -0.8453704236293479 0.8865224435106567 0.03034625610051353
v -0.8580614323487951 0.8733114671387073 0.04494919759860321
v -0.832110049252331 0.8622089880948373 0.10420780892665492
v -0.8453704236293479 0.8865224435106567 0.03034625610051353
v -0.8453704236293479 0.8865224435106567 0.03034625610051353
v -0.8716862911734201 0.8588910903447085 0.032977570190652915
v -0.8580614323487951 0.8733114671387073 0.04494919759860321
v -0.8404882826658693 0.8915596034988668 -2.769223153280621e-7
v -0.8716862911734201 0.8588910903447085 0.032977570190652915
v -0.8453704236293479 0.8865224435106567 0.03034625610051353
v -0.8716862911734201 0.8588910903447085 0.032977570190652915
v -0.832110049252331 0.8622089880948373 0.10420780892665492
v -0.8580614323487951 0.8733114671387073 0.04494919759860321
v -0.832110049252331 0.8622089880948373 0.10420780892665492
v -0.8716862911734201 0.8588910903447085 0.032977570190652915
v -0.8676320718206878 0.8306934784518559 0.07447133692751744
v -0.8775445244587584 0.8526000631393374 -2.769223153280621e-7
v -0.8676320718206878 0.8306934784518559 0.07447133692751744
v -0.8716862911734201 0.8588910903447085 0.032977570190652915
v -0.8404882826658693 0.8915596034988668 -2.769223153280621e-7
v -0.8775445244587584 0.8526000631393374 -2.769223153280621e-7
v -0.8716862911734201 0.8588910903447085 0.032977570190652915
v -0.8375617496450155 0.80677227078153 0.10230423803977645
v -0.832110049252331 0.8622089880948373 0.10420780892665492
v -0.8676320718206878 0.8306934784518559 0.07447133692751744
v -0.8676320718206878 0.8306934784518559 0.07447133692751744
v -0.8775445244587584 0.8526000631393374 -2.769223153280621e-7
v -0.8811302039952672 0.8167578981801672 1.737324566636684e-16
v -0.8811302039952672 0.8167578981801672 1.737324566636684e-16
v -0.8375617496450155 0.80677227078153 0.10230423803977645
v -0.8676320718206878 0.8306934784518559 0.07447133692751744
v -0.8375617496450155 0.80677227078153 0.10230423803977645
v -0.8811302039952672 0.8167578981801672 1.737324566636684e-16
v -0.8665964270159829 0.7984376991005594 1.688155758565774e-16
v -0.832110049252331 0.8622089880948373 0.10420780892665492
v -0.8375617496450155 0.80677227078153 0.10230423803977645
v -0.7785194029273994 0.8206057822850366 0.13160815756931413
v -0.8375617496450155 0.80677227078153 0.10230423803977645
v -0.8665964270159829 0.7984376991005594 1.688155758565774e-16
v -0.8351570436403281 0.7799497553629708 0.1266315923841752
v -0.8351570436403281 0.7799497553629708 0.1266315923841752
v -0.7785194029273994 0.8206057822850366 0.13160815756931413
v -0.8375617496450155 0.80677227078153 0.10230423803977645
v -0.7776846993093877 0.737155466076532 0.16726633658987825
v -0.7785194029273994 0.8206057822850366 0.13160815756931413
v -0.8351570436403281 0.7799497553629708 0.1266315923841752
v -0.8351570436403281 0.7799497553629708 0.1266315923841752
v -0.8732637214728152 0.6985337046511405 0.1726308719268123
v -0.7776846993093877 0.737155466076532 0.16726633658987825
v -0.8732637214728152 0.6985337046511405 0.1726308719268123
v -0.8351570436403281 0.7799497553629708 0.1266315923841752
v -0.8661901524855107 0.7708291216101559 0.1256119596185086
v -0.8603427704117971 0.8044175792463715 1.704204952681188e-16
v -0.8661901524855107 0.7708291216101559 0.1256119596185086
v -0.8351570436403281 0.7799497553629708 0.1266315923841752
v -0.8661901524855107 0.7708291216101559 0.1256119596185086
v -0.8603427704117971 0.8044175792463715 1.704204952681188e-16
v -0.8625498939381515 0.8013098443435976 1.6958643561905898e-16
v -0.8661901524855107 0.7708291216101559 0.1256119596185086
v -0.8625498939381515 0.8013098443435976 1.6958643561905898e-16
v -0.8775588635598339 0.8172852333980717 1.7387397104667465e-16
v -0.9145392114618957 0.7988177757178516 0.15523960850721064
v -0.8732637214728152 0.6985337046511405 0.1726308719268123
v -0.8661901524855107 0.7708291216101559 0.1256119596185086
v -0.8775588635598339 0.8172852333980717 1.7387397104667465e-16
v -0.9145392114618957 0.7988177757178516 0.15523960850721064
v -0.8661901524855107 0.7708291216101559 0.1256119596185086
v -0.9960839999240473 0.7570351361467482 0.20950142259679166
v -0.8732637214728152 0.6985337046511405 0.1726308719268123
v -0.9145392114618957 0.7988177757178516 0.15523960850721064
v -0.9145392114618957 0.7988177757178516 0.15523960850721064
v -0.9838716717364492 0.8867847855511909 0.1933430145942452
v -0.9960839999240473 0.7570351361467482 0.20950142259679166
v -0.8775588635598339 0.8172852333980717 1.7387397104667465e-16
v -0.9057061314277555 0.8534583084368502 0.13812718677062752
v -0.9145392114618957 0.7988177757178516 0.15523960850721064
v -0.9838716717364492 0.8867847855511909 0.1933430145942452
v -0.9145392114618957 0.7988177757178516 0.15523960850721064
v -0.9057061314277555 0.8534583084368502 0.13812718677062752
v -0.9057061314277555 0.8534583084368502 0.13812718677062752
v -0.8775588635598339 0.8172852333980717 1.7387397104667465e-16
v -0.8734704112180475 0.8397501234019499 1.7990323436218257e-16
v -0.9057061314277555 0.8534583084368502 0.13812718677062752
v -0.8734704112180475 0.8397501234019499 1.7990323436218257e-16
v -0.8467197201224428 0.8741166896995021 1.8912673810612724e-16
v -0.8617485836321038 0.9093877756829755 0.1557261516326931
v -0.9838716717364492 0.8867847855511909 0.1933430145942452
v -0.9057061314277555 0.8534583084368502 0.13812718677062752
v -0.8467197201224428 0.8741166896995021 1.8912673810612724e-16
v -0.8617485836321038 0.9093877756829755 0.1557261516326931
v -0.9057061314277555 0.8534583084368502 0.13812718677062752
v -0.8940242207988598 0.9922312225684985 0.21553832398917672
v -0.9838716717364492 0.8867847855511909 0.1933430145942452
v -0.8617485836321038 0.9093877756829755 0.1557261516326931
v -0.8114268648091124 0.8681375325910089 1.8752200927647529e-16
v -0.8617485836321038 0.9093877756829755 0.1557261516326931
v -0.8467197201224428 0.8741166896995021 1.8912673810612724e-16
v -0.7910783885720793 0.9063400528776688 0.17627960699787715
v -0.8940242207988598 0.9922312225684985 0.21553832398917672
v -0.8617485836321038 0.9093877756829755 0.1557261516326931
v -0.8114268648091124 0.8681375325910089 1.8752200927647529e-16
v -0.7910783885720793 0.9063400528776688 0.17627960699787715
v -0.8617485836321038 0.9093877756829755 0.1557261516326931
v -0.7910783885720793 0.9063400528776688 0.17627960699787715
v -0.7435240516661128 0.9954430748451913 0.2454104906327689
v -0.8940242207988598 0.9922312225684985 0.21553832398917672
v -0.7910783885720793 0.9063400528776688 0.17627960699787715
v -0.6128109377499115 0.8561837976103752 0.24555975309108347
v -0.7435240516661128 0.9954430748451913 0.2454104906327689
v -0.8114268648091124 0.8681375325910089 1.8752200927647529e-16
v -0.7018326631552977 0.8012492297150313 0.17498112429626386
v -0.7910783885720793 0.9063400528776688 0.17627960699787715
v -0.6128109377499115 0.8561837976103752 0.24555975309108347
v -0.7910783885720793 0.9063400528776688 0.17627960699787715
v -0.7018326631552977 0.8012492297150313 0.17498112429626386
v -0.7018326631552977 0.8012492297150313 0.17498112429626386
v -0.8114268648091124 0.8681375325910089 1.8752200927647529e-16
v -0.7393209511062678 0.7788979770764375 1.6357137798438945e-16
v -0.7018326631552977 0.8012492297150313 0.17498112429626386
v -0.5719233785764141 0.6300765312994092 0.24559382117843956
v -0.6128109377499115 0.8561837976103752 0.24555975309108347
v -0.7393209511062678 0.7788979770764375 1.6357137798438945e-16
v -0.6745452892180881 0.6058333310097412 0.17407087584014616
v -0.7018326631552977 0.8012492297150313 0.17498112429626386
v -0.5719233785764141 0.6300765312994092 0.24559382117843956
v -0.7018326631552977 0.8012492297150313 0.17498112429626386
v -0.6745452892180881 0.6058333310097412 0.17407087584014616
v -0.6745452892180881 0.6058333310097412 0.17407087584014616
v -0.7393209511062678 0.7788979770764375 1.6357137798438945e-16
v -0.7167352521487309 0.5964652979876488 1.1460905806065047e-16
v -0.6745452892180881 0.6058333310097412 0.17407087584014616
v -0.6552496388708323 0.3098028729299011 0.24548138328547942
v -0.5719233785764141 0.6300765312994092 0.24559382117843956
v -0.7167352521487309 0.5964652979876488 1.1460905806065047e-16
v -0.8006891387726562 0.3434603806300699 4.670614554550553e-17
v -0.6745452892180881 0.6058333310097412 0.17407087584014616
v -0.6552496388708323 0.3098028729299011 0.24548138328547942
v -0.6745452892180881 0.6058333310097412 0.17407087584014616
v -0.7586001308644504 0.33361984272008827 0.1726450009397856
v -0.7586001308644504 0.33361984272008827 0.1726450009397856
v -0.6745452892180881 0.6058333310097412 0.17407087584014616
v -0.8006891387726562 0.3434603806300699 4.670614554550553e-17
v -0.7586001308644504 0.33361984272008827 0.1726450009397856
v -0.753917962229484 -0.057790911760309094 0.28610838624458845
v -0.6552496388708323 0.3098028729299011 0.24548138328547942
v -0.8006891387726562 0.3434603806300699 4.670614554550553e-17
v -0.9294273321731625 -0.05098542843927624 -5.915747977590654e-17
v -0.7586001308644504 0.33361984272008827 0.1726450009397856
v -0.753917962229484 -0.057790911760309094 0.28610838624458845
v -0.7586001308644504 0.33361984272008827 0.1726450009397856
v -0.8779197309369006 -0.05298177966654139 0.20282843502105286
v -0.8779197309369006 -0.05298177966654139 0.20282843502105286
v -0.7586001308644504 0.33361984272008827 0.1726450009397856
v -0.9294273321731625 -0.05098542843927624 -5.915747977590654e-17
v -0.8779197309369006 -0.05298177966654139 0.20282843502105286
v -0.7266694718005964 -0.25774816267566353 0.367330799953892
v -0.753917962229484 -0.057790911760309094 0.28610838624458845
v -0.9294273321731625 -0.05098542843927624 -5.915747977590654e-17
v -0.879659412686303 -0.2986841255463562 0.2601358436874742
v -0.8779197309369006 -0.05298177966654139 0.20282843502105286
v -0.7266694718005964 -0.25774816267566353 0.367330799953892
v -0.8779197309369006 -0.05298177966654139 0.20282843502105286
v -0.879659412686303 -0.2986841255463562 0.2601358436874742
v -0.3876256252560019 -0.724092471342514 0.2670303728661653
v -1.1202422715229319e-7 -0.8055122577471586 0.2881645207610369
v -1.1202422715229319e-7 -0.6411394843031804 0.40704699325776994
v -0.3876256252560019 -0.724092471342514 0.2670303728661653
v -1.1202422715229319e-7 -0.6411394843031804 0.40704699325776994
v -0.3301138806923766 -0.5816838845590883 0.3759785481746328
v 0.38762539918909306 -0.7240925918487338 0.2670303728661653
v -1.1202422715229319e-7 -0.6411394843031804 0.40704699325776994
v -1.1202422715229319e-7 -0.8055122577471586 0.2881645207610369
v -0.6093585730990776 -0.4319730125001705 0.4011698850600043
v -0.3876256252560019 -0.724092471342514 0.2670303728661653
v -0.3301138806923766 -0.5816838845590883 0.3759785481746328
v -1.1202422715229319e-7 -0.6411394843031804 0.40704699325776994
v 0.38762539918909306 -0.7240925918487338 0.2670303728661653
v 0.330113525444377 -0.581684005065308 0.3759785481746328
v -0.3876256252560019 -0.724092471342514 0.2670303728661653
v -1.1202422715229319e-7 -0.8736035742155356 -2.79936472234788e-16
v -1.1202422715229319e-7 -0.8055122577471586 0.2881645207610369
v -1.1202422715229319e-7 -0.8736035742155356 -2.79936472234788e-16
v 0.38762539918909306 -0.7240925918487338 0.2670303728661653
v -1.1202422715229319e-7 -0.8055122577471586 0.2881645207610369
v -1.1202422715229319e-7 -0.8736035742155356 -2.79936472234788e-16
v -0.3876256252560019 -0.724092471342514 0.2670303728661653
v -0.4115599102106345 -0.783502881254176 -2.5575470909120764e-16
v 0.38762539918909306 -0.7240925918487338 0.2670303728661653
v 0.6093583793274414 -0.4319730125001705 0.4011698850600043
v 0.330113525444377 -0.581684005065308 0.3759785481746328
v 0.38762539918909306 -0.7240925918487338 0.2670303728661653
v -1.1202422715229319e-7 -0.8736035742155356 -2.79936472234788e-16
v 0.41155955496263485 -0.7835030017603958 -2.5575476773178897e-16
v 0.6093583793274414 -0.4319730125001705 0.4011698850600043
v 0.38762539918909306 -0.7240925918487338 0.2670303728661653
v 0.7444548014251122 -0.5340585009203207 0.28416439251568715
v 0.41155955496263485 -0.7835030017603958 -2.5575476773178897e-16
v 0.7444548014251122 -0.5340585009203207 0.28416439251568715
v 0.38762539918909306 -0.7240925918487338 0.2670303728661653
v 0.41155955496263485 -0.7835030017603958 -2.5575476773178897e-16
v 0.800462684320536 -0.5764922355970771 -2.0019601278947094e-16
v 0.7444548014251122 -0.5340585009203207 0.28416439251568715
v 0.7444548014251122 -0.5340585009203207 0.28416439251568715
v 0.7266692780289602 -0.2577483133084383 0.367330799953892
v 0.6093583793274414 -0.4319730125001705 0.4011698850600043
v 0.9431202694326235 -0.3157280432519179 -1.3021061929812902e-16
v 0.7444548014251122 -0.5340585009203207 0.28416439251568715
v 0.800462684320536 -0.5764922355970771 -2.0019601278947094e-16
v -0.3876256252560019 -0.724092471342514 0.2670303728661653
v -0.7444549951967483 -0.5340583804141009 0.28416439251568715
v -0.4115599102106345 -0.783502881254176 -2.5575470909120764e-16
v -0.7444549951967483 -0.5340583804141009 0.28416439251568715
v -0.3876256252560019 -0.724092471342514 0.2670303728661653
v -0.6093585730990776 -0.4319730125001705 0.4011698850600043
v -0.8004628780921722 -0.5764921150908573 -2.0019598346918027e-16
v -0.4115599102106345 -0.783502881254176 -2.5575470909120764e-16
v -0.7444549951967483 -0.5340583804141009 0.28416439251568715
v -0.7266694718005964 -0.25774816267566353 0.367330799953892
v -0.7444549951967483 -0.5340583804141009 0.28416439251568715
v -0.6093585730990776 -0.4319730125001705 0.4011698850600043
v -0.7444549951967483 -0.5340583804141009 0.28416439251568715
v -0.9431204632042596 -0.31572792274569805 -1.3021058997783833e-16
v -0.8004628780921722 -0.5764921150908573 -2.0019598346918027e-16
v 0.7444548014251122 -0.5340585009203207 0.28416439251568715
v 0.9431202694326235 -0.3157280432519179 -1.3021061929812902e-16
v 0.8796591543241215 -0.29868424605257604 0.2601358436874742
v 0.7444548014251122 -0.5340585009203207 0.28416439251568715
v 0.8796591543241215 -0.29868424605257604 0.2601358436874742
v 0.7266692780289602 -0.2577483133084383 0.367330799953892
v 0.9294272675826172 -0.050985548945496055 -5.915751276123357e-17
v 0.8796591543241215 -0.29868424605257604 0.2601358436874742
v 0.9431202694326235 -0.3157280432519179 -1.3021061929812902e-16
v 0.877919472574719 -0.052981915236038686 0.20282843502105286
v 0.7266692780289602 -0.2577483133084383 0.367330799953892
v 0.8796591543241215 -0.29868424605257604 0.2601358436874742
v 0.8796591543241215 -0.29868424605257604 0.2601358436874742
v 0.9294272675826172 -0.050985548945496055 -5.915751276123357e-17
v 0.877919472574719 -0.052981915236038686 0.20282843502105286
v 0.7266692780289602 -0.2577483133084383 0.367330799953892
v 0.877919472574719 -0.052981915236038686 0.20282843502105286
v 0.7539178976389387 -0.05779104732980638 0.28610838624458845
v -0.9431204632042596 -0.31572792274569805 -1.3021058997783833e-16
v -0.7444549951967483 -0.5340583804141009 0.28416439251568715
v -0.879659412686303 -0.2986841255463562 0.2601358436874742
v -0.7444549951967483 -0.5340583804141009 0.28416439251568715
v -0.7266694718005964 -0.25774816267566353 0.367330799953892
v -0.879659412686303 -0.2986841255463562 0.2601358436874742
v -0.879659412686303 -0.2986841255463562 0.2601358436874742
v -0.9294273321731625 -0.05098542843927624 -5.915747977590654e-17
v -0.9431204632042596 -0.31572792274569805 -1.3021058997783833e-16
v 0.7585999370928143 0.3336197222138685 0.1726450009397856
v 0.7539178976389387 -0.05779104732980638 0.28610838624458845
v 0.877919472574719 -0.052981915236038686 0.20282843502105286
v 0.9294272675826172 -0.050985548945496055 -5.915751276123357e-17
v 0.7585999370928143 0.3336197222138685 0.1726450009397856
v 0.877919472574719 -0.052981915236038686 0.20282843502105286
v 0.7539178976389387 -0.05779104732980638 0.28610838624458845
v 0.7585999370928143 0.3336197222138685 0.1726450009397856
v 0.655249574280287 0.3098027524236813 0.24548138328547942
v 0.9294272675826172 -0.050985548945496055 -5.915751276123357e-17
v 0.8006888804104747 0.3434602601238501 4.670610889514217e-17
v 0.7585999370928143 0.3336197222138685 0.1726450009397856
v 0.6745452892180881 0.6058333310097412 0.17407087584014616
v 0.655249574280287 0.3098027524236813 0.24548138328547942
v 0.7585999370928143 0.3336197222138685 0.1726450009397856
v 0.8006888804104747 0.3434602601238501 4.670610889514217e-17
v 0.6745452892180881 0.6058333310097412 0.17407087584014616
v 0.7585999370928143 0.3336197222138685 0.1726450009397856
v 0.8006888804104747 0.3434602601238501 4.670610889514217e-17
v 0.7167353167392763 0.5964652979876488 1.1460905806065047e-16
v 0.6745452892180881 0.6058333310097412 0.17407087584014616
v 0.655249574280287 0.3098027524236813 0.24548138328547942
v 0.6745452892180881 0.6058333310097412 0.17407087584014616
v 0.5719234431669594 0.6300765312994092 0.24559382117843956
v 0.7393208865157225 0.7788979770764375 1.6357137798438945e-16
v 0.6745452892180881 0.6058333310097412 0.17407087584014616
v 0.7167353167392763 0.5964652979876488 1.1460905806065047e-16
v 0.7018325339742069 0.8012492297150313 0.17498112429626386
v 0.5719234431669594 0.6300765312994092 0.24559382117843956
v 0.6745452892180881 0.6058333310097412 0.17407087584014616
v 0.6745452892180881 0.6058333310097412 0.17407087584014616
v 0.7393208865157225 0.7788979770764375 1.6357137798438945e-16
v 0.7018325339742069 0.8012492297150313 0.17498112429626386
v 0.5719234431669594 0.6300765312994092 0.24559382117843956
v 0.7018325339742069 0.8012492297150313 0.17498112429626386
v 0.6128110023404569 0.8561837976103752 0.24555975309108347
v 0.8114268002185671 0.8681375325910089 1.8752200927647529e-16
v 0.7018325339742069 0.8012492297150313 0.17498112429626386
v 0.7393208865157225 0.7788979770764375 1.6357137798438945e-16
v 0.7910783885720793 0.9063400528776688 0.17627960699787715
v 0.6128110023404569 0.8561837976103752 0.24555975309108347
v 0.7018325339742069 0.8012492297150313 0.17498112429626386
v 0.7018325339742069 0.8012492297150313 0.17498112429626386
v 0.8114268002185671 0.8681375325910089 1.8752200927647529e-16
v 0.7910783885720793 0.9063400528776688 0.17627960699787715
v 0.6128110023404569 0.8561837976103752 0.24555975309108347
v 0.7910783885720793 0.9063400528776688 0.17627960699787715
v 0.7435240516661128 0.9954430748451913 0.2454104906327689
v 0.7910783885720793 0.9063400528776688 0.17627960699787715
v 0.8940242853894051 0.992230861049839 0.21553832398917672
v 0.7435240516661128 0.9954430748451913 0.2454104906327689
v 0.8114268002185671 0.8681375325910089 1.8752200927647529e-16
v 0.8617484544510131 0.9093875346705359 0.1557261516326931
v 0.7910783885720793 0.9063400528776688 0.17627960699787715
v 0.8940242853894051 0.992230861049839 0.21553832398917672
v 0.7910783885720793 0.9063400528776688 0.17627960699787715
v 0.8617484544510131 0.9093875346705359 0.1557261516326931
v 0.846719590941352 0.8741166896995021 1.8912673810612724e-16
v 0.8617484544510131 0.9093875346705359 0.1557261516326931
v 0.8114268002185671 0.8681375325910089 1.8752200927647529e-16
v 0.9838716071459037 0.8867845445387513 0.1933430145942452
v 0.8940242853894051 0.992230861049839 0.21553832398917672
v 0.8617484544510131 0.9093875346705359 0.1557261516326931
v 0.846719590941352 0.8741166896995021 1.8912673810612724e-16
v 0.90570606683721 0.8534580674244105 0.13812718677062752
v 0.8617484544510131 0.9093875346705359 0.1557261516326931
v 0.9838716071459037 0.8867845445387513 0.1933430145942452
v 0.8617484544510131 0.9093875346705359 0.1557261516326931
v 0.90570606683721 0.8534580674244105 0.13812718677062752
v 0.8734702820369568 0.8397498823895102 1.7990316106145583e-16
v 0.90570606683721 0.8534580674244105 0.13812718677062752
v 0.846719590941352 0.8741166896995021 1.8912673810612724e-16
v 0.8775589281503793 0.8172851128918519 1.7387394172638396e-16
v 0.90570606683721 0.8534580674244105 0.13812718677062752
v 0.8734702820369568 0.8397498823895102 1.7990316106145583e-16
v 0.914539276052441 0.798817534705412 0.15523960850721064
v 0.9838716071459037 0.8867845445387513 0.1933430145942452
v 0.90570606683721 0.8534580674244105 0.13812718677062752
v 0.90570606683721 0.8534580674244105 0.13812718677062752
v 0.8775589281503793 0.8172851128918519 1.7387394172638396e-16
v 0.914539276052441 0.798817534705412 0.15523960850721064
v -0.3876256252560019 -0.724092471342514 -0.2670303728661653
v -1.1202422715229319e-7 -0.8055122577471586 -0.2881645207610369
v -1.1202422715229319e-7 -0.8736035742155356 -2.79936472234788e-16
v 0.38762539918909306 -0.7240925918487338 -0.2670303728661653
v -1.1202422715229319e-7 -0.8736035742155356 -2.79936472234788e-16
v -1.1202422715229319e-7 -0.8055122577471586 -0.2881645207610369
v -0.3876256252560019 -0.724092471342514 -0.2670303728661653
v -1.1202422715229319e-7 -0.8736035742155356 -2.79936472234788e-16
v -0.4115599102106345 -0.783502881254176 -2.5575470909120764e-16
v -1.1202422715229319e-7 -0.8736035742155356 -2.79936472234788e-16
v 0.38762539918909306 -0.7240925918487338 -0.2670303728661653
v 0.41155955496263485 -0.7835030017603958 -2.5575476773178897e-16
v -0.3876256252560019 -0.724092471342514 -0.2670303728661653
v -1.1202422715229319e-7 -0.6411394843031804 -0.40704699325776994
v -1.1202422715229319e-7 -0.8055122577471586 -0.2881645207610369
v -1.1202422715229319e-7 -0.6411394843031804 -0.40704699325776994
v 0.38762539918909306 -0.7240925918487338 -0.2670303728661653
v -1.1202422715229319e-7 -0.8055122577471586 -0.2881645207610369
v -1.1202422715229319e-7 -0.6411394843031804 -0.40704699325776994
v -0.3876256252560019 -0.724092471342514 -0.2670303728661653
v -0.3301138806923766 -0.5816838845590883 -0.3759785481746328
v 0.38762539918909306 -0.7240925918487338 -0.2670303728661653
v -1.1202422715229319e-7 -0.6411394843031804 -0.40704699325776994
v 0.330113525444377 -0.581684005065308 -0.3759785481746328
v -0.3876256252560019 -0.724092471342514 -0.2670303728661653
v -0.6093585730990776 -0.4319730125001705 -0.4011698850600043
v -0.3301138806923766 -0.5816838845590883 -0.3759785481746328
v 0.6093583793274414 -0.4319730125001705 -0.4011698850600043
v 0.38762539918909306 -0.7240925918487338 -0.2670303728661653
v 0.330113525444377 -0.581684005065308 -0.3759785481746328
v -0.6093585730990776 -0.4319730125001705 -0.4011698850600043
v -0.3876256252560019 -0.724092471342514 -0.2670303728661653
v -0.7444549951967483 -0.5340583804141009 -0.28416439251568715
v -0.4115599102106345 -0.783502881254176 -2.5575470909120764e-16
v -0.7444549951967483 -0.5340583804141009 -0.28416439251568715
v -0.3876256252560019 -0.724092471342514 -0.2670303728661653
v -0.7444549951967483 -0.5340583804141009 -0.28416439251568715
v -0.4115599102106345 -0.783502881254176 -2.5575470909120764e-16
v -0.8004628780921722 -0.5764921150908573 -2.0019598346918027e-16
v -0.7444549951967483 -0.5340583804141009 -0.28416439251568715
v -0.7266694718005964 -0.25774816267566353 -0.367330799953892
v -0.6093585730990776 -0.4319730125001705 -0.4011698850600043
v -0.7444549951967483 -0.5340583804141009 -0.28416439251568715
v -0.8004628780921722 -0.5764921150908573 -2.0019598346918027e-16
v -0.9431204632042596 -0.31572792274569805 -1.3021058997783833e-16
v 0.38762539918909306 -0.7240925918487338 -0.2670303728661653
v 0.6093583793274414 -0.4319730125001705 -0.4011698850600043
v 0.7444548014251122 -0.5340585009203207 -0.28416439251568715
v 0.7444548014251122 -0.5340585009203207 -0.28416439251568715
v 0.41155955496263485 -0.7835030017603958 -2.5575476773178897e-16
v 0.38762539918909306 -0.7240925918487338 -0.2670303728661653
v 0.41155955496263485 -0.7835030017603958 -2.5575476773178897e-16
v 0.7444548014251122 -0.5340585009203207 -0.28416439251568715
v 0.800462684320536 -0.5764922355970771 -2.0019601278947094e-16
v 0.7266692780289602 -0.2577483133084383 -0.367330799953892
v 0.7444548014251122 -0.5340585009203207 -0.28416439251568715
v 0.6093583793274414 -0.4319730125001705 -0.4011698850600043
v 0.7444548014251122 -0.5340585009203207 -0.28416439251568715
v 0.9431202694326235 -0.3157280432519179 -1.3021061929812902e-16
v 0.800462684320536 -0.5764922355970771 -2.0019601278947094e-16
v -0.879659412686303 -0.2986841255463562 -0.2601358436874742
v -0.7444549951967483 -0.5340583804141009 -0.28416439251568715
v -0.9431204632042596 -0.31572792274569805 -1.3021058997783833e-16
v -0.7266694718005964 -0.25774816267566353 -0.367330799953892
v -0.7444549951967483 -0.5340583804141009 -0.28416439251568715
v -0.879659412686303 -0.2986841255463562 -0.2601358436874742
v -0.9431204632042596 -0.31572792274569805 -1.3021058997783833e-16
v -0.9294273321731625 -0.05098542843927624 -5.915747977590654e-17
v -0.879659412686303 -0.2986841255463562 -0.2601358436874742
v -0.8779197309369006 -0.05298177966654139 -0.20282843502105286
v -0.7266694718005964 -0.25774816267566353 -0.367330799953892
v -0.879659412686303 -0.2986841255463562 -0.2601358436874742
v -0.8779197309369006 -0.05298177966654139 -0.20282843502105286
v -0.879659412686303 -0.2986841255463562 -0.2601358436874742
v -0.9294273321731625 -0.05098542843927624 -5.915747977590654e-17
v -0.7266694718005964 -0.25774816267566353 -0.367330799953892
v -0.8779197309369006 -0.05298177966654139 -0.20282843502105286
v -0.753917962229484 -0.057790911760309094 -0.28610838624458845
v 0.9431202694326235 -0.3157280432519179 -1.3021061929812902e-16
v 0.7444548014251122 -0.5340585009203207 -0.28416439251568715
v 0.8796591543241215 -0.29868424605257604 -0.2601358436874742
v 0.7444548014251122 -0.5340585009203207 -0.28416439251568715
v 0.7266692780289602 -0.2577483133084383 -0.367330799953892
v 0.8796591543241215 -0.29868424605257604 -0.2601358436874742
v 0.8796591543241215 -0.29868424605257604 -0.2601358436874742
v 0.9294272675826172 -0.050985548945496055 -5.915751276123357e-17
v 0.9431202694326235 -0.3157280432519179 -1.3021061929812902e-16
v -0.753917962229484 -0.057790911760309094 -0.28610838624458845
v -0.8779197309369006 -0.05298177966654139 -0.20282843502105286
v -0.7586001308644504 0.33361984272008827 -0.1726450009397856
v -0.9294273321731625 -0.05098542843927624 -5.915747977590654e-17
v -0.7586001308644504 0.33361984272008827 -0.1726450009397856
v -0.8779197309369006 -0.05298177966654139 -0.20282843502105286
v -0.6552496388708323 0.3098028729299011 -0.24548138328547942
v -0.753917962229484 -0.057790911760309094 -0.28610838624458845
v -0.7586001308644504 0.33361984272008827 -0.1726450009397856
v -0.7586001308644504 0.33361984272008827 -0.1726450009397856
v -0.9294273321731625 -0.05098542843927624 -5.915747977590654e-17
v -0.8006891387726562 0.3434603806300699 4.670614554550553e-17
v -0.6552496388708323 0.3098028729299011 -0.24548138328547942
v -0.7586001308644504 0.33361984272008827 -0.1726450009397856
v -0.6745452892180881 0.6058333310097412 -0.17407087584014616
v -0.8006891387726562 0.3434603806300699 4.670614554550553e-17
v -0.6745452892180881 0.6058333310097412 -0.17407087584014616
v -0.7586001308644504 0.33361984272008827 -0.1726450009397856
v -0.6745452892180881 0.6058333310097412 -0.17407087584014616
v -0.8006891387726562 0.3434603806300699 4.670614554550553e-17
v -0.7167352521487309 0.5964652979876488 1.1460905806065047e-16
v -0.5719233785764141 0.6300765312994092 -0.24559382117843956
v -0.6552496388708323 0.3098028729299011 -0.24548138328547942
v -0.6745452892180881 0.6058333310097412 -0.17407087584014616
v -0.7167352521487309 0.5964652979876488 1.1460905806065047e-16
v -0.7393209511062678 0.7788979770764375 1.6357137798438945e-16
v -0.6745452892180881 0.6058333310097412 -0.17407087584014616
v -0.7018325339742069 0.8012492297150313 -0.17498112429626386
v -0.5719233785764141 0.6300765312994092 -0.24559382117843956
v -0.6745452892180881 0.6058333310097412 -0.17407087584014616
v -0.7018325339742069 0.8012492297150313 -0.17498112429626386
v -0.6745452892180881 0.6058333310097412 -0.17407087584014616
v -0.7393209511062678 0.7788979770764375 1.6357137798438945e-16
v -0.5719233785764141 0.6300765312994092 -0.24559382117843956
v -0.7018325339742069 0.8012492297150313 -0.17498112429626386
v -0.6128109377499115 0.8561837976103752 -0.24555975309108347
v -0.7018325339742069 0.8012492297150313 -0.17498112429626386
v -0.7393209511062678 0.7788979770764375 1.6357137798438945e-16
v -0.8114268648091124 0.8681375325910089 1.8752200927647529e-16
v -0.7910783885720793 0.9063400528776688 -0.17627960699787715
v -0.6128109377499115 0.8561837976103752 -0.24555975309108347
v -0.7018325339742069 0.8012492297150313 -0.17498112429626386
v -0.7910783885720793 0.9063400528776688 -0.17627960699787715
v -0.7018325339742069 0.8012492297150313 -0.17498112429626386
v -0.8114268648091124 0.8681375325910089 1.8752200927647529e-16
v -0.6128109377499115 0.8561837976103752 -0.24555975309108347
v -0.7910783885720793 0.9063400528776688 -0.17627960699787715
v -0.7435240516661128 0.9954430748451913 -0.24541077123232563
v -0.7910783885720793 0.9063400528776688 -0.17627960699787715
v -0.8940242207988598 0.9922312225684985 -0.21553832398917672
v -0.7435240516661128 0.9954430748451913 -0.24541077123232563
v -0.8114268648091124 0.8681375325910089 1.8752200927647529e-16
v -0.8617485836321038 0.9093877756829755 -0.1557261516326931
v -0.7910783885720793 0.9063400528776688 -0.17627960699787715
v -0.8940242207988598 0.9922312225684985 -0.21553832398917672
v -0.7910783885720793 0.9063400528776688 -0.17627960699787715
v -0.8617485836321038 0.9093877756829755 -0.1557261516326931
v -0.8617485836321038 0.9093877756829755 -0.1557261516326931
v -0.8114268648091124 0.8681375325910089 1.8752200927647529e-16
v -0.8467197201224428 0.8741166896995021 1.8912673810612724e-16
v -0.8617485836321038 0.9093877756829755 -0.1557261516326931
v -0.9838716717364492 0.8867847855511909 -0.1933430145942452
v -0.8940242207988598 0.9922312225684985 -0.21553832398917672
v -0.8467197201224428 0.8741166896995021 1.8912673810612724e-16
v -0.9057061314277555 0.8534583084368502 -0.13812718677062752
v -0.8617485836321038 0.9093877756829755 -0.1557261516326931
v -0.9838716717364492 0.8867847855511909 -0.1933430145942452
v -0.8617485836321038 0.9093877756829755 -0.1557261516326931
v -0.9057061314277555 0.8534583084368502 -0.13812718677062752
v -0.9057061314277555 0.8534583084368502 -0.13812718677062752
v -0.8467197201224428 0.8741166896995021 1.8912673810612724e-16
v -0.8734704112180475 0.8397501234019499 1.7990323436218257e-16
v -0.9057061314277555 0.8534583084368502 -0.13812718677062752
v -0.8734704112180475 0.8397501234019499 1.7990323436218257e-16
v -0.8775588635598339 0.8172852333980717 1.7387397104667465e-16
v -0.9145392114618957 0.7988177757178516 -0.15523960850721064
v -0.9838716717364492 0.8867847855511909 -0.1933430145942452
v -0.9057061314277555 0.8534583084368502 -0.13812718677062752
v -0.9145392114618957 0.7988177757178516 -0.15523960850721064
v -0.9057061314277555 0.8534583084368502 -0.13812718677062752
v -0.8775588635598339 0.8172852333980717 1.7387397104667465e-16
v 0.5409288948773717 0.7333207171496225 0.08717514348760314
v -0.5409292501253713 0.7730987357541259 0.12328415521359402
v -0.5409292501253713 0.7333207171496225 0.08717514348760314
v -0.5409292501253713 0.7168441427269434 1.469170130691723e-16
v 0.5409288948773717 0.7333207171496225 0.08717514348760314
v -0.5409292501253713 0.7333207171496225 0.08717514348760314
v -0.5409292501253713 0.7730987357541259 0.12328415521359402
v 0.5409288948773717 0.7333207171496225 0.08717514348760314
v 0.5409290240584624 0.7730987357541259 0.12328415521359402
v -0.5409292501253713 0.7168441427269434 1.469170130691723e-16
v 0.5409288948773717 0.7168441427269434 1.469170130691723e-16
v 0.5409288948773717 0.7333207171496225 0.08717514348760314
v -0.5409292501253713 0.7730987357541259 0.12328415521359402
v 0.5409290240584624 0.7730987357541259 0.12328415521359402
v 0.5409290240584624 0.8128767543586294 0.08717514348760314
v -0.5409292501253713 0.7333207171496225 -0.08717514348760314
v 0.5409288948773717 0.7168441427269434 1.469170130691723e-16
v -0.5409292501253713 0.7168441427269434 1.469170130691723e-16
v -0.5409292501253713 0.7730987357541259 0.12328415521359402
v 0.5409290240584624 0.8128767543586294 0.08717514348760314
v -0.5409292501253713 0.8128767543586294 0.08717514348760314
v -0.5409292501253713 0.7333207171496225 -0.08717514348760314
v 0.5409288948773717 0.7333207171496225 -0.08717514348760314
v 0.5409288948773717 0.7168441427269434 1.469170130691723e-16
v 0.5409290240584624 0.8293533287813084 1.771128955981201e-16
v -0.5409292501253713 0.8128767543586294 0.08717514348760314
v 0.5409290240584624 0.8128767543586294 0.08717514348760314
v -0.5409292501253713 0.7730987357541259 -0.12328415521359402
v 0.5409288948773717 0.7333207171496225 -0.08717514348760314
v -0.5409292501253713 0.7333207171496225 -0.08717514348760314
v 0.5409290240584624 0.8293533287813084 1.771128955981201e-16
v -0.5409292501253713 0.8293533287813084 1.771128955981201e-16
v -0.5409292501253713 0.8128767543586294 0.08717514348760314
v -0.5409292501253713 0.7730987357541259 -0.12328415521359402
v 0.5409290240584624 0.7730987357541259 -0.12328415521359402
v 0.5409288948773717 0.7333207171496225 -0.08717514348760314
v 0.5409290240584624 0.8128767543586294 -0.08717514348760314
v -0.5409292501253713 0.8293533287813084 1.771128955981201e-16
v 0.5409290240584624 0.8293533287813084 1.771128955981201e-16
v -0.5409292501253713 0.8128767543586294 -0.08717514348760314
v 0.5409290240584624 0.7730987357541259 -0.12328415521359402
v -0.5409292501253713 0.7730987357541259 -0.12328415521359402
v 0.5409290240584624 0.8128767543586294 -0.08717514348760314
v -0.5409292501253713 0.8128767543586294 -0.08717514348760314
v -0.5409292501253713 0.8293533287813084 1.771128955981201e-16
v -0.5409292501253713 0.8128767543586294 -0.08717514348760314
v 0.5409290240584624 0.8128767543586294 -0.08717514348760314
v 0.5409290240584624 0.7730987357541259 -0.12328415521359402
v 0.4133272690087344 -0.9874265190783089 -0.4342141801746577
v -0.41980880105703905 -1.1188408414032571 -0.4342141801746577
v -0.41980880105703905 -0.9874265190783089 -0.4342141801746577
v -0.41980880105703905 -0.9874265190783089 -0.4342141801746577
v -0.41980880105703905 -1.1188408414032571 -0.4342141801746577
v -0.48004655729337004 -1.1188408414032571 -0.3137438443040598
v -0.41980880105703905 -1.1188408414032571 -0.4342141801746577
v 0.4133272690087344 -0.9874265190783089 -0.4342141801746577
v 0.4133272690087344 -1.1188408414032571 -0.4342141801746577
v -0.48004655729337004 -1.1188408414032571 -0.3137438443040598
v -0.48004655729337004 -0.9874265190783089 -0.3137438443040598
v -0.41980880105703905 -0.9874265190783089 -0.4342141801746577
v 0.47356502524506544 -0.9874265190783089 -0.3137438443040598
v 0.4133272690087344 -1.1188408414032571 -0.4342141801746577
v 0.4133272690087344 -0.9874265190783089 -0.4342141801746577
v -0.48004655729337004 -1.1188408414032571 -0.3137438443040598
v -0.48004655729337004 -1.1188408414032571 0.3137438443040598
v -0.48004655729337004 -0.9874265190783089 -0.3137438443040598
v 0.4133272690087344 -1.1188408414032571 -0.4342141801746577
v 0.47356502524506544 -0.9874265190783089 -0.3137438443040598
v 0.47356502524506544 -1.1188408414032571 -0.3137438443040598
v -0.48004655729337004 -0.9874265190783089 -0.3137438443040598
v -0.48004655729337004 -1.1188408414032571 0.3137438443040598
v -0.48004655729337004 -0.9874265190783089 0.3137438443040598
v 0.47356502524506544 -0.9874265190783089 -0.3137438443040598
v 0.47356502524506544 -0.9874265190783089 0.3137438443040598
v 0.47356502524506544 -1.1188408414032571 -0.3137438443040598
v -0.41980880105703905 -1.1188408414032571 0.4342141801746577
v -0.48004655729337004 -0.9874265190783089 0.3137438443040598
v -0.48004655729337004 -1.1188408414032571 0.3137438443040598
v 0.47356502524506544 -1.1188408414032571 -0.3137438443040598
v 0.47356502524506544 -0.9874265190783089 0.3137438443040598
v 0.47356502524506544 -1.1188408414032571 0.3137438443040598
v -0.48004655729337004 -0.9874265190783089 0.3137438443040598
v -0.41980880105703905 -1.1188408414032571 0.4342141801746577
v -0.41980880105703905 -0.9874265190783089 0.4342141801746577
v 0.4133272690087344 -0.9874265190783089 0.4342141801746577
v 0.47356502524506544 -1.1188408414032571 0.3137438443040598
v 0.47356502524506544 -0.9874265190783089 0.3137438443040598
v -0.41980880105703905 -1.1188408414032571 0.4342141801746577
v 0.4133272690087344 -1.1188408414032571 0.4342141801746577
v -0.41980880105703905 -0.9874265190783089 0.4342141801746577
v 0.47356502524506544 -1.1188408414032571 0.3137438443040598
v 0.4133272690087344 -0.9874265190783089 0.4342141801746577
v 0.4133272690087344 -1.1188408414032571 0.4342141801746577
v 0.4133272690087344 -0.9874265190783089 0.4342141801746577
v -0.41980880105703905 -0.9874265190783089 0.4342141801746577
v 0.4133272690087344 -1.1188408414032571 0.4342141801746577
v 0.9838716071459037 0.8867845445387513 0.1933430145942452
v 0.914539276052441 0.798817534705412 0.15523960850721064
v 0.9960840645145926 0.7570348951343087 0.20950142259679166
v 0.9960840645145926 0.7570348951343087 0.20950142259679166
v 0.914539276052441 0.798817534705412 0.15523960850721064
v 0.8732637214728152 0.6985334636387008 0.1726308719268123
v 0.8775589281503793 0.8172851128918519 1.7387394172638396e-16
v 0.866190217076056 0.7708288805977163 0.1256119596185086
v 0.914539276052441 0.798817534705412 0.15523960850721064
v 0.8732637214728152 0.6985334636387008 0.1726308719268123
v 0.914539276052441 0.798817534705412 0.15523960850721064
v 0.866190217076056 0.7708288805977163 0.1256119596185086
v 0.8625499585286969 0.801309603331158 1.6958636231833226e-16
v 0.866190217076056 0.7708288805977163 0.1256119596185086
v 0.8775589281503793 0.8172851128918519 1.7387394172638396e-16
v 0.8603428350023424 0.8044173382339319 1.704204219673921e-16
v 0.866190217076056 0.7708288805977163 0.1256119596185086
v 0.8625499585286969 0.801309603331158 1.6958636231833226e-16
v 0.8351569144592372 0.7799497553629708 0.1266315923841752
v 0.8732637214728152 0.6985334636387008 0.1726308719268123
v 0.866190217076056 0.7708288805977163 0.1256119596185086
v 0.866190217076056 0.7708288805977163 0.1256119596185086
v 0.8603428350023424 0.8044173382339319 1.704204219673921e-16
v 0.8351569144592372 0.7799497553629708 0.1266315923841752
v 0.8732637214728152 0.6985334636387008 0.1726308719268123
v 0.8351569144592372 0.7799497553629708 0.1266315923841752
v 0.777684763899933 0.737155466076532 0.16726633658987825
v 0.777684763899933 0.737155466076532 0.16726633658987825
v 0.8351569144592372 0.7799497553629708 0.1266315923841752
v 0.778519338336854 0.8206057822850366 0.13160815756931413
v 0.8351569144592372 0.7799497553629708 0.1266315923841752
v 0.8603428350023424 0.8044173382339319 1.704204219673921e-16
v 0.8375616850544702 0.80677227078153 0.10230423803977645
v 0.8351569144592372 0.7799497553629708 0.1266315923841752
v 0.8375616850544702 0.80677227078153 0.10230423803977645
v 0.778519338336854 0.8206057822850366 0.13160815756931413
v 0.8321101138428765 0.8622089880948373 0.10420780892665492
v 0.778519338336854 0.8206057822850366 0.13160815756931413
v 0.8375616850544702 0.80677227078153 0.10230423803977645
v 0.8811300748141765 0.8167576571677276 1.7373238336294168e-16
v 0.8375616850544702 0.80677227078153 0.10230423803977645
v 0.8665962978348922 0.7984374580881197 1.6881551721599602e-16
v 0.8375616850544702 0.80677227078153 0.10230423803977645
v 0.8811300748141765 0.8167576571677276 1.7373238336294168e-16
v 0.8676321364112332 0.8306932374394163 0.07447133692751744
v 0.8321101138428765 0.8622089880948373 0.10420780892665492
v 0.8375616850544702 0.80677227078153 0.10230423803977645
v 0.8676321364112332 0.8306932374394163 0.07447133692751744
v 0.8775443952776677 0.8525998221268979 -2.769223153280621e-7
v 0.8676321364112332 0.8306932374394163 0.07447133692751744
v 0.8811300748141765 0.8167576571677276 1.7373238336294168e-16
v 0.8716863557639655 0.8588908493322688 0.032977570190652915
v 0.8321101138428765 0.8622089880948373 0.10420780892665492
v 0.8676321364112332 0.8306932374394163 0.07447133692751744
v 0.8676321364112332 0.8306932374394163 0.07447133692751744
v 0.8775443952776677 0.8525998221268979 -2.769223153280621e-7
v 0.8716863557639655 0.8588908493322688 0.032977570190652915
v 0.8321101138428765 0.8622089880948373 0.10420780892665492
v 0.8716863557639655 0.8588908493322688 0.032977570190652915
v 0.8580614969393404 0.8733113466324876 0.04494919759860321
v 0.8453703590388025 0.8865224435106567 0.03034625610051353
v 0.8580614969393404 0.8733113466324876 0.04494919759860321
v 0.8716863557639655 0.8588908493322688 0.032977570190652915
v 0.8321101138428765 0.8622089880948373 0.10420780892665492
v 0.8580614969393404 0.8733113466324876 0.04494919759860321
v 0.8453703590388025 0.8865224435106567 0.03034625610051353
v 0.8775443952776677 0.8525998221268979 -2.769223153280621e-7
v 0.8404883472564146 0.8915596034988668 -2.769223153280621e-7
v 0.8716863557639655 0.8588908493322688 0.032977570190652915
v 0.8716863557639655 0.8588908493322688 0.032977570190652915
v 0.8404883472564146 0.8915596034988668 -2.769223153280621e-7
v 0.8453703590388025 0.8865224435106567 0.03034625610051353
v 0.798213706120772 0.8895281096452484 0.07037204975058253
v 0.8321101138428765 0.8622089880948373 0.10420780892665492
v 0.8453703590388025 0.8865224435106567 0.03034625610051353
v 0.798213706120772 0.8895281096452484 0.07037204975058253
v 0.8453703590388025 0.8865224435106567 0.03034625610051353
v 0.8404883472564146 0.8915596034988668 -2.769223153280621e-7
v 0.798213706120772 0.8895281096452484 0.07037204975058253
v 0.778519338336854 0.8206057822850366 0.13160815756931413
v 0.8321101138428765 0.8622089880948373 0.10420780892665492
v 0.798213706120772 0.8895281096452484 0.07037204975058253
v 0.7265790450370572 0.8303840184793745 0.08706935745472269
v 0.778519338336854 0.8206057822850366 0.13160815756931413
v 0.777684763899933 0.737155466076532 0.16726633658987825
v 0.778519338336854 0.8206057822850366 0.13160815756931413
v 0.7265790450370572 0.8303840184793745 0.08706935745472269
v 0.7265790450370572 0.8303840184793745 0.08706935745472269
v 0.798213706120772 0.8895281096452484 0.07037204975058253
v 0.7856346974070226 0.899767643649033 1.9601108371911837e-16
v 0.8404883472564146 0.8915596034988668 -2.769223153280621e-7
v 0.7856346974070226 0.899767643649033 1.9601108371911837e-16
v 0.798213706120772 0.8895281096452484 0.07037204975058253
v 0.7856346974070226 0.899767643649033 1.9601108371911837e-16
v 0.7066637129973767 0.8336315405971322 1.7826109284161255e-16
v 0.7265790450370572 0.8303840184793745 0.08706935745472269
v 0.7066637129973767 0.8336315405971322 1.7826109284161255e-16
v 0.7239196585119162 0.6980918083430838 0.11513267206768302
v 0.7265790450370572 0.8303840184793745 0.08706935745472269
v 0.7265790450370572 0.8303840184793745 0.08706935745472269
v 0.7239196585119162 0.6980918083430838 0.11513267206768302
v 0.777684763899933 0.737155466076532 0.16726633658987825
v 0.7066637129973767 0.8336315405971322 1.7826109284161255e-16
v 0.7016842340820028 0.6823409223761225 1.376568443017221e-16
v 0.7239196585119162 0.6980918083430838 0.11513267206768302
v 0.8782900931241387 0.6052038065174348 1.1695435879250317e-16
v 0.7239196585119162 0.6980918083430838 0.11513267206768302
v 0.7016842340820028 0.6823409223761225 1.376568443017221e-16
v 0.8772893918044873 0.6316053937101849 0.117741274099585
v 0.777684763899933 0.737155466076532 0.16726633658987825
v 0.7239196585119162 0.6980918083430838 0.11513267206768302
v 0.7239196585119162 0.6980918083430838 0.11513267206768302
v 0.8782900931241387 0.6052038065174348 1.1695435879250317e-16
v 0.8772893918044873 0.6316053937101849 0.117741274099585
v 0.777684763899933 0.737155466076532 0.16726633658987825
v 0.8772893918044873 0.6316053937101849 0.117741274099585
v 0.8732637214728152 0.6985334636387008 0.1726308719268123
v 0.8772893918044873 0.6316053937101849 0.117741274099585
v 0.9960840645145926 0.7570348951343087 0.20950142259679166
v 0.8732637214728152 0.6985334636387008 0.1726308719268123
v 0.8782900931241387 0.6052038065174348 1.1695435879250317e-16
v 1.0724307996557871 0.7186377573026497 0.14406468164358324
v 0.8772893918044873 0.6316053937101849 0.117741274099585
v 0.8772893918044873 0.6316053937101849 0.117741274099585
v 1.0724307996557871 0.7186377573026497 0.14406468164358324
v 0.9960840645145926 0.7570348951343087 0.20950142259679166
v 0.8782900931241387 0.6052038065174348 1.1695435879250317e-16
v 1.1034147550959317 0.7033134633538286 1.432855924464302e-16
v 1.0724307996557871 0.7186377573026497 0.14406468164358324
v 1.058432219935564 0.9193643651151268 0.1338462443924341
v 0.9960840645145926 0.7570348951343087 0.20950142259679166
v 1.0724307996557871 0.7186377573026497 0.14406468164358324
v 1.1034147550959317 0.7033134633538286 1.432855924464302e-16
v 1.058432219935564 0.9193643651151268 0.1338462443924341
v 1.0724307996557871 0.7186377573026497 0.14406468164358324
v 0.9960840645145926 0.7570348951343087 0.20950142259679166
v 1.058432219935564 0.9193643651151268 0.1338462443924341
v 0.9838716071459037 0.8867845445387513 0.1933430145942452
v 1.1034147550959317 0.7033134633538286 1.432855924464302e-16
v 1.0881943806192038 0.9325802822420884 2.048175356483151e-16
v 1.058432219935564 0.9193643651151268 0.1338462443924341
v 1.058432219935564 0.9193643651151268 0.1338462443924341
v 0.8940242853894051 0.992230861049839 0.21553832398917672
v 0.9838716071459037 0.8867845445387513 0.1933430145942452
v 1.0881943806192038 0.9325802822420884 2.048175356483151e-16
v 0.9235129697038845 1.073003890572744 0.15038238066295573
v 1.058432219935564 0.9193643651151268 0.1338462443924341
v 1.058432219935564 0.9193643651151268 0.1338462443924341
v 0.9235129697038845 1.073003890572744 0.15038238066295573
v 0.8940242853894051 0.992230861049839 0.21553832398917672
v 1.0881943806192038 0.9325802822420884 2.048175356483151e-16
v 0.9354064143689164 1.106076581588157 2.5138144113361984e-16
v 0.9235129697038845 1.073003890572744 0.15038238066295573
v 0.7435240516661128 0.9954430748451913 0.2454104906327689
v 0.8940242853894051 0.992230861049839 0.21553832398917672
v 0.9235129697038845 1.073003890572744 0.15038238066295573
v 0.9354064143689164 1.106076581588157 2.5138144113361984e-16
v 0.696779098884367 1.0828126148406947 0.17228362172245298
v 0.9235129697038845 1.073003890572744 0.15038238066295573
v 0.7435240516661128 0.9954430748451913 0.2454104906327689
v 0.9235129697038845 1.073003890572744 0.15038238066295573
v 0.696779098884367 1.0828126148406947 0.17228362172245298
v 0.9354064143689164 1.106076581588157 2.5138144113361984e-16
v 0.6774621982476795 1.1188408414032571 2.5480719457733006e-16
v 0.696779098884367 1.0828126148406947 0.17228362172245298
v 0.490997012291052 0.9349399145322592 2.05450824606888e-16
v 0.696779098884367 1.0828126148406947 0.17228362172245298
v 0.6774621982476795 1.1188408414032571 2.5480719457733006e-16
v 0.5262576369222353 0.9118212782858921 0.1722160467468542
v 0.7435240516661128 0.9954430748451913 0.2454104906327689
v 0.696779098884367 1.0828126148406947 0.17228362172245298
v 0.696779098884367 1.0828126148406947 0.17228362172245298
v 0.490997012291052 0.9349399145322592 2.05450824606888e-16
v 0.5262576369222353 0.9118212782858921 0.1722160467468542
v 0.7435240516661128 0.9954430748451913 0.2454104906327689
v 0.5262576369222353 0.9118212782858921 0.1722160467468542
v 0.6128110023404569 0.8561837976103752 0.24555975309108347
v 0.42968589037151134 0.6678078722665979 1.3375638069162575e-16
v 0.5262576369222353 0.9118212782858921 0.1722160467468542
v 0.490997012291052 0.9349399145322592 2.05450824606888e-16
v 0.4708212188771061 0.6564554633228343 0.17212798800361545
v 0.6128110023404569 0.8561837976103752 0.24555975309108347
v 0.5262576369222353 0.9118212782858921 0.1722160467468542
v 0.5262576369222353 0.9118212782858921 0.1722160467468542
v 0.42968589037151134 0.6678078722665979 1.3375638069162575e-16
v 0.4708212188771061 0.6564554633228343 0.17212798800361545
v 0.6128110023404569 0.8561837976103752 0.24555975309108347
v 0.4708212188771061 0.6564554633228343 0.17212798800361545
v 0.5719234431669594 0.6300765312994092 0.24559382117843956
v 0.5091961089493049 0.276836829919023 2.882534035857647e-17
v 0.4708212188771061 0.6564554633228343 0.17212798800361545
v 0.42968589037151134 0.6678078722665979 1.3375638069162575e-16
v 0.551639815837493 0.28635362786947527 0.17308474996272225
v 0.5719234431669594 0.6300765312994092 0.24559382117843956
v 0.4708212188771061 0.6564554633228343 0.17212798800361545
v 0.4708212188771061 0.6564554633228343 0.17212798800361545
v 0.5091961089493049 0.276836829919023 2.882534035857647e-17
v 0.551639815837493 0.28635362786947527 0.17308474996272225
v -0.9960839999240473 0.7570351361467482 -0.20950142259679166
v -0.9838716717364492 0.8867847855511909 -0.1933430145942452
v -0.9145392114618957 0.7988177757178516 -0.15523960850721064
v -0.9145392114618957 0.7988177757178516 -0.15523960850721064
v -0.8732637214728152 0.6985337046511405 -0.17263115252636904
v -0.9960839999240473 0.7570351361467482 -0.20950142259679166
v -0.8775588635598339 0.8172852333980717 1.7387397104667465e-16
v -0.8661901524855107 0.7708291216101559 -0.1256119596185086
v -0.9145392114618957 0.7988177757178516 -0.15523960850721064
v -0.8732637214728152 0.6985337046511405 -0.17263115252636904
v -0.9145392114618957 0.7988177757178516 -0.15523960850721064
v -0.8661901524855107 0.7708291216101559 -0.1256119596185086
v -0.8661901524855107 0.7708291216101559 -0.1256119596185086
v -0.8775588635598339 0.8172852333980717 1.7387397104667465e-16
v -0.8625498939381515 0.8013098443435976 1.6958643561905898e-16
v -0.8661901524855107 0.7708291216101559 -0.1256119596185086
v -0.8625498939381515 0.8013098443435976 1.6958643561905898e-16
v -0.8603427704117971 0.8044175792463715 1.704204952681188e-16
v -0.8603427704117971 0.8044175792463715 1.704204952681188e-16
v -0.8351570436403281 0.7799497553629708 -0.1266315923841752
v -0.8661901524855107 0.7708291216101559 -0.1256119596185086
v -0.8351570436403281 0.7799497553629708 -0.1266315923841752
v -0.8732637214728152 0.6985337046511405 -0.17263115252636904
v -0.8661901524855107 0.7708291216101559 -0.1256119596185086
v -0.8732637214728152 0.6985337046511405 -0.17263115252636904
v -0.8351570436403281 0.7799497553629708 -0.1266315923841752
v -0.7776846993093877 0.737155466076532 -0.16726633658987825
v -0.8351570436403281 0.7799497553629708 -0.1266315923841752
v -0.7785194029273994 0.8206057822850366 -0.13160815756931413
v -0.7776846993093877 0.737155466076532 -0.16726633658987825
v -0.7785194029273994 0.8206057822850366 -0.13160815756931413
v -0.8351570436403281 0.7799497553629708 -0.1266315923841752
v -0.8375617496450155 0.80677227078153 -0.10230423803977645
v -0.8665964270159829 0.7984376991005594 1.688155758565774e-16
v -0.8375617496450155 0.80677227078153 -0.10230423803977645
v -0.8351570436403281 0.7799497553629708 -0.1266315923841752
v -0.8375617496450155 0.80677227078153 -0.10230423803977645
v -0.832110049252331 0.8622089880948373 -0.1042080812732835
v -0.7785194029273994 0.8206057822850366 -0.13160815756931413
v -0.8375617496450155 0.80677227078153 -0.10230423803977645
v -0.8665964270159829 0.7984376991005594 1.688155758565774e-16
v -0.8811302039952672 0.8167578981801672 1.737324566636684e-16
v -0.8811302039952672 0.8167578981801672 1.737324566636684e-16
v -0.8676320718206878 0.8306934784518559 -0.074471609274146
v -0.8375617496450155 0.80677227078153 -0.10230423803977645
v -0.832110049252331 0.8622089880948373 -0.1042080812732835
v -0.8375617496450155 0.80677227078153 -0.10230423803977645
v -0.8676320718206878 0.8306934784518559 -0.074471609274146
v -0.8676320718206878 0.8306934784518559 -0.074471609274146
v -0.8811302039952672 0.8167578981801672 1.737324566636684e-16
v -0.8775445244587584 0.8526000631393374 -2.769223153280621e-7
v -0.8716861619923293 0.8588910903447085 -0.03297784872697759
v -0.832110049252331 0.8622089880948373 -0.1042080812732835
v -0.8676320718206878 0.8306934784518559 -0.074471609274146
v -0.8716861619923293 0.8588910903447085 -0.03297784872697759
v -0.8676320718206878 0.8306934784518559 -0.074471609274146
v -0.8775445244587584 0.8526000631393374 -2.769223153280621e-7
v -0.832110049252331 0.8622089880948373 -0.1042080812732835
v -0.8716861619923293 0.8588910903447085 -0.03297784872697759
v -0.8580614323487951 0.8733114671387073 -0.04494947819815993
v -0.8775445244587584 0.8526000631393374 -2.769223153280621e-7
v -0.8404882826658693 0.8915596034988668 -2.769223153280621e-7
v -0.8716861619923293 0.8588910903447085 -0.03297784872697759
v -0.8716861619923293 0.8588910903447085 -0.03297784872697759
v -0.8453704236293479 0.8865224435106567 -0.030346532573606172
v -0.8580614323487951 0.8733114671387073 -0.04494947819815993
v -0.8453704236293479 0.8865224435106567 -0.030346532573606172
v -0.8716861619923293 0.8588910903447085 -0.03297784872697759
v -0.8404882826658693 0.8915596034988668 -2.769223153280621e-7
v -0.8453704236293479 0.8865224435106567 -0.030346532573606172
v -0.832110049252331 0.8622089880948373 -0.1042080812732835
v -0.8580614323487951 0.8733114671387073 -0.04494947819815993
v -0.8404882826658693 0.8915596034988668 -2.769223153280621e-7
v -0.7982136415302267 0.8895281096452484 -0.07037204975058253
v -0.8453704236293479 0.8865224435106567 -0.030346532573606172
v -0.832110049252331 0.8622089880948373 -0.1042080812732835
v -0.8453704236293479 0.8865224435106567 -0.030346532573606172
v -0.7982136415302267 0.8895281096452484 -0.07037204975058253
v -0.7982136415302267 0.8895281096452484 -0.07037204975058253
v -0.8404882826658693 0.8915596034988668 -2.769223153280621e-7
v -0.7856346328164773 0.899767643649033 1.9601108371911837e-16
v -0.7982136415302267 0.8895281096452484 -0.07037204975058253
v -0.7785194029273994 0.8206057822850366 -0.13160815756931413
v -0.832110049252331 0.8622089880948373 -0.1042080812732835
v -0.7856346328164773 0.899767643649033 1.9601108371911837e-16
v -0.7265789804465118 0.8303840184793745 -0.08706935745472269
v -0.7982136415302267 0.8895281096452484 -0.07037204975058253
v -0.7785194029273994 0.8206057822850366 -0.13160815756931413
v -0.7982136415302267 0.8895281096452484 -0.07037204975058253
v -0.7265789804465118 0.8303840184793745 -0.08706935745472269
v -0.7265789804465118 0.8303840184793745 -0.08706935745472269
v -0.7856346328164773 0.899767643649033 1.9601108371911837e-16
v -0.7066637129973767 0.8336315405971322 1.7826109284161255e-16
v -0.7265789804465118 0.8303840184793745 -0.08706935745472269
v -0.7776846993093877 0.737155466076532 -0.16726633658987825
v -0.7785194029273994 0.8206057822850366 -0.13160815756931413
v -0.7066637129973767 0.8336315405971322 1.7826109284161255e-16
v -0.7239197231024616 0.6980918083430838 -0.11513267206768302
v -0.7265789804465118 0.8303840184793745 -0.08706935745472269
v -0.7776846993093877 0.737155466076532 -0.16726633658987825
v -0.7265789804465118 0.8303840184793745 -0.08706935745472269
v -0.7239197231024616 0.6980918083430838 -0.11513267206768302
v -0.7239197231024616 0.6980918083430838 -0.11513267206768302
v -0.7066637129973767 0.8336315405971322 1.7826109284161255e-16
v -0.7016841694914573 0.6823409223761225 1.376568443017221e-16
v -0.8782900931241387 0.6052041077829843 1.169544247631572e-16
v -0.7239197231024616 0.6980918083430838 -0.11513267206768302
v -0.7016841694914573 0.6823409223761225 1.376568443017221e-16
v -0.7239197231024616 0.6980918083430838 -0.11513267206768302
v -0.8772894563950326 0.6316055142164047 -0.11774155469914172
v -0.7776846993093877 0.737155466076532 -0.16726633658987825
v -0.7239197231024616 0.6980918083430838 -0.11513267206768302
v -0.8782900931241387 0.6052041077829843 1.169544247631572e-16
v -0.8772894563950326 0.6316055142164047 -0.11774155469914172
v -0.7776846993093877 0.737155466076532 -0.16726633658987825
v -0.8772894563950326 0.6316055142164047 -0.11774155469914172
v -0.8732637214728152 0.6985337046511405 -0.17263115252636904
v -0.8772894563950326 0.6316055142164047 -0.11774155469914172
v -0.9960839999240473 0.7570351361467482 -0.20950142259679166
v -0.8732637214728152 0.6985337046511405 -0.17263115252636904
v -0.8782900931241387 0.6052041077829843 1.169544247631572e-16
v -1.0724307350652418 0.7186379983150892 -0.14406496224313997
v -0.8772894563950326 0.6316055142164047 -0.11774155469914172
v -0.9960839999240473 0.7570351361467482 -0.20950142259679166
v -0.8772894563950326 0.6316055142164047 -0.11774155469914172
v -1.0724307350652418 0.7186379983150892 -0.14406496224313997
v -1.0724307350652418 0.7186379983150892 -0.14406496224313997
v -0.8782900931241387 0.6052041077829843 1.169544247631572e-16
v -1.1034147550959317 0.7033137043662682 1.4328565108701158e-16
v -1.0724307350652418 0.7186379983150892 -0.14406496224313997
v -1.0584321553450184 0.9193646061275664 -0.1338462443924341
v -0.9960839999240473 0.7570351361467482 -0.20950142259679166
v -1.1034147550959317 0.7033137043662682 1.4328565108701158e-16
v -1.0584321553450184 0.9193646061275664 -0.1338462443924341
v -1.0724307350652418 0.7186379983150892 -0.14406496224313997
v -0.9960839999240473 0.7570351361467482 -0.20950142259679166
v -1.0584321553450184 0.9193646061275664 -0.1338462443924341
v -0.9838716717364492 0.8867847855511909 -0.1933430145942452
v -1.0584321553450184 0.9193646061275664 -0.1338462443924341
v -1.1034147550959317 0.7033137043662682 1.4328565108701158e-16
v -1.0881943806192038 0.932580523254528 2.0481759428889648e-16
v -1.0584321553450184 0.9193646061275664 -0.1338462443924341
v -0.8940242207988598 0.9922312225684985 -0.21553832398917672
v -0.9838716717364492 0.8867847855511909 -0.1933430145942452
v -1.0881943806192038 0.932580523254528 2.0481759428889648e-16
v -0.9235130342944299 1.0730041315851835 -0.15038238066295573
v -1.0584321553450184 0.9193646061275664 -0.1338462443924341
v -0.8940242207988598 0.9922312225684985 -0.21553832398917672
v -1.0584321553450184 0.9193646061275664 -0.1338462443924341
v -0.9235130342944299 1.0730041315851835 -0.15038238066295573
v -0.9235130342944299 1.0730041315851835 -0.15038238066295573
v -1.0881943806192038 0.932580523254528 2.0481759428889648e-16
v -0.9354065435500072 1.1060768226005968 2.513814997742012e-16
v -0.9235130342944299 1.0730041315851835 -0.15038238066295573
v -0.7435240516661128 0.9954430748451913 -0.24541077123232563
v -0.8940242207988598 0.9922312225684985 -0.21553832398917672
v -0.9354065435500072 1.1060768226005968 2.513814997742012e-16
v -0.6967790342938216 1.0828126148406947 -0.17228390232200969
v -0.9235130342944299 1.0730041315851835 -0.15038238066295573
v -0.7435240516661128 0.9954430748451913 -0.24541077123232563
v -0.9235130342944299 1.0730041315851835 -0.15038238066295573
v -0.6967790342938216 1.0828126148406947 -0.17228390232200969
v -0.6967790342938216 1.0828126148406947 -0.17228390232200969
v -0.9354065435500072 1.1060768226005968 2.513814997742012e-16
v -0.6774623274287702 1.1188408414032571 2.5480719457733006e-16
v -0.4909971091768701 0.9349399145322592 2.05450824606888e-16
v -0.6967790342938216 1.0828126148406947 -0.17228390232200969
v -0.6774623274287702 1.1188408414032571 2.5480719457733006e-16
v -0.5262575723316899 0.9118212782858921 -0.17221632734641093
v -0.7435240516661128 0.9954430748451913 -0.24541077123232563
v -0.6967790342938216 1.0828126148406947 -0.17228390232200969
v -0.6967790342938216 1.0828126148406947 -0.17228390232200969
v -0.4909971091768701 0.9349399145322592 2.05450824606888e-16
v -0.5262575723316899 0.9118212782858921 -0.17221632734641093
v -0.7435240516661128 0.9954430748451913 -0.24541077123232563
v -0.5262575723316899 0.9118212782858921 -0.17221632734641093
v -0.6128109377499115 0.8561837976103752 -0.24555975309108347
v -0.4296859872573294 0.6678078722665979 1.3375638069162575e-16
v -0.5262575723316899 0.9118212782858921 -0.17221632734641093
v -0.4909971091768701 0.9349399145322592 2.05450824606888e-16
v -0.4708213157629242 0.6564554633228343 -0.17212798800361545
v -0.6128109377499115 0.8561837976103752 -0.24555975309108347
v -0.5262575723316899 0.9118212782858921 -0.17221632734641093
v -0.5262575723316899 0.9118212782858921 -0.17221632734641093
v -0.4296859872573294 0.6678078722665979 1.3375638069162575e-16
v -0.4708213157629242 0.6564554633228343 -0.17212798800361545
v -0.6128109377499115 0.8561837976103752 -0.24555975309108347
v -0.4708213157629242 0.6564554633228343 -0.17212798800361545
v -0.5719233785764141 0.6300765312994092 -0.24559382117843956
v -0.5091962058351229 0.2768369504252428 2.8825375176421665e-17
v -0.4708213157629242 0.6564554633228343 -0.17212798800361545
v -0.4296859872573294 0.6678078722665979 1.3375638069162575e-16
v -0.4708213157629242 0.6564554633228343 -0.17212798800361545
v -0.5516398804280385 0.2863537483756951 -0.17308474996272225
v -0.5719233785764141 0.6300765312994092 -0.24559382117843956
v -0.4708213157629242 0.6564554633228343 -0.17212798800361545
v -0.5091962058351229 0.2768369504252428 2.8825375176421665e-17
v -0.5516398804280385 0.2863537483756951 -0.17308474996272225
v 0.5719234431669594 0.6300765312994092 0.24559382117843956
v 0.551639815837493 0.28635362786947527 0.17308474996272225
v 0.655249574280287 0.3098027524236813 0.24548138328547942
v 0.5091961089493049 0.276836829919023 2.882534035857647e-17
v 0.6306512985190955 -0.06255898135967529 0.2015861547600634
v 0.551639815837493 0.28635362786947527 0.17308474996272225
v 0.6306512985190955 -0.06255898135967529 0.2015861547600634
v 0.655249574280287 0.3098027524236813 0.24548138328547942
v 0.551639815837493 0.28635362786947527 0.17308474996272225
v 0.655249574280287 0.3098027524236813 0.24548138328547942
v 0.6306512985190955 -0.06255898135967529 0.2015861547600634
v 0.7539178976389387 -0.05779104732980638 0.28610838624458845
v 0.5091961089493049 0.276836829919023 2.882534035857647e-17
v 0.6346353079489943 -0.07071223636965882 -6.445187032071621e-17
v 0.6306512985190955 -0.06255898135967529 0.2015861547600634
v 0.7266692780289602 -0.2577483133084383 0.367330799953892
v 0.7539178976389387 -0.05779104732980638 0.28610838624458845
v 0.6306512985190955 -0.06255898135967529 0.2015861547600634
v 0.6346353079489943 -0.07071223636965882 -6.445187032071621e-17
v 0.5740572564243018 -0.21721393741527453 0.25924332252099824
v 0.6306512985190955 -0.06255898135967529 0.2015861547600634
v 0.6306512985190955 -0.06255898135967529 0.2015861547600634
v 0.5740572564243018 -0.21721393741527453 0.25924332252099824
v 0.7266692780289602 -0.2577483133084383 0.367330799953892
v 0.6346353079489943 -0.07071223636965882 -6.445187032071621e-17
v 0.5566881482742475 -0.22935421602417963 -1.0702911787137418e-16
v 0.5740572564243018 -0.21721393741527453 0.25924332252099824
v 0.6093583793274414 -0.4319730125001705 0.4011698850600043
v 0.7266692780289602 -0.2577483133084383 0.367330799953892
v 0.5740572564243018 -0.21721393741527453 0.25924332252099824
v 0.4529893517646403 -0.3290633217896049 -1.3378961524112076e-16
v 0.5740572564243018 -0.21721393741527453 0.25924332252099824
v 0.5566881482742475 -0.22935421602417963 -1.0702911787137418e-16
v 0.6093583793274414 -0.4319730125001705 0.4011698850600043
v 0.5740572564243018 -0.21721393741527453 0.25924332252099824
v 0.4744280195219558 -0.3305868518001538 0.2830370425319557
v 0.5740572564243018 -0.21721393741527453 0.25924332252099824
v 0.4529893517646403 -0.3290633217896049 -1.3378961524112076e-16
v 0.4744280195219558 -0.3305868518001538 0.2830370425319557
v 0.4744280195219558 -0.3305868518001538 0.2830370425319557
v 0.330113525444377 -0.581684005065308 0.3759785481746328
v 0.6093583793274414 -0.4319730125001705 0.4011698850600043
v 0.4529893517646403 -0.3290633217896049 -1.3378961524112076e-16
v 0.2726802583933946 -0.44063951856361777 0.26502628131455885
v 0.4744280195219558 -0.3305868518001538 0.2830370425319557
v 0.330113525444377 -0.581684005065308 0.3759785481746328
v 0.4744280195219558 -0.3305868518001538 0.2830370425319557
v 0.2726802583933946 -0.44063951856361777 0.26502628131455885
v 0.4529893517646403 -0.3290633217896049 -1.3378961524112076e-16
v 0.2665644057177878 -0.4310850624194737 -1.611707938444443e-16
v 0.2726802583933946 -0.44063951856361777 0.26502628131455885
v 0.2726802583933946 -0.44063951856361777 0.26502628131455885
v -1.1202422715229319e-7 -0.6411394843031804 0.40704699325776994
v 0.330113525444377 -0.581684005065308 0.3759785481746328
v 0.2665644057177878 -0.4310850624194737 -1.611707938444443e-16
v -1.1202422715229319e-7 -0.4774585069405974 0.2869092503911573
v 0.2726802583933946 -0.44063951856361777 0.26502628131455885
v -1.1202422715229319e-7 -0.6411394843031804 0.40704699325776994
v 0.2726802583933946 -0.44063951856361777 0.26502628131455885
v -1.1202422715229319e-7 -0.4774585069405974 0.2869092503911573
v -1.1202422715229319e-7 -0.4774585069405974 0.2869092503911573
v 0.2665644057177878 -0.4310850624194737 -1.611707938444443e-16
v -1.1202422715229319e-7 -0.461551806431417 -1.6934765117169484e-16
v -0.26656461563706024 -0.4310849419132539 -1.611707645241536e-16
v -1.1202422715229319e-7 -0.4774585069405974 0.2869092503911573
v -1.1202422715229319e-7 -0.461551806431417 -1.6934765117169484e-16
v -0.27268048446030346 -0.44063951856361777 0.26502628131455885
v -1.1202422715229319e-7 -0.6411394843031804 0.40704699325776994
v -1.1202422715229319e-7 -0.4774585069405974 0.2869092503911573
v -1.1202422715229319e-7 -0.4774585069405974 0.2869092503911573
v -0.26656461563706024 -0.4310849419132539 -1.611707645241536e-16
v -0.27268048446030346 -0.44063951856361777 0.26502628131455885
v -1.1202422715229319e-7 -0.6411394843031804 0.40704699325776994
v -0.27268048446030346 -0.44063951856361777 0.26502628131455885
v -0.3301138806923766 -0.5816838845590883 0.3759785481746328
v -0.45298957783154914 -0.3290632012833851 -1.3378958592083006e-16
v -0.27268048446030346 -0.44063951856361777 0.26502628131455885
v -0.26656461563706024 -0.4310849419132539 -1.611707645241536e-16
v -0.4744281164077739 -0.3305868518001538 0.2830370425319557
v -0.3301138806923766 -0.5816838845590883 0.3759785481746328
v -0.27268048446030346 -0.44063951856361777 0.26502628131455885
v -0.27268048446030346 -0.44063951856361777 0.26502628131455885
v -0.45298957783154914 -0.3290632012833851 -1.3378958592083006e-16
v -0.4744281164077739 -0.3305868518001538 0.2830370425319557
v -0.4744281164077739 -0.3305868518001538 0.2830370425319557
v -0.6093585730990776 -0.4319730125001705 0.4011698850600043
v -0.3301138806923766 -0.5816838845590883 0.3759785481746328
v -0.45298957783154914 -0.3290632012833851 -1.3378958592083006e-16
v -0.5740573856053925 -0.21721381690905472 0.25924332252099824
v -0.4744281164077739 -0.3305868518001538 0.2830370425319557
v -0.5740573856053925 -0.21721381690905472 0.25924332252099824
v -0.6093585730990776 -0.4319730125001705 0.4011698850600043
v -0.4744281164077739 -0.3305868518001538 0.2830370425319557
v -0.5740573856053925 -0.21721381690905472 0.25924332252099824
v -0.45298957783154914 -0.3290632012833851 -1.3378958592083006e-16
v -0.556688212864793 -0.22935409551795982 -1.0702908122101082e-16
v -0.6093585730990776 -0.4319730125001705 0.4011698850600043
v -0.5740573856053925 -0.21721381690905472 0.25924332252099824
v -0.7266694718005964 -0.25774816267566353 0.367330799953892
v -0.6346355017206303 -0.07071210080016152 -6.445184100042553e-17
v -0.5740573856053925 -0.21721381690905472 0.25924332252099824
v -0.556688212864793 -0.22935409551795982 -1.0702908122101082e-16
v -0.6306513631096409 -0.06255898135967529 0.2015861547600634
v -0.7266694718005964 -0.25774816267566353 0.367330799953892
v -0.5740573856053925 -0.21721381690905472 0.25924332252099824
v -0.5740573856053925 -0.21721381690905472 0.25924332252099824
v -0.6346355017206303 -0.07071210080016152 -6.445184100042553e-17
v -0.6306513631096409 -0.06255898135967529 0.2015861547600634
v -0.7266694718005964 -0.25774816267566353 0.367330799953892
v -0.6306513631096409 -0.06255898135967529 0.2015861547600634
v -0.753917962229484 -0.057790911760309094 0.28610838624458845
v -0.5091962058351229 0.2768369504252428 2.8825375176421665e-17
v -0.6306513631096409 -0.06255898135967529 0.2015861547600634
v -0.6346355017206303 -0.07071210080016152 -6.445184100042553e-17
v -0.6306513631096409 -0.06255898135967529 0.2015861547600634
v -0.6552496388708323 0.3098028729299011 0.24548138328547942
v -0.753917962229484 -0.057790911760309094 0.28610838624458845
v -0.6552496388708323 0.3098028729299011 0.24548138328547942
v -0.6306513631096409 -0.06255898135967529 0.2015861547600634
v -0.5516398804280385 0.2863537483756951 0.17308474996272225
v -0.6306513631096409 -0.06255898135967529 0.2015861547600634
v -0.5091962058351229 0.2768369504252428 2.8825375176421665e-17
v -0.5516398804280385 0.2863537483756951 0.17308474996272225
v -0.5516398804280385 0.2863537483756951 0.17308474996272225
v -0.5719233785764141 0.6300765312994092 0.24559382117843956
v -0.6552496388708323 0.3098028729299011 0.24548138328547942
v -0.5091962058351229 0.2768369504252428 2.8825375176421665e-17
v -0.4708213157629242 0.6564554633228343 0.17212798800361545
v -0.5516398804280385 0.2863537483756951 0.17308474996272225
v -0.5719233785764141 0.6300765312994092 0.24559382117843956
v -0.5516398804280385 0.2863537483756951 0.17308474996272225
v -0.4708213157629242 0.6564554633228343 0.17212798800361545
v -0.4708213157629242 0.6564554633228343 0.17212798800361545
v -0.5091962058351229 0.2768369504252428 2.8825375176421665e-17
v -0.4296859872573294 0.6678078722665979 1.3375638069162575e-16
v -0.4708213157629242 0.6564554633228343 0.17212798800361545
v -0.6128109377499115 0.8561837976103752 0.24555975309108347
v -0.5719233785764141 0.6300765312994092 0.24559382117843956
v -0.4296859872573294 0.6678078722665979 1.3375638069162575e-16
v -0.5262575723316899 0.9118212782858921 0.1722160467468542
v -0.4708213157629242 0.6564554633228343 0.17212798800361545
v -0.6128109377499115 0.8561837976103752 0.24555975309108347
v -0.4708213157629242 0.6564554633228343 0.17212798800361545
v -0.5262575723316899 0.9118212782858921 0.1722160467468542
v -0.5262575723316899 0.9118212782858921 0.1722160467468542
v -0.4296859872573294 0.6678078722665979 1.3375638069162575e-16
v -0.4909971091768701 0.9349399145322592 2.05450824606888e-16
v -0.5262575723316899 0.9118212782858921 0.1722160467468542
v -0.7435240516661128 0.9954430748451913 0.2454104906327689
v -0.6128109377499115 0.8561837976103752 0.24555975309108347
v -0.4909971091768701 0.9349399145322592 2.05450824606888e-16
v -0.6967790342938216 1.0828126148406947 0.17228362172245298
v -0.5262575723316899 0.9118212782858921 0.1722160467468542
v -0.7435240516661128 0.9954430748451913 0.2454104906327689
v -0.5262575723316899 0.9118212782858921 0.1722160467468542
v -0.6967790342938216 1.0828126148406947 0.17228362172245298
v -0.6967790342938216 1.0828126148406947 0.17228362172245298
v -0.4909971091768701 0.9349399145322592 2.05450824606888e-16
v -0.6774623274287702 1.1188408414032571 2.5480719457733006e-16
v -0.9354065435500072 1.1060768226005968 2.513814997742012e-16
v -0.6967790342938216 1.0828126148406947 0.17228362172245298
v -0.6774623274287702 1.1188408414032571 2.5480719457733006e-16
v -0.6967790342938216 1.0828126148406947 0.17228362172245298
v -0.9235130342944299 1.0730041315851835 0.15038238066295573
v -0.7435240516661128 0.9954430748451913 0.2454104906327689
v -0.6967790342938216 1.0828126148406947 0.17228362172245298
v -0.9354065435500072 1.1060768226005968 2.513814997742012e-16
v -0.9235130342944299 1.0730041315851835 0.15038238066295573
v -0.5516398804280385 0.2863537483756951 -0.17308474996272225
v -0.6552496388708323 0.3098028729299011 -0.24548138328547942
v -0.5719233785764141 0.6300765312994092 -0.24559382117843956
v -0.5091962058351229 0.2768369504252428 2.8825375176421665e-17
v -0.6306513631096409 -0.06255886085345548 -0.2015861547600634
v -0.5516398804280385 0.2863537483756951 -0.17308474996272225
v -0.5516398804280385 0.2863537483756951 -0.17308474996272225
v -0.6306513631096409 -0.06255886085345548 -0.2015861547600634
v -0.6552496388708323 0.3098028729299011 -0.24548138328547942
v -0.6306513631096409 -0.06255886085345548 -0.2015861547600634
v -0.753917962229484 -0.057790911760309094 -0.28610838624458845
v -0.6552496388708323 0.3098028729299011 -0.24548138328547942
v -0.6306513631096409 -0.06255886085345548 -0.2015861547600634
v -0.5091962058351229 0.2768369504252428 2.8825375176421665e-17
v -0.6346355017206303 -0.07071210080016152 -6.445184100042553e-17
v -0.6306513631096409 -0.06255886085345548 -0.2015861547600634
v -0.7266694718005964 -0.25774816267566353 -0.367330799953892
v -0.753917962229484 -0.057790911760309094 -0.28610838624458845
v -0.6346355017206303 -0.07071210080016152 -6.445184100042553e-17
v -0.5740573856053925 -0.21721381690905472 -0.25924332252099824
v -0.6306513631096409 -0.06255886085345548 -0.2015861547600634
v -0.7266694718005964 -0.25774816267566353 -0.367330799953892
v -0.6306513631096409 -0.06255886085345548 -0.2015861547600634
v -0.5740573856053925 -0.21721381690905472 -0.25924332252099824
v -0.5740573856053925 -0.21721381690905472 -0.25924332252099824
v -0.6346355017206303 -0.07071210080016152 -6.445184100042553e-17
v -0.556688212864793 -0.22935409551795982 -1.0702908122101082e-16
v -0.5740573856053925 -0.21721381690905472 -0.25924332252099824
v -0.6093585730990776 -0.4319730125001705 -0.4011698850600043
v -0.7266694718005964 -0.25774816267566353 -0.367330799953892
v -0.45298957783154914 -0.3290632012833851 -1.3378958592083006e-16
v -0.5740573856053925 -0.21721381690905472 -0.25924332252099824
v -0.556688212864793 -0.22935409551795982 -1.0702908122101082e-16
v -0.6093585730990776 -0.4319730125001705 -0.4011698850600043
v -0.5740573856053925 -0.21721381690905472 -0.25924332252099824
v -0.47442824558886465 -0.3305868518001538 -0.2830370425319557
v -0.5740573856053925 -0.21721381690905472 -0.25924332252099824
v -0.45298957783154914 -0.3290632012833851 -1.3378958592083006e-16
v -0.47442824558886465 -0.3305868518001538 -0.2830370425319557
v -0.47442824558886465 -0.3305868518001538 -0.2830370425319557
v -0.3301138806923766 -0.5816838845590883 -0.3759785481746328
v -0.6093585730990776 -0.4319730125001705 -0.4011698850600043
v -0.45298957783154914 -0.3290632012833851 -1.3378958592083006e-16
v -0.27268048446030346 -0.44063951856361777 -0.26502628131455885
v -0.47442824558886465 -0.3305868518001538 -0.2830370425319557
v -0.3301138806923766 -0.5816838845590883 -0.3759785481746328
v -0.47442824558886465 -0.3305868518001538 -0.2830370425319557
v -0.27268048446030346 -0.44063951856361777 -0.26502628131455885
v -0.27268048446030346 -0.44063951856361777 -0.26502628131455885
v -0.45298957783154914 -0.3290632012833851 -1.3378958592083006e-16
v -0.26656461563706024 -0.4310849419132539 -1.611707645241536e-16
v -1.1202422715229319e-7 -0.6411394843031804 -0.40704699325776994
v -0.3301138806923766 -0.5816838845590883 -0.3759785481746328
v -0.27268048446030346 -0.44063951856361777 -0.26502628131455885
v -0.26656461563706024 -0.4310849419132539 -1.611707645241536e-16
v -1.1202422715229319e-7 -0.4774585069405974 -0.2869092503911573
v -0.27268048446030346 -0.44063951856361777 -0.26502628131455885
v -0.27268048446030346 -0.44063951856361777 -0.26502628131455885
v -1.1202422715229319e-7 -0.4774585069405974 -0.2869092503911573
v -1.1202422715229319e-7 -0.6411394843031804 -0.40704699325776994
v -1.1202422715229319e-7 -0.4774585069405974 -0.2869092503911573
v -0.26656461563706024 -0.4310849419132539 -1.611707645241536e-16
v -1.1202422715229319e-7 -0.461551806431417 -1.6934765117169484e-16
v -1.1202422715229319e-7 -0.461551806431417 -1.6934765117169484e-16
v 0.2665644057177878 -0.4310850624194737 -1.611707938444443e-16
v -1.1202422715229319e-7 -0.4774585069405974 -0.2869092503911573
v 0.2726802583933946 -0.44063951856361777 -0.26502628131455885
v -1.1202422715229319e-7 -0.6411394843031804 -0.40704699325776994
v -1.1202422715229319e-7 -0.4774585069405974 -0.2869092503911573
v 0.2726802583933946 -0.44063951856361777 -0.26502628131455885
v -1.1202422715229319e-7 -0.4774585069405974 -0.2869092503911573
v 0.2665644057177878 -0.4310850624194737 -1.611707938444443e-16
v -1.1202422715229319e-7 -0.6411394843031804 -0.40704699325776994
v 0.2726802583933946 -0.44063951856361777 -0.26502628131455885
v 0.330113525444377 -0.581684005065308 -0.3759785481746328
v 0.4529893517646403 -0.3290633217896049 -1.3378961524112076e-16
v 0.2726802583933946 -0.44063951856361777 -0.26502628131455885
v 0.2665644057177878 -0.4310850624194737 -1.611707938444443e-16
v 0.4744280195219558 -0.3305868518001538 -0.2830370425319557
v 0.330113525444377 -0.581684005065308 -0.3759785481746328
v 0.2726802583933946 -0.44063951856361777 -0.26502628131455885
v 0.2726802583933946 -0.44063951856361777 -0.26502628131455885
v 0.4529893517646403 -0.3290633217896049 -1.3378961524112076e-16
v 0.4744280195219558 -0.3305868518001538 -0.2830370425319557
v 0.330113525444377 -0.581684005065308 -0.3759785481746328
v 0.4744280195219558 -0.3305868518001538 -0.2830370425319557
v 0.6093583793274414 -0.4319730125001705 -0.4011698850600043
v 0.5740572564243018 -0.21721393741527453 -0.25924332252099824
v 0.4744280195219558 -0.3305868518001538 -0.2830370425319557
v 0.4529893517646403 -0.3290633217896049 -1.3378961524112076e-16
v 0.5740572564243018 -0.21721393741527453 -0.25924332252099824
v 0.6093583793274414 -0.4319730125001705 -0.4011698850600043
v 0.4744280195219558 -0.3305868518001538 -0.2830370425319557
v 0.5740572564243018 -0.21721393741527453 -0.25924332252099824
v 0.4529893517646403 -0.3290633217896049 -1.3378961524112076e-16
v 0.5566881482742475 -0.22935421602417963 -1.0702911787137418e-16
v 0.6093583793274414 -0.4319730125001705 -0.4011698850600043
v 0.5740572564243018 -0.21721393741527453 -0.25924332252099824
v 0.7266692780289602 -0.2577483133084383 -0.367330799953892
v 0.6346353079489943 -0.07071223636965882 -6.445187032071621e-17
v 0.5740572564243018 -0.21721393741527453 -0.25924332252099824
v 0.5566881482742475 -0.22935421602417963 -1.0702911787137418e-16
v 0.6306512985190955 -0.0625591018658951 -0.2015861547600634
v 0.7266692780289602 -0.2577483133084383 -0.367330799953892
v 0.5740572564243018 -0.21721393741527453 -0.25924332252099824
v 0.5740572564243018 -0.21721393741527453 -0.25924332252099824
v 0.6346353079489943 -0.07071223636965882 -6.445187032071621e-17
v 0.6306512985190955 -0.0625591018658951 -0.2015861547600634
v 0.7266692780289602 -0.2577483133084383 -0.367330799953892
v 0.6306512985190955 -0.0625591018658951 -0.2015861547600634
v 0.7539178976389387 -0.05779104732980638 -0.28610838624458845
v 0.5091961089493049 0.276836829919023 2.882534035857647e-17
v 0.6306512985190955 -0.0625591018658951 -0.2015861547600634
v 0.6346353079489943 -0.07071223636965882 -6.445187032071621e-17
v 0.6306512985190955 -0.0625591018658951 -0.2015861547600634
v 0.655249574280287 0.3098027524236813 -0.24548138328547942
v 0.7539178976389387 -0.05779104732980638 -0.28610838624458845
v 0.655249574280287 0.3098027524236813 -0.24548138328547942
v 0.6306512985190955 -0.0625591018658951 -0.2015861547600634
v 0.551639815837493 0.28635362786947527 -0.17308474996272225
v 0.6306512985190955 -0.0625591018658951 -0.2015861547600634
v 0.5091961089493049 0.276836829919023 2.882534035857647e-17
v 0.551639815837493 0.28635362786947527 -0.17308474996272225
v 0.551639815837493 0.28635362786947527 -0.17308474996272225
v 0.5719234431669594 0.6300765312994092 -0.24559382117843956
v 0.655249574280287 0.3098027524236813 -0.24548138328547942
v 0.4708212188771061 0.6564554633228343 -0.17212798800361545
v 0.551639815837493 0.28635362786947527 -0.17308474996272225
v 0.5091961089493049 0.276836829919023 2.882534035857647e-17
v 0.5719234431669594 0.6300765312994092 -0.24559382117843956
v 0.551639815837493 0.28635362786947527 -0.17308474996272225
v 0.4708212188771061 0.6564554633228343 -0.17212798800361545
v 0.4708212188771061 0.6564554633228343 -0.17212798800361545
v 0.5091961089493049 0.276836829919023 2.882534035857647e-17
v 0.42968589037151134 0.6678078722665979 1.3375638069162575e-16
v 0.4708212188771061 0.6564554633228343 -0.17212798800361545
v 0.6128110023404569 0.8561837976103752 -0.24555975309108347
v 0.5719234431669594 0.6300765312994092 -0.24559382117843956
v 0.5262576369222353 0.9118212782858921 -0.17221632734641093
v 0.4708212188771061 0.6564554633228343 -0.17212798800361545
v 0.42968589037151134 0.6678078722665979 1.3375638069162575e-16
v 0.6128110023404569 0.8561837976103752 -0.24555975309108347
v 0.4708212188771061 0.6564554633228343 -0.17212798800361545
v 0.5262576369222353 0.9118212782858921 -0.17221632734641093
v 0.42968589037151134 0.6678078722665979 1.3375638069162575e-16
v 0.490997012291052 0.9349399145322592 2.05450824606888e-16
v 0.5262576369222353 0.9118212782858921 -0.17221632734641093
v 0.7435240516661128 0.9954430748451913 -0.24541077123232563
v 0.6128110023404569 0.8561837976103752 -0.24555975309108347
v 0.5262576369222353 0.9118212782858921 -0.17221632734641093
v 0.696779098884367 1.0828126148406947 -0.17228390232200969
v 0.5262576369222353 0.9118212782858921 -0.17221632734641093
v 0.490997012291052 0.9349399145322592 2.05450824606888e-16
v 0.5262576369222353 0.9118212782858921 -0.17221632734641093
v 0.696779098884367 1.0828126148406947 -0.17228390232200969
v 0.7435240516661128 0.9954430748451913 -0.24541077123232563
v 0.490997012291052 0.9349399145322592 2.05450824606888e-16
v 0.6774621982476795 1.1188408414032571 2.5480719457733006e-16
v 0.696779098884367 1.0828126148406947 -0.17228390232200969
v 0.9354064143689164 1.106076581588157 2.5138144113361984e-16
v 0.696779098884367 1.0828126148406947 -0.17228390232200969
v 0.6774621982476795 1.1188408414032571 2.5480719457733006e-16
v 0.9235129697038845 1.073003890572744 -0.15038238066295573
v 0.7435240516661128 0.9954430748451913 -0.24541077123232563
v 0.696779098884367 1.0828126148406947 -0.17228390232200969
v 0.696779098884367 1.0828126148406947 -0.17228390232200969
v 0.9354064143689164 1.106076581588157 2.5138144113361984e-16
v 0.9235129697038845 1.073003890572744 -0.15038238066295573
v -0.381938879868661 -0.677177351363328 -0.22153785612295024
v 0.3754573478203564 -1.0057132174288086 -0.3101529952709591
v -0.381938879868661 -1.0057132174288086 -0.3101529952709591
v -0.381938879868661 -0.677177351363328 -0.22153785612295024
v -0.381938879868661 -1.0057132174288086 -0.3101529952709591
v -0.43670058507669735 -1.0057132174288086 -0.22410298172941812
v 0.3754573478203564 -1.0057132174288086 -0.3101529952709591
v -0.381938879868661 -0.677177351363328 -0.22153785612295024
v 0.3754573478203564 -0.6771772308571081 -0.22153785612295024
v -0.43670058507669735 -1.0057132174288086 -0.22410298172941812
v -0.43670058507669735 -0.677177351363328 -0.16007356309411475
v -0.381938879868661 -0.677177351363328 -0.22153785612295024
v 0.4302190530283927 -0.677177351363328 -0.16007356309411475
v 0.3754573478203564 -1.0057132174288086 -0.3101529952709591
v 0.3754573478203564 -0.6771772308571081 -0.22153785612295024
v -0.43670058507669735 -0.677177351363328 -0.16007356309411475
v -0.43670058507669735 -1.0057132174288086 -0.22410298172941812
v -0.43670058507669735 -1.0057132174288086 0.22410298172941812
v 0.3754573478203564 -1.0057132174288086 -0.3101529952709591
v 0.4302190530283927 -0.677177351363328 -0.16007356309411475
v 0.4302190530283927 -1.0057132174288086 -0.22410298172941812
v -0.43670058507669735 -0.677177351363328 -0.16007356309411475
v -0.43670058507669735 -1.0057132174288086 0.22410298172941812
v -0.43670058507669735 -0.677177351363328 0.16007356309411475
v 0.4302190530283927 -0.677177351363328 0.16007356309411475
v 0.4302190530283927 -1.0057132174288086 -0.22410298172941812
v 0.4302190530283927 -0.677177351363328 -0.16007356309411475
v -0.381938879868661 -1.0057132174288086 0.3101529952709591
v -0.43670058507669735 -0.677177351363328 0.16007356309411475
v -0.43670058507669735 -1.0057132174288086 0.22410298172941812
v 0.4302190530283927 -1.0057132174288086 -0.22410298172941812
v 0.4302190530283927 -0.677177351363328 0.16007356309411475
v 0.4302190530283927 -1.0057132174288086 0.22410298172941812
v -0.43670058507669735 -0.677177351363328 0.16007356309411475
v -0.381938879868661 -1.0057132174288086 0.3101529952709591
v -0.381938879868661 -0.677177351363328 0.22153785612295024
v 0.4302190530283927 -0.677177351363328 0.16007356309411475
v 0.3754573478203564 -1.0057132174288086 0.3101529952709591
v 0.4302190530283927 -1.0057132174288086 0.22410298172941812
v -0.381938879868661 -1.0057132174288086 0.3101529952709591
v 0.3754573478203564 -1.0057132174288086 0.3101529952709591
v -0.381938879868661 -0.677177351363328 0.22153785612295024
v 0.3754573478203564 -1.0057132174288086 0.3101529952709591
v 0.4302190530283927 -0.677177351363328 0.16007356309411475
v 0.3754573478203564 -0.6771772308571081 0.22153785612295024
v 0.3754573478203564 -0.6771772308571081 0.22153785612295024
v -0.381938879868661 -0.677177351363328 0.22153785612295024
v 0.3754573478203564 -1.0057132174288086 0.3101529952709591
v -0.41980880105703905 -0.9874265190783089 -0.4342141801746577
v -0.41980880105703905 -0.9874265190783089 0.4342141801746577
v 0.4133272690087344 -0.9874265190783089 -0.4342141801746577
v -0.48004655729337004 -0.9874265190783089 -0.3137438443040598
v -0.41980880105703905 -0.9874265190783089 0.4342141801746577
v -0.41980880105703905 -0.9874265190783089 -0.4342141801746577
v -0.41980880105703905 -0.9874265190783089 0.4342141801746577
v -0.48004655729337004 -0.9874265190783089 -0.3137438443040598
v -0.48004655729337004 -0.9874265190783089 0.3137438443040598
v 0.4133272690087344 -0.9874265190783089 -0.4342141801746577
v -0.41980880105703905 -0.9874265190783089 0.4342141801746577
v 0.4133272690087344 -0.9874265190783089 0.4342141801746577
v 0.4133272690087344 -0.9874265190783089 0.4342141801746577
v 0.47356502524506544 -0.9874265190783089 -0.3137438443040598
v 0.4133272690087344 -0.9874265190783089 -0.4342141801746577
v 0.47356502524506544 -0.9874265190783089 -0.3137438443040598
v 0.4133272690087344 -0.9874265190783089 0.4342141801746577
v 0.47356502524506544 -0.9874265190783089 0.3137438443040598
vn 0 -1 0
vn 0 -1 0
vn 0 -1 0
vn 0 -1 0
vn 0 -1 0
vn 0 -1 0
vn 0 -1 0
vn 0 -1 0
vn 0 -1 0
vn 0 -1 0
vn 0 -1 0
vn 0 -1 0
vn 0 -1 0
vn 0 -1 0
vn 0 -1 0
vn 0 -1 0
vn 0 -1 0
vn 0 -1 0
vn -0.1938383326027529 0.5394256891704354 -0.8194184685963487
vn 0.45447923306226656 0.7557923920240676 -0.47140904411526957
vn 0.43183676324008136 0.43088449288841957 -0.7923733739233162
vn 0.8539723370804302 0.46882752250732146 -0.22568119469959252
vn 0.45447923306226656 0.7557923920240676 -0.47140904411526957
vn 0.28130774136421194 0.9342017365438434 -0.21939250234917534
vn 0.8316996297207594 0.261165497397992 -0.4899676610667392
vn 0.43183676324008136 0.43088449288841957 -0.7923733739233162
vn 0.45447923306226656 0.7557923920240676 -0.47140904411526957
vn 0.45447923306226656 0.7557923920240676 -0.47140904411526957
vn 0.8539723370804302 0.46882752250732146 -0.22568119469959252
vn 0.8316996297207594 0.261165497397992 -0.4899676610667392
vn 0.43183676324008136 0.43088449288841957 -0.7923733739233162
vn 0.8316996297207594 0.261165497397992 -0.4899676610667392
vn 0.5489629246696563 0.21749920146645998 -0.8070525414739672
vn 0.9075963370527849 -0.3446654031565091 -0.23973870950542983
vn 0.8316996297207594 0.261165497397992 -0.4899676610667392
vn 0.8539723370804302 0.46882752250732146 -0.22568119469959252
vn 0.4578987709291496 -0.31593607702533566 -0.8309711853099453
vn 0.5489629246696563 0.21749920146645998 -0.8070525414739672
vn 0.8316996297207594 0.261165497397992 -0.4899676610667392
vn 0.8316996297207594 0.261165497397992 -0.4899676610667392
vn 0.9075963370527849 -0.3446654031565091 -0.23973870950542983
vn 0.6591177812118914 -0.614655504900777 -0.4333155441309304
vn 0.8316996297207594 0.261165497397992 -0.4899676610667392
vn 0.6591177812118914 -0.614655504900777 -0.4333155441309304
vn 0.4578987709291496 -0.31593607702533566 -0.8309711853099453
vn 0.07179163005058393 -0.9750612304512778 -0.21000371121844486
vn 0.6591177812118914 -0.614655504900777 -0.4333155441309304
vn 0.9075963370527849 -0.3446654031565091 -0.23973870950542983
vn 0.0115658465282336 -0.8468737513548111 -0.5316682052373594
vn 0.4578987709291496 -0.31593607702533566 -0.8309711853099453
vn 0.6591177812118914 -0.614655504900777 -0.4333155441309304
vn 0.6591177812118914 -0.614655504900777 -0.4333155441309304
vn 0.07179163005058393 -0.9750612304512778 -0.21000371121844486
vn 0.0115658465282336 -0.8468737513548111 -0.5316682052373594
vn 0.4578987709291496 -0.31593607702533566 -0.8309711853099453
vn 0.0115658465282336 -0.8468737513548111 -0.5316682052373594
vn -0.09061539901266095 -0.6347829899284604 -0.7673587199994929
vn -0.517283966989482 -0.2848635425744471 -0.8070130479785075
vn -0.09061539901266095 -0.6347829899284604 -0.7673587199994929
vn 0.0115658465282336 -0.8468737513548111 -0.5316682052373594
vn -0.732204877473382 -0.5536222193622045 -0.39670953559582656
vn 0.0115658465282336 -0.8468737513548111 -0.5316682052373594
vn 0.07179163005058393 -0.9750612304512778 -0.21000371121844486
vn 0.0115658465282336 -0.8468737513548111 -0.5316682052373594
vn -0.732204877473382 -0.5536222193622045 -0.39670953559582656
vn -0.517283966989482 -0.2848635425744471 -0.8070130479785075
vn 0.07179163005058393 -0.9750612304512778 -0.21000371121844486
vn -0.7780098573646859 -0.5845482461982522 -0.23022599703319477
vn -0.732204877473382 -0.5536222193622045 -0.39670953559582656
vn -0.951862255413449 0.2266491731788045 -0.206369569017785
vn -0.732204877473382 -0.5536222193622045 -0.39670953559582656
vn -0.7780098573646859 -0.5845482461982522 -0.23022599703319477
vn -0.7676671702155534 0.4497795135018944 -0.4564926122154046
vn -0.517283966989482 -0.2848635425744471 -0.8070130479785075
vn -0.732204877473382 -0.5536222193622045 -0.39670953559582656
vn -0.732204877473382 -0.5536222193622045 -0.39670953559582656
vn -0.951862255413449 0.2266491731788045 -0.206369569017785
vn -0.7676671702155534 0.4497795135018944 -0.4564926122154046
vn -0.517283966989482 -0.2848635425744471 -0.8070130479785075
vn -0.7676671702155534 0.4497795135018944 -0.4564926122154046
vn -0.4207805750081111 0.5626514685944181 -0.7115947109024828
vn -0.48884321991264973 0.8520829925143548 -0.18704780194702897
vn -0.7676671702155534 0.4497795135018944 -0.4564926122154046
vn -0.951862255413449 0.2266491731788045 -0.206369569017785
vn -0.21651208578552963 0.8775039217810093 -0.42791282285968885
vn -0.4207805750081111 0.5626514685944181 -0.7115947109024828
vn -0.7676671702155534 0.4497795135018944 -0.4564926122154046
vn -0.7676671702155534 0.4497795135018944 -0.4564926122154046
vn -0.48884321991264973 0.8520829925143548 -0.18704780194702897
vn -0.21651208578552963 0.8775039217810093 -0.42791282285968885
vn -0.4207805750081111 0.5626514685944181 -0.7115947109024828
vn -0.21651208578552963 0.8775039217810093 -0.42791282285968885
vn 0.1396881338371825 0.8242196210410375 -0.5487706638989133
vn 0.3695474954765803 0.9292118426854629 -2.709996636375012e-7
vn -0.21651208578552963 0.8775039217810093 -0.42791282285968885
vn -0.48884321991264973 0.8520829925143548 -0.18704780194702897
vn 0.42168215269086046 0.8741274130828477 -0.2410091861300946
vn 0.1396881338371825 0.8242196210410375 -0.5487706638989133
vn -0.21651208578552963 0.8775039217810093 -0.42791282285968885
vn -0.21651208578552963 0.8775039217810093 -0.42791282285968885
vn 0.3695474954765803 0.9292118426854629 -2.709996636375012e-7
vn 0.42168215269086046 0.8741274130828477 -0.2410091861300946
vn 0.1396881338371825 0.8242196210410375 -0.5487706638989133
vn 0.42168215269086046 0.8741274130828477 -0.2410091861300946
vn 0.6650763556436332 0.6656437689758291 -0.33851412671768427
vn 0.8232128742079784 0.522495744293975 -0.2220782765894139
vn 0.42168215269086046 0.8741274130828477 -0.2410091861300946
vn 0.3695474954765803 0.9292118426854629 -2.709996636375012e-7
vn 0.42168215269086046 0.8741274130828477 -0.2410091861300946
vn 0.8232128742079784 0.522495744293975 -0.2220782765894139
vn 0.6650763556436332 0.6656437689758291 -0.33851412671768427
vn 0.3695474954765803 0.9292118426854629 -2.709996636375012e-7
vn 0.9549735839168085 0.2966908391247619 -7.287331214579035e-7
vn 0.8232128742079784 0.522495744293975 -0.2220782765894139
vn 0.6732251922624459 0.2121740663503722 -0.7083431414727899
vn 0.6650763556436332 0.6656437689758291 -0.33851412671768427
vn 0.8232128742079784 0.522495744293975 -0.2220782765894139
vn 0.9549735839168085 0.2966908391247619 -7.287331214579035e-7
vn 0.9154108090093276 -0.0036967223222230824 -0.4025038943823533
vn 0.8232128742079784 0.522495744293975 -0.2220782765894139
vn 0.9154108090093276 -0.0036967223222230824 -0.4025038943823533
vn 0.6732251922624459 0.2121740663503722 -0.7083431414727899
vn 0.8232128742079784 0.522495744293975 -0.2220782765894139
vn 0.9154108090093276 -0.0036967223222230824 -0.4025038943823533
vn 0.9549735839168085 0.2966908391247619 -7.287331214579035e-7
vn 0.8820824619942754 -0.4051910795150225 -0.24031379345257786
vn 0.7864787709773147 -0.10821161578599746 -0.6080636389482569
vn 0.6732251922624459 0.2121740663503722 -0.7083431414727899
vn 0.9154108090093276 -0.0036967223222230824 -0.4025038943823533
vn 0.8820824619942754 -0.4051910795150225 -0.24031379345257786
vn 0.7864787709773147 -0.10821161578599746 -0.6080636389482569
vn 0.9154108090093276 -0.0036967223222230824 -0.4025038943823533
vn 0.7864787709773147 -0.10821161578599746 -0.6080636389482569
vn 0.8820824619942754 -0.4051910795150225 -0.24031379345257786
vn 0.7557635405124861 -0.5995622083566947 -0.26333748146147934
vn 0.6732251922624459 0.2121740663503722 -0.7083431414727899
vn 0.7864787709773147 -0.10821161578599746 -0.6080636389482569
vn 0.41104077347713397 0.3073270632216138 -0.8582514542666955
vn 0.38470584193509705 0.5786004939452425 -0.7191820934835138
vn 0.41104077347713397 0.3073270632216138 -0.8582514542666955
vn 0.7864787709773147 -0.10821161578599746 -0.6080636389482569
vn 0.41104077347713397 0.3073270632216138 -0.8582514542666955
vn 0.38470584193509705 0.5786004939452425 -0.7191820934835138
vn 0.24482445077527873 0.4742129142273185 -0.845684988800568
vn 0.6743311933835177 0.6925158531200611 -0.2563186197047624
vn 0.38470584193509705 0.5786004939452425 -0.7191820934835138
vn 0.7864787709773147 -0.10821161578599746 -0.6080636389482569
vn -0.24691727544289332 0.44387672677239026 -0.8613973012017667
vn 0.24482445077527873 0.4742129142273185 -0.845684988800568
vn 0.38470584193509705 0.5786004939452425 -0.7191820934835138
vn 0.38470584193509705 0.5786004939452425 -0.7191820934835138
vn 0.6743311933835177 0.6925158531200611 -0.2563186197047624
vn -0.40788502376393754 0.7881513001698933 -0.460920096578137
vn -0.40788502376393754 0.7881513001698933 -0.460920096578137
vn -0.24691727544289332 0.44387672677239026 -0.8613973012017667
vn 0.38470584193509705 0.5786004939452425 -0.7191820934835138
vn -0.40788502376393754 0.7881513001698933 -0.460920096578137
vn 0.6743311933835177 0.6925158531200611 -0.2563186197047624
vn -0.5856975756049342 0.7836183339577936 -0.207124736851286
vn -0.9030153660988914 0.34753266268950067 -0.25255553241461726
vn -0.40788502376393754 0.7881513001698933 -0.460920096578137
vn -0.5856975756049342 0.7836183339577936 -0.207124736851286
vn -0.670372880366123 0.27727488826639046 -0.6882723571424967
vn -0.24691727544289332 0.44387672677239026 -0.8613973012017667
vn -0.40788502376393754 0.7881513001698933 -0.460920096578137
vn -0.40788502376393754 0.7881513001698933 -0.460920096578137
vn -0.9030153660988914 0.34753266268950067 -0.25255553241461726
vn -0.670372880366123 0.27727488826639046 -0.6882723571424967
vn -0.24691727544289332 0.44387672677239026 -0.8613973012017667
vn -0.670372880366123 0.27727488826639046 -0.6882723571424967
vn -0.47669906600128625 0.18554921703219887 -0.8592610130409962
vn -0.46270189544620427 -0.22935544444559364 -0.8563311485947792
vn -0.47669906600128625 0.18554921703219887 -0.8592610130409962
vn -0.670372880366123 0.27727488826639046 -0.6882723571424967
vn -0.670372880366123 0.27727488826639046 -0.6882723571424967
vn -0.9030153660988914 0.34753266268950067 -0.25255553241461726
vn -0.8000576370510413 -0.3990699156113405 -0.4479408218171923
vn -0.8000576370510413 -0.3990699156113405 -0.4479408218171923
vn -0.46270189544620427 -0.22935544444559364 -0.8563311485947792
vn -0.670372880366123 0.27727488826639046 -0.6882723571424967
vn -0.8000576370510413 -0.3990699156113405 -0.4479408218171923
vn -0.9030153660988914 0.34753266268950067 -0.25255553241461726
vn -0.8521942266842392 -0.46243841488119447 -0.24477686256715445
vn -0.572342453526124 -0.7836876360600235 -0.24136653657528523
vn -0.8000576370510413 -0.3990699156113405 -0.4479408218171923
vn -0.8521942266842392 -0.46243841488119447 -0.24477686256715445
vn -0.21839484683335034 -0.7885301864918889 -0.5749120244591381
vn -0.46270189544620427 -0.22935544444559364 -0.8563311485947792
vn -0.8000576370510413 -0.3990699156113405 -0.4479408218171923
vn -0.8000576370510413 -0.3990699156113405 -0.4479408218171923
vn -0.572342453526124 -0.7836876360600235 -0.24136653657528523
vn -0.21839484683335034 -0.7885301864918889 -0.5749120244591381
vn -0.46270189544620427 -0.22935544444559364 -0.8563311485947792
vn -0.21839484683335034 -0.7885301864918889 -0.5749120244591381
vn -0.003997415956125324 -0.5558058859541837 -0.8313024947661103
vn 0.6026731680582116 -0.7613116097818556 -0.23914364995549892
vn -0.21839484683335034 -0.7885301864918889 -0.5749120244591381
vn -0.572342453526124 -0.7836876360600235 -0.24136653657528523
vn 0.4449950864503244 -0.618263701574154 -0.6478652393444904
vn -0.003997415956125324 -0.5558058859541837 -0.8313024947661103
vn -0.21839484683335034 -0.7885301864918889 -0.5749120244591381
vn -0.21839484683335034 -0.7885301864918889 -0.5749120244591381
vn 0.6026731680582116 -0.7613116097818556 -0.23914364995549892
vn 0.4449950864503244 -0.618263701574154 -0.6478652393444904
vn -0.003997415956125324 -0.5558058859541837 -0.8313024947661103
vn 0.4449950864503244 -0.618263701574154 -0.6478652393444904
vn 0.3156837183648706 -0.47072453045215157 -0.8238702606539032
vn 0.49469254437959187 -0.27517244388823436 -0.8243539365223059
vn 0.3156837183648706 -0.47072453045215157 -0.8238702606539032
vn 0.4449950864503244 -0.618263701574154 -0.6478652393444904
vn 0.4449950864503244 -0.618263701574154 -0.6478652393444904
vn 0.6026731680582116 -0.7613116097818556 -0.23914364995549892
vn 0.768353378348177 -0.324210390952272 -0.551833950006266
vn 0.4449950864503244 -0.618263701574154 -0.6478652393444904
vn 0.768353378348177 -0.324210390952272 -0.551833950006266
vn 0.49469254437959187 -0.27517244388823436 -0.8243539365223059
vn 0.768353378348177 -0.324210390952272 -0.551833950006266
vn 0.6026731680582116 -0.7613116097818556 -0.23914364995549892
vn 0.9391980915957566 -0.2459857817181001 -0.2395786717039393
vn 0.768353378348177 -0.324210390952272 -0.551833950006266
vn 0.5812518752853967 0.01122865348556721 -0.8136462221494736
vn 0.49469254437959187 -0.27517244388823436 -0.8243539365223059
vn 0.8658762792959199 0.1223772613387308 -0.4850588364929415
vn 0.768353378348177 -0.324210390952272 -0.551833950006266
vn 0.9391980915957566 -0.2459857817181001 -0.2395786717039393
vn 0.5812518752853967 0.01122865348556721 -0.8136462221494736
vn 0.768353378348177 -0.324210390952272 -0.551833950006266
vn 0.8658762792959199 0.1223772613387308 -0.4850588364929415
vn 0.8658762792959199 0.1223772613387308 -0.4850588364929415
vn 0.9391980915957566 -0.2459857817181001 -0.2395786717039393
vn 0.9644911157546606 0.1359296204986303 -0.22645093486543166
vn 0.8658762792959199 0.1223772613387308 -0.4850588364929415
vn 0.5505728680506145 0.18714747998302786 -0.8135387745538148
vn 0.5812518752853967 0.01122865348556721 -0.8136462221494736
vn 0.9256225026183944 0.29831292489785893 -0.2328784693468781
vn 0.8658762792959199 0.1223772613387308 -0.4850588364929415
vn 0.9644911157546606 0.1359296204986303 -0.22645093486543166
vn 0.5505728680506145 0.18714747998302786 -0.8135387745538148
vn 0.8658762792959199 0.1223772613387308 -0.4850588364929415
vn 0.8141826746407103 0.2806411733553789 -0.5082785694209578
vn 0.8658762792959199 0.1223772613387308 -0.4850588364929415
vn 0.9256225026183944 0.29831292489785893 -0.2328784693468781
vn 0.8141826746407103 0.2806411733553789 -0.5082785694209578
vn 0.8141826746407103 0.2806411733553789 -0.5082785694209578
vn 0.5313214555110788 0.2356099330993221 -0.8137477928317358
vn 0.5505728680506145 0.18714747998302786 -0.8135387745538148
vn 0.9503578671798207 0.196670156886399 -0.2411239798935424
vn 0.8141826746407103 0.2806411733553789 -0.5082785694209578
vn 0.9256225026183944 0.29831292489785893 -0.2328784693468781
vn 0.5313214555110788 0.2356099330993221 -0.8137477928317358
vn 0.8141826746407103 0.2806411733553789 -0.5082785694209578
vn 0.7971040973765113 0.23126169449291253 -0.5578020138058343
vn 0.8141826746407103 0.2806411733553789 -0.5082785694209578
vn 0.9503578671798207 0.196670156886399 -0.2411239798935424
vn 0.7971040973765113 0.23126169449291253 -0.5578020138058343
vn 0.7971040973765113 0.23126169449291253 -0.5578020138058343
vn 0.563491857698837 -0.019070906469343812 -0.8259014631501456
vn 0.5313214555110788 0.2356099330993221 -0.8137477928317358
vn 0.9503578671798207 0.196670156886399 -0.2411239798935424
vn 0.8771002105926831 -0.10684791740168052 -0.46827208236792733
vn 0.7971040973765113 0.23126169449291253 -0.5578020138058343
vn 0.563491857698837 -0.019070906469343812 -0.8259014631501456
vn 0.7971040973765113 0.23126169449291253 -0.5578020138058343
vn 0.8771002105926831 -0.10684791740168052 -0.46827208236792733
vn 0.1938395038294773 0.5394260640883022 0.8194179447250011
vn -0.45447856885086024 0.7557926355241864 0.4714092940775332
vn -0.4318362973204272 0.4308847058837358 0.7923735120207326
vn -0.2813071254031482 0.9342018460616266 0.21939282579990274
vn -0.8539724229156298 0.46882719714843674 0.22568154579750016
vn -0.45447856885086024 0.7557926355241864 0.4714092940775332
vn -0.45447856885086024 0.7557926355241864 0.4714092940775332
vn -0.831699594865396 0.2611650953471718 0.48996793453555587
vn -0.4318362973204272 0.4308847058837358 0.7923735120207326
vn -0.45447856885086024 0.7557926355241864 0.4714092940775332
vn -0.8539724229156298 0.46882719714843674 0.22568154579750016
vn -0.831699594865396 0.2611650953471718 0.48996793453555587
vn -0.4318362973204272 0.4308847058837358 0.7923735120207326
vn -0.831699594865396 0.2611650953471718 0.48996793453555587
vn -0.5489628772924654 0.21749910549104115 0.8070525995654646
vn -0.9075962347872415 -0.3446651802778275 0.23973941708462393
vn -0.831699594865396 0.2611650953471718 0.48996793453555587
vn -0.8539724229156298 0.46882719714843674 0.22568154579750016
vn -0.831699594865396 0.2611650953471718 0.48996793453555587
vn -0.45789920260329114 -0.3159368465638635 0.8309706548600571
vn -0.5489628772924654 0.21749910549104115 0.8070525995654646
vn -0.831699594865396 0.2611650953471718 0.48996793453555587
vn -0.9075962347872415 -0.3446651802778275 0.23973941708462393
vn -0.6591178933086875 -0.6146553415396306 0.4333156053468621
vn -0.45789920260329114 -0.3159368465638635 0.8309706548600571
vn -0.831699594865396 0.2611650953471718 0.48996793453555587
vn -0.6591178933086875 -0.6146553415396306 0.4333156053468621
vn -0.9075962347872415 -0.3446651802778275 0.23973941708462393
vn -0.07179211743262257 -0.975061244228182 0.21000348063479796
vn -0.6591178933086875 -0.6146553415396306 0.4333156053468621
vn -0.6591178933086875 -0.6146553415396306 0.4333156053468621
vn -0.011566896822943144 -0.846873849169402 0.531668026583213
vn -0.45789920260329114 -0.3159368465638635 0.8309706548600571
vn -0.6591178933086875 -0.6146553415396306 0.4333156053468621
vn -0.07179211743262257 -0.975061244228182 0.21000348063479796
vn -0.011566896822943144 -0.846873849169402 0.531668026583213
vn -0.45789920260329114 -0.3159368465638635 0.8309706548600571
vn -0.011566896822943144 -0.846873849169402 0.531668026583213
vn 0.09061485773449379 -0.6347823518065363 0.7673593117912367
vn -0.011566896822943144 -0.846873849169402 0.531668026583213
vn 0.5172828919976296 -0.28486428231960875 0.8070134759129508
vn 0.09061485773449379 -0.6347823518065363 0.7673593117912367
vn -0.07179211743262257 -0.975061244228182 0.21000348063479796
vn 0.7322045246934931 -0.5536227110338677 0.3967095005742698
vn -0.011566896822943144 -0.846873849169402 0.531668026583213
vn 0.5172828919976296 -0.28486428231960875 0.8070134759129508
vn -0.011566896822943144 -0.846873849169402 0.531668026583213
vn 0.7322045246934931 -0.5536227110338677 0.3967095005742698
vn 0.7322045246934931 -0.5536227110338677 0.3967095005742698
vn -0.07179211743262257 -0.975061244228182 0.21000348063479796
vn 0.7780093835662474 -0.584548554968177 0.23022681418002505
vn 0.9518622975969465 0.2266488607748461 0.20636971755305167
vn 0.7322045246934931 -0.5536227110338677 0.3967095005742698
vn 0.7780093835662474 -0.584548554968177 0.23022681418002505
vn 0.7322045246934931 -0.5536227110338677 0.3967095005742698
vn 0.7676673175040958 0.44977926525413114 0.45649260912255746
vn 0.5172828919976296 -0.28486428231960875 0.8070134759129508
vn 0.7322045246934931 -0.5536227110338677 0.3967095005742698
vn 0.9518622975969465 0.2266488607748461 0.20636971755305167
vn 0.7676673175040958 0.44977926525413114 0.45649260912255746
vn 0.5172828919976296 -0.28486428231960875 0.8070134759129508
vn 0.7676673175040958 0.44977926525413114 0.45649260912255746
vn 0.42077922728705514 0.5626515308679946 0.7115954585968148
vn 0.9518622975969465 0.2266488607748461 0.20636971755305167
vn 0.4888429874811029 0.8520831714881335 0.18704759409646043
vn 0.7676673175040958 0.44977926525413114 0.45649260912255746
vn 0.21651050174206915 0.8775042833294641 0.4279128829257668
vn 0.42077922728705514 0.5626515308679946 0.7115954585968148
vn 0.7676673175040958 0.44977926525413114 0.45649260912255746
vn 0.7676673175040958 0.44977926525413114 0.45649260912255746
vn 0.4888429874811029 0.8520831714881335 0.18704759409646043
vn 0.21651050174206915 0.8775042833294641 0.4279128829257668
vn 0.42077922728705514 0.5626515308679946 0.7115954585968148
vn 0.21651050174206915 0.8775042833294641 0.4279128829257668
vn -0.1396903566836736 0.824218946094844 0.5487711118015348
vn -0.3695454152769411 0.9292126699780424 -2.6659687590291744e-7
vn 0.21651050174206915 0.8775042833294641 0.4279128829257668
vn 0.4888429874811029 0.8520831714881335 0.18704759409646043
vn 0.21651050174206915 0.8775042833294641 0.4279128829257668
vn -0.4216806941906869 0.8741282247477514 0.2410087941262824
vn -0.1396903566836736 0.824218946094844 0.5487711118015348
vn 0.21651050174206915 0.8775042833294641 0.4279128829257668
vn -0.3695454152769411 0.9292126699780424 -2.6659687590291744e-7
vn -0.4216806941906869 0.8741282247477514 0.2410087941262824
vn -0.6650729301685272 0.6656464775557401 0.338515530625531
vn -0.1396903566836736 0.824218946094844 0.5487711118015348
vn -0.4216806941906869 0.8741282247477514 0.2410087941262824
vn -0.4216806941906869 0.8741282247477514 0.2410087941262824
vn -0.8232110824906067 0.5224983186480355 0.2220788613862642
vn -0.6650729301685272 0.6656464775557401 0.338515530625531
vn -0.3695454152769411 0.9292126699780424 -2.6659687590291744e-7
vn -0.8232110824906067 0.5224983186480355 0.2220788613862642
vn -0.4216806941906869 0.8741282247477514 0.2410087941262824
vn -0.8232110824906067 0.5224983186480355 0.2220788613862642
vn -0.673224527253475 0.21217795964478495 0.7083426073202932
vn -0.6650729301685272 0.6656464775557401 0.338515530625531
vn -0.673224527253475 0.21217795964478495 0.7083426073202932
vn -0.8232110824906067 0.5224983186480355 0.2220788613862642
vn -0.9154105695167745 -0.003692896976498257 0.40250447417251856
vn -0.9549726971010332 0.296693693547822 -7.278103888826594e-7
vn -0.9154105695167745 -0.003692896976498257 0.40250447417251856
vn -0.8232110824906067 0.5224983186480355 0.2220788613862642
vn -0.3695454152769411 0.9292126699780424 -2.6659687590291744e-7
vn -0.9549726971010332 0.296693693547822 -7.278103888826594e-7
vn -0.8232110824906067 0.5224983186480355 0.2220788613862642
vn -0.7851193328943395 -0.09605835434453057 0.6118500025955447
vn -0.673224527253475 0.21217795964478495 0.7083426073202932
vn -0.9154105695167745 -0.003692896976498257 0.40250447417251856
vn -0.9154105695167745 -0.003692896976498257 0.40250447417251856
vn -0.9549726971010332 0.296693693547822 -7.278103888826594e-7
vn -0.8820841337173253 -0.40518663183551934 0.24031515646322218
vn -0.8820841337173253 -0.40518663183551934 0.24031515646322218
vn -0.7851193328943395 -0.09605835434453057 0.6118500025955447
vn -0.9154105695167745 -0.003692896976498257 0.40250447417251856
vn -0.7851193328943395 -0.09605835434453057 0.6118500025955447
vn -0.8820841337173253 -0.40518663183551934 0.24031515646322218
vn -0.9382197981740595 -0.19977430923956357 0.28254881999768167
vn -0.673224527253475 0.21217795964478495 0.7083426073202932
vn -0.7851193328943395 -0.09605835434453057 0.6118500025955447
vn -0.41104057903940805 0.3073287541826235 0.8582509418786004
vn -0.7851193328943395 -0.09605835434453057 0.6118500025955447
vn -0.9382197981740595 -0.19977430923956357 0.28254881999768167
vn -0.3864165382251689 0.5782985587829792 0.7185075058032488
vn -0.3864165382251689 0.5782985587829792 0.7185075058032488
vn -0.41104057903940805 0.3073287541826235 0.8582509418786004
vn -0.7851193328943395 -0.09605835434453057 0.6118500025955447
vn -0.24482459975509216 0.47421206295701673 0.8456854230154435
vn -0.41104057903940805 0.3073287541826235 0.8582509418786004
vn -0.3864165382251689 0.5782985587829792 0.7185075058032488
vn -0.3864165382251689 0.5782985587829792 0.7185075058032488
vn 0.24691827786387938 0.44387467940350306 0.8613980688631554
vn -0.24482459975509216 0.47421206295701673 0.8456854230154435
vn 0.24691827786387938 0.44387467940350306 0.8613980688631554
vn -0.3864165382251689 0.5782985587829792 0.7185075058032488
vn 0.40788684796102437 0.78815036597552 0.46092007970262466
vn -0.3423260553862428 0.9115455790095877 0.22781029211115705
vn 0.40788684796102437 0.78815036597552 0.46092007970262466
vn -0.3864165382251689 0.5782985587829792 0.7185075058032488
vn 0.40788684796102437 0.78815036597552 0.46092007970262466
vn -0.3423260553862428 0.9115455790095877 0.22781029211115705
vn 0.5856939951774913 0.7836208761131127 0.2071252435912789
vn 0.40788684796102437 0.78815036597552 0.46092007970262466
vn 0.5856939951774913 0.7836208761131127 0.2071252435912789
vn 0.9030146784789308 0.34753470615064763 0.25255517906464814
vn 0.6703731300082546 0.27727460281929706 0.688272228986712
vn 0.24691827786387938 0.44387467940350306 0.8613980688631554
vn 0.40788684796102437 0.78815036597552 0.46092007970262466
vn 0.9030146784789308 0.34753470615064763 0.25255517906464814
vn 0.6703731300082546 0.27727460281929706 0.688272228986712
vn 0.40788684796102437 0.78815036597552 0.46092007970262466
vn 0.4766996070808055 0.18554810570061087 0.8592609528425695
vn 0.24691827786387938 0.44387467940350306 0.8613980688631554
vn 0.6703731300082546 0.27727460281929706 0.688272228986712
vn 0.6703731300082546 0.27727460281929706 0.688272228986712
vn 0.46270230453341393 -0.22935517179219 0.8563310005784229
vn 0.4766996070808055 0.18554810570061087 0.8592609528425695
vn 0.9030146784789308 0.34753470615064763 0.25255517906464814
vn 0.8000582428039048 -0.3990686123470723 0.4479409009689896
vn 0.6703731300082546 0.27727460281929706 0.688272228986712
vn 0.46270230453341393 -0.22935517179219 0.8563310005784229
vn 0.6703731300082546 0.27727460281929706 0.688272228986712
vn 0.8000582428039048 -0.3990686123470723 0.4479409009689896
vn 0.8000582428039048 -0.3990686123470723 0.4479409009689896
vn 0.9030146784789308 0.34753470615064763 0.25255517906464814
vn 0.8521950999768746 -0.462436987214351 0.24477651936311004
vn 0.8000582428039048 -0.3990686123470723 0.4479409009689896
vn 0.8521950999768746 -0.462436987214351 0.24477651936311004
vn 0.572341150744323 -0.7836883819723443 0.2413672039160108
vn 0.2183935573538124 -0.7885302600133718 0.574912413459295
vn 0.46270230453341393 -0.22935517179219 0.8563310005784229
vn 0.8000582428039048 -0.3990686123470723 0.4479409009689896
vn 0.572341150744323 -0.7836883819723443 0.2413672039160108
vn 0.2183935573538124 -0.7885302600133718 0.574912413459295
vn 0.8000582428039048 -0.3990686123470723 0.4479409009689896
vn 0.003997051143005435 -0.5558049911433458 0.8313030947869168
vn 0.46270230453341393 -0.22935517179219 0.8563310005784229
vn 0.2183935573538124 -0.7885302600133718 0.574912413459295
vn -0.602673528173317 -0.7613112773611831 0.23914380067609867
vn 0.2183935573538124 -0.7885302600133718 0.574912413459295
vn 0.572341150744323 -0.7836883819723443 0.2413672039160108
vn -0.4449955617104722 -0.6182627933555442 0.647865779625827
vn 0.003997051143005435 -0.5558049911433458 0.8313030947869168
vn 0.2183935573538124 -0.7885302600133718 0.574912413459295
vn -0.602673528173317 -0.7613112773611831 0.23914380067609867
vn -0.4449955617104722 -0.6182627933555442 0.647865779625827
vn 0.2183935573538124 -0.7885302600133718 0.574912413459295
vn -0.4449955617104722 -0.6182627933555442 0.647865779625827
vn -0.31568359069519064 -0.4707228214012076 0.8238712860501196
vn 0.003997051143005435 -0.5558049911433458 0.8313030947869168
vn -0.4449955617104722 -0.6182627933555442 0.647865779625827
vn -0.4946921482795873 -0.27517149920353395 0.8243544895593197
vn -0.31568359069519064 -0.4707228214012076 0.8238712860501196
vn -0.602673528173317 -0.7613112773611831 0.23914380067609867
vn -0.768353177483875 -0.32421032567907243 0.551834268031175
vn -0.4449955617104722 -0.6182627933555442 0.647865779625827
vn -0.4946921482795873 -0.27517149920353395 0.8243544895593197
vn -0.4449955617104722 -0.6182627933555442 0.647865779625827
vn -0.768353177483875 -0.32421032567907243 0.551834268031175
vn -0.768353177483875 -0.32421032567907243 0.551834268031175
vn -0.602673528173317 -0.7613112773611831 0.23914380067609867
vn -0.9391980392745364 -0.24598628817839735 0.23957835680854184
vn -0.768353177483875 -0.32421032567907243 0.551834268031175
vn -0.5812514442806527 0.011228644883764575 0.813646530168801
vn -0.4946921482795873 -0.27517149920353395 0.8243544895593197
vn -0.9391980392745364 -0.24598628817839735 0.23957835680854184
vn -0.8658761620792257 0.12237752090914265 0.48505898024784855
vn -0.768353177483875 -0.32421032567907243 0.551834268031175
vn -0.5812514442806527 0.011228644883764575 0.813646530168801
vn -0.768353177483875 -0.32421032567907243 0.551834268031175
vn -0.8658761620792257 0.12237752090914265 0.48505898024784855
vn -0.8658761620792257 0.12237752090914265 0.48505898024784855
vn -0.9391980392745364 -0.24598628817839735 0.23957835680854184
vn -0.9644911391480948 0.1359300952651858 0.22645055024443658
vn -0.8658761620792257 0.12237752090914265 0.48505898024784855
vn -0.5505724448255129 0.18714762697183615 0.8135390271632136
vn -0.5812514442806527 0.011228644883764575 0.813646530168801
vn -0.9644911391480948 0.1359300952651858 0.22645055024443658
vn -0.9256223630492137 0.29831328622607906 0.23287856123779843
vn -0.8658761620792257 0.12237752090914265 0.48505898024784855
vn -0.5505724448255129 0.18714762697183615 0.8135390271632136
vn -0.8658761620792257 0.12237752090914265 0.48505898024784855
vn -0.8141824744831708 0.28064124261135787 0.5082788518028403
vn -0.8141824744831708 0.28064124261135787 0.5082788518028403
vn -0.8658761620792257 0.12237752090914265 0.48505898024784855
vn -0.9256223630492137 0.29831328622607906 0.23287856123779843
vn -0.8141824744831708 0.28064124261135787 0.5082788518028403
vn -0.5313208977595942 0.23561000222817902 0.8137481369895581
vn -0.5505724448255129 0.18714762697183615 0.8135390271632136
vn -0.9256223630492137 0.29831328622607906 0.23287856123779843
vn -0.9503579781313858 0.1966701341603725 0.24112356112865777
vn -0.8141824744831708 0.28064124261135787 0.5082788518028403
vn -0.5313208977595942 0.23561000222817902 0.8137481369895581
vn -0.8141824744831708 0.28064124261135787 0.5082788518028403
vn -0.797104027796056 0.23126181110509106 0.5578020648901345
vn -0.797104027796056 0.23126181110509106 0.5578020648901345
vn -0.8141824744831708 0.28064124261135787 0.5082788518028403
vn -0.9503579781313858 0.1966701341603725 0.24112356112865777
vn -0.797104027796056 0.23126181110509106 0.5578020648901345
vn -0.5634916904029351 -0.01907075159796423 0.8259015808680423
vn -0.5313208977595942 0.23561000222817902 0.8137481369895581
vn -0.9503579781313858 0.1966701341603725 0.24112356112865777
vn -0.8771002587107429 -0.10684792420868078 0.46827199068687
vn -0.797104027796056 0.23126181110509106 0.5578020648901345
vn -0.5634916904029351 -0.01907075159796423 0.8259015808680423
vn -0.797104027796056 0.23126181110509106 0.5578020648901345
vn -0.8771002587107429 -0.10684792420868078 0.46827199068687
vn -0.26724018464861676 -0.811375591860406 0.5198579927654754
vn -1.3436174099051343e-7 -0.8683664217425976 0.4959231367761936
vn -9.553620536843082e-8 -0.5751854258682538 0.8180230594969474
vn -0.26724018464861676 -0.811375591860406 0.5198579927654754
vn -9.553620536843082e-8 -0.5751854258682538 0.8180230594969474
vn -0.19496579176795012 -0.5450771212143786 0.815401295049831
vn 0.26724003182485884 -0.8113756099076531 0.5198580431591228
vn -9.553620536843082e-8 -0.5751854258682538 0.8180230594969474
vn -1.3436174099051343e-7 -0.8683664217425976 0.4959231367761936
vn -0.3198726430345708 -0.47711120270461604 0.8185636154214484
vn -0.26724018464861676 -0.811375591860406 0.5198579927654754
vn -0.19496579176795012 -0.5450771212143786 0.815401295049831
vn -9.553620536843082e-8 -0.5751854258682538 0.8180230594969474
vn 0.26724003182485884 -0.8113756099076531 0.5198580431591228
vn 0.19496575339885205 -0.5450770480082698 0.8154013531606433
vn -0.26724018464861676 -0.811375591860406 0.5198579927654754
vn -1.4357961994117075e-7 -0.9725686512575654 0.23261603253219618
vn -1.3436174099051343e-7 -0.8683664217425976 0.4959231367761936
vn -1.4357961994117075e-7 -0.9725686512575654 0.23261603253219618
vn 0.26724003182485884 -0.8113756099076531 0.5198580431591228
vn -1.3436174099051343e-7 -0.8683664217425976 0.4959231367761936
vn -1.4357961994117075e-7 -0.9725686512575654 0.23261603253219618
vn -0.26724018464861676 -0.811375591860406 0.5198579927654754
vn -0.3766203581109039 -0.8977479766175556 0.22848561516099766
vn 0.26724003182485884 -0.8113756099076531 0.5198580431591228
vn 0.31987249532167433 -0.4771111438343525 0.8185637074570075
vn 0.19496575339885205 -0.5450770480082698 0.8154013531606433
vn 0.26724003182485884 -0.8113756099076531 0.5198580431591228
vn -1.4357961994117075e-7 -0.9725686512575654 0.23261603253219618
vn 0.37662024769072444 -0.8977480572649925 0.2284854802964714
vn 0.31987249532167433 -0.4771111438343525 0.8185637074570075
vn 0.26724003182485884 -0.8113756099076531 0.5198580431591228
vn 0.6047004200441498 -0.6615497957082894 0.44349664011889584
vn 0.37662024769072444 -0.8977480572649925 0.2284854802964714
vn 0.6047004200441498 -0.6615497957082894 0.44349664011889584
vn 0.26724003182485884 -0.8113756099076531 0.5198580431591228
vn 0.37662024769072444 -0.8977480572649925 0.2284854802964714
vn 0.6420491749151435 -0.7295990263197168 0.2354954729588341
vn 0.6047004200441498 -0.6615497957082894 0.44349664011889584
vn 0.6047004200441498 -0.6615497957082894 0.44349664011889584
vn 0.563491857717935 -0.019070904692817588 0.8259014631781372
vn 0.31987249532167433 -0.4771111438343525 0.8185637074570075
vn 0.9166980828436324 -0.31640918523155354 0.24402838443901018
vn 0.6047004200441498 -0.6615497957082894 0.44349664011889584
vn 0.6420491749151435 -0.7295990263197168 0.2354954729588341
vn -0.26724018464861676 -0.811375591860406 0.5198579927654754
vn -0.6047004757335331 -0.6615497357752076 0.4434966535875907
vn -0.3766203581109039 -0.8977479766175556 0.22848561516099766
vn -0.6047004757335331 -0.6615497357752076 0.4434966535875907
vn -0.26724018464861676 -0.811375591860406 0.5198579927654754
vn -0.3198726430345708 -0.47711120270461604 0.8185636154214484
vn -0.6420493116343013 -0.7295989046709052 0.23549547709655724
vn -0.3766203581109039 -0.8977479766175556 0.22848561516099766
vn -0.6047004757335331 -0.6615497357752076 0.4434966535875907
vn -0.5634916904029351 -0.01907075159796423 0.8259015808680423
vn -0.6047004757335331 -0.6615497357752076 0.4434966535875907
vn -0.3198726430345708 -0.47711120270461604 0.8185636154214484
vn -0.6047004757335331 -0.6615497357752076 0.4434966535875907
vn -0.916698131782508 -0.31640915749621207 0.24402823656084657
vn -0.6420493116343013 -0.7295989046709052 0.23549547709655724
vn 0.6047004200441498 -0.6615497957082894 0.44349664011889584
vn 0.9166980828436324 -0.31640918523155354 0.24402838443901018
vn 0.8771002105926831 -0.10684791740168052 0.46827208236792733
vn 0.6047004200441498 -0.6615497957082894 0.44349664011889584
vn 0.8771002105926831 -0.10684791740168052 0.46827208236792733
vn 0.563491857717935 -0.019070904692817588 0.8259014631781372
vn 0.9503578671798207 0.196670156886399 0.2411239798935424
vn 0.8771002105926831 -0.10684791740168052 0.46827208236792733
vn 0.9166980828436324 -0.31640918523155354 0.24402838443901018
vn 0.7971040485253857 0.23126170466743395 0.5578020793962247
vn 0.563491857717935 -0.019070904692817588 0.8259014631781372
vn 0.8771002105926831 -0.10684791740168052 0.46827208236792733
vn 0.8771002105926831 -0.10684791740168052 0.46827208236792733
vn 0.9503578671798207 0.196670156886399 0.2411239798935424
vn 0.7971040485253857 0.23126170466743395 0.5578020793962247
vn 0.563491857717935 -0.019070904692817588 0.8259014631781372
vn 0.7971040485253857 0.23126170466743395 0.5578020793962247
vn 0.5313214537511971 0.23560994637720892 0.8137477901363809
vn -0.916698131782508 -0.31640915749621207 0.24402823656084657
vn -0.6047004757335331 -0.6615497357752076 0.4434966535875907
vn -0.8771002587107429 -0.10684792420868078 0.46827199068687
vn -0.6047004757335331 -0.6615497357752076 0.4434966535875907
vn -0.5634916904029351 -0.01907075159796423 0.8259015808680423
vn -0.8771002587107429 -0.10684792420868078 0.46827199068687
vn -0.8771002587107429 -0.10684792420868078 0.46827199068687
vn -0.9503579781313858 0.1966701341603725 0.24112356112865777
vn -0.916698131782508 -0.31640915749621207 0.24402823656084657
vn 0.8141826746407103 0.2806411733553789 0.5082785694209578
vn 0.5313214537511971 0.23560994637720892 0.8137477901363809
vn 0.7971040485253857 0.23126170466743395 0.5578020793962247
vn 0.9503578671798207 0.196670156886399 0.2411239798935424
vn 0.8141826746407103 0.2806411733553789 0.5082785694209578
vn 0.7971040485253857 0.23126170466743395 0.5578020793962247
vn 0.5313214537511971 0.23560994637720892 0.8137477901363809
vn 0.8141826746407103 0.2806411733553789 0.5082785694209578
vn 0.5505728680506145 0.18714747998302786 0.8135387745538148
vn 0.9503578671798207 0.196670156886399 0.2411239798935424
vn 0.9256225026183944 0.29831292489785893 0.2328784693468781
vn 0.8141826746407103 0.2806411733553789 0.5082785694209578
vn 0.8658762595850489 0.12237726968464525 0.4850588695731029
vn 0.5505728680506145 0.18714747998302786 0.8135387745538148
vn 0.8141826746407103 0.2806411733553789 0.5082785694209578
vn 0.9256225026183944 0.29831292489785893 0.2328784693468781
vn 0.8658762595850489 0.12237726968464525 0.4850588695731029
vn 0.8141826746407103 0.2806411733553789 0.5082785694209578
vn 0.9256225026183944 0.29831292489785893 0.2328784693468781
vn 0.9644911157546606 0.1359296204986303 0.22645093486543166
vn 0.8658762595850489 0.12237726968464525 0.4850588695731029
vn 0.5505728680506145 0.18714747998302786 0.8135387745538148
vn 0.8658762595850489 0.12237726968464525 0.4850588695731029
vn 0.5812518753083599 0.01122864996766068 0.8136462221816179
vn 0.9391980915957566 -0.2459857817181001 0.2395786717039393
vn 0.8658762595850489 0.12237726968464525 0.4850588695731029
vn 0.9644911157546606 0.1359296204986303 0.22645093486543166
vn 0.7683534013568349 -0.3242104101638033 0.5518339066827997
vn 0.5812518753083599 0.01122864996766068 0.8136462221816179
vn 0.8658762595850489 0.12237726968464525 0.4850588695731029
vn 0.8658762595850489 0.12237726968464525 0.4850588695731029
vn 0.9391980915957566 -0.2459857817181001 0.2395786717039393
vn 0.7683534013568349 -0.3242104101638033 0.5518339066827997
vn 0.5812518753083599 0.01122864996766068 0.8136462221816179
vn 0.7683534013568349 -0.3242104101638033 0.5518339066827997
vn 0.49469250376435187 -0.2751717723609526 0.8243541850534204
vn 0.6026731259208464 -0.7613116357585957 0.23914367345043244
vn 0.7683534013568349 -0.3242104101638033 0.5518339066827997
vn 0.9391980915957566 -0.2459857817181001 0.2395786717039393
vn 0.4449950042853144 -0.6182633351613813 0.6478656454514613
vn 0.49469250376435187 -0.2751717723609526 0.8243541850534204
vn 0.7683534013568349 -0.3242104101638033 0.5518339066827997
vn 0.7683534013568349 -0.3242104101638033 0.5518339066827997
vn 0.6026731259208464 -0.7613116357585957 0.23914367345043244
vn 0.4449950042853144 -0.6182633351613813 0.6478656454514613
vn 0.49469250376435187 -0.2751717723609526 0.8243541850534204
vn 0.4449950042853144 -0.6182633351613813 0.6478656454514613
vn 0.3156831318280954 -0.4707230879524877 0.8238713095791598
vn 0.4449950042853144 -0.6182633351613813 0.6478656454514613
vn -0.003998092937169828 -0.555805287369204 0.8313028917219658
vn 0.3156831318280954 -0.4707230879524877 0.8238713095791598
vn 0.6026731259208464 -0.7613116357585957 0.23914367345043244
vn -0.21839492581079986 -0.7885302734282227 0.5749118752185484
vn 0.4449950042853144 -0.6182633351613813 0.6478656454514613
vn -0.003998092937169828 -0.555805287369204 0.8313028917219658
vn 0.4449950042853144 -0.6182633351613813 0.6478656454514613
vn -0.21839492581079986 -0.7885302734282227 0.5749118752185484
vn -0.5723424071502897 -0.7836876583714129 0.24136657410201556
vn -0.21839492581079986 -0.7885302734282227 0.5749118752185484
vn 0.6026731259208464 -0.7613116357585957 0.23914367345043244
vn -0.46270219845606075 -0.22935556628627374 0.8563309522360095
vn -0.003998092937169828 -0.555805287369204 0.8313028917219658
vn -0.21839492581079986 -0.7885302734282227 0.5749118752185484
vn -0.5723424071502897 -0.7836876583714129 0.24136657410201556
vn -0.8000577607280698 -0.3990699885783498 0.4479405359139342
vn -0.21839492581079986 -0.7885302734282227 0.5749118752185484
vn -0.46270219845606075 -0.22935556628627374 0.8563309522360095
vn -0.21839492581079986 -0.7885302734282227 0.5749118752185484
vn -0.8000577607280698 -0.3990699885783498 0.4479405359139342
vn -0.8521942266842392 -0.46243841488119447 0.24477686256715445
vn -0.8000577607280698 -0.3990699885783498 0.4479405359139342
vn -0.5723424071502897 -0.7836876583714129 0.24136657410201556
vn -0.9030153770227981 0.347532632084999 0.25255553546981785
vn -0.8000577607280698 -0.3990699885783498 0.4479405359139342
vn -0.8521942266842392 -0.46243841488119447 0.24477686256715445
vn -0.6703732213407001 0.27727403489355024 0.6882723688214885
vn -0.46270219845606075 -0.22935556628627374 0.8563309522360095
vn -0.8000577607280698 -0.3990699885783498 0.4479405359139342
vn -0.8000577607280698 -0.3990699885783498 0.4479405359139342
vn -0.9030153770227981 0.347532632084999 0.25255553546981785
vn -0.6703732213407001 0.27727403489355024 0.6882723688214885
vn -0.26724014779133126 -0.8113756004669034 -0.5198579982797606
vn -1.333809556165506e-7 -0.8683664217425976 -0.4959231367761936
vn -1.4357961994117075e-7 -0.9725686512575654 -0.23261603253219618
vn 0.26724001341966436 -0.8113755894385486 -0.5198580845679959
vn -1.4357961994117075e-7 -0.9725686512575654 -0.23261603253219618
vn -1.333809556165506e-7 -0.8683664217425976 -0.4959231367761936
vn -0.26724014779133126 -0.8113756004669034 -0.5198579982797606
vn -1.4357961994117075e-7 -0.9725686512575654 -0.23261603253219618
vn -0.3766203581109039 -0.8977479766175556 -0.22848561516099766
vn -1.4357961994117075e-7 -0.9725686512575654 -0.23261603253219618
vn 0.26724001341966436 -0.8113755894385486 -0.5198580845679959
vn 0.37662024769072444 -0.8977480572649925 -0.2284854802964714
vn -0.26724014779133126 -0.8113756004669034 -0.5198579982797606
vn -9.927295693428244e-8 -0.5751854258682536 -0.818023059496947
vn -1.333809556165506e-7 -0.8683664217425976 -0.4959231367761936
vn -9.927295693428244e-8 -0.5751854258682536 -0.818023059496947
vn 0.26724001341966436 -0.8113755894385486 -0.5198580845679959
vn -1.333809556165506e-7 -0.8683664217425976 -0.4959231367761936
vn -9.927295693428244e-8 -0.5751854258682536 -0.818023059496947
vn -0.26724014779133126 -0.8113756004669034 -0.5198579982797606
vn -0.19496579176795012 -0.5450771212143786 -0.815401295049831
vn 0.26724001341966436 -0.8113755894385486 -0.5198580845679959
vn -9.927295693428244e-8 -0.5751854258682536 -0.818023059496947
vn 0.19496575339885205 -0.5450770480082698 -0.8154013531606433
vn -0.26724014779133126 -0.8113756004669034 -0.5198579982797606
vn -0.3198726430345708 -0.47711120270461604 -0.8185636154214484
vn -0.19496579176795012 -0.5450771212143786 -0.815401295049831
vn 0.31987249532167433 -0.4771111438343525 -0.8185637074570075
vn 0.26724001341966436 -0.8113755894385486 -0.5198580845679959
vn 0.19496575339885205 -0.5450770480082698 -0.8154013531606433
vn -0.3198726430345708 -0.47711120270461604 -0.8185636154214484
vn -0.26724014779133126 -0.8113756004669034 -0.5198579982797606
vn -0.6047004757335331 -0.6615497357752076 -0.4434966535875907
vn -0.3766203581109039 -0.8977479766175556 -0.22848561516099766
vn -0.6047004757335331 -0.6615497357752076 -0.4434966535875907
vn -0.26724014779133126 -0.8113756004669034 -0.5198579982797606
vn -0.6047004757335331 -0.6615497357752076 -0.4434966535875907
vn -0.3766203581109039 -0.8977479766175556 -0.22848561516099766
vn -0.6420493116343013 -0.7295989046709052 -0.23549547709655724
vn -0.6047004757335331 -0.6615497357752076 -0.4434966535875907
vn -0.5634917266469357 -0.01907074747481892 -0.8259015562348861
vn -0.3198726430345708 -0.47711120270461604 -0.8185636154214484
vn -0.6047004757335331 -0.6615497357752076 -0.4434966535875907
vn -0.6420493116343013 -0.7295989046709052 -0.23549547709655724
vn -0.916698131782508 -0.31640915749621207 -0.24402823656084657
vn 0.26724001341966436 -0.8113755894385486 -0.5198580845679959
vn 0.31987249532167433 -0.4771111438343525 -0.8185637074570075
vn 0.6047004200441498 -0.6615497957082894 -0.44349664011889584
vn 0.6047004200441498 -0.6615497957082894 -0.44349664011889584
vn 0.37662024769072444 -0.8977480572649925 -0.2284854802964714
vn 0.26724001341966436 -0.8113755894385486 -0.5198580845679959
vn 0.37662024769072444 -0.8977480572649925 -0.2284854802964714
vn 0.6047004200441498 -0.6615497957082894 -0.44349664011889584
vn 0.6420491749151435 -0.7295990263197168 -0.2354954729588341
vn 0.563491857698837 -0.019070906469343812 -0.8259014631501456
vn 0.6047004200441498 -0.6615497957082894 -0.44349664011889584
vn 0.31987249532167433 -0.4771111438343525 -0.8185637074570075
vn 0.6047004200441498 -0.6615497957082894 -0.44349664011889584
vn 0.9166980828436324 -0.31640918523155354 -0.24402838443901018
vn 0.6420491749151435 -0.7295990263197168 -0.2354954729588341
vn -0.8771002587107429 -0.10684792420868078 -0.46827199068687
vn -0.6047004757335331 -0.6615497357752076 -0.4434966535875907
vn -0.916698131782508 -0.31640915749621207 -0.24402823656084657
vn -0.5634917266469357 -0.01907074747481892 -0.8259015562348861
vn -0.6047004757335331 -0.6615497357752076 -0.4434966535875907
vn -0.8771002587107429 -0.10684792420868078 -0.46827199068687
vn -0.916698131782508 -0.31640915749621207 -0.24402823656084657
vn -0.950357974888395 0.19667015084008008 -0.24112356030585044
vn -0.8771002587107429 -0.10684792420868078 -0.46827199068687
vn -0.797104027796056 0.23126181110509106 -0.5578020648901345
vn -0.5634917266469357 -0.01907074747481892 -0.8259015562348861
vn -0.8771002587107429 -0.10684792420868078 -0.46827199068687
vn -0.797104027796056 0.23126181110509106 -0.5578020648901345
vn -0.8771002587107429 -0.10684792420868078 -0.46827199068687
vn -0.950357974888395 0.19667015084008008 -0.24112356030585044
vn -0.5634917266469357 -0.01907074747481892 -0.8259015562348861
vn -0.797104027796056 0.23126181110509106 -0.5578020648901345
vn -0.5313208995194749 0.23560998895028942 -0.8137481396849154
vn 0.9166980828436324 -0.31640918523155354 -0.24402838443901018
vn 0.6047004200441498 -0.6615497957082894 -0.44349664011889584
vn 0.8771002105926831 -0.10684791740168052 -0.46827208236792733
vn 0.6047004200441498 -0.6615497957082894 -0.44349664011889584
vn 0.563491857698837 -0.019070906469343812 -0.8259014631501456
vn 0.8771002105926831 -0.10684791740168052 -0.46827208236792733
vn 0.8771002105926831 -0.10684791740168052 -0.46827208236792733
vn 0.9503578671798207 0.196670156886399 -0.2411239798935424
vn 0.9166980828436324 -0.31640918523155354 -0.24402838443901018
vn -0.5313208995194749 0.23560998895028942 -0.8137481396849154
vn -0.797104027796056 0.23126181110509106 -0.5578020648901345
vn -0.8141824695711141 0.2806412624158239 -0.5082788487363354
vn -0.950357974888395 0.19667015084008008 -0.24112356030585044
vn -0.8141824695711141 0.2806412624158239 -0.5082788487363354
vn -0.797104027796056 0.23126181110509106 -0.5578020648901345
vn -0.5505724813904997 0.1871476215653826 -0.8135390036611202
vn -0.5313208995194749 0.23560998895028942 -0.8137481396849154
vn -0.8141824695711141 0.2806412624158239 -0.5082788487363354
vn -0.8141824695711141 0.2806412624158239 -0.5082788487363354
vn -0.950357974888395 0.19667015084008008 -0.24112356030585044
vn -0.9256223630492137 0.29831328622607906 -0.23287856123779843
vn -0.5505724813904997 0.1871476215653826 -0.8135390036611202
vn -0.8141824695711141 0.2806412624158239 -0.5082788487363354
vn -0.8658761311849182 0.12237763321443765 -0.4850590070631312
vn -0.9256223630492137 0.29831328622607906 -0.23287856123779843
vn -0.8658761311849182 0.12237763321443765 -0.4850590070631312
vn -0.8141824695711141 0.2806412624158239 -0.5082788487363354
vn -0.8658761311849182 0.12237763321443765 -0.4850590070631312
vn -0.9256223630492137 0.29831328622607906 -0.23287856123779843
vn -0.9644911311597248 0.13593010274391393 -0.2264505797790402
vn -0.5812516417686927 0.011228745658740198 -0.8136463876968486
vn -0.5505724813904997 0.1871476215653826 -0.8135390036611202
vn -0.8658761311849182 0.12237763321443765 -0.4850590070631312
vn -0.9644911311597248 0.13593010274391393 -0.2264505797790402
vn -0.9391980101455486 -0.24598601928786626 -0.2395787470823558
vn -0.8658761311849182 0.12237763321443765 -0.4850590070631312
vn -0.7683531719207061 -0.3242103456640201 -0.5518342640356853
vn -0.5812516417686927 0.011228745658740198 -0.8136463876968486
vn -0.8658761311849182 0.12237763321443765 -0.4850590070631312
vn -0.7683531719207061 -0.3242103456640201 -0.5518342640356853
vn -0.8658761311849182 0.12237763321443765 -0.4850590070631312
vn -0.9391980101455486 -0.24598601928786626 -0.2395787470823558
vn -0.5812516417686927 0.011228745658740198 -0.8136463876968486
vn -0.7683531719207061 -0.3242103456640201 -0.5518342640356853
vn -0.49469237117569287 -0.27517240853853314 -0.8243540522613284
vn -0.7683531719207061 -0.3242103456640201 -0.5518342640356853
vn -0.9391980101455486 -0.24598601928786626 -0.2395787470823558
vn -0.6026732026189026 -0.7613114757768136 -0.23914398946159068
vn -0.44499561241109353 -0.6182633915056214 -0.6478651739820892
vn -0.49469237117569287 -0.27517240853853314 -0.8243540522613284
vn -0.7683531719207061 -0.3242103456640201 -0.5518342640356853
vn -0.44499561241109353 -0.6182633915056214 -0.6478651739820892
vn -0.7683531719207061 -0.3242103456640201 -0.5518342640356853
vn -0.6026732026189026 -0.7613114757768136 -0.23914398946159068
vn -0.49469237117569287 -0.27517240853853314 -0.8243540522613284
vn -0.44499561241109353 -0.6182633915056214 -0.6478651739820892
vn -0.3156841925664926 -0.4707243039765445 -0.8238702083516791
vn -0.44499561241109353 -0.6182633915056214 -0.6478651739820892
vn 0.003996371680049719 -0.5558055897338037 -0.8313026978387917
vn -0.3156841925664926 -0.4707243039765445 -0.8238702083516791
vn -0.6026732026189026 -0.7613114757768136 -0.23914398946159068
vn 0.21839356696545426 -0.7885303088844574 -0.5749123427781733
vn -0.44499561241109353 -0.6182633915056214 -0.6478651739820892
vn 0.003996371680049719 -0.5558055897338037 -0.8313026978387917
vn -0.44499561241109353 -0.6182633915056214 -0.6478651739820892
vn 0.21839356696545426 -0.7885303088844574 -0.5749123427781733
vn 0.21839356696545426 -0.7885303088844574 -0.5749123427781733
vn -0.6026732026189026 -0.7613114757768136 -0.23914398946159068
vn 0.5723411064857916 -0.783688407182991 -0.24136722700815472
vn 0.21839356696545426 -0.7885303088844574 -0.5749123427781733
vn 0.46270232405180867 -0.22935519603028087 -0.8563309835402234
vn 0.003996371680049719 -0.5558055897338037 -0.8313026978387917
vn 0.5723411064857916 -0.783688407182991 -0.24136722700815472
vn 0.8000582025508198 -0.39906867070697216 -0.44794092087162757
vn 0.21839356696545426 -0.7885303088844574 -0.5749123427781733
vn 0.46270232405180867 -0.22935519603028087 -0.8563309835402234
vn 0.21839356696545426 -0.7885303088844574 -0.5749123427781733
vn 0.8000582025508198 -0.39906867070697216 -0.44794092087162757
vn 0.8000582025508198 -0.39906867070697216 -0.44794092087162757
vn 0.5723411064857916 -0.783688407182991 -0.24136722700815472
vn 0.8521951102739029 -0.4624369583525941 -0.2447765380400085
vn 0.8000582025508198 -0.39906867070697216 -0.44794092087162757
vn 0.8521951102739029 -0.4624369583525941 -0.2447765380400085
vn 0.9030146784789308 0.34753470615064763 -0.25255517906464814
vn 0.6703729539871843 0.27727535133003095 -0.6882720988877177
vn 0.46270232405180867 -0.22935519603028087 -0.8563309835402234
vn 0.8000582025508198 -0.39906867070697216 -0.44794092087162757
vn 0.6703729539871843 0.27727535133003095 -0.6882720988877177
vn 0.8000582025508198 -0.39906867070697216 -0.44794092087162757
vn 0.9030146784789308 0.34753470615064763 -0.25255517906464814
vn 0 -0.9097641067634632 0.41512560755135064
vn 0 1.019031357465604e-8 1
vn 0 -0.9097641067634632 0.41512560755135064
vn 0 -0.9980212750796285 0.06287713804263292
vn 0 -0.9097641067634632 0.41512560755135064
vn 0 -0.9097641067634632 0.41512560755135064
vn 0 1.019031357465604e-8 1
vn 0 -0.9097641067634632 0.41512560755135064
vn 0 2.0380625202837225e-8 0.9999999999999997
vn 0 -0.9980212750796285 0.06287713804263292
vn 0 -0.9980212742198739 -0.06287715168914183
vn 0 -0.9097641067634632 0.41512560755135064
vn 0 1.019031357465604e-8 1
vn 0 2.0380625202837225e-8 0.9999999999999997
vn 0 0.8565509492526189 0.516062468441988
vn 0 -0.9451527172010505 -0.3266287512872541
vn 0 -0.9980212742198739 -0.06287715168914183
vn 0 -0.9980212750796285 0.06287713804263292
vn 0 1.019031357465604e-8 1
vn 0 0.8565509492526189 0.516062468441988
vn 0 0.9451527072461757 0.32662878009328095
vn 0 -0.9451527172010505 -0.3266287512872541
vn 0 -0.8565509717733159 -0.5160624310625492
vn 0 -0.9980212742198739 -0.06287715168914183
vn 0 0.9980212750796285 0.06287713804263292
vn 0 0.9451527072461757 0.32662878009328095
vn 0 0.8565509492526189 0.516062468441988
vn 0 -0.28961930255820856 -0.957141922384396
vn 0 -0.8565509717733159 -0.5160624310625492
vn 0 -0.9451527172010505 -0.3266287512872541
vn 0 0.9980212750796285 0.06287713804263292
vn 0 0.9980212746497512 -0.06287714486588739
vn 0 0.9451527072461757 0.32662878009328095
vn 0 -0.28961930255820856 -0.957141922384396
vn 0 0.28961933146489666 -0.9571419136375892
vn 0 -0.8565509717733159 -0.5160624310625492
vn 0 0.9451527172010505 -0.3266287512872541
vn 0 0.9980212746497512 -0.06287714486588739
vn 0 0.9980212750796285 0.06287713804263292
vn 0 0.8565509492526189 -0.516062468441988
vn 0 0.28961933146489666 -0.9571419136375892
vn 0 -0.28961930255820856 -0.957141922384396
vn 0 0.9451527172010505 -0.3266287512872541
vn 0 0.8565509492526189 -0.516062468441988
vn 0 0.9980212746497512 -0.06287714486588739
vn 0 0.8565509492526189 -0.516062468441988
vn 0 0.9451527172010505 -0.3266287512872541
vn 0 0.28961933146489666 -0.9571419136375892
vn 0.06960755700226177 0 -0.9975744523634198
vn -0.06960755700226177 0 -0.9975744523634198
vn -0.24496322472471355 0 -0.9695323710596101
vn -0.24496322472471355 0 -0.9695323710596101
vn -0.06960755700226177 0 -0.9975744523634198
vn -0.990513946172094 0 -0.1374122354034957
vn -0.06960755700226177 0 -0.9975744523634198
vn 0.06960755700226177 0 -0.9975744523634198
vn 0.24496322472471355 0 -0.9695323710596101
vn -0.990513946172094 0 -0.1374122354034957
vn -0.9990423728066163 0 -0.04375314088069487
vn -0.24496322472471355 0 -0.9695323710596101
vn 0.990513946172094 0 -0.1374122354034957
vn 0.24496322472471355 0 -0.9695323710596101
vn 0.06960755700226177 0 -0.9975744523634198
vn -0.990513946172094 0 -0.1374122354034957
vn -0.9990423726468293 0 0.04375314452921293
vn -0.9990423728066163 0 -0.04375314088069487
vn 0.24496322472471355 0 -0.9695323710596101
vn 0.990513946172094 0 -0.1374122354034957
vn 0.9990423728066163 0 -0.04375314088069487
vn -0.9990423728066163 0 -0.04375314088069487
vn -0.9990423726468293 0 0.04375314452921293
vn -0.990513946172094 0 0.1374122354034957
vn 0.990513946172094 0 -0.1374122354034957
vn 0.9990423726468293 0 0.04375314452921293
vn 0.9990423728066163 0 -0.04375314088069487
vn -0.2449632387118183 0 0.9695323675256111
vn -0.990513946172094 0 0.1374122354034957
vn -0.9990423726468293 0 0.04375314452921293
vn 0.9990423728066163 0 -0.04375314088069487
vn 0.9990423726468293 0 0.04375314452921293
vn 0.990513946172094 0 0.1374122354034957
vn -0.990513946172094 0 0.1374122354034957
vn -0.2449632387118183 0 0.9695323675256111
vn -0.06960755700226177 0 0.9975744523634198
vn 0.2449632387118183 0 0.9695323675256111
vn 0.990513946172094 0 0.1374122354034957
vn 0.9990423726468293 0 0.04375314452921293
vn -0.2449632387118183 0 0.9695323675256111
vn 0.06960755700226177 0 0.9975744523634198
vn -0.06960755700226177 0 0.9975744523634198
vn 0.990513946172094 0 0.1374122354034957
vn 0.2449632387118183 0 0.9695323675256111
vn 0.06960755700226177 0 0.9975744523634198
vn 0.2449632387118183 0 0.9695323675256111
vn -0.06960755700226177 0 0.9975744523634198
vn 0.06960755700226177 0 0.9975744523634198
vn -0.46270219845606075 -0.22935556628627374 0.8563309522360095
vn -0.6703732213407001 0.27727403489355024 0.6882723688214885
vn -0.47669965952185034 0.1855479880773533 0.8592609491488592
vn -0.47669965952185034 0.1855479880773533 0.8592609491488592
vn -0.6703732213407001 0.27727403489355024 0.6882723688214885
vn -0.24691734042108635 0.4438748132353165 0.8613982686160278
vn -0.9030153770227981 0.347532632084999 0.25255553546981785
vn -0.40788517739660707 0.7881509435331882 0.46092057045426366
vn -0.6703732213407001 0.27727403489355024 0.6882723688214885
vn -0.24691734042108635 0.4438748132353165 0.8613982686160278
vn -0.6703732213407001 0.27727403489355024 0.6882723688214885
vn -0.40788517739660707 0.7881509435331882 0.46092057045426366
vn -0.5856975756049342 0.7836183339577936 0.207124736851286
vn -0.40788517739660707 0.7881509435331882 0.46092057045426366
vn -0.9030153770227981 0.347532632084999 0.25255553546981785
vn 0.6743311641305028 0.6925158914981736 0.2563185929754046
vn -0.40788517739660707 0.7881509435331882 0.46092057045426366
vn -0.5856975756049342 0.7836183339577936 0.207124736851286
vn 0.3847064433324662 0.5785996965988968 0.7191824132681142
vn -0.24691734042108635 0.4438748132353165 0.8613982686160278
vn -0.40788517739660707 0.7881509435331882 0.46092057045426366
vn -0.40788517739660707 0.7881509435331882 0.46092057045426366
vn 0.6743311641305028 0.6925158914981736 0.2563185929754046
vn 0.3847064433324662 0.5785996965988968 0.7191824132681142
vn -0.24691734042108635 0.4438748132353165 0.8613982686160278
vn 0.3847064433324662 0.5785996965988968 0.7191824132681142
vn 0.24482544913589285 0.4742118486040005 0.845685297317498
vn 0.24482544913589285 0.4742118486040005 0.845685297317498
vn 0.3847064433324662 0.5785996965988968 0.7191824132681142
vn 0.41104087915441767 0.3073283468669174 0.8582509439994872
vn 0.3847064433324662 0.5785996965988968 0.7191824132681142
vn 0.6743311641305028 0.6925158914981736 0.2563185929754046
vn 0.7864792742686653 -0.10820892713490704 0.6080634664524305
vn 0.3847064433324662 0.5785996965988968 0.7191824132681142
vn 0.7864792742686653 -0.10820892713490704 0.6080634664524305
vn 0.41104087915441767 0.3073283468669174 0.8582509439994872
vn 0.6732251961859076 0.21217682107467717 0.7083423125996996
vn 0.41104087915441767 0.3073283468669174 0.8582509439994872
vn 0.7864792742686653 -0.10820892713490704 0.6080634664524305
vn 0.8820832035417563 -0.4051892502766919 0.24031415582467225
vn 0.7864792742686653 -0.10820892713490704 0.6080634664524305
vn 0.7557635405124861 -0.5995622083566947 0.26333748146147934
vn 0.7864792742686653 -0.10820892713490704 0.6080634664524305
vn 0.8820832035417563 -0.4051892502766919 0.24031415582467225
vn 0.9154109389034316 -0.0036954374920615935 0.4025036107635309
vn 0.6732251961859076 0.21217682107467717 0.7083423125996996
vn 0.7864792742686653 -0.10820892713490704 0.6080634664524305
vn 0.9154109389034316 -0.0036954374920615935 0.4025036107635309
vn 0.9549735839168085 0.2966908391247619 -7.287331214579035e-7
vn 0.9154109389034316 -0.0036954374920615935 0.4025036107635309
vn 0.8820832035417563 -0.4051892502766919 0.24031415582467225
vn 0.8232130242372171 0.5224958511065185 0.2220774691468945
vn 0.6732251961859076 0.21217682107467717 0.7083423125996996
vn 0.9154109389034316 -0.0036954374920615935 0.4025036107635309
vn 0.9154109389034316 -0.0036954374920615935 0.4025036107635309
vn 0.9549735839168085 0.2966908391247619 -7.287331214579035e-7
vn 0.8232130242372171 0.5224958511065185 0.2220774691468945
vn 0.6732251961859076 0.21217682107467717 0.7083423125996996
vn 0.8232130242372171 0.5224958511065185 0.2220774691468945
vn 0.6650746890893827 0.6656453398062093 0.3385143121449031
vn 0.4216827166283686 0.874127303604906 0.2410085965050532
vn 0.6650746890893827 0.6656453398062093 0.3385143121449031
vn 0.8232130242372171 0.5224958511065185 0.2220774691468945
vn 0.1396912875791873 0.8242189908332984 0.5487708076457857
vn 0.6650746890893827 0.6656453398062093 0.3385143121449031
vn 0.4216827166283686 0.874127303604906 0.2410085965050532
vn 0.9549735839168085 0.2966908391247619 -7.287331214579035e-7
vn 0.3695474954765803 0.9292118426854629 -2.709996636375012e-7
vn 0.8232130242372171 0.5224958511065185 0.2220774691468945
vn 0.8232130242372171 0.5224958511065185 0.2220774691468945
vn 0.3695474954765803 0.9292118426854629 -2.709996636375012e-7
vn 0.4216827166283686 0.874127303604906 0.2410085965050532
vn -0.21651063767112697 0.8775043280763668 0.4279127223891411
vn 0.1396912875791873 0.8242189908332984 0.5487708076457857
vn 0.4216827166283686 0.874127303604906 0.2410085965050532
vn -0.21651063767112697 0.8775043280763668 0.4279127223891411
vn 0.4216827166283686 0.874127303604906 0.2410085965050532
vn 0.3695474954765803 0.9292118426854629 -2.709996636375012e-7
vn -0.21651063767112697 0.8775043280763668 0.4279127223891411
vn -0.42077969061085757 0.5626515375656752 0.711595179329099
vn 0.1396912875791873 0.8242189908332984 0.5487708076457857
vn -0.21651063767112697 0.8775043280763668 0.4279127223891411
vn -0.7676671702155534 0.4497795135018944 0.4564926122154046
vn -0.42077969061085757 0.5626515375656752 0.711595179329099
vn -0.5172833198334827 -0.28486406316666507 0.807013279034632
vn -0.42077969061085757 0.5626515375656752 0.711595179329099
vn -0.7676671702155534 0.4497795135018944 0.4564926122154046
vn -0.7676671702155534 0.4497795135018944 0.4564926122154046
vn -0.21651063767112697 0.8775043280763668 0.4279127223891411
vn -0.4888428636436416 0.8520832055175034 0.18704776272305387
vn 0.3695474954765803 0.9292118426854629 -2.709996636375012e-7
vn -0.4888428636436416 0.8520832055175034 0.18704776272305387
vn -0.21651063767112697 0.8775043280763668 0.4279127223891411
vn -0.4888428636436416 0.8520832055175034 0.18704776272305387
vn -0.9518622523711092 0.22664917245438898 0.20636958384592258
vn -0.7676671702155534 0.4497795135018944 0.4564926122154046
vn -0.9518622523711092 0.22664917245438898 0.20636958384592258
vn -0.7322048145433466 -0.5536221421267054 0.3967097595302912
vn -0.7676671702155534 0.4497795135018944 0.4564926122154046
vn -0.7676671702155534 0.4497795135018944 0.4564926122154046
vn -0.7322048145433466 -0.5536221421267054 0.3967097595302912
vn -0.5172833198334827 -0.28486406316666507 0.807013279034632
vn -0.9518622523711092 0.22664917245438898 0.20636958384592258
vn -0.7780099131185678 -0.584548172859582 0.23022599483065018
vn -0.7322048145433466 -0.5536221421267054 0.3967097595302912
vn 0.07179148373585845 -0.9750611659529576 0.21000406070708041
vn -0.7322048145433466 -0.5536221421267054 0.3967097595302912
vn -0.7780099131185678 -0.584548172859582 0.23022599483065018
vn 0.011566257141584062 -0.8468736811437946 0.5316683081411693
vn -0.5172833198334827 -0.28486406316666507 0.807013279034632
vn -0.7322048145433466 -0.5536221421267054 0.3967097595302912
vn -0.7322048145433466 -0.5536221421267054 0.3967097595302912
vn 0.07179148373585845 -0.9750611659529576 0.21000406070708041
vn 0.011566257141584062 -0.8468736811437946 0.5316683081411693
vn -0.5172833198334827 -0.28486406316666507 0.807013279034632
vn 0.011566257141584062 -0.8468736811437946 0.5316683081411693
vn -0.09061539589423714 -0.63478295825763 0.7673587465668339
vn 0.011566257141584062 -0.8468736811437946 0.5316683081411693
vn 0.45789920260329114 -0.3159368465638635 0.8309706548600571
vn -0.09061539589423714 -0.63478295825763 0.7673587465668339
vn 0.07179148373585845 -0.9750611659529576 0.21000406070708041
vn 0.6591176668748744 -0.6146555262465919 0.4333156877704142
vn 0.011566257141584062 -0.8468736811437946 0.5316683081411693
vn 0.011566257141584062 -0.8468736811437946 0.5316683081411693
vn 0.6591176668748744 -0.6146555262465919 0.4333156877704142
vn 0.45789920260329114 -0.3159368465638635 0.8309706548600571
vn 0.07179148373585845 -0.9750611659529576 0.21000406070708041
vn 0.9075963345464254 -0.3446651994349403 0.23973901187826227
vn 0.6591176668748744 -0.6146555262465919 0.4333156877704142
vn 0.8316995889827699 0.26116528029028263 0.4899678459417412
vn 0.45789920260329114 -0.3159368465638635 0.8309706548600571
vn 0.6591176668748744 -0.6146555262465919 0.4333156877704142
vn 0.9075963345464254 -0.3446651994349403 0.23973901187826227
vn 0.8316995889827699 0.26116528029028263 0.4899678459417412
vn 0.6591176668748744 -0.6146555262465919 0.4333156877704142
vn 0.45789920260329114 -0.3159368465638635 0.8309706548600571
vn 0.8316995889827699 0.26116528029028263 0.4899678459417412
vn 0.5489623484741538 0.21749896165149954 0.807052998035607
vn 0.9075963345464254 -0.3446651994349403 0.23973901187826227
vn 0.8539723264542287 0.46882755068559406 0.2256811763716652
vn 0.8316995889827699 0.26116528029028263 0.4899678459417412
vn 0.8316995889827699 0.26116528029028263 0.4899678459417412
vn 0.43183630164041586 0.4308845136113619 0.7923736142221218
vn 0.5489623484741538 0.21749896165149954 0.807052998035607
vn 0.8539723264542287 0.46882755068559406 0.2256811763716652
vn 0.45447898338286186 0.7557924833857839 0.4714091383509977
vn 0.8316995889827699 0.26116528029028263 0.4899678459417412
vn 0.8316995889827699 0.26116528029028263 0.4899678459417412
vn 0.45447898338286186 0.7557924833857839 0.4714091383509977
vn 0.43183630164041586 0.4308845136113619 0.7923736142221218
vn 0.8539723264542287 0.46882755068559406 0.2256811763716652
vn 0.28130779717087906 0.934201690647515 0.21939262622566
vn 0.45447898338286186 0.7557924833857839 0.4714091383509977
vn -0.1938390360572239 0.539426036459984 0.8194180735677473
vn 0.43183630164041586 0.4308845136113619 0.7923736142221218
vn 0.45447898338286186 0.7557924833857839 0.4714091383509977
vn 0.28130779717087906 0.934201690647515 0.21939262622566
vn -0.33497252488898366 0.8540431750101387 0.3979995763667359
vn 0.45447898338286186 0.7557924833857839 0.4714091383509977
vn -0.1938390360572239 0.539426036459984 0.8194180735677473
vn 0.45447898338286186 0.7557924833857839 0.4714091383509977
vn -0.33497252488898366 0.8540431750101387 0.3979995763667359
vn 0.28130779717087906 0.934201690647515 0.21939262622566
vn -0.3497985208258873 0.908360275092431 0.22917810860120208
vn -0.33497252488898366 0.8540431750101387 0.3979995763667359
vn -0.8067702731526993 0.5425415031861502 0.23403086052405853
vn -0.33497252488898366 0.8540431750101387 0.3979995763667359
vn -0.3497985208258873 0.908360275092431 0.22917810860120208
vn -0.7900214969125624 0.37122190469116956 0.4879142669501417
vn -0.1938390360572239 0.539426036459984 0.8194180735677473
vn -0.33497252488898366 0.8540431750101387 0.3979995763667359
vn -0.33497252488898366 0.8540431750101387 0.3979995763667359
vn -0.8067702731526993 0.5425415031861502 0.23403086052405853
vn -0.7900214969125624 0.37122190469116956 0.4879142669501417
vn -0.1938390360572239 0.539426036459984 0.8194180735677473
vn -0.7900214969125624 0.37122190469116956 0.4879142669501417
vn -0.5429500110370281 0.19864969657811085 0.8159311144724875
vn -0.972446372480668 0.039646328121949716 0.22973075831424175
vn -0.7900214969125624 0.37122190469116956 0.4879142669501417
vn -0.8067702731526993 0.5425415031861502 0.23403086052405853
vn -0.8800777516248443 -0.06242763228961724 0.47070791561399467
vn -0.5429500110370281 0.19864969657811085 0.8159311144724875
vn -0.7900214969125624 0.37122190469116956 0.4879142669501417
vn -0.7900214969125624 0.37122190469116956 0.4879142669501417
vn -0.972446372480668 0.039646328121949716 0.22973075831424175
vn -0.8800777516248443 -0.06242763228961724 0.47070791561399467
vn -0.5429500110370281 0.19864969657811085 0.8159311144724875
vn -0.8800777516248443 -0.06242763228961724 0.47070791561399467
vn -0.5770068196367871 -0.0765008759514416 0.813148661728778
vn -0.9559842162156512 -0.23850126275351843 0.1709132119279379
vn -0.8800777516248443 -0.06242763228961724 0.47070791561399467
vn -0.972446372480668 0.039646328121949716 0.22973075831424175
vn -0.8084335426659736 -0.1651626238209354 0.5649393903642476
vn -0.5770068196367871 -0.0765008759514416 0.813148661728778
vn -0.8800777516248443 -0.06242763228961724 0.47070791561399467
vn -0.8800777516248443 -0.06242763228961724 0.47070791561399467
vn -0.9559842162156512 -0.23850126275351843 0.1709132119279379
vn -0.8084335426659736 -0.1651626238209354 0.5649393903642476
vn 0.47669916055017186 0.1855490945892441 -0.8592609870277325
vn 0.46270232405180867 -0.22935519603028087 -0.8563309835402234
vn 0.6703729539871843 0.27727535133003095 -0.6882720988877177
vn 0.6703729539871843 0.27727535133003095 -0.6882720988877177
vn 0.2469182448260128 0.4438765431206925 -0.8613971179654976
vn 0.47669916055017186 0.1855490945892441 -0.8592609870277325
vn 0.9030146784789308 0.34753470615064763 -0.25255517906464814
vn 0.4078867830176502 0.7881506678467012 -0.46091962098863964
vn 0.6703729539871843 0.27727535133003095 -0.6882720988877177
vn 0.2469182448260128 0.4438765431206925 -0.8613971179654976
vn 0.6703729539871843 0.27727535133003095 -0.6882720988877177
vn 0.4078867830176502 0.7881506678467012 -0.46091962098863964
vn 0.4078867830176502 0.7881506678467012 -0.46091962098863964
vn 0.9030146784789308 0.34753470615064763 -0.25255517906464814
vn 0.5856939951774913 0.7836208761131127 -0.2071252435912789
vn 0.4078867830176502 0.7881506678467012 -0.46091962098863964
vn 0.5856939951774913 0.7836208761131127 -0.2071252435912789
vn -0.3423260553862428 0.9115455790095877 -0.22781029211115705
vn -0.3423260553862428 0.9115455790095877 -0.22781029211115705
vn -0.3864159255425435 0.5782993906394331 -0.7185071657771825
vn 0.4078867830176502 0.7881506678467012 -0.46091962098863964
vn -0.3864159255425435 0.5782993906394331 -0.7185071657771825
vn 0.2469182448260128 0.4438765431206925 -0.8613971179654976
vn 0.4078867830176502 0.7881506678467012 -0.46091962098863964
vn 0.2469182448260128 0.4438765431206925 -0.8613971179654976
vn -0.3864159255425435 0.5782993906394331 -0.7185071657771825
vn -0.24482356528809218 0.47421311063466665 -0.84568513501292
vn -0.3864159255425435 0.5782993906394331 -0.7185071657771825
vn -0.41104047336218563 0.30732747053766596 -0.8582514521462286
vn -0.24482356528809218 0.47421311063466665 -0.84568513501292
vn -0.41104047336218563 0.30732747053766596 -0.8582514521462286
vn -0.3864159255425435 0.5782993906394331 -0.7185071657771825
vn -0.7851188018094691 -0.09606100497425347 -0.6118502679321144
vn -0.9382197861919391 -0.19977432453785912 -0.28254884896844634
vn -0.7851188018094691 -0.09606100497425347 -0.6118502679321144
vn -0.3864159255425435 0.5782993906394331 -0.7185071657771825
vn -0.7851188018094691 -0.09606100497425347 -0.6118502679321144
vn -0.6732245493763778 0.21217518742496339 -0.7083434166830059
vn -0.41104047336218563 0.30732747053766596 -0.8582514521462286
vn -0.7851188018094691 -0.09606100497425347 -0.6118502679321144
vn -0.9382197861919391 -0.19977432453785912 -0.28254884896844634
vn -0.882083390223226 -0.4051884552574717 -0.24031481106740787
vn -0.882083390223226 -0.4051884552574717 -0.24031481106740787
vn -0.9154104276580093 -0.0036942057107001527 -0.40250478479037666
vn -0.7851188018094691 -0.09606100497425347 -0.6118502679321144
vn -0.6732245493763778 0.21217518742496339 -0.7083434166830059
vn -0.7851188018094691 -0.09606100497425347 -0.6118502679321144
vn -0.9154104276580093 -0.0036942057107001527 -0.40250478479037666
vn -0.9154104276580093 -0.0036942057107001527 -0.40250478479037666
vn -0.882083390223226 -0.4051884552574717 -0.24031481106740787
vn -0.9549726971010332 0.296693693547822 -7.278103888826594e-7
vn -0.8232109296371389 0.5224982100448031 -0.22207968350557086
vn -0.6732245493763778 0.21217518742496339 -0.7083434166830059
vn -0.9154104276580093 -0.0036942057107001527 -0.40250478479037666
vn -0.8232109296371389 0.5224982100448031 -0.22207968350557086
vn -0.9154104276580093 -0.0036942057107001527 -0.40250478479037666
vn -0.9549726971010332 0.296693693547822 -7.278103888826594e-7
vn -0.6732245493763778 0.21217518742496339 -0.7083434166830059
vn -0.8232109296371389 0.5224982100448031 -0.22207968350557086
vn -0.6650745718950638 0.6656449549162361 -0.338515299230566
vn -0.9549726971010332 0.296693693547822 -7.278103888826594e-7
vn -0.3695454152769411 0.9292126699780424 -2.6659687590291744e-7
vn -0.8232109296371389 0.5224982100448031 -0.22207968350557086
vn -0.8232109296371389 0.5224982100448031 -0.22207968350557086
vn -0.4216801072570275 0.8741283531287256 -0.24100935542041457
vn -0.6650745718950638 0.6656449549162361 -0.338515299230566
vn -0.4216801072570275 0.8741283531287256 -0.24100935542041457
vn -0.8232109296371389 0.5224982100448031 -0.22207968350557086
vn -0.3695454152769411 0.9292126699780424 -2.6659687590291744e-7
vn -0.4216801072570275 0.8741283531287256 -0.24100935542041457
vn -0.13968721591408959 0.8242196199976654 -0.5487708991200924
vn -0.6650745718950638 0.6656449549162361 -0.338515299230566
vn -0.3695454152769411 0.9292126699780424 -2.6659687590291744e-7
vn 0.21651197372530812 0.8775039002446632 -0.4279129237227777
vn -0.4216801072570275 0.8741283531287256 -0.24100935542041457
vn -0.13968721591408959 0.8242196199976654 -0.5487708991200924
vn -0.4216801072570275 0.8741283531287256 -0.24100935542041457
vn 0.21651197372530812 0.8775039002446632 -0.4279129237227777
vn 0.21651197372530812 0.8775039002446632 -0.4279129237227777
vn -0.3695454152769411 0.9292126699780424 -2.6659687590291744e-7
vn 0.48884336662255995 0.8520829459661807 -0.187047630572313
vn 0.21651197372530812 0.8775039002446632 -0.4279129237227777
vn 0.42078016311682137 0.5626514155936436 -0.7115949963693183
vn -0.13968721591408959 0.8242196199976654 -0.5487708991200924
vn 0.48884336662255995 0.8520829459661807 -0.187047630572313
vn 0.7676673618863211 0.44977924658570567 -0.45649255288042867
vn 0.21651197372530812 0.8775039002446632 -0.4279129237227777
vn 0.42078016311682137 0.5626514155936436 -0.7115949963693183
vn 0.21651197372530812 0.8775039002446632 -0.4279129237227777
vn 0.7676673618863211 0.44977924658570567 -0.45649255288042867
vn 0.7676673618863211 0.44977924658570567 -0.45649255288042867
vn 0.48884336662255995 0.8520829459661807 -0.187047630572313
vn 0.9518622975969465 0.2266488607748461 -0.20636971755305167
vn 0.7676673618863211 0.44977924658570567 -0.45649255288042867
vn 0.5172835773378995 -0.2848637540451639 -0.8070132230935263
vn 0.42078016311682137 0.5626514155936436 -0.7115949963693183
vn 0.9518622975969465 0.2266488607748461 -0.20636971755305167
vn 0.7322045542080847 -0.5536228174697297 -0.3967092975641209
vn 0.7676673618863211 0.44977924658570567 -0.45649255288042867
vn 0.5172835773378995 -0.2848637540451639 -0.8070132230935263
vn 0.7676673618863211 0.44977924658570567 -0.45649255288042867
vn 0.7322045542080847 -0.5536228174697297 -0.3967092975641209
vn 0.7322045542080847 -0.5536228174697297 -0.3967092975641209
vn 0.9518622975969465 0.2266488607748461 -0.20636971755305167
vn 0.7780093835662474 -0.584548554968177 -0.23022681418002505
vn -0.0717922562728671 -0.9750613092520852 -0.21000313125965608
vn 0.7322045542080847 -0.5536228174697297 -0.3967092975641209
vn 0.7780093835662474 -0.584548554968177 -0.23022681418002505
vn 0.7322045542080847 -0.5536228174697297 -0.3967092975641209
vn -0.011566487701859722 -0.8468739370082217 -0.5316678955686879
vn 0.5172835773378995 -0.2848637540451639 -0.8070132230935263
vn 0.7322045542080847 -0.5536228174697297 -0.3967092975641209
vn -0.0717922562728671 -0.9750613092520852 -0.21000313125965608
vn -0.011566487701859722 -0.8468739370082217 -0.5316678955686879
vn 0.5172835773378995 -0.2848637540451639 -0.8070132230935263
vn -0.011566487701859722 -0.8468739370082217 -0.5316678955686879
vn 0.09061485773449379 -0.6347823518065363 -0.7673593117912367
vn -0.011566487701859722 -0.8468739370082217 -0.5316678955686879
vn -0.4578987083264223 -0.31593582223105837 -0.8309713166795707
vn 0.09061485773449379 -0.6347823518065363 -0.7673593117912367
vn -0.0717922562728671 -0.9750613092520852 -0.21000313125965608
vn -0.6591180542037198 -0.6146553342039893 -0.43331537101432743
vn -0.011566487701859722 -0.8468739370082217 -0.5316678955686879
vn -0.4578987083264223 -0.31593582223105837 -0.8309713166795707
vn -0.011566487701859722 -0.8468739370082217 -0.5316678955686879
vn -0.6591180542037198 -0.6146553342039893 -0.43331537101432743
vn -0.6591180542037198 -0.6146553342039893 -0.43331537101432743
vn -0.0717922562728671 -0.9750613092520852 -0.21000313125965608
vn -0.9075962372937372 -0.3446653839994938 -0.23973911471166268
vn -0.6591180542037198 -0.6146553342039893 -0.43331537101432743
vn -0.8316996382495296 0.26116522865325936 -0.4899677898373447
vn -0.4578987083264223 -0.31593582223105837 -0.8309713166795707
vn -0.9075962372937372 -0.3446653839994938 -0.23973911471166268
vn -0.8316996382495296 0.26116522865325936 -0.4899677898373447
vn -0.6591180542037198 -0.6146553342039893 -0.43331537101432743
vn -0.4578987083264223 -0.31593582223105837 -0.8309713166795707
vn -0.8316996382495296 0.26116522865325936 -0.4899677898373447
vn -0.5489629137426745 0.2174990992616271 -0.8070525764505889
vn -0.8316996382495296 0.26116522865325936 -0.4899677898373447
vn -0.9075962372937372 -0.3446653839994938 -0.23973911471166268
vn -0.8539724229156298 0.46882719714843674 -0.22568154579750016
vn -0.8316996382495296 0.26116522865325936 -0.4899677898373447
vn -0.4318366847691656 0.4308844895828788 -0.7923734184868132
vn -0.5489629137426745 0.2174990992616271 -0.8070525764505889
vn -0.8539724229156298 0.46882719714843674 -0.22568154579750016
vn -0.45447885455270964 0.7557925224306209 -0.47140919995521563
vn -0.8316996382495296 0.26116522865325936 -0.4899677898373447
vn -0.4318366847691656 0.4308844895828788 -0.7923734184868132
vn -0.8316996382495296 0.26116522865325936 -0.4899677898373447
vn -0.45447885455270964 0.7557925224306209 -0.47140919995521563
vn -0.45447885455270964 0.7557925224306209 -0.47140919995521563
vn -0.8539724229156298 0.46882719714843674 -0.22568154579750016
vn -0.2813070705139339 0.9342018950045609 -0.2193926877741283
vn -0.45447885455270964 0.7557925224306209 -0.47140919995521563
vn 0.19383878242493952 0.5394256638650154 -0.8194183788467309
vn -0.4318366847691656 0.4308844895828788 -0.7923734184868132
vn -0.2813070705139339 0.9342018950045609 -0.2193926877741283
vn 0.33497295304607894 0.8540432642691981 -0.3979990244761944
vn -0.45447885455270964 0.7557925224306209 -0.47140919995521563
vn 0.19383878242493952 0.5394256638650154 -0.8194183788467309
vn -0.45447885455270964 0.7557925224306209 -0.47140919995521563
vn 0.33497295304607894 0.8540432642691981 -0.3979990244761944
vn 0.33497295304607894 0.8540432642691981 -0.3979990244761944
vn -0.2813070705139339 0.9342018950045609 -0.2193926877741283
vn 0.3497989881211566 0.9083602758638379 -0.2291773923012201
vn 0.8067704648744346 0.5425416983149094 -0.23402974724564904
vn 0.33497295304607894 0.8540432642691981 -0.3979990244761944
vn 0.3497989881211566 0.9083602758638379 -0.2291773923012201
vn 0.7900218519526911 0.37122156020299685 -0.4879139541739844
vn 0.19383878242493952 0.5394256638650154 -0.8194183788467309
vn 0.33497295304607894 0.8540432642691981 -0.3979990244761944
vn 0.33497295304607894 0.8540432642691981 -0.3979990244761944
vn 0.8067704648744346 0.5425416983149094 -0.23402974724564904
vn 0.7900218519526911 0.37122156020299685 -0.4879139541739844
vn 0.19383878242493952 0.5394256638650154 -0.8194183788467309
vn 0.7900218519526911 0.37122156020299685 -0.4879139541739844
vn 0.5429497163056713 0.19864865399123896 -0.8159315644286964
vn 0.9724464623337497 0.03964617625632926 -0.22973040417591062
vn 0.7900218519526911 0.37122156020299685 -0.4879139541739844
vn 0.8067704648744346 0.5425416983149094 -0.23402974724564904
vn 0.8800778653822727 -0.06242797275871764 -0.4707076577679813
vn 0.5429497163056713 0.19864865399123896 -0.8159315644286964
vn 0.7900218519526911 0.37122156020299685 -0.4879139541739844
vn 0.7900218519526911 0.37122156020299685 -0.4879139541739844
vn 0.9724464623337497 0.03964617625632926 -0.22973040417591062
vn 0.8800778653822727 -0.06242797275871764 -0.4707076577679813
vn 0.5429497163056713 0.19864865399123896 -0.8159315644286964
vn 0.8800778653822727 -0.06242797275871764 -0.4707076577679813
vn 0.577007176398719 -0.07650100831593643 -0.813148396119074
vn 0.9559842400519619 -0.2385013542130871 -0.17091295097445516
vn 0.8800778653822727 -0.06242797275871764 -0.4707076577679813
vn 0.9724464623337497 0.03964617625632926 -0.22973040417591062
vn 0.8800778653822727 -0.06242797275871764 -0.4707076577679813
vn 0.8084336735583609 -0.16516270069541358 -0.5649391805813535
vn 0.577007176398719 -0.07650100831593643 -0.813148396119074
vn 0.8800778653822727 -0.06242797275871764 -0.4707076577679813
vn 0.9559842400519619 -0.2385013542130871 -0.17091295097445516
vn 0.8084336735583609 -0.16516270069541358 -0.5649391805813535
vn -0.5770068196367871 -0.0765008759514416 0.813148661728778
vn -0.8084335426659736 -0.1651626238209354 0.5649393903642476
vn -0.5579717228967757 -0.08429709106207142 0.8255674151067717
vn -0.9559842162156512 -0.23850126275351843 0.1709132119279379
vn -0.8609746294658616 -0.018647785245930092 0.508305958573716
vn -0.8084335426659736 -0.1651626238209354 0.5649393903642476
vn -0.8609746294658616 -0.018647785245930092 0.508305958573716
vn -0.5579717228967757 -0.08429709106207142 0.8255674151067717
vn -0.8084335426659736 -0.1651626238209354 0.5649393903642476
vn -0.5579717228967757 -0.08429709106207142 0.8255674151067717
vn -0.8609746294658616 -0.018647785245930092 0.508305958573716
vn -0.5651603176842253 0.10457043017898378 0.8183268542869945
vn -0.9559842162156512 -0.23850126275351843 0.1709132119279379
vn -0.9990861644476395 0.04266320460230034 0.0025859200232738896
vn -0.8609746294658616 -0.018647785245930092 0.508305958573716
vn -0.46567174383460147 0.4272667363247064 0.7749793307079065
vn -0.5651603176842253 0.10457043017898378 0.8183268542869945
vn -0.8609746294658616 -0.018647785245930092 0.508305958573716
vn -0.9990861644476395 0.04266320460230034 0.0025859200232738896
vn -0.7349955567287019 0.5707248548847335 0.3661347724620886
vn -0.8609746294658616 -0.018647785245930092 0.508305958573716
vn -0.8609746294658616 -0.018647785245930092 0.508305958573716
vn -0.7349955567287019 0.5707248548847335 0.3661347724620886
vn -0.46567174383460147 0.4272667363247064 0.7749793307079065
vn -0.9990861644476395 0.04266320460230034 0.0025859200232738896
vn -0.8177222077320911 0.5749383151521863 0.027862604898326915
vn -0.7349955567287019 0.5707248548847335 0.3661347724620886
vn -0.36964402232306265 0.47391929362174906 0.7992270014794854
vn -0.46567174383460147 0.4272667363247064 0.7749793307079065
vn -0.7349955567287019 0.5707248548847335 0.3661347724620886
vn -0.5827637801444057 0.8116173158429066 0.04078859124508135
vn -0.7349955567287019 0.5707248548847335 0.3661347724620886
vn -0.8177222077320911 0.5749383151521863 0.027862604898326915
vn -0.36964402232306265 0.47391929362174906 0.7992270014794854
vn -0.7349955567287019 0.5707248548847335 0.3661347724620886
vn -0.4994133925163904 0.6921503195049792 0.5210702434263781
vn -0.7349955567287019 0.5707248548847335 0.3661347724620886
vn -0.5827637801444057 0.8116173158429066 0.04078859124508135
vn -0.4994133925163904 0.6921503195049792 0.5210702434263781
vn -0.4994133925163904 0.6921503195049792 0.5210702434263781
vn -0.2258949215278884 0.5424941143562743 0.8091178037323804
vn -0.36964402232306265 0.47391929362174906 0.7992270014794854
vn -0.5827637801444057 0.8116173158429066 0.04078859124508135
vn -0.2710935751876205 0.8586866875577199 0.4349315418581923
vn -0.4994133925163904 0.6921503195049792 0.5210702434263781
vn -0.2258949215278884 0.5424941143562743 0.8091178037323804
vn -0.4994133925163904 0.6921503195049792 0.5210702434263781
vn -0.2710935751876205 0.8586866875577199 0.4349315418581923
vn -0.5827637801444057 0.8116173158429066 0.04078859124508135
vn -0.22260878280146176 0.9737965707701133 0.0465356699319921
vn -0.2710935751876205 0.8586866875577199 0.4349315418581923
vn -0.2710935751876205 0.8586866875577199 0.4349315418581923
vn 7.275068569516538e-8 0.6011585031619294 0.7991298105289925
vn -0.2258949215278884 0.5424941143562743 0.8091178037323804
vn -0.22260878280146176 0.9737965707701133 0.0465356699319921
vn 8.121813346251069e-8 0.9617947937021097 0.2737713915066902
vn -0.2710935751876205 0.8586866875577199 0.4349315418581923
vn 7.275068569516538e-8 0.6011585031619294 0.7991298105289925
vn -0.2710935751876205 0.8586866875577199 0.4349315418581923
vn 8.121813346251069e-8 0.9617947937021097 0.2737713915066902
vn 8.121813346251069e-8 0.9617947937021097 0.2737713915066902
vn -0.22260878280146176 0.9737965707701133 0.0465356699319921
vn 2.2643810162711278e-7 0.9984666499474056 0.05535656187620169
vn 0.2226089127429557 0.9737965276011924 0.0465359516853293
vn 8.121813346251069e-8 0.9617947937021097 0.2737713915066902
vn 2.2643810162711278e-7 0.9984666499474056 0.05535656187620169
vn 0.2710936342283933 0.858686581436161 0.4349317145740484
vn 7.275068569516538e-8 0.6011585031619294 0.7991298105289925
vn 8.121813346251069e-8 0.9617947937021097 0.2737713915066902
vn 8.121813346251069e-8 0.9617947937021097 0.2737713915066902
vn 0.2226089127429557 0.9737965276011924 0.0465359516853293
vn 0.2710936342283933 0.858686581436161 0.4349317145740484
vn 7.275068569516538e-8 0.6011585031619294 0.7991298105289925
vn 0.2710936342283933 0.858686581436161 0.4349317145740484
vn 0.22589498870389332 0.5424941441301107 0.8091177650150853
vn 0.5827640418480168 0.8116171167497819 0.04078881375737284
vn 0.2710936342283933 0.858686581436161 0.4349317145740484
vn 0.2226089127429557 0.9737965276011924 0.0465359516853293
vn 0.4994136361809206 0.6921500799218165 0.5210703281331361
vn 0.22589498870389332 0.5424941441301107 0.8091177650150853
vn 0.2710936342283933 0.858686581436161 0.4349317145740484
vn 0.2710936342283933 0.858686581436161 0.4349317145740484
vn 0.5827640418480168 0.8116171167497819 0.04078881375737284
vn 0.4994136361809206 0.6921500799218165 0.5210703281331361
vn 0.4994136361809206 0.6921500799218165 0.5210703281331361
vn 0.369644070805627 0.4739190790247171 0.7992271063062166
vn 0.22589498870389332 0.5424941441301107 0.8091177650150853
vn 0.5827640418480168 0.8116171167497819 0.04078881375737284
vn 0.7349955433870187 0.5707247655026503 0.3661349385720599
vn 0.4994136361809206 0.6921500799218165 0.5210703281331361
vn 0.7349955433870187 0.5707247655026503 0.3661349385720599
vn 0.369644070805627 0.4739190790247171 0.7992271063062166
vn 0.4994136361809206 0.6921500799218165 0.5210703281331361
vn 0.7349955433870187 0.5707247655026503 0.3661349385720599
vn 0.5827640418480168 0.8116171167497819 0.04078881375737284
vn 0.8177222810901709 0.5749382004977869 0.02786281782329965
vn 0.369644070805627 0.4739190790247171 0.7992271063062166
vn 0.7349955433870187 0.5707247655026503 0.3661349385720599
vn 0.46567185552751583 0.4272665830852242 0.7749793480785392
vn 0.9990861679128902 0.04266315029586725 0.002585477125916774
vn 0.7349955433870187 0.5707247655026503 0.3661349385720599
vn 0.8177222810901709 0.5749382004977869 0.02786281782329965
vn 0.860974702221699 -0.018647989489706165 0.5083058278460405
vn 0.46567185552751583 0.4272665830852242 0.7749793480785392
vn 0.7349955433870187 0.5707247655026503 0.3661349385720599
vn 0.7349955433870187 0.5707247655026503 0.3661349385720599
vn 0.9990861679128902 0.04266315029586725 0.002585477125916774
vn 0.860974702221699 -0.018647989489706165 0.5083058278460405
vn 0.46567185552751583 0.4272665830852242 0.7749793480785392
vn 0.860974702221699 -0.018647989489706165 0.5083058278460405
vn 0.5651604332298007 0.10457028811253385 0.8183267926418919
vn 0.9559842553247884 -0.23850134253046018 0.17091288185001663
vn 0.860974702221699 -0.018647989489706165 0.5083058278460405
vn 0.9990861679128902 0.04266315029586725 0.002585477125916774
vn 0.860974702221699 -0.018647989489706165 0.5083058278460405
vn 0.5579716833697311 -0.08429715705351627 0.825567435083436
vn 0.5651604332298007 0.10457028811253385 0.8183267926418919
vn 0.5579716833697311 -0.08429715705351627 0.825567435083436
vn 0.860974702221699 -0.018647989489706165 0.5083058278460405
vn 0.8084337043546694 -0.16516267839098187 0.5649391430323304
vn 0.860974702221699 -0.018647989489706165 0.5083058278460405
vn 0.9559842553247884 -0.23850134253046018 0.17091288185001663
vn 0.8084337043546694 -0.16516267839098187 0.5649391430323304
vn 0.8084337043546694 -0.16516267839098187 0.5649391430323304
vn 0.5770071760882735 -0.07650101530771611 0.8131483956815782
vn 0.5579716833697311 -0.08429715705351627 0.825567435083436
vn 0.9559842553247884 -0.23850134253046018 0.17091288185001663
vn 0.8800779095737706 -0.062427772284823276 0.47070760173149573
vn 0.8084337043546694 -0.16516267839098187 0.5649391430323304
vn 0.5770071760882735 -0.07650101530771611 0.8131483956815782
vn 0.8084337043546694 -0.16516267839098187 0.5649391430323304
vn 0.8800779095737706 -0.062427772284823276 0.47070760173149573
vn 0.8800779095737706 -0.062427772284823276 0.47070760173149573
vn 0.9559842553247884 -0.23850134253046018 0.17091288185001663
vn 0.9724464419038008 0.039646160788621924 0.22973049332502765
vn 0.8800779095737706 -0.062427772284823276 0.47070760173149573
vn 0.5429502146260486 0.19864971716176263 0.8159309739855936
vn 0.5770071760882735 -0.07650101530771611 0.8131483956815782
vn 0.9724464419038008 0.039646160788621924 0.22973049332502765
vn 0.790021703911723 0.3712218172878159 0.48791399828038284
vn 0.8800779095737706 -0.062427772284823276 0.47070760173149573
vn 0.5429502146260486 0.19864971716176263 0.8159309739855936
vn 0.8800779095737706 -0.062427772284823276 0.47070760173149573
vn 0.790021703911723 0.3712218172878159 0.48791399828038284
vn 0.790021703911723 0.3712218172878159 0.48791399828038284
vn 0.9724464419038008 0.039646160788621924 0.22973049332502765
vn 0.8067704069131325 0.5425416259205944 0.2340301148840819
vn 0.790021703911723 0.3712218172878159 0.48791399828038284
vn 0.1938395038294773 0.5394260640883022 0.8194179447250011
vn 0.5429502146260486 0.19864971716176263 0.8159309739855936
vn 0.8067704069131325 0.5425416259205944 0.2340301148840819
vn 0.33497290822662296 0.8540431315493081 0.3979993469939989
vn 0.790021703911723 0.3712218172878159 0.48791399828038284
vn 0.1938395038294773 0.5394260640883022 0.8194179447250011
vn 0.790021703911723 0.3712218172878159 0.48791399828038284
vn 0.33497290822662296 0.8540431315493081 0.3979993469939989
vn 0.33497290822662296 0.8540431315493081 0.3979993469939989
vn 0.8067704069131325 0.5425416259205944 0.2340301148840819
vn 0.34979898778316293 0.9083601851052034 0.22917775254486486
vn -0.2813071254031482 0.9342018460616266 0.21939282579990274
vn 0.33497290822662296 0.8540431315493081 0.3979993469939989
vn 0.34979898778316293 0.9083601851052034 0.22917775254486486
vn 0.33497290822662296 0.8540431315493081 0.3979993469939989
vn -0.45447856885086024 0.7557926355241864 0.4714092940775332
vn 0.1938395038294773 0.5394260640883022 0.8194179447250011
vn 0.33497290822662296 0.8540431315493081 0.3979993469939989
vn -0.2813071254031482 0.9342018460616266 0.21939282579990274
vn -0.45447856885086024 0.7557926355241864 0.4714092940775332
vn 0.8084336735583609 -0.16516270069541358 -0.5649391805813535
vn 0.5579716226193409 -0.08429716299265975 -0.8255674755360274
vn 0.577007176398719 -0.07650100831593643 -0.813148396119074
vn 0.9559842400519619 -0.2385013542130871 -0.17091295097445516
vn 0.860974722990829 -0.018647990892026813 -0.5083057926155832
vn 0.8084336735583609 -0.16516270069541358 -0.5649391805813535
vn 0.8084336735583609 -0.16516270069541358 -0.5649391805813535
vn 0.860974722990829 -0.018647990892026813 -0.5083057926155832
vn 0.5579716226193409 -0.08429716299265975 -0.8255674755360274
vn 0.860974722990829 -0.018647990892026813 -0.5083057926155832
vn 0.5651603602342085 0.10457031529839998 -0.81832683958082
vn 0.5579716226193409 -0.08429716299265975 -0.8255674755360274
vn 0.860974722990829 -0.018647990892026813 -0.5083057926155832
vn 0.9559842400519619 -0.2385013542130871 -0.17091295097445516
vn 0.9990861676038472 0.04266315427570348 -0.0025855308748537666
vn 0.860974722990829 -0.018647990892026813 -0.5083057926155832
vn 0.4656718086244495 0.4272664701384015 -0.7749794385323424
vn 0.5651603602342085 0.10457031529839998 -0.81832683958082
vn 0.9990861676038472 0.04266315427570348 -0.0025855308748537666
vn 0.7349957504649942 0.5707244998700474 -0.36613493693785104
vn 0.860974722990829 -0.018647990892026813 -0.5083057926155832
vn 0.4656718086244495 0.4272664701384015 -0.7749794385323424
vn 0.860974722990829 -0.018647990892026813 -0.5083057926155832
vn 0.7349957504649942 0.5707244998700474 -0.36613493693785104
vn 0.7349957504649942 0.5707244998700474 -0.36613493693785104
vn 0.9990861676038472 0.04266315427570348 -0.0025855308748537666
vn 0.8177222810901709 0.5749382004977869 -0.02786281782329965
vn 0.7349957504649942 0.5707244998700474 -0.36613493693785104
vn 0.3696441725569533 0.4739190993307168 -0.7992270472051403
vn 0.4656718086244495 0.4272664701384015 -0.7749794385323424
vn 0.5827640673425208 0.8116170909767237 -0.0407889623413261
vn 0.7349957504649942 0.5707244998700474 -0.36613493693785104
vn 0.8177222810901709 0.5749382004977869 -0.02786281782329965
vn 0.3696441725569533 0.4739190993307168 -0.7992270472051403
vn 0.7349957504649942 0.5707244998700474 -0.36613493693785104
vn 0.4994136513807368 0.6921500884313344 -0.5210703022616582
vn 0.7349957504649942 0.5707244998700474 -0.36613493693785104
vn 0.5827640673425208 0.8116170909767237 -0.0407889623413261
vn 0.4994136513807368 0.6921500884313344 -0.5210703022616582
vn 0.4994136513807368 0.6921500884313344 -0.5210703022616582
vn 0.22589497751057624 0.5424942844475558 -0.8091176740605973
vn 0.3696441725569533 0.4739190993307168 -0.7992270472051403
vn 0.5827640673425208 0.8116170909767237 -0.0407889623413261
vn 0.27109355243043987 0.8586866324170411 -0.4349316649071732
vn 0.4994136513807368 0.6921500884313344 -0.5210703022616582
vn 0.22589497751057624 0.5424942844475558 -0.8091176740605973
vn 0.4994136513807368 0.6921500884313344 -0.5210703022616582
vn 0.27109355243043987 0.8586866324170411 -0.4349316649071732
vn 0.27109355243043987 0.8586866324170411 -0.4349316649071732
vn 0.5827640673425208 0.8116170909767237 -0.0407889623413261
vn 0.2226089127429557 0.9737965276011924 -0.0465359516853293
vn 7.220065480520344e-8 0.6011585031619294 -0.7991298105289925
vn 0.22589497751057624 0.5424942844475558 -0.8091176740605973
vn 0.27109355243043987 0.8586866324170411 -0.4349316649071732
vn 0.2226089127429557 0.9737965276011924 -0.0465359516853293
vn 8.573972556981851e-8 0.9617947937021094 -0.2737713915066901
vn 0.27109355243043987 0.8586866324170411 -0.4349316649071732
vn 0.27109355243043987 0.8586866324170411 -0.4349316649071732
vn 8.573972556981851e-8 0.9617947937021094 -0.2737713915066901
vn 7.220065480520344e-8 0.6011585031619294 -0.7991298105289925
vn 8.573972556981851e-8 0.9617947937021094 -0.2737713915066901
vn 0.2226089127429557 0.9737965276011924 -0.0465359516853293
vn 2.2729521038490095e-7 0.9984666499474054 -0.05535656187620168
vn 2.2729521038490095e-7 0.9984666499474054 -0.05535656187620168
vn -0.22260878280146176 0.9737965707701133 -0.0465356699319921
vn 8.573972556981851e-8 0.9617947937021094 -0.2737713915066901
vn -0.2710935751876205 0.8586866875577199 -0.4349315418581923
vn 7.220065480520344e-8 0.6011585031619294 -0.7991298105289925
vn 8.573972556981851e-8 0.9617947937021094 -0.2737713915066901
vn -0.2710935751876205 0.8586866875577199 -0.4349315418581923
vn 8.573972556981851e-8 0.9617947937021094 -0.2737713915066901
vn -0.22260878280146176 0.9737965707701133 -0.0465356699319921
vn 7.220065480520344e-8 0.6011585031619294 -0.7991298105289925
vn -0.2710935751876205 0.8586866875577199 -0.4349315418581923
vn -0.22589491469801237 0.5424941536869582 -0.8091177792689075
vn -0.5827637800613238 0.8116173157271981 -0.04078859473449316
vn -0.2710935751876205 0.8586866875577199 -0.4349315418581923
vn -0.22260878280146176 0.9737965707701133 -0.0465356699319921
vn -0.4994133971547682 0.6921502830582157 -0.5210702873939038
vn -0.22589491469801237 0.5424941536869582 -0.8091177792689075
vn -0.2710935751876205 0.8586866875577199 -0.4349315418581923
vn -0.2710935751876205 0.8586866875577199 -0.4349315418581923
vn -0.5827637800613238 0.8116173157271981 -0.04078859473449316
vn -0.4994133971547682 0.6921502830582157 -0.5210702873939038
vn -0.22589491469801237 0.5424941536869582 -0.8091177792689075
vn -0.4994133971547682 0.6921502830582157 -0.5210702873939038
vn -0.36964403491611564 0.47391933201846226 -0.7992269728869942
vn -0.7349954929578904 0.5707249349816992 -0.3661347756246638
vn -0.4994133971547682 0.6921502830582157 -0.5210702873939038
vn -0.5827637800613238 0.8116173157271981 -0.04078859473449316
vn -0.7349954929578904 0.5707249349816992 -0.3661347756246638
vn -0.36964403491611564 0.47391933201846226 -0.7992269728869942
vn -0.4994133971547682 0.6921502830582157 -0.5210702873939038
vn -0.7349954929578904 0.5707249349816992 -0.3661347756246638
vn -0.5827637800613238 0.8116173157271981 -0.04078859473449316
vn -0.8177222077320911 0.5749383151521863 -0.027862604898326915
vn -0.36964403491611564 0.47391933201846226 -0.7992269728869942
vn -0.7349954929578904 0.5707249349816992 -0.3661347756246638
vn -0.4656717851603956 0.4272668091982273 -0.7749792656988289
vn -0.9990861644174804 0.04266320859404574 -0.002585865817949778
vn -0.7349954929578904 0.5707249349816992 -0.3661347756246638
vn -0.8177222077320911 0.5749383151521863 -0.027862604898326915
vn -0.8609746120723545 -0.018647795648426026 -0.5083059876534146
vn -0.4656717851603956 0.4272668091982273 -0.7749792656988289
vn -0.7349954929578904 0.5707249349816992 -0.3661347756246638
vn -0.7349954929578904 0.5707249349816992 -0.3661347756246638
vn -0.9990861644174804 0.04266320859404574 -0.002585865817949778
vn -0.8609746120723545 -0.018647795648426026 -0.5083059876534146
vn -0.4656717851603956 0.4272668091982273 -0.7749792656988289
vn -0.8609746120723545 -0.018647795648426026 -0.5083059876534146
vn -0.5651603902624331 0.10457040997846598 -0.8183268067437055
vn -0.9559842390776683 -0.23850121967892468 -0.17091314416029244
vn -0.8609746120723545 -0.018647795648426026 -0.5083059876534146
vn -0.9990861644174804 0.04266320859404574 -0.002585865817949778
vn -0.8609746120723545 -0.018647795648426026 -0.5083059876534146
vn -0.5579716634832731 -0.08429706878022775 -0.8255674575374025
vn -0.5651603902624331 0.10457040997846598 -0.8183268067437055
vn -0.5579716634832731 -0.08429706878022775 -0.8255674575374025
vn -0.8609746120723545 -0.018647795648426026 -0.5083059876534146
vn -0.808433545690749 -0.16516260178530412 -0.5649393924779832
vn -0.8609746120723545 -0.018647795648426026 -0.5083059876534146
vn -0.9559842390776683 -0.23850121967892468 -0.17091314416029244
vn -0.808433545690749 -0.16516260178530412 -0.5649393924779832
vn -0.808433545690749 -0.16516260178530412 -0.5649393924779832
vn -0.5770068196367871 -0.0765008759514416 -0.813148661728778
vn -0.5579716634832731 -0.08429706878022775 -0.8255674575374025
vn -0.8800776901775246 -0.06242783184571251 -0.4707080040352366
vn -0.808433545690749 -0.16516260178530412 -0.5649393924779832
vn -0.9559842390776683 -0.23850121967892468 -0.17091314416029244
vn -0.5770068196367871 -0.0765008759514416 -0.813148661728778
vn -0.808433545690749 -0.16516260178530412 -0.5649393924779832
vn -0.8800776901775246 -0.06242783184571251 -0.4707080040352366
vn -0.8800776901775246 -0.06242783184571251 -0.4707080040352366
vn -0.9559842390776683 -0.23850121967892468 -0.17091314416029244
vn -0.9724463964296657 0.03964634373312272 -0.22973065424438363
vn -0.8800776901775246 -0.06242783184571251 -0.4707080040352366
vn -0.5429494726044204 0.19864866614285126 -0.8159317236376139
vn -0.5770068196367871 -0.0765008759514416 -0.813148661728778
vn -0.7900216744972708 0.3712216245545755 -0.487914192545769
vn -0.8800776901775246 -0.06242783184571251 -0.4707080040352366
vn -0.9724463964296657 0.03964634373312272 -0.22973065424438363
vn -0.5429494726044204 0.19864866614285126 -0.8159317236376139
vn -0.8800776901775246 -0.06242783184571251 -0.4707080040352366
vn -0.7900216744972708 0.3712216245545755 -0.487914192545769
vn -0.9724463964296657 0.03964634373312272 -0.22973065424438363
vn -0.8067703430846359 0.5425415495806587 -0.23403051189474472
vn -0.7900216744972708 0.3712216245545755 -0.487914192545769
vn -0.1938383326027529 0.5394256891704354 -0.8194184685963487
vn -0.5429494726044204 0.19864866614285126 -0.8159317236376139
vn -0.7900216744972708 0.3712216245545755 -0.487914192545769
vn -0.33497258403092117 0.8540433298973744 -0.39799919422713903
vn -0.7900216744972708 0.3712216245545755 -0.487914192545769
vn -0.8067703430846359 0.5425415495806587 -0.23403051189474472
vn -0.7900216744972708 0.3712216245545755 -0.487914192545769
vn -0.33497258403092117 0.8540433298973744 -0.39799919422713903
vn -0.1938383326027529 0.5394256891704354 -0.8194184685963487
vn -0.8067703430846359 0.5425415495806587 -0.23403051189474472
vn -0.34979854929482274 0.9083603592265295 -0.22917773167803207
vn -0.33497258403092117 0.8540433298973744 -0.39799919422713903
vn 0.28130774136421194 0.9342017365438434 -0.21939250234917534
vn -0.33497258403092117 0.8540433298973744 -0.39799919422713903
vn -0.34979854929482274 0.9083603592265295 -0.22917773167803207
vn 0.45447923306226656 0.7557923920240676 -0.47140904411526957
vn -0.1938383326027529 0.5394256891704354 -0.8194184685963487
vn -0.33497258403092117 0.8540433298973744 -0.39799919422713903
vn -0.33497258403092117 0.8540433298973744 -0.39799919422713903
vn 0.28130774136421194 0.9342017365438434 -0.21939250234917534
vn 0.45447923306226656 0.7557923920240676 -0.47140904411526957
vn -0.08740232838682904 0.25715976274154173 -0.9624082758472492
vn 0.0874023214084289 0.2571597481094247 -0.9624082803907679
vn -0.1017653790744036 0.2590685730409899 -0.9604828379957386
vn -0.08740232838682904 0.25715976274154173 -0.9624082758472492
vn -0.1017653790744036 0.2590685730409899 -0.9604828379957386
vn -0.9826496591390437 0.04196930959766948 -0.18066052265455257
vn 0.0874023214084289 0.2571597481094247 -0.9624082803907679
vn -0.08740232838682904 0.25715976274154173 -0.9624082758472492
vn 0.07287460970731206 0.2597280251435227 -0.9629281615027429
vn -0.9826496591390437 0.04196930959766948 -0.18066052265455257
vn -0.9977474214227368 0.012832515859401847 -0.06584382720497113
vn -0.08740232838682904 0.25715976274154173 -0.9624082758472492
vn 0.9722922839691124 0.052898181763378536 -0.22770484601838337
vn 0.0874023214084289 0.2571597481094247 -0.9624082803907679
vn 0.07287460970731206 0.2597280251435227 -0.9629281615027429
vn -0.9977474214227368 0.012832515859401847 -0.06584382720497113
vn -0.9826496591390437 0.04196930959766948 -0.18066052265455257
vn -0.9978747867682041 0.012464846381530226 0.06395731027017959
vn 0.0874023214084289 0.2571597481094247 -0.9624082803907679
vn 0.9722922839691124 0.052898181763378536 -0.22770484601838337
vn 0.9978747867682041 0.012464846381530226 -0.06395731027017959
vn -0.9977474214227368 0.012832515859401847 -0.06584382720497113
vn -0.9978747867682041 0.012464846381530226 0.06395731027017959
vn -0.9722922837474689 0.052898186060725105 0.22770484596647583
vn 0.992548040202475 0.027573657747809076 0.11869322343180658
vn 0.9978747867682041 0.012464846381530226 -0.06395731027017959
vn 0.9722922839691124 0.052898181763378536 -0.22770484601838337
vn -0.16230093302589407 0.25276219284011686 0.9538184738248573
vn -0.9722922837474689 0.052898186060725105 0.22770484596647583
vn -0.9978747867682041 0.012464846381530226 0.06395731027017959
vn 0.9978747867682041 0.012464846381530226 -0.06395731027017959
vn 0.992548040202475 0.027573657747809076 0.11869322343180658
vn 0.9945914464824284 0.01986868282334619 0.10194650571184803
vn -0.9722922837474689 0.052898186060725105 0.22770484596647583
vn -0.16230093302589407 0.25276219284011686 0.9538184738248573
vn -0.03778215574466868 0.26023460940744425 0.9648059166349678
vn 0.992548040202475 0.027573657747809076 0.11869322343180658
vn 0.08740232069610068 0.25715977770590526 0.962408272547148
vn 0.9945914464824284 0.01986868282334619 0.10194650571184803
vn -0.16230093302589407 0.25276219284011686 0.9538184738248573
vn 0.08740232069610068 0.25715977770590526 0.962408272547148
vn -0.03778215574466868 0.26023460940744425 0.9648059166349678
vn 0.08740232069610068 0.25715977770590526 0.962408272547148
vn 0.992548040202475 0.027573657747809076 0.11869322343180658
vn 0.07287461646180808 0.25972805456928205 0.9629281530546296
vn 0.07287461646180808 0.25972805456928205 0.9629281530546296
vn -0.03778215574466868 0.26023460940744425 0.9648059166349678
vn 0.08740232069610068 0.25715977770590526 0.962408272547148
vn 0 1 0
vn 0 1 0
vn 0 1 0
vn 0 1 0
vn 0 1 0
vn 0 1 0
vn 0 1 0
vn 0 1 0
vn 0 1 0
vn 0 1 0
vn 0 1 0
vn 0 1 0
vn 0 1 0
vn 0 1 0
vn 0 1 0
vn 0 1 0
vn 0 1 0
vn 0 1 0
f 337//337 338//338 339//339
f 340//340 341//341 342//342
f 343//343 344//344 345//345
f 346//346 347//347 348//348
f 349//349 350//350 351//351
f 352//352 353//353 354//354
f 355//355 356//356 357//357
f 358//358 359//359 360//360
f 361//361 362//362 363//363
f 364//364 365//365 366//366
f 367//367 368//368 369//369
f 370//370 371//371 372//372
f 373//373 374//374 375//375
f 376//376 377//377 378//378
f 379//379 380//380 381//381
f 382//382 383//383 384//384
f 385//385 386//386 387//387
f 388//388 389//389 390//390
f 391//391 392//392 393//393
f 394//394 395//395 396//396
f 397//397 398//398 399//399
f 400//400 401//401 402//402
f 403//403 404//404 405//405
f 406//406 407//407 408//408
f 409//409 410//410 411//411
f 412//412 413//413 414//414
f 415//415 416//416 417//417
f 418//418 419//419 420//420
f 421//421 422//422 423//423
f 424//424 425//425 426//426
f 427//427 428//428 429//429
f 430//430 431//431 432//432
f 433//433 434//434 435//435
f 436//436 437//437 438//438
f 439//439 440//440 441//441
f 442//442 443//443 444//444
f 445//445 446//446 447//447
f 448//448 449//449 450//450
f 451//451 452//452 453//453
f 454//454 455//455 456//456
f 457//457 458//458 459//459
f 460//460 461//461 462//462
f 463//463 464//464 465//465
f 466//466 467//467 468//468
f 469//469 470//470 471//471
f 472//472 473//473 474//474
f 475//475 476//476 477//477
f 478//478 479//479 480//480
f 481//481 482//482 483//483
f 484//484 485//485 486//486
f 487//487 488//488 489//489
f 490//490 491//491 492//492
f 493//493 494//494 495//495
f 496//496 497//497 498//498
f 499//499 500//500 501//501
f 502//502 503//503 504//504
f 505//505 506//506 507//507
f 508//508 509//509 510//510
f 511//511 512//512 513//513
f 514//514 515//515 516//516
f 517//517 518//518 519//519
f 520//520 521//521 522//522
f 523//523 524//524 525//525
f 526//526 527//527 528//528
f 529//529 530//530 531//531
f 532//532 533//533 534//534
f 535//535 536//536 537//537
f 538//538 539//539 540//540
f 541//541 542//542 543//543
f 544//544 545//545 546//546
f 547//547 548//548 549//549
f 550//550 551//551 552//552
f 553//553 554//554 555//555
f 556//556 557//557 558//558
f 559//559 560//560 561//561
f 562//562 563//563 564//564
f 565//565 566//566 567//567
f 568//568 569//569 570//570
f 571//571 572//572 573//573
f 574//574 575//575 576//576
f 577//577 578//578 579//579
f 580//580 581//581 582//582
f 583//583 584//584 585//585
f 586//586 587//587 588//588
f 589//589 590//590 591//591
f 592//592 593//593 594//594
f 595//595 596//596 597//597
f 598//598 599//599 600//600
f 601//601 602//602 603//603
f 604//604 605//605 606//606
f 607//607 608//608 609//609
f 610//610 611//611 612//612
f 613//613 614//614 615//615
f 616//616 617//617 618//618
f 619//619 620//620 621//621
f 622//622 623//623 624//624
f 625//625 626//626 627//627
f 628//628 629//629 630//630
f 631//631 632//632 633//633
f 634//634 635//635 636//636
f 637//637 638//638 639//639
f 640//640 641//641 642//642
f 643//643 644//644 645//645
f 646//646 647//647 648//648
f 649//649 650//650 651//651
f 652//652 653//653 654//654
f 655//655 656//656 657//657
f 658//658 659//659 660//660
f 661//661 662//662 663//663
f 664//664 665//665 666//666
f 667//667 668//668 669//669
f 670//670 671//671 672//672
f 673//673 674//674 675//675
f 676//676 677//677 678//678
f 679//679 680//680 681//681
f 682//682 683//683 684//684
f 685//685 686//686 687//687
f 688//688 689//689 690//690
f 691//691 692//692 693//693
f 694//694 695//695 696//696
f 697//697 698//698 699//699
f 700//700 701//701 702//702
f 703//703 704//704 705//705
f 706//706 707//707 708//708
f 709//709 710//710 711//711
f 712//712 713//713 714//714
f 715//715 716//716 717//717
f 718//718 719//719 720//720
f 721//721 722//722 723//723
f 724//724 725//725 726//726
f 727//727 728//728 729//729
f 730//730 731//731 732//732
f 733//733 734//734 735//735
f 736//736 737//737 738//738
f 739//739 740//740 741//741
f 742//742 743//743 744//744
f 745//745 746//746 747//747
f 748//748 749//749 750//750
f 751//751 752//752 753//753
f 754//754 755//755 756//756
f 757//757 758//758 759//759
f 760//760 761//761 762//762
f 763//763 764//764 765//765
f 766//766 767//767 768//768
f 769//769 770//770 771//771
f 772//772 773//773 774//774
f 775//775 776//776 777//777
f 778//778 779//779 780//780
f 781//781 782//782 783//783
f 784//784 785//785 786//786
f 787//787 788//788 789//789
f 790//790 791//791 792//792
f 793//793 794//794 795//795
f 796//796 797//797 798//798
f 799//799 800//800 801//801
f 802//802 803//803 804//804
f 805//805 806//806 807//807
f 808//808 809//809 810//810
f 811//811 812//812 813//813
f 814//814 815//815 816//816
f 817//817 818//818 819//819
f 820//820 821//821 822//822
f 823//823 824//824 825//825
f 826//826 827//827 828//828
f 829//829 830//830 831//831
f 832//832 833//833 834//834
f 835//835 836//836 837//837
f 838//838 839//839 840//840
f 841//841 842//842 843//843
f 844//844 845//845 846//846
f 847//847 848//848 849//849
f 850//850 851//851 852//852
f 853//853 854//854 855//855
f 856//856 857//857 858//858
f 859//859 860//860 861//861
f 862//862 863//863 864//864
f 865//865 866//866 867//867
f 868//868 869//869 870//870
f 871//871 872//872 873//873
f 874//874 875//875 876//876
f 877//877 878//878 879//879
f 880//880 881//881 882//882
f 883//883 884//884 885//885
f 886//886 887//887 888//888
f 889//889 890//890 891//891
f 892//892 893//893 894//894
f 895//895 896//896 897//897
f 898//898 899//899 900//900
f 901//901 902//902 903//903
f 904//904 905//905 906//906
f 907//907 908//908 909//909
f 910//910 911//911 912//912
f 913//913 914//914 915//915
f 916//916 917//917 918//918
f 919//919 920//920 921//921
f 922//922 923//923 924//924
f 925//925 926//926 927//927
f 928//928 929//929 930//930
f 931//931 932//932 933//933
f 934//934 935//935 936//936
f 937//937 938//938 939//939
f 940//940 941//941 942//942
f 943//943 944//944 945//945
f 946//946 947//947 948//948
f 949//949 950//950 951//951
f 952//952 953//953 954//954
f 955//955 956//956 957//957
f 958//958 959//959 960//960
f 961//961 962//962 963//963
f 964//964 965//965 966//966
f 967//967 968//968 969//969
f 970//970 971//971 972//972
f 973//973 974//974 975//975
f 976//976 977//977 978//978
f 979//979 980//980 981//981
f 982//982 983//983 984//984
f 985//985 986//986 987//987
f 988//988 989//989 990//990
f 991//991 992//992 993//993
f 994//994 995//995 996//996
f 997//997 998//998 999//999
f 1000//1000 1001//1001 1002//1002
f 1003//1003 1004//1004 1005//1005
f 1006//1006 1007//1007 1008//1008
f 1009//1009 1010//1010 1011//1011
f 1012//1012 1013//1013 1014//1014
f 1015//1015 1016//1016 1017//1017
f 1018//1018 1019//1019 1020//1020
f 1021//1021 1022//1022 1023//1023
f 1024//1024 1025//1025 1026//1026
f 1027//1027 1028//1028 1029//1029
f 1030//1030 1031//1031 1032//1032
f 1033//1033 1034//1034 1035//1035
f 1036//1036 1037//1037 1038//1038
f 1039//1039 1040//1040 1041//1041
f 1042//1042 1043//1043 1044//1044
f 1045//1045 1046//1046 1047//1047
f 1048//1048 1049//1049 1050//1050
f 1051//1051 1052//1052 1053//1053
f 1054//1054 1055//1055 1056//1056
f 1057//1057 1058//1058 1059//1059
f 1060//1060 1061//1061 1062//1062
f 1063//1063 1064//1064 1065//1065
f 1066//1066 1067//1067 1068//1068
f 1069//1069 1070//1070 1071//1071
f 1072//1072 1073//1073 1074//1074
f 1075//1075 1076//1076 1077//1077
f 1078//1078 1079//1079 1080//1080
f 1081//1081 1082//1082 1083//1083
f 1084//1084 1085//1085 1086//1086
f 1087//1087 1088//1088 1089//1089
f 1090//1090 1091//1091 1092//1092
f 1093//1093 1094//1094 1095//1095
f 1096//1096 1097//1097 1098//1098
f 1099//1099 1100//1100 1101//1101
f 1102//1102 1103//1103 1104//1104
f 1105//1105 1106//1106 1107//1107
f 1108//1108 1109//1109 1110//1110
f 1111//1111 1112//1112 1113//1113
f 1114//1114 1115//1115 1116//1116
f 1117//1117 1118//1118 1119//1119
f 1120//1120 1121//1121 1122//1122
f 1123//1123 1124//1124 1125//1125
f 1126//1126 1127//1127 1128//1128
f 1129//1129 1130//1130 1131//1131
f 1132//1132 1133//1133 1134//1134
f 1135//1135 1136//1136 1137//1137
f 1138//1138 1139//1139 1140//1140
f 1141//1141 1142//1142 1143//1143
f 1144//1144 1145//1145 1146//1146
f 1147//1147 1148//1148 1149//1149
f 1150//1150 1151//1151 1152//1152
f 1153//1153 1154//1154 1155//1155
f 1156//1156 1157//1157 1158//1158
f 1159//1159 1160//1160 1161//1161
f 1162//1162 1163//1163 1164//1164
f 1165//1165 1166//1166 1167//1167
f 1168//1168 1169//1169 1170//1170
f 1171//1171 1172//1172 1173//1173
f 1174//1174 1175//1175 1176//1176
f 1177//1177 1178//1178 1179//1179
f 1180//1180 1181//1181 1182//1182
f 1183//1183 1184//1184 1185//1185
f 1186//1186 1187//1187 1188//1188
f 1189//1189 1190//1190 1191//1191
f 1192//1192 1193//1193 1194//1194
f 1195//1195 1196//1196 1197//1197
f 1198//1198 1199//1199 1200//1200
f 1201//1201 1202//1202 1203//1203
f 1204//1204 1205//1205 1206//1206
f 1207//1207 1208//1208 1209//1209
f 1210//1210 1211//1211 1212//1212
f 1213//1213 1214//1214 1215//1215
f 1216//1216 1217//1217 1218//1218
f 1219//1219 1220//1220 1221//1221
f 1222//1222 1223//1223 1224//1224
f 1225//1225 1226//1226 1227//1227
f 1228//1228 1229//1229 1230//1230
f 1231//1231 1232//1232 1233//1233
f 1234//1234 1235//1235 1236//1236
f 1237//1237 1238//1238 1239//1239
f 1240//1240 1241//1241 1242//1242
f 1243//1243 1244//1244 1245//1245
f 1246//1246 1247//1247 1248//1248
f 1249//1249 1250//1250 1251//1251
f 1252//1252 1253//1253 1254//1254
f 1255//1255 1256//1256 1257//1257
f 1258//1258 1259//1259 1260//1260
f 1261//1261 1262//1262 1263//1263
f 1264//1264 1265//1265 1266//1266
f 1267//1267 1268//1268 1269//1269
f 1270//1270 1271//1271 1272//1272
f 1273//1273 1274//1274 1275//1275
f 1276//1276 1277//1277 1278//1278
f 1279//1279 1280//1280 1281//1281
f 1282//1282 1283//1283 1284//1284
f 1285//1285 1286//1286 1287//1287
f 1288//1288 1289//1289 1290//1290
f 1291//1291 1292//1292 1293//1293
f 1294//1294 1295//1295 1296//1296
f 1297//1297 1298//1298 1299//1299
f 1300//1300 1301//1301 1302//1302
f 1303//1303 1304//1304 1305//1305
f 1306//1306 1307//1307 1308//1308
f 1309//1309 1310//1310 1311//1311
f 1312//1312 1313//1313 1314//1314
f 1315//1315 1316//1316 1317//1317
f 1318//1318 1319//1319 1320//1320
f 1321//1321 1322//1322 1323//1323
f 1324//1324 1325//1325 1326//1326
f 1327//1327 1328//1328 1329//1329
f 1330//1330 1331//1331 1332//1332
f 1333//1333 1334//1334 1335//1335
f 1336//1336 1337//1337 1338//1338
f 1339//1339 1340//1340 1341//1341
f 1342//1342 1343//1343 1344//1344
f 1345//1345 1346//1346 1347//1347
f 1348//1348 1349//1349 1350//1350
f 1351//1351 1352//1352 1353//1353
f 1354//1354 1355//1355 1356//1356
f 1357//1357 1358//1358 1359//1359
f 1360//1360 1361//1361 1362//1362
f 1363//1363 1364//1364 1365//1365
f 1366//1366 1367//1367 1368//1368
f 1369//1369 1370//1370 1371//1371
f 1372//1372 1373//1373 1374//1374
f 1375//1375 1376//1376 1377//1377
f 1378//1378 1379//1379 1380//1380
f 1381//1381 1382//1382 1383//1383
f 1384//1384 1385//1385 1386//1386
f 1387//1387 1388//1388 1389//1389
f 1390//1390 1391//1391 1392//1392
f 1393//1393 1394//1394 1395//1395
f 1396//1396 1397//1397 1398//1398
f 1399//1399 1400//1400 1401//1401
f 1402//1402 1403//1403 1404//1404
f 1405//1405 1406//1406 1407//1407
f 1408//1408 1409//1409 1410//1410
f 1411//1411 1412//1412 1413//1413
f 1414//1414 1415//1415 1416//1416
f 1417//1417 1418//1418 1419//1419
f 1420//1420 1421//1421 1422//1422
f 1423//1423 1424//1424 1425//1425
f 1426//1426 1427//1427 1428//1428
f 1429//1429 1430//1430 1431//1431
f 1432//1432 1433//1433 1434//1434
f 1435//1435 1436//1436 1437//1437
f 1438//1438 1439//1439 1440//1440
f 1441//1441 1442//1442 1443//1443
f 1444//1444 1445//1445 1446//1446
f 1447//1447 1448//1448 1449//1449
f 1450//1450 1451//1451 1452//1452
f 1453//1453 1454//1454 1455//1455
f 1456//1456 1457//1457 1458//1458
f 1459//1459 1460//1460 1461//1461
f 1462//1462 1463//1463 1464//1464
f 1465//1465 1466//1466 1467//1467
f 1468//1468 1469//1469 1470//1470
f 1471//1471 1472//1472 1473//1473
f 1474//1474 1475//1475 1476//1476
f 1477//1477 1478//1478 1479//1479
f 1480//1480 1481//1481 1482//1482
f 1483//1483 1484//1484 1485//1485
f 1486//1486 1487//1487 1488//1488
f 1489//1489 1490//1490 1491//1491
f 1492//1492 1493//1493 1494//1494
f 1495//1495 1496//1496 1497//1497
f 1498//1498 1499//1499 1500//1500
f 1501//1501 1502//1502 1503//1503
f 1504//1504 1505//1505 1506//1506
f 1507//1507 1508//1508 1509//1509
f 1510//1510 1511//1511 1512//1512
f 1513//1513 1514//1514 1515//1515
f 1516//1516 1517//1517 1518//1518
f 1519//1519 1520//1520 1521//1521
f 1522//1522 1523//1523 1524//1524
f 1525//1525 1526//1526 1527//1527
f 1528//1528 1529//1529 1530//1530
f 1531//1531 1532//1532 1533//1533
f 1534//1534 1535//1535 1536//1536
f 1537//1537 1538//1538 1539//1539
f 1540//1540 1541//1541 1542//1542
f 1543//1543 1544//1544 1545//1545
f 1546//1546 1547//1547 1548//1548
f 1549//1549 1550//1550 1551//1551
f 1552//1552 1553//1553 1554//1554
f 1555//1555 1556//1556 1557//1557
f 1558//1558 1559//1559 1560//1560
f 1561//1561 1562//1562 1563//1563
f 1564//1564 1565//1565 1566//1566
f 1567//1567 1568//1568 1569//1569
f 1570//1570 1571//1571 1572//1572
f 1573//1573 1574//1574 1575//1575
f 1576//1576 1577//1577 1578//1578
f 1579//1579 1580//1580 1581//1581
f 1582//1582 1583//1583 1584//1584
f 1585//1585 1586//1586 1587//1587
f 1588//1588 1589//1589 1590//1590
f 1591//1591 1592//1592 1593//1593
f 1594//1594 1595//1595 1596//1596
f 1597//1597 1598//1598 1599//1599
f 1600//1600 1601//1601 1602//1602
f 1603//1603 1604//1604 1605//1605
f 1606//1606 1607//1607 1608//1608
f 1609//1609 1610//1610 1611//1611
f 1612//1612 1613//1613 1614//1614
f 1615//1615 1616//1616 1617//1617
f 1618//1618 1619//1619 1620//1620
f 1621//1621 1622//1622 1623//1623
f 1624//1624 1625//1625 1626//1626
f 1627//1627 1628//1628 1629//1629
f 1630//1630 1631//1631 1632//1632
f 1633//1633 1634//1634 1635//1635
f 1636//1636 1637//1637 1638//1638
f 1639//1639 1640//1640 1641//1641
f 1642//1642 1643//1643 1644//1644
f 1645//1645 1646//1646 1647//1647
f 1648//1648 1649//1649 1650//1650
f 1651//1651 1652//1652 1653//1653
f 1654//1654 1655//1655 1656//1656
f 1657//1657 1658//1658 1659//1659
f 1660//1660 1661//1661 1662//1662
f 1663//1663 1664//1664 1665//1665
f 1666//1666 1667//1667 1668//1668
f 1669//1669 1670//1670 1671//1671
f 1672//1672 1673//1673 1674//1674
f 1675//1675 1676//1676 1677//1677
f 1678//1678 1679//1679 1680//1680
f 1681//1681 1682//1682 1683//1683
f 1684//1684 1685//1685 1686//1686
f 1687//1687 1688//1688 1689//1689
f 1690//1690 1691//1691 1692//1692
f 1693//1693 1694//1694 1695//1695
f 1696//1696 1697//1697 1698//1698
f 1699//1699 1700//1700 1701//1701
f 1702//1702 1703//1703 1704//1704
f 1705//1705 1706//1706 1707//1707
f 1708//1708 1709//1709 1710//1710
f 1711//1711 1712//1712 1713//1713
f 1714//1714 1715//1715 1716//1716
f 1717//1717 1718//1718 1719//1719
f 1720//1720 1721//1721 1722//1722
f 1723//1723 1724//1724 1725//1725
f 1726//1726 1727//1727 1728//1728
f 1729//1729 1730//1730 1731//1731
f 1732//1732 1733//1733 1734//1734
f 1735//1735 1736//1736 1737//1737
f 1738//1738 1739//1739 1740//1740
f 1741//1741 1742//1742 1743//1743
f 1744//1744 1745//1745 1746//1746
f 1747//1747 1748//1748 1749//1749
f 1750//1750 1751//1751 1752//1752
f 1753//1753 1754//1754 1755//1755
f 1756//1756 1757//1757 1758//1758
f 1759//1759 1760//1760 1761//1761
f 1762//1762 1763//1763 1764//1764
f 1765//1765 1766//1766 1767//1767
f 1768//1768 1769//1769 1770//1770
f 1771//1771 1772//1772 1773//1773
f 1774//1774 1775//1775 1776//1776
f 1777//1777 1778//1778 1779//1779
f 1780//1780 1781//1781 1782//1782
f 1783//1783 1784//1784 1785//1785
f 1786//1786 1787//1787 1788//1788
f 1789//1789 1790//1790 1791//1791
f 1792//1792 1793//1793 1794//1794
f 1795//1795 1796//1796 1797//1797
f 1798//1798 1799//1799 1800//1800
f 1801//1801 1802//1802 1803//1803
f 1804//1804 1805//1805 1806//1806
f 1807//1807 1808//1808 1809//1809
f 1810//1810 1811//1811 1812//1812
f 1813//1813 1814//1814 1815//1815
f 1816//1816 1817//1817 1818//1818
f 1819//1819 1820//1820 1821//1821
f 1822//1822 1823//1823 1824//1824
f 1825//1825 1826//1826 1827//1827
f 1828//1828 1829//1829 1830//1830
f 1831//1831 1832//1832 1833//1833
f 1834//1834 1835//1835 1836//1836
f 1837//1837 1838//1838 1839//1839
f 1840//1840 1841//1841 1842//1842
f 1843//1843 1844//1844 1845//1845
f 1846//1846 1847//1847 1848//1848
f 1849//1849 1850//1850 1851//1851
f 1852//1852 1853//1853 1854//1854
f 1855//1855 1856//1856 1857//1857
f 1858//1858 1859//1859 1860//1860
f 1861//1861 1862//1862 1863//1863
f 1864//1864 1865//1865 1866//1866
f 1867//1867 1868//1868 1869//1869
f 1870//1870 1871//1871 1872//1872
f 1873//1873 1874//1874 1875//1875
f 1876//1876 1877//1877 1878//1878
f 1879//1879 1880//1880 1881//1881
f 1882//1882 1883//1883 1884//1884
f 1885//1885 1886//1886 1887//1887
f 1888//1888 1889//1889 1890//1890
f 1891//1891 1892//1892 1893//1893
f 1894//1894 1895//1895 1896//1896
f 1897//1897 1898//1898 1899//1899
f 1900//1900 1901//1901 1902//1902
f 1903//1903 1904//1904 1905//1905
f 1906//1906 1907//1907 1908//1908
f 1909//1909 1910//1910 1911//1911
f 1912//1912 1913//1913 1914//1914
f 1915//1915 1916//1916 1917//1917
f 1918//1918 1919//1919 1920//1920
f 1921//1921 1922//1922 1923//1923
f 1924//1924 1925//1925 1926//1926
f 1927//1927 1928//1928 1929//1929
f 1930//1930 1931//1931 1932//1932
f 1933//1933 1934//1934 1935//1935
f 1936//1936 1937//1937 1938//1938
f 1939//1939 1940//1940 1941//1941
f 1942//1942 1943//1943 1944//1944
f 1945//1945 1946//1946 1947//1947
f 1948//1948 1949//1949 1950//1950
f 1951//1951 1952//1952 1953//1953
f 1954//1954 1955//1955 1956//1956
f 1957//1957 1958//1958 1959//1959
f 1960//1960 1961//1961 1962//1962
f 1963//1963 1964//1964 1965//1965
f 1966//1966 1967//1967 1968//1968
f 1969//1969 1970//1970 1971//1971
f 1972//1972 1973//1973 1974//1974
f 1975//1975 1976//1976 1977//1977
f 1978//1978 1979//1979 1980//1980
f 1981//1981 1982//1982 1983//1983
f 1984//1984 1985//1985 1986//1986
f 1987//1987 1988//1988 1989//1989
f 1990//1990 1991//1991 1992//1992
f 1993//1993 1994//1994 1995//1995
f 1996//1996 1997//1997 1998//1998
f 1999//1999 2000//2000 2001//2001
f 2002//2002 2003//2003 2004//2004
f 2005//2005 2006//2006 2007//2007
f 2008//2008 2009//2009 2010//2010
f 2011//2011 2012//2012 2013//2013
f 2014//2014 2015//2015 2016//2016
f 2017//2017 2018//2018 2019//2019
f 2020//2020 2021//2021 2022//2022
f 2023//2023 2024//2024 2025//2025
f 2026//2026 2027//2027 2028//2028
f 2029//2029 2030//2030 2031//2031
f 2032//2032 2033//2033 2034//2034
f 2035//2035 2036//2036 2037//2037
f 2038//2038 2039//2039 2040//2040
f 2041//2041 2042//2042 2043//2043
f 2044//2044 2045//2045 2046//2046
f 2047//2047 2048//2048 2049//2049
f 2050//2050 2051//2051 2052//2052
f 2053//2053 2054//2054 2055//2055
f 2056//2056 2057//2057 2058//2058
f 2059//2059 2060//2060 2061//2061
f 2062//2062 2063//2063 2064//2064
f 2065//2065 2066//2066 2067//2067
f 2068//2068 2069//2069 2070//2070
f 2071//2071 2072//2072 2073//2073
f 2074//2074 2075//2075 2076//2076
