o 
v -1.6360623836517334 -0.452995240688324 0.3006595792714694
v -1.6360623836517334 -0.6297129988670349 0.19511172980126767
v -1.6360623836517334 -0.5058836340904236 0.3006595792714694
v -1.6360623836517334 -0.6297129988670349 0.19511172980126767
v -1.6360623836517334 -0.452995240688324 0.3006595792714694
v -1.6360623836517334 -0.452995240688324 -0.2681106621407796
v -1.6360623836517334 -0.6297129988670349 0.19511172980126767
v -1.6360623836517334 -0.452995240688324 -0.2681106621407796
v -1.6360623836517334 -0.6297129988670349 -0.1625627930548041
v -1.6360623836517334 -0.6297129988670349 -0.1625627930548041
v -1.6360623836517334 -0.452995240688324 -0.2681106621407796
v -1.6360623836517334 -0.5058836340904236 -0.2681106621407796
v -1.6360623836517334 -0.0768631175160408 -0.2681106621407796
v -1.6360623836517334 -0.0768631175160408 0.3006595792714694
v -1.6360623836517334 0.019197627902030945 0.2016643398060592
v -1.6360623836517334 -0.0768631175160408 -0.2681106621407796
v -1.6360623836517334 0.019197627902030945 0.2016643398060592
v -1.6360623836517334 0.019197627902030945 -0.1691154030595956
v -1.6360623836517334 -0.41623684763908386 -0.2704733559400654
v -1.6360623836517334 -0.41623684763908386 0.3030222861479377
v -1.6360623836517334 -0.10971184074878693 -0.2704733559400654
v -1.6360623836517334 -0.10971184074878693 -0.2704733559400654
v -1.6360623836517334 -0.41623684763908386 0.3030222861479377
v -1.6360623836517334 -0.10971184074878693 0.3030222861479377
v -1.6360623836517334 -0.6297129988670349 -0.1625627930548041
v -1.5778543949127197 -0.6886228322982788 0.227581903245278
v -1.6360623836517334 -0.6297129988670349 0.19511172980126767
v -1.5778543949127197 -0.5423095226287842 0.3522932913845763
v -1.6360623836517334 -0.6297129988670349 0.19511172980126767
v -1.5778543949127197 -0.6886228322982788 0.227581903245278
v -1.5778543949127197 -0.6886228322982788 0.227581903245278
v -1.6360623836517334 -0.6297129988670349 -0.1625627930548041
v -1.5778543949127197 -0.6886228322982788 -0.19503297303740566
v -1.6360623836517334 -0.6297129988670349 0.19511172980126767
v -1.5778543949127197 -0.5423095226287842 0.3522932913845763
v -1.6360623836517334 -0.5058836340904236 0.3006595792714694
v -1.5778543949127197 -0.47981783747673035 0.3522932913845763
v -1.6360623836517334 -0.5058836340904236 0.3006595792714694
v -1.5778543949127197 -0.5423095226287842 0.3522932913845763
v -1.6360623836517334 -0.5058836340904236 0.3006595792714694
v -1.5778543949127197 -0.47981783747673035 0.3522932913845763
v -1.6360623836517334 -0.452995240688324 0.3006595792714694
v -1.6360623836517334 -0.6297129988670349 -0.1625627930548041
v -1.5778543949127197 -0.5423095226287842 -0.31974437425388647
v -1.5778543949127197 -0.6886228322982788 -0.19503297303740566
v -1.5778543949127197 -0.5423095226287842 -0.31974437425388647
v -1.6360623836517334 -0.6297129988670349 -0.1625627930548041
v -1.6360623836517334 -0.5058836340904236 -0.2681106621407796
v -1.5778543949127197 -0.5423095226287842 -0.31974437425388647
v -1.6360623836517334 -0.5058836340904236 -0.2681106621407796
v -1.5778543949127197 -0.47981783747673035 -0.31974437425388647
v -1.6360623836517334 -0.452995240688324 -0.2681106621407796
v -1.5778543949127197 -0.47981783747673035 -0.31974437425388647
v -1.6360623836517334 -0.5058836340904236 -0.2681106621407796
v -1.6360623836517334 -0.0768631175160408 -0.2681106621407796
v -1.6360623836517334 0.019197627902030945 -0.1691154030595956
v -1.5778543949127197 0.07810746878385544 -0.2027746389409416
v -1.5778543949127197 0.07810746878385544 -0.2027746389409416
v -1.5778543949127197 -0.03539472818374634 -0.31974437425388647
v -1.6360623836517334 -0.0768631175160408 -0.2681106621407796
v -1.6360623836517334 0.019197627902030945 0.2016643398060592
v -1.5778543949127197 0.07810746878385544 -0.2027746389409416
v -1.6360623836517334 0.019197627902030945 -0.1691154030595956
v -1.5778543949127197 0.07810746878385544 -0.2027746389409416
v -1.6360623836517334 0.019197627902030945 0.2016643398060592
v -1.5778543949127197 0.07810746878385544 0.23532359530317898
v -1.6360623836517334 -0.0768631175160408 0.3006595792714694
v -1.5778543949127197 0.07810746878385544 0.23532359530317898
v -1.6360623836517334 0.019197627902030945 0.2016643398060592
v -1.5778543949127197 0.07810746878385544 0.23532359530317898
v -1.6360623836517334 -0.0768631175160408 0.3006595792714694
v -1.5778543949127197 -0.03539472818374634 0.3522932913845763
v -1.6360623836517334 -0.10971184074878693 -0.2704733559400654
v -1.5778543949127197 -0.4363858103752136 -0.32253562040187067
v -1.6360623836517334 -0.41623684763908386 -0.2704733559400654
v -1.5778543949127197 -0.4363858103752136 -0.32253562040187067
v -1.6360623836517334 -0.10971184074878693 -0.2704733559400654
v -1.5778543949127197 -0.07420729845762253 -0.32253562040187067
v -1.6360623836517334 -0.10971184074878693 0.3030222861479377
v -1.6360623836517334 -0.41623684763908386 0.3030222861479377
v -1.5778543949127197 -0.4363858103752136 0.3550845375325605
v -1.5778543949127197 -0.4363858103752136 0.3550845375325605
v -1.5778543949127197 -0.07420729845762253 0.3550845375325605
v -1.6360623836517334 -0.10971184074878693 0.3030222861479377
v 0.2986356317996979 -0.3465639054775238 0.2218894841529605
v 0.2986356317996979 -0.30063819885253906 0.23852588345245362
v 0.2986356317996979 -0.3465639054775238 0.28508993805969796
v 0.2986356317996979 -0.30063819885253906 0.23852588345245362
v 0.2986356317996979 -0.19261452555656433 0.28508993805969796
v 0.2986356317996979 -0.3465639054775238 0.28508993805969796
v 0.2986356317996979 -0.30063819885253906 0.23852588345245362
v 0.2986356317996979 -0.19261452555656433 0.19939518709341225
v 0.2986356317996979 -0.19261452555656433 0.28508993805969796
v 0.2986356317996979 -0.3465639054775238 -0.2525410340061907
v 0.2986356317996979 -0.19261452555656433 -0.2525410340061907
v 0.2986356317996979 -0.30063819885253906 -0.20597695324458126
v 0.2986356317996979 -0.30063819885253906 -0.20597695324458126
v 0.2986356317996979 -0.19261452555656433 -0.2525410340061907
v 0.2986356317996979 -0.19261452555656433 -0.16684625034694867
v 0.2986356317996979 -0.3465639054775238 -0.2525410340061907
v 0.2986356317996979 -0.30063819885253906 -0.20597695324458126
v 0.2986356317996979 -0.3465639054775238 -0.18934054086790564
v 0.29647865891456604 -0.4803396165370941 -0.14088141289288306
v 0.29647865891456604 -0.494500070810318 -0.2525410340061907
v 0.29647865891456604 -0.38522249460220337 -0.1753370949604594
v 0.29647865891456604 -0.38522249460220337 -0.1753370949604594
v 0.29647865891456604 -0.494500070810318 -0.2525410340061907
v 0.29647865891456604 -0.38522249460220337 -0.2525410340061907
v 0.29647865891456604 -0.494500070810318 -0.2525410340061907
v 0.29647865891456604 -0.4803396165370941 -0.14088141289288306
v 0.29647865891456604 -0.6083454489707947 -0.17312651494836545
v 0.29647865891456604 -0.5547754168510437 0.016274465103936167
v 0.29647865891456604 -0.6083454489707947 -0.17312651494836545
v 0.29647865891456604 -0.4803396165370941 -0.14088141289288306
v 0.29647865891456604 -0.6083454489707947 0.20567545169482904
v 0.29647865891456604 -0.6083454489707947 -0.17312651494836545
v 0.29647865891456604 -0.5547754168510437 0.016274465103936167
v 0.29647865891456604 -0.4803396165370941 0.17343033656216414
v 0.29647865891456604 -0.6083454489707947 0.20567545169482904
v 0.29647865891456604 -0.5547754168510437 0.016274465103936167
v 0.29647865891456604 -0.6083454489707947 0.20567545169482904
v 0.29647865891456604 -0.4803396165370941 0.17343033656216414
v 0.29647865891456604 -0.494500070810318 0.28508993805969796
v 0.29647865891456604 -0.38522249460220337 0.20788604478410555
v 0.29647865891456604 -0.494500070810318 0.28508993805969796
v 0.29647865891456604 -0.4803396165370941 0.17343033656216414
v 0.29647865891456604 -0.494500070810318 0.28508993805969796
v 0.29647865891456604 -0.38522249460220337 0.20788604478410555
v 0.29647865891456604 -0.38522249460220337 0.28508993805969796
v 0.29647865891456604 -0.08896706998348236 -0.2525410340061907
v 0.29647865891456604 -0.1611054688692093 -0.1554326292835646
v 0.29647865891456604 -0.1611054688692093 -0.2525410340061907
v 0.29647865891456604 -0.1611054688692093 -0.1554326292835646
v 0.29647865891456604 -0.08896706998348236 -0.2525410340061907
v 0.29647865891456604 -0.12093561887741089 -0.14088141289288306
v 0.29647865891456604 0.001834907103329897 -0.15896482859371208
v 0.29647865891456604 -0.12093561887741089 -0.14088141289288306
v 0.29647865891456604 -0.08896706998348236 -0.2525410340061907
v 0.29647865891456604 -0.12093561887741089 -0.14088141289288306
v 0.29647865891456604 0.001834907103329897 -0.15896482859371208
v 0.29647865891456604 -0.04650098830461502 0.016274465103936167
v 0.29647865891456604 0.001834907103329897 -0.15896482859371208
v 0.29647865891456604 0.001834907103329897 0.19151375226299316
v 0.29647865891456604 -0.04650098830461502 0.016274465103936167
v 0.29647865891456604 -0.04650098830461502 0.016274465103936167
v 0.29647865891456604 0.001834907103329897 0.19151375226299316
v 0.29647865891456604 -0.12093561887741089 0.17343033656216414
v 0.29647865891456604 -0.08896706998348236 0.28508993805969796
v 0.29647865891456604 -0.12093561887741089 0.17343033656216414
v 0.29647865891456604 0.001834907103329897 0.19151375226299316
v 0.29647865891456604 -0.12093561887741089 0.17343033656216414
v 0.29647865891456604 -0.08896706998348236 0.28508993805969796
v 0.29647865891456604 -0.1611054688692093 0.1879815529528457
v 0.29647865891456604 -0.1611054688692093 0.1879815529528457
v 0.29647865891456604 -0.08896706998348236 0.28508993805969796
v 0.29647865891456604 -0.1611054688692093 0.28508993805969796
v -1.5778543949127197 -0.07420729845762253 0.3550845375325605
v -1.5778543949127197 -0.07420729845762253 -0.32253562040187067
v -1.6360623836517334 -0.10971184074878693 -0.2704733559400654
v -1.5778543949127197 -0.07420729845762253 0.3550845375325605
v -1.6360623836517334 -0.10971184074878693 -0.2704733559400654
v -1.6360623836517334 -0.10971184074878693 0.3030222861479377
v 0.29647865891456604 0.001834907103329897 0.19151375226299316
v 0.29647865891456604 0.001834907103329897 -0.15896482859371208
v 0.1663796454668045 0.07810746878385544 -0.2027746389409416
v 0.29647865891456604 -0.08896706998348236 -0.2525410340061907
v 0.1663796454668045 0.07810746878385544 -0.2027746389409416
v 0.29647865891456604 0.001834907103329897 -0.15896482859371208
v 0.1663796454668045 0.07810746878385544 -0.2027746389409416
v 0.1663796454668045 0.07810746878385544 0.23532359530317898
v 0.29647865891456604 0.001834907103329897 0.19151375226299316
v 0.1663796454668045 0.07810746878385544 -0.2027746389409416
v 0.29647865891456604 -0.08896706998348236 -0.2525410340061907
v 0.1663796454668045 -0.03539472818374634 -0.31974437425388647
v 0.29647865891456604 -0.08896706998348236 -0.2525410340061907
v 0.1663796454668045 -0.1255691945552826 -0.31974437425388647
v 0.1663796454668045 -0.03539472818374634 -0.31974437425388647
v 0.1663796454668045 -0.1255691945552826 -0.31974437425388647
v 0.29647865891456604 -0.08896706998348236 -0.2525410340061907
v 0.29647865891456604 -0.1611054688692093 -0.2525410340061907
v 0.29647865891456604 0.001834907103329897 0.19151375226299316
v 0.1663796454668045 0.07810746878385544 0.23532359530317898
v 0.29647865891456604 -0.08896706998348236 0.28508993805969796
v 0.1663796454668045 -0.03539472818374634 0.3522932913845763
v 0.29647865891456604 -0.08896706998348236 0.28508993805969796
v 0.1663796454668045 0.07810746878385544 0.23532359530317898
v 0.1663796454668045 -0.1255691945552826 0.3522932913845763
v 0.29647865891456604 -0.08896706998348236 0.28508993805969796
v 0.1663796454668045 -0.03539472818374634 0.3522932913845763
v 0.29647865891456604 -0.08896706998348236 0.28508993805969796
v 0.1663796454668045 -0.1255691945552826 0.3522932913845763
v 0.29647865891456604 -0.1611054688692093 0.28508993805969796
v 0.29647865891456604 -0.6083454489707947 0.20567545169482904
v 0.1663796454668045 -0.5423118472099304 0.3522932913845763
v 0.1663796454668045 -0.6846179366111755 0.2530267265360287
v 0.1663796454668045 -0.5423118472099304 0.3522932913845763
v 0.29647865891456604 -0.6083454489707947 0.20567545169482904
v 0.29647865891456604 -0.494500070810318 0.28508993805969796
v 0.29647865891456604 -0.494500070810318 0.28508993805969796
v 0.1663796454668045 -0.40571460127830505 0.3522932913845763
v 0.1663796454668045 -0.5423118472099304 0.3522932913845763
v 0.1663796454668045 -0.40571460127830505 0.3522932913845763
v 0.29647865891456604 -0.494500070810318 0.28508993805969796
v 0.29647865891456604 -0.38522249460220337 0.28508993805969796
v 0.1663796454668045 -0.6846179366111755 0.2530267265360287
v 0.29647865891456604 -0.6083454489707947 -0.17312651494836545
v 0.29647865891456604 -0.6083454489707947 0.20567545169482904
v 0.29647865891456604 -0.6083454489707947 -0.17312651494836545
v 0.1663796454668045 -0.6846179366111755 0.2530267265360287
v 0.1663796454668045 -0.6846179366111755 -0.22047779632815637
v 0.1663796454668045 -0.5423118472099304 -0.31974437425388647
v 0.29647865891456604 -0.6083454489707947 -0.17312651494836545
v 0.1663796454668045 -0.6846179366111755 -0.22047779632815637
v 0.29647865891456604 -0.6083454489707947 -0.17312651494836545
v 0.1663796454668045 -0.5423118472099304 -0.31974437425388647
v 0.29647865891456604 -0.494500070810318 -0.2525410340061907
v 0.1663796454668045 -0.40571460127830505 -0.31974437425388647
v 0.29647865891456604 -0.494500070810318 -0.2525410340061907
v 0.1663796454668045 -0.5423118472099304 -0.31974437425388647
v 0.29647865891456604 -0.494500070810318 -0.2525410340061907
v 0.1663796454668045 -0.40571460127830505 -0.31974437425388647
v 0.29647865891456604 -0.38522249460220337 -0.2525410340061907
v 0.2986356317996979 -0.19261452555656433 -0.2525410340061907
v 0.1690756231546402 -0.3573916554450989 -0.31974437425388647
v 0.1690756231546402 -0.1649540513753891 -0.31974437425388647
v 0.1690756231546402 -0.3573916554450989 -0.31974437425388647
v 0.2986356317996979 -0.19261452555656433 -0.2525410340061907
v 0.2986356317996979 -0.3465639054775238 -0.2525410340061907
v 0.1690756231546402 -0.3573916554450989 0.3522932913845763
v 0.2986356317996979 -0.19261452555656433 0.28508993805969796
v 0.1690756231546402 -0.1649540513753891 0.3522932913845763
v 0.2986356317996979 -0.19261452555656433 0.28508993805969796
v 0.1690756231546402 -0.3573916554450989 0.3522932913845763
v 0.2986356317996979 -0.3465639054775238 0.28508993805969796
v -0.9471443891525269 -0.6886228322982788 -0.19503297303740566
v -1.127143383026123 -0.46481600403785706 -0.31974437425388647
v -1.0611613988876343 -0.5423095226287842 -0.31974437425388647
v -1.127143383026123 -0.46481600403785706 -0.31974437425388647
v -0.9471443891525269 -0.6886228322982788 -0.19503297303740566
v -1.127143383026123 -0.46481600403785706 0.3522932913845763
v -1.127143383026123 -0.46481600403785706 0.3522932913845763
v -0.9471443891525269 -0.6886228322982788 -0.19503297303740566
v -0.9471443891525269 -0.6886228322982788 0.227581903245278
v -1.127143383026123 -0.46481600403785706 0.3522932913845763
v -0.9471443891525269 -0.6886228322982788 0.227581903245278
v -1.0611613988876343 -0.5423095226287842 0.3522932913845763
v -1.150144338607788 -0.4363858103752136 -0.32253562040187067
v -1.190144419670105 -0.38938018679618835 0.3550845375325605
v -1.190144419670105 -0.38938018679618835 -0.32253562040187067
v -1.190144419670105 -0.38938018679618835 0.3550845375325605
v -1.150144338607788 -0.4363858103752136 -0.32253562040187067
v -1.150144338607788 -0.4363858103752136 0.3550845375325605
v -1.3606443405151367 -0.4348980784416199 0.3522932913845763
v -1.3606443405151367 -0.4348980784416199 -0.31974437425388647
v -1.4006574153900146 -0.47981783747673035 -0.31974437425388647
v -1.4006574153900146 -0.47981783747673035 -0.31974437425388647
v -1.4006574153900146 -0.47981783747673035 0.3522932913845763
v -1.3606443405151367 -0.4348980784416199 0.3522932913845763
v -0.9815573692321777 -0.2846762537956238 -0.31974437425388647
v -0.9815573692321777 -0.2846762537956238 0.3522932913845763
v -0.9203153848648071 -0.1649540513753891 -0.31974437425388647
v -0.9203153848648071 -0.1649540513753891 -0.31974437425388647
v -0.9815573692321777 -0.2846762537956238 0.3522932913845763
v -0.9203153848648071 -0.1649540513753891 0.3522932913845763
v -1.5778543949127197 -0.4363858103752136 -0.32253562040187067
v -1.5778543949127197 -0.4363858103752136 0.3550845375325605
v -1.6360623836517334 -0.41623684763908386 0.3030222861479377
v -1.5778543949127197 -0.4363858103752136 -0.32253562040187067
v -1.6360623836517334 -0.41623684763908386 0.3030222861479377
v -1.6360623836517334 -0.41623684763908386 -0.2704733559400654
v -1.2025383710861206 -0.03539472818374634 -0.31974437425388647
v 0.1663796454668045 0.07810746878385544 -0.2027746389409416
v 0.1663796454668045 -0.03539472818374634 -0.31974437425388647
v 0.1663796454668045 0.07810746878385544 -0.2027746389409416
v -1.2025383710861206 -0.03539472818374634 -0.31974437425388647
v -1.5778543949127197 0.07810746878385544 -0.2027746389409416
v -1.2025383710861206 -0.03539472818374634 -0.31974437425388647
v -1.5778543949127197 -0.03539472818374634 -0.31974437425388647
v -1.5778543949127197 0.07810746878385544 -0.2027746389409416
v 0.1663796454668045 0.07810746878385544 0.23532359530317898
v -1.5778543949127197 0.07810746878385544 0.23532359530317898
v -1.2025383710861206 -0.03539472818374634 0.3522932913845763
v -1.2025383710861206 -0.03539472818374634 0.3522932913845763
v -1.5778543949127197 0.07810746878385544 0.23532359530317898
v -1.5778543949127197 -0.03539472818374634 0.3522932913845763
v 0.1663796454668045 0.07810746878385544 0.23532359530317898
v -1.2025383710861206 -0.03539472818374634 0.3522932913845763
v 0.1663796454668045 -0.03539472818374634 0.3522932913845763
v 0.1663796454668045 -0.5423118472099304 -0.31974437425388647
v -0.06290839612483978 -0.6846179366111755 -0.22047779632815637
v -0.18750537931919098 -0.5423118472099304 -0.31974437425388647
v -0.06290839612483978 -0.6846179366111755 -0.22047779632815637
v 0.1663796454668045 -0.5423118472099304 -0.31974437425388647
v 0.1663796454668045 -0.6846179366111755 -0.22047779632815637
v -0.06290839612483978 -0.6846179366111755 0.2530267265360287
v 0.1663796454668045 -0.6846179366111755 0.2530267265360287
v 0.1663796454668045 -0.5423118472099304 0.3522932913845763
v -0.06290839612483978 -0.6846179366111755 0.2530267265360287
v 0.1663796454668045 -0.5423118472099304 0.3522932913845763
v -0.18750537931919098 -0.5423118472099304 0.3522932913845763
v -1.1484123468399048 -0.5423095226287842 -0.31974437425388647
v -1.5778543949127197 -0.6886228322982788 -0.19503297303740566
v -1.5778543949127197 -0.5423095226287842 -0.31974437425388647
v -1.5778543949127197 -0.6886228322982788 -0.19503297303740566
v -1.1484123468399048 -0.5423095226287842 -0.31974437425388647
v -1.0471444129943848 -0.6886228322982788 -0.19503297303740566
v -0.2451433688402176 -0.5423095226287842 -0.31974437425388647
v -0.9471443891525269 -0.6886228322982788 -0.19503297303740566
v -1.0611613988876343 -0.5423095226287842 -0.31974437425388647
v -0.9471443891525269 -0.6886228322982788 -0.19503297303740566
v -0.2451433688402176 -0.5423095226287842 -0.31974437425388647
v -0.13714437186717987 -0.6886228322982788 -0.19503297303740566
v -1.5778543949127197 -0.6886228322982788 0.227581903245278
v -1.0471444129943848 -0.6886228322982788 0.227581903245278
v -1.1484123468399048 -0.5423095226287842 0.3522932913845763
v -1.5778543949127197 -0.6886228322982788 0.227581903245278
v -1.1484123468399048 -0.5423095226287842 0.3522932913845763
v -1.5778543949127197 -0.5423095226287842 0.3522932913845763
v -0.9471443891525269 -0.6886228322982788 0.227581903245278
v -0.13714437186717987 -0.6886228322982788 0.227581903245278
v -0.2451433688402176 -0.5423095226287842 0.3522932913845763
v -0.2451433688402176 -0.5423095226287842 0.3522932913845763
v -1.0611613988876343 -0.5423095226287842 0.3522932913845763
v -0.9471443891525269 -0.6886228322982788 0.227581903245278
v 0.1663796454668045 0.07810746878385544 -0.2027746389409416
v -0.14950935542583466 0.07810746878385544 -0.07346224396407454
v -0.14950935542583466 0.07810746878385544 0.10601117049398928
v 0.1663796454668045 0.07810746878385544 -0.2027746389409416
v -0.3776053488254547 0.07810746878385544 -0.07346224396407454
v -0.14950935542583466 0.07810746878385544 -0.07346224396407454
v 0.1663796454668045 0.07810746878385544 -0.2027746389409416
v -0.14950935542583466 0.07810746878385544 0.10601117049398928
v 0.1663796454668045 0.07810746878385544 0.23532359530317898
v 0.1663796454668045 0.07810746878385544 -0.2027746389409416
v -1.5778543949127197 0.07810746878385544 -0.2027746389409416
v -0.3776053488254547 0.07810746878385544 -0.07346224396407454
v -0.3776053488254547 0.07810746878385544 0.10601117049398928
v 0.1663796454668045 0.07810746878385544 0.23532359530317898
v -0.14950935542583466 0.07810746878385544 0.10601117049398928
v -1.5778543949127197 0.07810746878385544 -0.2027746389409416
v -0.3776053488254547 0.07810746878385544 0.10601117049398928
v -0.3776053488254547 0.07810746878385544 -0.07346224396407454
v 0.1663796454668045 0.07810746878385544 0.23532359530317898
v -0.3776053488254547 0.07810746878385544 0.10601117049398928
v -1.5778543949127197 0.07810746878385544 0.23532359530317898
v -1.5778543949127197 0.07810746878385544 -0.2027746389409416
v -1.5778543949127197 0.07810746878385544 0.23532359530317898
v -0.3776053488254547 0.07810746878385544 0.10601117049398928
v -1.150144338607788 -0.15646718442440033 -0.32253562040187067
v -0.9601444005966187 -0.15646718442440033 -0.32253562040187067
v -1.0201443433761597 -0.2872192859649658 -0.32253562040187067
v -1.150144338607788 -0.4363858103752136 -0.32253562040187067
v -1.0201443433761597 -0.2872192859649658 -0.32253562040187067
v -0.8701443672180176 -0.4363858103752136 -0.32253562040187067
v -1.0201443433761597 -0.2872192859649658 -0.32253562040187067
v -1.150144338607788 -0.4363858103752136 -0.32253562040187067
v -1.190144419670105 -0.38938018679618835 -0.32253562040187067
v -1.0201443433761597 -0.2872192859649658 -0.32253562040187067
v -1.190144419670105 -0.38938018679618835 -0.32253562040187067
v -1.150144338607788 -0.15646718442440033 -0.32253562040187067
v -1.3741443157196045 -0.38938018679618835 -0.32253562040187067
v -1.150144338607788 -0.15646718442440033 -0.32253562040187067
v -1.190144419670105 -0.38938018679618835 -0.32253562040187067
v -1.150144338607788 -0.15646718442440033 -0.32253562040187067
v -1.3741443157196045 -0.38938018679618835 -0.32253562040187067
v -1.2301443815231323 -0.07420729845762253 -0.32253562040187067
v -1.2301443815231323 -0.07420729845762253 -0.32253562040187067
v -1.3741443157196045 -0.38938018679618835 -0.32253562040187067
v -1.5778543949127197 -0.07420729845762253 -0.32253562040187067
v -1.5778543949127197 -0.07420729845762253 -0.32253562040187067
v -1.3741443157196045 -0.38938018679618835 -0.32253562040187067
v -1.5778543949127197 -0.4363858103752136 -0.32253562040187067
v -1.5778543949127197 -0.4363858103752136 -0.32253562040187067
v -1.3741443157196045 -0.38938018679618835 -0.32253562040187067
v -1.4191443920135498 -0.4363858103752136 -0.32253562040187067
v -1.150144338607788 -0.15646718442440033 0.3550845375325605
v -1.0201443433761597 -0.2872192859649658 0.3550845375325605
v -0.9601444005966187 -0.15646718442440033 0.3550845375325605
v -1.0201443433761597 -0.2872192859649658 0.3550845375325605
v -1.150144338607788 -0.4363858103752136 0.3550845375325605
v -0.8701443672180176 -0.4363858103752136 0.3550845375325605
v -1.150144338607788 -0.4363858103752136 0.3550845375325605
v -1.0201443433761597 -0.2872192859649658 0.3550845375325605
v -1.190144419670105 -0.38938018679618835 0.3550845375325605
v -1.150144338607788 -0.15646718442440033 0.3550845375325605
v -1.190144419670105 -0.38938018679618835 0.3550845375325605
v -1.0201443433761597 -0.2872192859649658 0.3550845375325605
v -1.190144419670105 -0.38938018679618835 0.3550845375325605
v -1.150144338607788 -0.15646718442440033 0.3550845375325605
v -1.3741443157196045 -0.38938018679618835 0.3550845375325605
v -1.150144338607788 -0.15646718442440033 0.3550845375325605
v -1.2301443815231323 -0.07420729845762253 0.3550845375325605
v -1.3741443157196045 -0.38938018679618835 0.3550845375325605
v -1.5778543949127197 -0.07420729845762253 0.3550845375325605
v -1.3741443157196045 -0.38938018679618835 0.3550845375325605
v -1.2301443815231323 -0.07420729845762253 0.3550845375325605
v -1.5778543949127197 -0.4363858103752136 0.3550845375325605
v -1.3741443157196045 -0.38938018679618835 0.3550845375325605
v -1.5778543949127197 -0.07420729845762253 0.3550845375325605
v -1.3741443157196045 -0.38938018679618835 0.3550845375325605
v -1.5778543949127197 -0.4363858103752136 0.3550845375325605
v -1.4191443920135498 -0.4363858103752136 0.3550845375325605
v -0.30936235189437866 -0.46481600403785706 -0.31974437425388647
v -1.0611613988876343 -0.5423095226287842 -0.31974437425388647
v -1.127143383026123 -0.46481600403785706 -0.31974437425388647
v -1.0611613988876343 -0.5423095226287842 -0.31974437425388647
v -0.30936235189437866 -0.46481600403785706 -0.31974437425388647
v -0.2451433688402176 -0.5423095226287842 -0.31974437425388647
v -1.4006574153900146 -0.47981783747673035 -0.31974437425388647
v -1.2271443605422974 -0.4348980784416199 -0.31974437425388647
v -1.1484123468399048 -0.5423095226287842 -0.31974437425388647
v -1.2271443605422974 -0.4348980784416199 -0.31974437425388647
v -1.4006574153900146 -0.47981783747673035 -0.31974437425388647
v -1.3606443405151367 -0.4348980784416199 -0.31974437425388647
v -1.1484123468399048 -0.5423095226287842 -0.31974437425388647
v -1.5778543949127197 -0.5423095226287842 -0.31974437425388647
v -1.4006574153900146 -0.47981783747673035 -0.31974437425388647
v -1.5778543949127197 -0.47981783747673035 -0.31974437425388647
v -1.4006574153900146 -0.47981783747673035 -0.31974437425388647
v -1.5778543949127197 -0.5423095226287842 -0.31974437425388647
v -0.07088737189769745 -0.2259180247783661 -0.31974437425388647
v 0.1690756231546402 -0.1649540513753891 -0.31974437425388647
v 0.04866262152791023 -0.3312835395336151 -0.31974437425388647
v 0.1690756231546402 -0.3573916554450989 -0.31974437425388647
v 0.04866262152791023 -0.3312835395336151 -0.31974437425388647
v 0.1690756231546402 -0.1649540513753891 -0.31974437425388647
v -0.9203153848648071 -0.1649540513753891 -0.31974437425388647
v 0.1690756231546402 -0.1649540513753891 -0.31974437425388647
v -0.07088737189769745 -0.2259180247783661 -0.31974437425388647
v -0.07088737189769745 -0.2259180247783661 -0.31974437425388647
v -0.8856773972511292 -0.2259180247783661 -0.31974437425388647
v -0.9203153848648071 -0.1649540513753891 -0.31974437425388647
v -0.9004373550415039 -0.2615683078765869 -0.31974437425388647
v -0.9203153848648071 -0.1649540513753891 -0.31974437425388647
v -0.8856773972511292 -0.2259180247783661 -0.31974437425388647
v -0.9004373550415039 -0.2615683078765869 -0.31974437425388647
v -0.9815573692321777 -0.2846762537956238 -0.31974437425388647
v -0.9203153848648071 -0.1649540513753891 -0.31974437425388647
v -0.8403153419494629 -0.41614869236946106 -0.31974437425388647
v -0.9815573692321777 -0.2846762537956238 -0.31974437425388647
v -0.9004373550415039 -0.2615683078765869 -0.31974437425388647
v -0.8403153419494629 -0.41614869236946106 -0.31974437425388647
v -0.9004373550415039 -0.2615683078765869 -0.31974437425388647
v -0.7808873653411865 -0.36693495512008667 -0.31974437425388647
v -0.2903153598308563 -0.41614869236946106 -0.31974437425388647
v -0.8403153419494629 -0.41614869236946106 -0.31974437425388647
v -0.7808873653411865 -0.36693495512008667 -0.31974437425388647
v 0.04866262152791023 -0.3312835395336151 -0.31974437425388647
v 0.1690756231546402 -0.3573916554450989 -0.31974437425388647
v 0.0339026041328907 -0.36693495512008667 -0.31974437425388647
v 0.0339026041328907 -0.36693495512008667 -0.31974437425388647
v -0.2903153598308563 -0.41614869236946106 -0.31974437425388647
v -0.7808873653411865 -0.36693495512008667 -0.31974437425388647
v 0.0339026041328907 -0.36693495512008667 -0.31974437425388647
v 0.1690756231546402 -0.3573916554450989 -0.31974437425388647
v 0.03968359902501106 -0.474905788898468 -0.31974437425388647
v -0.2903153598308563 -0.41614869236946106 -0.31974437425388647
v 0.0339026041328907 -0.36693495512008667 -0.31974437425388647
v -0.22031636536121368 -0.474905788898468 -0.31974437425388647
v -0.22031636536121368 -0.474905788898468 -0.31974437425388647
v 0.0339026041328907 -0.36693495512008667 -0.31974437425388647
v 0.03968359902501106 -0.474905788898468 -0.31974437425388647
v 0.1663796454668045 -0.5423118472099304 -0.31974437425388647
v -0.18750537931919098 -0.5423118472099304 -0.31974437425388647
v 0.04647960141301155 -0.5173530578613281 -0.31974437425388647
v -0.20782937109470367 -0.5173530578613281 -0.31974437425388647
v 0.04647960141301155 -0.5173530578613281 -0.31974437425388647
v -0.18750537931919098 -0.5423118472099304 -0.31974437425388647
v 0.04647960141301155 -0.5173530578613281 -0.31974437425388647
v 0.1663796454668045 -0.40571460127830505 -0.31974437425388647
v 0.1663796454668045 -0.5423118472099304 -0.31974437425388647
v 0.1663796454668045 -0.03539472818374634 -0.31974437425388647
v -1.0976194143295288 -0.1255691945552826 -0.31974437425388647
v -1.1576193571090698 -0.0732283964753151 -0.31974437425388647
v -1.0976194143295288 -0.1255691945552826 -0.31974437425388647
v 0.1663796454668045 -0.03539472818374634 -0.31974437425388647
v 0.1663796454668045 -0.1255691945552826 -0.31974437425388647
v -1.2025383710861206 -0.03539472818374634 -0.31974437425388647
v 0.1663796454668045 -0.03539472818374634 -0.31974437425388647
v -1.1576193571090698 -0.0732283964753151 -0.31974437425388647
v -1.5778543949127197 -0.5423095226287842 0.3522932913845763
v -1.1484123468399048 -0.5423095226287842 0.3522932913845763
v -1.4006574153900146 -0.47981783747673035 0.3522932913845763
v -1.4006574153900146 -0.47981783747673035 0.3522932913845763
v -1.5778543949127197 -0.47981783747673035 0.3522932913845763
v -1.5778543949127197 -0.5423095226287842 0.3522932913845763
v -1.2271443605422974 -0.4348980784416199 0.3522932913845763
v -1.4006574153900146 -0.47981783747673035 0.3522932913845763
v -1.1484123468399048 -0.5423095226287842 0.3522932913845763
v -1.4006574153900146 -0.47981783747673035 0.3522932913845763
v -1.2271443605422974 -0.4348980784416199 0.3522932913845763
v -1.3606443405151367 -0.4348980784416199 0.3522932913845763
v -1.0611613988876343 -0.5423095226287842 0.3522932913845763
v -0.2451433688402176 -0.5423095226287842 0.3522932913845763
v -0.30936235189437866 -0.46481600403785706 0.3522932913845763
v -0.30936235189437866 -0.46481600403785706 0.3522932913845763
v -1.127143383026123 -0.46481600403785706 0.3522932913845763
v -1.0611613988876343 -0.5423095226287842 0.3522932913845763
v -0.8403153419494629 -0.41614869236946106 0.3522932913845763
v -0.9004373550415039 -0.2615683078765869 0.3522932913845763
v -0.9815573692321777 -0.2846762537956238 0.3522932913845763
v -0.9203153848648071 -0.1649540513753891 0.3522932913845763
v -0.9815573692321777 -0.2846762537956238 0.3522932913845763
v -0.9004373550415039 -0.2615683078765869 0.3522932913845763
v -0.9004373550415039 -0.2615683078765869 0.3522932913845763
v -0.8403153419494629 -0.41614869236946106 0.3522932913845763
v -0.8154653906822205 -0.33645886182785034 0.3522932913845763
v -0.9203153848648071 -0.1649540513753891 0.3522932913845763
v -0.9004373550415039 -0.2615683078765869 0.3522932913845763
v -0.8856773972511292 -0.2259180247783661 0.3522932913845763
v -0.8403153419494629 -0.41614869236946106 0.3522932913845763
v -0.7808873653411865 -0.36693495512008667 0.3522932913845763
v -0.8154653906822205 -0.33645886182785034 0.3522932913845763
v -0.8856773972511292 -0.2259180247783661 0.3522932913845763
v -0.07088737189769745 -0.2259180247783661 0.3522932913845763
v -0.9203153848648071 -0.1649540513753891 0.3522932913845763
v -0.8403153419494629 -0.41614869236946106 0.3522932913845763
v -0.2903153598308563 -0.41614869236946106 0.3522932913845763
v -0.7808873653411865 -0.36693495512008667 0.3522932913845763
v 0.1690756231546402 -0.1649540513753891 0.3522932913845763
v -0.9203153848648071 -0.1649540513753891 0.3522932913845763
v -0.07088737189769745 -0.2259180247783661 0.3522932913845763
v 0.04866262152791023 -0.3312835395336151 0.3522932913845763
v 0.1690756231546402 -0.1649540513753891 0.3522932913845763
v -0.07088737189769745 -0.2259180247783661 0.3522932913845763
v 0.1690756231546402 -0.1649540513753891 0.3522932913845763
v 0.04866262152791023 -0.3312835395336151 0.3522932913845763
v 0.1690756231546402 -0.3573916554450989 0.3522932913845763
v -0.2903153598308563 -0.41614869236946106 0.3522932913845763
v 0.0339026041328907 -0.36693495512008667 0.3522932913845763
v -0.7808873653411865 -0.36693495512008667 0.3522932913845763
v 0.0339026041328907 -0.36693495512008667 0.3522932913845763
v 0.1690756231546402 -0.3573916554450989 0.3522932913845763
v 0.04866262152791023 -0.3312835395336151 0.3522932913845763
v 0.0339026041328907 -0.36693495512008667 0.3522932913845763
v -0.2903153598308563 -0.41614869236946106 0.3522932913845763
v -0.22031636536121368 -0.474905788898468 0.3522932913845763
v 0.1690756231546402 -0.3573916554450989 0.3522932913845763
v 0.0339026041328907 -0.36693495512008667 0.3522932913845763
v 0.03968359902501106 -0.474905788898468 0.3522932913845763
v 0.0339026041328907 -0.36693495512008667 0.3522932913845763
v -0.22031636536121368 -0.474905788898468 0.3522932913845763
v 0.03968359902501106 -0.474905788898468 0.3522932913845763
v 0.04647960141301155 -0.5173530578613281 0.3522932913845763
v -0.20782937109470367 -0.5173530578613281 0.3522932913845763
v -0.18750537931919098 -0.5423118472099304 0.3522932913845763
v -0.18750537931919098 -0.5423118472099304 0.3522932913845763
v 0.1663796454668045 -0.5423118472099304 0.3522932913845763
v 0.04647960141301155 -0.5173530578613281 0.3522932913845763
v 0.1663796454668045 -0.5423118472099304 0.3522932913845763
v 0.1663796454668045 -0.40571460127830505 0.3522932913845763
v 0.04647960141301155 -0.5173530578613281 0.3522932913845763
v 0.1663796454668045 -0.03539472818374634 0.3522932913845763
v -1.0976194143295288 -0.1255691945552826 0.3522932913845763
v 0.1663796454668045 -0.1255691945552826 0.3522932913845763
v -1.0976194143295288 -0.1255691945552826 0.3522932913845763
v 0.1663796454668045 -0.03539472818374634 0.3522932913845763
v -1.1576193571090698 -0.0732283964753151 0.3522932913845763
v 0.1663796454668045 -0.03539472818374634 0.3522932913845763
v -1.2025383710861206 -0.03539472818374634 0.3522932913845763
v -1.1576193571090698 -0.0732283964753151 0.3522932913845763
v -1.5778543949127197 -0.6886228322982788 -0.19503297303740566
v -1.0471444129943848 -0.6886228322982788 -0.19503297303740566
v -1.0471444129943848 -0.6886228322982788 0.227581903245278
v -1.5778543949127197 -0.6886228322982788 -0.19503297303740566
v -1.0471444129943848 -0.6886228322982788 0.227581903245278
v -1.5778543949127197 -0.6886228322982788 0.227581903245278
v -0.9471443891525269 -0.6886228322982788 -0.19503297303740566
v -0.13714437186717987 -0.6886228322982788 -0.19503297303740566
v -0.13714437186717987 -0.6886228322982788 0.227581903245278
v -0.9471443891525269 -0.6886228322982788 -0.19503297303740566
v -0.13714437186717987 -0.6886228322982788 0.227581903245278
v -0.9471443891525269 -0.6886228322982788 0.227581903245278
v 0.1663796454668045 -0.6846179366111755 -0.22047779632815637
v 0.1663796454668045 -0.6846179366111755 0.2530267265360287
v -0.06290839612483978 -0.6846179366111755 -0.22047779632815637
v -0.06290839612483978 -0.6846179366111755 -0.22047779632815637
v 0.1663796454668045 -0.6846179366111755 0.2530267265360287
v -0.06290839612483978 -0.6846179366111755 0.2530267265360287
v -0.8403153419494629 -0.41614869236946106 -0.31974437425388647
v -0.8403153419494629 -0.41614869236946106 0.3522932913845763
v -0.9815573692321777 -0.2846762537956238 -0.31974437425388647
v -0.9815573692321777 -0.2846762537956238 -0.31974437425388647
v -0.8403153419494629 -0.41614869236946106 0.3522932913845763
v -0.9815573692321777 -0.2846762537956238 0.3522932913845763
v -0.3366333544254303 -0.010761432349681854 -0.04122432414243494
v -0.19048137962818146 -0.010761432349681854 0.07377324781171601
v -0.19048137962818146 -0.010761432349681854 -0.04122432414243494
v -0.19048137962818146 -0.010761432349681854 0.07377324781171601
v -0.3366333544254303 -0.010761432349681854 -0.04122432414243494
v -0.3366333544254303 -0.010761432349681854 0.07377324781171601
v 0.2986356317996979 -0.19261452555656433 0.19939518709341225
v 0.1690756231546402 -0.1649540513753891 0.18937513598636307
v 0.2986356317996979 -0.19261452555656433 0.28508993805969796
v 0.1690756231546402 -0.1649540513753891 0.18937513598636307
v 0.1690756231546402 -0.1649540513753891 0.3522932913845763
v 0.2986356317996979 -0.19261452555656433 0.28508993805969796
v 0.2986356317996979 -0.19261452555656433 -0.2525410340061907
v 0.1690756231546402 -0.1649540513753891 -0.15682619270130818
v 0.2986356317996979 -0.19261452555656433 -0.16684625034694867
v 0.1690756231546402 -0.1649540513753891 -0.15682619270130818
v 0.2986356317996979 -0.19261452555656433 -0.2525410340061907
v 0.1690756231546402 -0.1649540513753891 -0.31974437425388647
v -0.3366333544254303 -0.010761432349681854 0.07377324781171601
v -0.3366333544254303 -0.010761432349681854 -0.04122432414243494
v -0.3776053488254547 0.07810746878385544 -0.07346224396407454
v -0.3776053488254547 0.07810746878385544 -0.07346224396407454
v -0.3776053488254547 0.07810746878385544 0.10601117049398928
v -0.3366333544254303 -0.010761432349681854 0.07377324781171601
v -1.5778543949127197 -0.07420729845762253 -0.32253562040187067
v -1.5778543949127197 -0.07420729845762253 0.3550845375325605
v -1.2301443815231323 -0.07420729845762253 -0.32253562040187067
v -1.2301443815231323 -0.07420729845762253 -0.32253562040187067
v -1.5778543949127197 -0.07420729845762253 0.3550845375325605
v -1.2301443815231323 -0.07420729845762253 0.3550845375325605
v -0.9601444005966187 -0.15646718442440033 0.3550845375325605
v -0.9601444005966187 -0.15646718442440033 -0.32253562040187067
v -1.150144338607788 -0.15646718442440033 -0.32253562040187067
v -1.150144338607788 -0.15646718442440033 -0.32253562040187067
v -1.150144338607788 -0.15646718442440033 0.3550845375325605
v -0.9601444005966187 -0.15646718442440033 0.3550845375325605
v 0.1690756231546402 -0.3573916554450989 -0.31974437425388647
v 0.1690756231546402 -0.3573916554450989 -0.1854178111172664
v 0.03968359902501106 -0.474905788898468 -0.31974437425388647
v 0.03968359902501106 -0.474905788898468 -0.31974437425388647
v 0.1690756231546402 -0.3573916554450989 -0.1854178111172664
v 0.03968359902501106 -0.474905788898468 -0.1428494700163625
v 0.03968359902501106 -0.474905788898468 -0.1428494700163625
v 0.1690756231546402 -0.3573916554450989 -0.1854178111172664
v 0.0339026041328907 -0.36693495512008667 -0.18196165562353228
v 0.04866262152791023 -0.3312835395336151 -0.1948757329946621
v 0.0339026041328907 -0.36693495512008667 -0.18196165562353228
v 0.1690756231546402 -0.3573916554450989 -0.1854178111172664
v 0.0339026041328907 -0.36693495512008667 -0.18196165562353228
v 0.026594655588269234 -0.474905788898468 -0.1428494700163625
v 0.03968359902501106 -0.474905788898468 -0.1428494700163625
v 0.026594655588269234 -0.474905788898468 -0.1428494700163625
v 0.03968359902501106 -0.474905788898468 -0.31974437425388647
v 0.03968359902501106 -0.474905788898468 -0.1428494700163625
v 0.026594655588269234 -0.474905788898468 -0.1428494700163625
v 0.0339026041328907 -0.36693495512008667 -0.18196165562353228
v 0.026594655588269234 -0.36693495512008667 -0.18196165562353228
v 0.03968359902501106 -0.474905788898468 -0.31974437425388647
v 0.026594655588269234 -0.474905788898468 -0.1428494700163625
v -0.22031636536121368 -0.474905788898468 -0.31974437425388647
v 0.026594655588269234 -0.36693495512008667 -0.18196165562353228
v 0.026594655588269234 -0.36693495512008667 0.21451060544717843
v 0.026594655588269234 -0.474905788898468 -0.1428494700163625
v 0.026594655588269234 -0.474905788898468 0.17539840022423486
v -0.22031636536121368 -0.474905788898468 -0.31974437425388647
v 0.026594655588269234 -0.474905788898468 -0.1428494700163625
v 0.026594655588269234 -0.474905788898468 -0.1428494700163625
v 0.026594655588269234 -0.36693495512008667 0.21451060544717843
v 0.026594655588269234 -0.474905788898468 0.17539840022423486
v -0.22031636536121368 -0.474905788898468 -0.31974437425388647
v 0.026594655588269234 -0.474905788898468 0.17539840022423486
v -0.22031636536121368 -0.474905788898468 0.3522932913845763
v 0.026594655588269234 -0.474905788898468 0.17539840022423486
v 0.03968359902501106 -0.474905788898468 0.3522932913845763
v -0.22031636536121368 -0.474905788898468 0.3522932913845763
v 0.0339026041328907 -0.36693495512008667 0.21451060544717843
v 0.026594655588269234 -0.474905788898468 0.17539840022423486
v 0.026594655588269234 -0.36693495512008667 0.21451060544717843
v 0.03968359902501106 -0.474905788898468 0.17539840022423486
v 0.03968359902501106 -0.474905788898468 0.3522932913845763
v 0.026594655588269234 -0.474905788898468 0.17539840022423486
v 0.026594655588269234 -0.474905788898468 0.17539840022423486
v 0.0339026041328907 -0.36693495512008667 0.21451060544717843
v 0.03968359902501106 -0.474905788898468 0.17539840022423486
v 0.1690756231546402 -0.3573916554450989 0.21796674786373
v 0.03968359902501106 -0.474905788898468 0.17539840022423486
v 0.0339026041328907 -0.36693495512008667 0.21451060544717843
v 0.1690756231546402 -0.3573916554450989 0.21796674786373
v 0.03968359902501106 -0.474905788898468 0.3522932913845763
v 0.03968359902501106 -0.474905788898468 0.17539840022423486
v 0.03968359902501106 -0.474905788898468 0.3522932913845763
v 0.1690756231546402 -0.3573916554450989 0.21796674786373
v 0.1690756231546402 -0.3573916554450989 0.3522932913845763
v 0.0339026041328907 -0.36693495512008667 0.21451060544717843
v 0.04866262152791023 -0.3312835395336151 0.2274246632025344
v 0.1690756231546402 -0.3573916554450989 0.21796674786373
v 0.04866262152791023 -0.3312835395336151 0.2274246632025344
v 0.026594655588269234 -0.30063819885253906 0.23852588345245362
v 0.1690756231546402 -0.3573916554450989 0.21796674786373
v 0.026594655588269234 -0.30063819885253906 0.23852588345245362
v 0.04866262152791023 -0.3312835395336151 0.2274246632025344
v 0.026594655588269234 -0.3118349611759186 0.23447057068673155
v 0.026594655588269234 -0.30063819885253906 0.23852588345245362
v 0.2986356317996979 -0.30063819885253906 0.23852588345245362
v 0.1690756231546402 -0.3573916554450989 0.21796674786373
v 0.1690756231546402 -0.3573916554450989 0.21796674786373
v 0.2986356317996979 -0.30063819885253906 0.23852588345245362
v 0.2986356317996979 -0.3465639054775238 0.2218894841529605
v 0.1690756231546402 -0.1649540513753891 0.18937513598636307
v 0.2986356317996979 -0.30063819885253906 0.23852588345245362
v 0.026594655588269234 -0.30063819885253906 0.23852588345245362
v 0.2986356317996979 -0.30063819885253906 0.23852588345245362
v 0.1690756231546402 -0.1649540513753891 0.18937513598636307
v 0.2986356317996979 -0.19261452555656433 0.19939518709341225
v 0.026594655588269234 -0.1649540513753891 0.18937513598636307
v 0.026594655588269234 -0.30063819885253906 0.23852588345245362
v 0.026594655588269234 -0.3118349611759186 0.23447057068673155
v 0.1690756231546402 -0.1649540513753891 0.18937513598636307
v 0.026594655588269234 -0.30063819885253906 0.23852588345245362
v 0.026594655588269234 -0.1649540513753891 0.18937513598636307
v 0.026594655588269234 -0.1649540513753891 0.18937513598636307
v 0.1690756231546402 -0.1649540513753891 0.3522932913845763
v 0.1690756231546402 -0.1649540513753891 0.18937513598636307
v 0.026594655588269234 -0.3118349611759186 -0.20192164047885922
v 0.026594655588269234 -0.1649540513753891 0.18937513598636307
v 0.026594655588269234 -0.3118349611759186 0.23447057068673155
v 0.1690756231546402 -0.1649540513753891 0.3522932913845763
v 0.026594655588269234 -0.1649540513753891 0.18937513598636307
v -0.9203153848648071 -0.1649540513753891 0.3522932913845763
v 0.026594655588269234 -0.1649540513753891 -0.15682619270130818
v -0.9203153848648071 -0.1649540513753891 0.3522932913845763
v 0.026594655588269234 -0.1649540513753891 0.18937513598636307
v 0.026594655588269234 -0.1649540513753891 0.18937513598636307
v 0.026594655588269234 -0.3118349611759186 -0.20192164047885922
v 0.026594655588269234 -0.1649540513753891 -0.15682619270130818
v -0.9203153848648071 -0.1649540513753891 0.3522932913845763
v 0.026594655588269234 -0.1649540513753891 -0.15682619270130818
v -0.9203153848648071 -0.1649540513753891 -0.31974437425388647
v 0.1690756231546402 -0.1649540513753891 -0.31974437425388647
v -0.9203153848648071 -0.1649540513753891 -0.31974437425388647
v 0.026594655588269234 -0.1649540513753891 -0.15682619270130818
v 0.1690756231546402 -0.1649540513753891 -0.31974437425388647
v 0.026594655588269234 -0.1649540513753891 -0.15682619270130818
v 0.1690756231546402 -0.1649540513753891 -0.15682619270130818
v 0.026594655588269234 -0.1649540513753891 -0.15682619270130818
v 0.026594655588269234 -0.3118349611759186 -0.20192164047885922
v 0.026594655588269234 -0.30063819885253906 -0.20597695324458126
v 0.026594655588269234 -0.30063819885253906 -0.20597695324458126
v 0.1690756231546402 -0.1649540513753891 -0.15682619270130818
v 0.026594655588269234 -0.1649540513753891 -0.15682619270130818
v 0.04866262152791023 -0.3312835395336151 -0.1948757329946621
v 0.026594655588269234 -0.30063819885253906 -0.20597695324458126
v 0.026594655588269234 -0.3118349611759186 -0.20192164047885922
v 0.026594655588269234 -0.30063819885253906 -0.20597695324458126
v 0.04866262152791023 -0.3312835395336151 -0.1948757329946621
v 0.1690756231546402 -0.3573916554450989 -0.1854178111172664
v 0.1690756231546402 -0.1649540513753891 -0.15682619270130818
v 0.026594655588269234 -0.30063819885253906 -0.20597695324458126
v 0.2986356317996979 -0.30063819885253906 -0.20597695324458126
v 0.026594655588269234 -0.30063819885253906 -0.20597695324458126
v 0.1690756231546402 -0.3573916554450989 -0.1854178111172664
v 0.2986356317996979 -0.30063819885253906 -0.20597695324458126
v 0.2986356317996979 -0.30063819885253906 -0.20597695324458126
v 0.2986356317996979 -0.19261452555656433 -0.16684625034694867
v 0.1690756231546402 -0.1649540513753891 -0.15682619270130818
v 0.1690756231546402 -0.3573916554450989 -0.1854178111172664
v 0.2986356317996979 -0.3465639054775238 -0.18934054086790564
v 0.2986356317996979 -0.30063819885253906 -0.20597695324458126
v -1.5778543949127197 -0.4363858103752136 0.3550845375325605
v -1.5778543949127197 -0.4363858103752136 -0.32253562040187067
v -1.4191443920135498 -0.4363858103752136 -0.32253562040187067
v -1.4191443920135498 -0.4363858103752136 -0.32253562040187067
v -1.4191443920135498 -0.4363858103752136 0.3550845375325605
v -1.5778543949127197 -0.4363858103752136 0.3550845375325605
v -0.8701443672180176 -0.4363858103752136 -0.32253562040187067
v -1.150144338607788 -0.4363858103752136 0.3550845375325605
v -1.150144338607788 -0.4363858103752136 -0.32253562040187067
v -1.150144338607788 -0.4363858103752136 0.3550845375325605
v -0.8701443672180176 -0.4363858103752136 -0.32253562040187067
v -0.8701443672180176 -0.4363858103752136 0.3550845375325605
v -0.8403153419494629 -0.41614869236946106 -0.31974437425388647
v -0.2903153598308563 -0.41614869236946106 -0.31974437425388647
v -0.8403153419494629 -0.41614869236946106 0.3522932913845763
v -0.2903153598308563 -0.41614869236946106 -0.31974437425388647
v -0.2903153598308563 -0.41614869236946106 0.3522932913845763
v -0.8403153419494629 -0.41614869236946106 0.3522932913845763
v 0.2986356317996979 -0.3465639054775238 -0.2525410340061907
v 0.1690756231546402 -0.3573916554450989 -0.1854178111172664
v 0.1690756231546402 -0.3573916554450989 -0.31974437425388647
v 0.1690756231546402 -0.3573916554450989 -0.1854178111172664
v 0.2986356317996979 -0.3465639054775238 -0.2525410340061907
v 0.2986356317996979 -0.3465639054775238 -0.18934054086790564
v 0.1690756231546402 -0.3573916554450989 0.21796674786373
v 0.2986356317996979 -0.3465639054775238 0.28508993805969796
v 0.1690756231546402 -0.3573916554450989 0.3522932913845763
v 0.2986356317996979 -0.3465639054775238 0.28508993805969796
v 0.1690756231546402 -0.3573916554450989 0.21796674786373
v 0.2986356317996979 -0.3465639054775238 0.2218894841529605
v -1.190144419670105 -0.38938018679618835 -0.32253562040187067
v -1.190144419670105 -0.38938018679618835 0.3550845375325605
v -1.3741443157196045 -0.38938018679618835 -0.32253562040187067
v -1.3741443157196045 -0.38938018679618835 -0.32253562040187067
v -1.190144419670105 -0.38938018679618835 0.3550845375325605
v -1.3741443157196045 -0.38938018679618835 0.3550845375325605
v -0.14950935542583466 0.07810746878385544 0.10601117049398928
v -0.3366333544254303 -0.010761432349681854 0.07377324781171601
v -0.3776053488254547 0.07810746878385544 0.10601117049398928
v -0.3366333544254303 -0.010761432349681854 0.07377324781171601
v -0.14950935542583466 0.07810746878385544 0.10601117049398928
v -0.19048137962818146 -0.010761432349681854 0.07377324781171601
v -0.14950935542583466 0.07810746878385544 -0.07346224396407454
v -0.3776053488254547 0.07810746878385544 -0.07346224396407454
v -0.3366333544254303 -0.010761432349681854 -0.04122432414243494
v -0.14950935542583466 0.07810746878385544 -0.07346224396407454
v -0.3366333544254303 -0.010761432349681854 -0.04122432414243494
v -0.19048137962818146 -0.010761432349681854 -0.04122432414243494
v -0.30936235189437866 -0.46481600403785706 -0.31974437425388647
v -0.30936235189437866 -0.46481600403785706 0.3522932913845763
v -0.13714437186717987 -0.6886228322982788 -0.19503297303740566
v -0.30936235189437866 -0.46481600403785706 -0.31974437425388647
v -0.13714437186717987 -0.6886228322982788 -0.19503297303740566
v -0.2451433688402176 -0.5423095226287842 -0.31974437425388647
v -0.30936235189437866 -0.46481600403785706 0.3522932913845763
v -0.13714437186717987 -0.6886228322982788 0.227581903245278
v -0.13714437186717987 -0.6886228322982788 -0.19503297303740566
v -0.13714437186717987 -0.6886228322982788 0.227581903245278
v -0.30936235189437866 -0.46481600403785706 0.3522932913845763
v -0.2451433688402176 -0.5423095226287842 0.3522932913845763
v -0.2903153598308563 -0.41614869236946106 0.3522932913845763
v -0.2903153598308563 -0.41614869236946106 -0.31974437425388647
v -0.22031636536121368 -0.474905788898468 -0.31974437425388647
v -0.22031636536121368 -0.474905788898468 -0.31974437425388647
v -0.22031636536121368 -0.474905788898468 0.3522932913845763
v -0.2903153598308563 -0.41614869236946106 0.3522932913845763
v -0.20782937109470367 -0.5173530578613281 0.3522932913845763
v -0.06290839612483978 -0.6846179366111755 0.2530267265360287
v -0.18750537931919098 -0.5423118472099304 0.3522932913845763
v -0.06290839612483978 -0.6846179366111755 0.2530267265360287
v -0.20782937109470367 -0.5173530578613281 0.3522932913845763
v -0.06290839612483978 -0.6846179366111755 -0.22047779632815637
v -0.20782937109470367 -0.5173530578613281 0.3522932913845763
v -0.20782937109470367 -0.5173530578613281 -0.31974437425388647
v -0.06290839612483978 -0.6846179366111755 -0.22047779632815637
v -0.06290839612483978 -0.6846179366111755 -0.22047779632815637
v -0.20782937109470367 -0.5173530578613281 -0.31974437425388647
v -0.18750537931919098 -0.5423118472099304 -0.31974437425388647
v -1.3606443405151367 -0.4348980784416199 -0.31974437425388647
v -1.3606443405151367 -0.4348980784416199 0.3522932913845763
v -1.2271443605422974 -0.4348980784416199 -0.31974437425388647
v -1.2271443605422974 -0.4348980784416199 -0.31974437425388647
v -1.3606443405151367 -0.4348980784416199 0.3522932913845763
v -1.2271443605422974 -0.4348980784416199 0.3522932913845763
v -0.19048137962818146 -0.010761432349681854 -0.04122432414243494
v -0.14950935542583466 0.07810746878385544 0.10601117049398928
v -0.14950935542583466 0.07810746878385544 -0.07346224396407454
v -0.14950935542583466 0.07810746878385544 0.10601117049398928
v -0.19048137962818146 -0.010761432349681854 -0.04122432414243494
v -0.19048137962818146 -0.010761432349681854 0.07377324781171601
v -1.127143383026123 -0.46481600403785706 0.3522932913845763
v -0.30936235189437866 -0.46481600403785706 -0.31974437425388647
v -1.127143383026123 -0.46481600403785706 -0.31974437425388647
v -0.30936235189437866 -0.46481600403785706 -0.31974437425388647
v -1.127143383026123 -0.46481600403785706 0.3522932913845763
v -0.30936235189437866 -0.46481600403785706 0.3522932913845763
v -1.4006574153900146 -0.47981783747673035 0.3522932913845763
v -1.4006574153900146 -0.47981783747673035 -0.31974437425388647
v -1.5778543949127197 -0.47981783747673035 -0.31974437425388647
v -1.5778543949127197 -0.47981783747673035 -0.31974437425388647
v -1.5778543949127197 -0.47981783747673035 0.3522932913845763
v -1.4006574153900146 -0.47981783747673035 0.3522932913845763
v 0.1663796454668045 -0.40571460127830505 0.3522932913845763
v 0.29647865891456604 -0.38522249460220337 0.28508993805969796
v 0.1663796454668045 -0.40571460127830505 0.20046194518113392
v 0.29647865891456604 -0.38522249460220337 0.20788604478410555
v 0.1663796454668045 -0.40571460127830505 0.20046194518113392
v 0.29647865891456604 -0.38522249460220337 0.28508993805969796
v 0.29647865891456604 -0.38522249460220337 -0.2525410340061907
v 0.1663796454668045 -0.40571460127830505 -0.16791300189607905
v 0.29647865891456604 -0.38522249460220337 -0.1753370949604594
v 0.1663796454668045 -0.40571460127830505 -0.16791300189607905
v 0.29647865891456604 -0.38522249460220337 -0.2525410340061907
v 0.1663796454668045 -0.40571460127830505 -0.31974437425388647
v 0.026594655588269234 -0.1255691945552826 0.1751085837049997
v -1.0976194143295288 -0.1255691945552826 -0.31974437425388647
v 0.026594655588269234 -0.1255691945552826 -0.14255965349712738
v -1.0976194143295288 -0.1255691945552826 -0.31974437425388647
v 0.1663796454668045 -0.1255691945552826 -0.31974437425388647
v 0.026594655588269234 -0.1255691945552826 -0.14255965349712738
v 0.1663796454668045 -0.1255691945552826 -0.14255965349712738
v 0.026594655588269234 -0.1255691945552826 -0.14255965349712738
v 0.1663796454668045 -0.1255691945552826 -0.31974437425388647
v -1.0976194143295288 -0.1255691945552826 -0.31974437425388647
v 0.026594655588269234 -0.1255691945552826 0.1751085837049997
v -1.0976194143295288 -0.1255691945552826 0.3522932913845763
v -1.0976194143295288 -0.1255691945552826 -0.31974437425388647
v -1.0976194143295288 -0.1255691945552826 0.3522932913845763
v -1.1576193571090698 -0.0732283964753151 -0.31974437425388647
v -1.1576193571090698 -0.0732283964753151 -0.31974437425388647
v -1.0976194143295288 -0.1255691945552826 0.3522932913845763
v -1.1576193571090698 -0.0732283964753151 0.3522932913845763
v -1.1576193571090698 -0.0732283964753151 -0.31974437425388647
v -1.1576193571090698 -0.0732283964753151 0.3522932913845763
v -1.2025383710861206 -0.03539472818374634 0.3522932913845763
v -1.2025383710861206 -0.03539472818374634 0.3522932913845763
v -1.2025383710861206 -0.03539472818374634 -0.31974437425388647
v -1.1576193571090698 -0.0732283964753151 -0.31974437425388647
v 0.1663796454668045 -0.1255691945552826 0.3522932913845763
v -1.0976194143295288 -0.1255691945552826 0.3522932913845763
v 0.026594655588269234 -0.1255691945552826 0.1751085837049997
v 0.1663796454668045 -0.1255691945552826 0.1751085837049997
v 0.1663796454668045 -0.1255691945552826 0.3522932913845763
v 0.026594655588269234 -0.1255691945552826 0.1751085837049997
v 0.026594655588269234 -0.12093561887741089 0.17343033656216414
v 0.1663796454668045 -0.1255691945552826 0.1751085837049997
v 0.026594655588269234 -0.1255691945552826 0.1751085837049997
v 0.026594655588269234 -0.12093561887741089 0.17343033656216414
v 0.29647865891456604 -0.12093561887741089 0.17343033656216414
v 0.1663796454668045 -0.1255691945552826 0.1751085837049997
v 0.29647865891456604 -0.1611054688692093 0.1879815529528457
v 0.1663796454668045 -0.1255691945552826 0.1751085837049997
v 0.29647865891456604 -0.12093561887741089 0.17343033656216414
v 0.026594655588269234 -0.1255691945552826 0.1751085837049997
v 0.026594655588269234 -0.04650098830461502 0.016274465103936167
v 0.026594655588269234 -0.12093561887741089 0.17343033656216414
v 0.026594655588269234 -0.04650098830461502 0.016274465103936167
v 0.29647865891456604 -0.12093561887741089 0.17343033656216414
v 0.026594655588269234 -0.12093561887741089 0.17343033656216414
v 0.026594655588269234 -0.04650098830461502 0.016274465103936167
v 0.026594655588269234 -0.1255691945552826 0.1751085837049997
v 0.026594655588269234 -0.1255691945552826 -0.14255965349712738
v 0.026594655588269234 -0.04650098830461502 0.016274465103936167
v 0.29647865891456604 -0.04650098830461502 0.016274465103936167
v 0.29647865891456604 -0.12093561887741089 0.17343033656216414
v 0.026594655588269234 -0.04650098830461502 0.016274465103936167
v 0.026594655588269234 -0.1255691945552826 -0.14255965349712738
v 0.026594655588269234 -0.12093561887741089 -0.14088141289288306
v 0.026594655588269234 -0.12093561887741089 -0.14088141289288306
v 0.29647865891456604 -0.04650098830461502 0.016274465103936167
v 0.026594655588269234 -0.04650098830461502 0.016274465103936167
v 0.1663796454668045 -0.1255691945552826 -0.14255965349712738
v 0.026594655588269234 -0.12093561887741089 -0.14088141289288306
v 0.026594655588269234 -0.1255691945552826 -0.14255965349712738
v 0.026594655588269234 -0.12093561887741089 -0.14088141289288306
v 0.29647865891456604 -0.12093561887741089 -0.14088141289288306
v 0.29647865891456604 -0.04650098830461502 0.016274465103936167
v 0.29647865891456604 -0.12093561887741089 -0.14088141289288306
v 0.026594655588269234 -0.12093561887741089 -0.14088141289288306
v 0.1663796454668045 -0.1255691945552826 -0.14255965349712738
v 0.1663796454668045 -0.1255691945552826 -0.14255965349712738
v 0.29647865891456604 -0.1611054688692093 -0.1554326292835646
v 0.29647865891456604 -0.12093561887741089 -0.14088141289288306
v 0.04647960141301155 -0.5173530578613281 -0.31974437425388647
v 0.1663796454668045 -0.40571460127830505 -0.16791300189607905
v 0.1663796454668045 -0.40571460127830505 -0.31974437425388647
v 0.1663796454668045 -0.40571460127830505 -0.16791300189607905
v 0.29647865891456604 -0.4803396165370941 -0.14088141289288306
v 0.29647865891456604 -0.38522249460220337 -0.1753370949604594
v 0.29647865891456604 -0.4803396165370941 -0.14088141289288306
v 0.1663796454668045 -0.40571460127830505 -0.16791300189607905
v 0.08623261749744415 -0.4803396165370941 -0.14088141289288306
v 0.1663796454668045 -0.40571460127830505 -0.16791300189607905
v 0.04647960141301155 -0.5173530578613281 -0.31974437425388647
v 0.08623261749744415 -0.4803396165370941 -0.14088141289288306
v 0.29647865891456604 -0.4803396165370941 -0.14088141289288306
v 0.08623261749744415 -0.4803396165370941 -0.14088141289288306
v 0.29647865891456604 -0.5547754168510437 0.016274465103936167
v 0.04647960141301155 -0.5173530578613281 -0.31974437425388647
v 0.04647960141301155 -0.5173530578613281 -0.06273409080336384
v 0.08623261749744415 -0.4803396165370941 -0.14088141289288306
v 0.04647960141301155 -0.5173530578613281 -0.06273409080336384
v 0.29647865891456604 -0.5547754168510437 0.016274465103936167
v 0.08623261749744415 -0.4803396165370941 -0.14088141289288306
v 0.04647960141301155 -0.5173530578613281 -0.31974437425388647
v 0.026594655588269234 -0.5173530578613281 -0.06273409080336384
v 0.04647960141301155 -0.5173530578613281 -0.06273409080336384
v -0.20782937109470367 -0.5173530578613281 -0.31974437425388647
v 0.026594655588269234 -0.5173530578613281 -0.06273409080336384
v 0.04647960141301155 -0.5173530578613281 -0.31974437425388647
v 0.29647865891456604 -0.5547754168510437 0.016274465103936167
v 0.04647960141301155 -0.5173530578613281 -0.06273409080336384
v 0.026594655588269234 -0.5547754168510437 0.016274465103936167
v 0.026594655588269234 -0.5173530578613281 -0.06273409080336384
v 0.026594655588269234 -0.5547754168510437 0.016274465103936167
v 0.04647960141301155 -0.5173530578613281 -0.06273409080336384
v -0.20782937109470367 -0.5173530578613281 -0.31974437425388647
v 0.026594655588269234 -0.5173530578613281 0.0952830030301102
v 0.026594655588269234 -0.5173530578613281 -0.06273409080336384
v 0.026594655588269234 -0.5173530578613281 0.0952830030301102
v 0.026594655588269234 -0.5547754168510437 0.016274465103936167
v 0.026594655588269234 -0.5173530578613281 -0.06273409080336384
v 0.026594655588269234 -0.5173530578613281 0.0952830030301102
v -0.20782937109470367 -0.5173530578613281 -0.31974437425388647
v -0.20782937109470367 -0.5173530578613281 0.3522932913845763
v 0.04647960141301155 -0.5173530578613281 0.3522932913845763
v 0.026594655588269234 -0.5173530578613281 0.0952830030301102
v -0.20782937109470367 -0.5173530578613281 0.3522932913845763
v 0.04647960141301155 -0.5173530578613281 0.0952830030301102
v 0.026594655588269234 -0.5547754168510437 0.016274465103936167
v 0.026594655588269234 -0.5173530578613281 0.0952830030301102
v 0.026594655588269234 -0.5173530578613281 0.0952830030301102
v 0.04647960141301155 -0.5173530578613281 0.3522932913845763
v 0.04647960141301155 -0.5173530578613281 0.0952830030301102
v 0.026594655588269234 -0.5547754168510437 0.016274465103936167
v 0.04647960141301155 -0.5173530578613281 0.0952830030301102
v 0.29647865891456604 -0.5547754168510437 0.016274465103936167
v 0.08623261749744415 -0.4803396165370941 0.17343033656216414
v 0.29647865891456604 -0.5547754168510437 0.016274465103936167
v 0.04647960141301155 -0.5173530578613281 0.0952830030301102
v 0.04647960141301155 -0.5173530578613281 0.0952830030301102
v 0.04647960141301155 -0.5173530578613281 0.3522932913845763
v 0.08623261749744415 -0.4803396165370941 0.17343033656216414
v 0.29647865891456604 -0.5547754168510437 0.016274465103936167
v 0.08623261749744415 -0.4803396165370941 0.17343033656216414
v 0.29647865891456604 -0.4803396165370941 0.17343033656216414
v 0.04647960141301155 -0.5173530578613281 0.3522932913845763
v 0.1663796454668045 -0.40571460127830505 0.20046194518113392
v 0.08623261749744415 -0.4803396165370941 0.17343033656216414
v 0.1663796454668045 -0.40571460127830505 0.20046194518113392
v 0.29647865891456604 -0.4803396165370941 0.17343033656216414
v 0.08623261749744415 -0.4803396165370941 0.17343033656216414
v 0.1663796454668045 -0.40571460127830505 0.20046194518113392
v 0.04647960141301155 -0.5173530578613281 0.3522932913845763
v 0.1663796454668045 -0.40571460127830505 0.3522932913845763
v 0.29647865891456604 -0.4803396165370941 0.17343033656216414
v 0.1663796454668045 -0.40571460127830505 0.20046194518113392
v 0.29647865891456604 -0.38522249460220337 0.20788604478410555
v -1.5778543949127197 -0.03539472818374634 0.3522932913845763
v -1.5778543949127197 -0.03539472818374634 -0.31974437425388647
v -1.2025383710861206 -0.03539472818374634 -0.31974437425388647
v -1.2025383710861206 -0.03539472818374634 -0.31974437425388647
v -1.2025383710861206 -0.03539472818374634 0.3522932913845763
v -1.5778543949127197 -0.03539472818374634 0.3522932913845763
v 0.29647865891456604 -0.1611054688692093 -0.2525410340061907
v 0.1663796454668045 -0.1255691945552826 -0.14255965349712738
v 0.1663796454668045 -0.1255691945552826 -0.31974437425388647
v 0.1663796454668045 -0.1255691945552826 -0.14255965349712738
v 0.29647865891456604 -0.1611054688692093 -0.2525410340061907
v 0.29647865891456604 -0.1611054688692093 -0.1554326292835646
v 0.1663796454668045 -0.1255691945552826 0.1751085837049997
v 0.29647865891456604 -0.1611054688692093 0.28508993805969796
v 0.1663796454668045 -0.1255691945552826 0.3522932913845763
v 0.29647865891456604 -0.1611054688692093 0.28508993805969796
v 0.1663796454668045 -0.1255691945552826 0.1751085837049997
v 0.29647865891456604 -0.1611054688692093 0.1879815529528457
v -1.0201443433761597 -0.2872192859649658 -0.32253562040187067
v -1.0201443433761597 -0.2872192859649658 0.3550845375325605
v -0.8701443672180176 -0.4363858103752136 -0.32253562040187067
v -0.8701443672180176 -0.4363858103752136 -0.32253562040187067
v -1.0201443433761597 -0.2872192859649658 0.3550845375325605
v -0.8701443672180176 -0.4363858103752136 0.3550845375325605
v -1.150144338607788 -0.15646718442440033 0.3550845375325605
v -1.150144338607788 -0.15646718442440033 -0.32253562040187067
v -1.2301443815231323 -0.07420729845762253 -0.32253562040187067
v -1.2301443815231323 -0.07420729845762253 -0.32253562040187067
v -1.2301443815231323 -0.07420729845762253 0.3550845375325605
v -1.150144338607788 -0.15646718442440033 0.3550845375325605
v -0.9601444005966187 -0.15646718442440033 -0.32253562040187067
v -0.9601444005966187 -0.15646718442440033 0.3550845375325605
v -1.0201443433761597 -0.2872192859649658 -0.32253562040187067
v -1.0201443433761597 -0.2872192859649658 -0.32253562040187067
v -0.9601444005966187 -0.15646718442440033 0.3550845375325605
v -1.0201443433761597 -0.2872192859649658 0.3550845375325605
v -1.5778543949127197 -0.47981783747673035 0.3522932913845763
v -1.5778543949127197 -0.47981783747673035 -0.31974437425388647
v -1.6360623836517334 -0.452995240688324 -0.2681106621407796
v -1.5778543949127197 -0.47981783747673035 0.3522932913845763
v -1.6360623836517334 -0.452995240688324 -0.2681106621407796
v -1.6360623836517334 -0.452995240688324 0.3006595792714694
v -1.4191443920135498 -0.4363858103752136 0.3550845375325605
v -1.4191443920135498 -0.4363858103752136 -0.32253562040187067
v -1.3741443157196045 -0.38938018679618835 -0.32253562040187067
v -1.3741443157196045 -0.38938018679618835 -0.32253562040187067
v -1.3741443157196045 -0.38938018679618835 0.3550845375325605
v -1.4191443920135498 -0.4363858103752136 0.3550845375325605
v -1.2271443605422974 -0.4348980784416199 -0.31974437425388647
v -1.2271443605422974 -0.4348980784416199 0.3522932913845763
v -1.0471444129943848 -0.6886228322982788 -0.19503297303740566
v -1.2271443605422974 -0.4348980784416199 -0.31974437425388647
v -1.0471444129943848 -0.6886228322982788 -0.19503297303740566
v -1.1484123468399048 -0.5423095226287842 -0.31974437425388647
v -1.2271443605422974 -0.4348980784416199 0.3522932913845763
v -1.0471444129943848 -0.6886228322982788 0.227581903245278
v -1.0471444129943848 -0.6886228322982788 -0.19503297303740566
v -1.0471444129943848 -0.6886228322982788 0.227581903245278
v -1.2271443605422974 -0.4348980784416199 0.3522932913845763
v -1.1484123468399048 -0.5423095226287842 0.3522932913845763
v -1.5778543949127197 -0.03539472818374634 -0.31974437425388647
v -1.5778543949127197 -0.03539472818374634 0.3522932913845763
v -1.6360623836517334 -0.0768631175160408 0.3006595792714694
v -1.5778543949127197 -0.03539472818374634 -0.31974437425388647
v -1.6360623836517334 -0.0768631175160408 0.3006595792714694
v -1.6360623836517334 -0.0768631175160408 -0.2681106621407796
vt 0 0
vt 0 0
vt 0 0
vt 0 0
vt 0 0
vt 0 0
vt 0 0
vt 0 0
vt 0 0
vt 0 0
vt 0 0
vt 0 0
vt 0 0
vt 0 0
vt 0 0
vt 0 0
vt 0 0
vt 0 0
vt 0 0
vt 0 0
vt 0 0
vt 0 0
vt 0 0
vt 0 0
vt 0 0
vt 0 0
vt 0 0
vt 0 0
vt 0 0
vt 0 0
vt 0 0
vt 0 0
vt 0 0
vt 0 0
vt 0 0
vt 0 0
vt 0 0
vt 0 0
vt 0 0
vt 0 0
vt 0 0
vt 0 0
vt 0 0
vt 0 0
vt 0 0
vt 0 0
vt 0 0
vt 0 0
vt 0 0
vt 0 0
vt 0 0
vt 0 0
vt 0 0
vt 0 0
vt 0 0
vt 0 0
vt 0 0
vt 0 0
vt 0 0
vt 0 0
vt 0 0
vt 0 0
vt 0 0
vt 0 0
vt 0 0
vt 0 0
vt 0 0
vt 0 0
vt 0 0
vt 0 0
vt 0 0
vt 0 0
vt 0 0
vt 0 0
vt 0 0
vt 0 0
vt 0 0
vt 0 0
vt 0 0
vt 0 0
vt 0 0
vt 0 0
vt 0 0
vt 0 0
vt 0 0
vt 0 0
vt 0 0
vt 0 0
vt 0 0
vt 0 0
vt 0 0
vt 0 0
vt 0 0
vt 0 0
vt 0 0
vt 0 0
vt 0 0
vt 0 0
vt 0 0
vt 0 0
vt 0 0
vt 0 0
vt 0 0
vt 0 0
vt 0 0
vt 0 0
vt 0 0
vt 0 0
vt 0 0
vt 0 0
vt 0 0
vt 0 0
vt 0 0
vt 0 0
vt 0 0
vt 0 0
vt 0 0
vt 0 0
vt 0 0
vt 0 0
vt 0 0
vt 0 0
vt 0 0
vt 0 0
vt 0 0
vt 0 0
vt 0 0
vt 0 0
vt 0 0
vt 0 0
vt 0 0
vt 0 0
vt 0 0
vt 0 0
vt 0 0
vt 0 0
vt 0 0
vt 0 0
vt 0 0
vt 0 0
vt 0 0
vt 0 0
vt 0 0
vt 0 0
vt 0 0
vt 0 0
vt 0 0
vt 0 0
vt 0 0
vt 0 0
vt 0 0
vt 0 0
vt 0 0
vt 0 0
vt 0 0
vt 0 0
vt 0 0
vt 0 0
vt 0 0
vt 0 0
vt 0 0
vt 0 0
vt 0 0
vt 0 0
vt 0 0
vt 0 0
vt 0 0
vt 0 0
vt 0 0
vt 0 0
vt 0 0
vt 0 0
vt 0 0
vt 0 0
vt 0 0
vt 0 0
vt 0 0
vt 0 0
vt 0 0
vt 0 0
vt 0 0
vt 0 0
vt 0 0
vt 0 0
vt 0 0
vt 0 0
vt 0 0
vt 0 0
vt 0 0
vt 0 0
vt 0 0
vt 0 0
vt 0 0
vt 0 0
vt 0 0
vt 0 0
vt 0 0
vt 0 0
vt 0 0
vt 0 0
vt 0 0
vt 0 0
vt 0 0
vt 0 0
vt 0 0
vt 0 0
vt 0 0
vt 0 0
vt 0 0
vt 0 0
vt 0 0
vt 0 0
vt 0 0
vt 0 0
vt 0 0
vt 0 0
vt 0 0
vt 0 0
vt 0 0
vt 0 0
vt 0 0
vt 0 0
vt 0 0
vt 0 0
vt 0 0
vt 0 0
vt 0 0
vt 0 0
vt 0 0
vt 0 0
vt 0 0
vt 0 0
vt 0 0
vt 0 0
vt 0 0
vt 0 0
vt 0 0
vt 0 0
vt 0 0
vt 0 0
vt 0 0
vt 0 0
vt 0 0
vt 0 0
vt 0 0
vt 0 0
vt 0 0
vt 0 0
vt 0 0
vt 0 0
vt 0 0
vt 0 0
vt 0 0
vt 0 0
vt 0 0
vt 0 0
vt 0 0
vt 0 0
vt 0 0
vt 0 0
vt 0 0
vt 0 0
vt 0 0
vt 0 0
vt 0 0
vt 0 0
vt 0 0
vt 0 0
vt 0 0
vt 0 0
vt 0 0
vt 0 0
vt 0 0
vt 0 0
vt 0 0
vt 0 0
vt 0 0
vt 0 0
vt 0 0
vt 0 0
vt 0 0
vt 0 0
vt 0 0
vt 0 0
vt 0 0
vt 0 0
vt 0 0
vt 0 0
vt 0 0
vt 0 0
vt 0 0
vt 0 0
vt 0 0
vt 0 0
vt 0 0
vt 0 0
vt 0 0
vt 0 0
vt 0 0
vt 0 0
vt 0 0
vt 0 0
vt 0 0
vt 0 0
vt 0 0
vt 0 0
vt 0 0
vt 0 0
vt 0 0
vt 0 0
vt 0 0
vt 0 0
vt 0 0
vt 0 0
vt 0 0
vt 0 0
vt 0 0
vt 0 0
vt 0 0
vt 0 0
vt 0 0
vt 0 0
vt 0 0
vt 0 0
vt 0 0
vt 0 0
vt 0 0
vt 0 0
vt 0 0
vt 0 0
vt 0 0
vt 0 0
vt 0 0
vt 0 0
vt 0 0
vt 0 0
vt 0 0
vt 0 0
vt 0 0
vt 0 0
vt 0 0
vt 0 0
vt 0 0
vt 0 0
vt 0 0
vt 0 0
vt 0 0
vt 0 0
vt 0 0
vt 0 0
vt 0 0
vt 0 0
vt 0 0
vt 0 0
vt 0 0
vt 0 0
vt 0 0
vt 0 0
vt 0 0
vt 0 0
vt 0 0
vt 0 0
vt 0 0
vt 0 0
vt 0 0
vt 0 0
vt 0 0
vt 0 0
vt 0 0
vt 0 0
vt 0 0
vt 0 0
vt 0 0
vt 0 0
vt 0 0
vt 0 0
vt 0 0
vt 0 0
vt 0 0
vt 0 0
vt 0 0
vt 0 0
vt 0 0
vt 0 0
vt 0 0
vt 0 0
vt 0 0
vt 0 0
vt 0 0
vt 0 0
vt 0 0
vt 0 0
vt 0 0
vt 0 0
vt 0 0
vt 0 0
vt 0 0
vt 0 0
vt 0 0
vt 0 0
vt 0 0
vt 0 0
vt 0 0
vt 0 0
vt 0 0
vt 0 0
vt 0 0
vt 0 0
vt 0 0
vt 0 0
vt 0 0
vt 0 0
vt 0 0
vt 0 0
vt 0 0
vt 0 0
vt 0 0
vt 0 0
vt 0 0
vt 0 0
vt 0 0
vt 0 0
vt 0 0
vt 0 0
vt 0 0
vt 0 0
vt 0 0
vt 0 0
vt 0 0
vt 0 0
vt 0 0
vt 0 0
vt 0 0
vt 0 0
vt 0 0
vt 0 0
vt 0 0
vt 0 0
vt 0 0
vt 0 0
vt 0 0
vt 0 0
vt 0 0
vt 0 0
vt 0 0
vt 0 0
vt 0 0
vt 0 0
vt 0 0
vt 0 0
vt 0 0
vt 0 0
vt 0 0
vt 0 0
vt 0 0
vt 0 0
vt 0 0
vt 0 0
vt 0 0
vt 0 0
vt 0 0
vt 0 0
vt 0 0
vt 0 0
vt 0 0
vt 0 0
vt 0 0
vt 0 0
vt 0 0
vt 0 0
vt 0 0
vt 0 0
vt 0 0
vt 0 0
vt 0 0
vt 0 0
vt 0 0
vt 0 0
vt 0 0
vt 0 0
vt 0 0
vt 0 0
vt 0 0
vt 0 0
vt 0 0
vt 0 0
vt 0 0
vt 0 0
vt 0 0
vt 0 0
vt 0 0
vt 0 0
vt 0 0
vt 0 0
vt 0 0
vt 0 0
vt 0 0
vt 0 0
vt 0 0
vt 0 0
vt 0 0
vt 0 0
vt 0 0
vt 0 0
vt 0 0
vt 0 0
vt 0 0
vt 0 0
vt 0 0
vt 0 0
vt 0 0
vt 0 0
vt 0 0
vt 0 0
vt 0 0
vt 0 0
vt 0 0
vt 0 0
vt 0 0
vt 0 0
vt 0 0
vt 0 0
vt 0 0
vt 0 0
vt 0 0
vt 0 0
vt 0 0
vt 0 0
vt 0 0
vt 0 0
vt 0 0
vt 0 0
vt 0 0
vt 0 0
vt 0 0
vt 0 0
vt 0 0
vt 0 0
vt 0 0
vt 0 0
vt 0 0
vt 0 0
vt 0 0
vt 0 0
vt 0 0
vt 0 0
vt 0 0
vt 0 0
vt 0 0
vt 0 0
vt 0 0
vt 0 0
vt 0 0
vt 0 0
vt 0 0
vt 0 0
vt 0 0
vt 0 0
vt 0 0
vt 0 0
vt 0 0
vt 0 0
vt 0 0
vt 0 0
vt 0 0
vt 0 0
vt 0 0
vt 0 0
vt 0 0
vt 0 0
vt 0 0
vt 0 0
vt 0 0
vt 0 0
vt 0 0
vt 0 0
vt 0 0
vt 0 0
vt 0 0
vt 0 0
vt 0 0
vt 0 0
vt 0 0
vt 0 0
vt 0 0
vt 0 0
vt 0 0
vt 0 0
vt 0 0
vt 0 0
vt 0 0
vt 0 0
vt 0 0
vt 0 0
vt 0 0
vt 0 0
vt 0 0
vt 0 0
vt 0 0
vt 0 0
vt 0 0
vt 0 0
vt 0 0
vt 0 0
vt 0 0
vt 0 0
vt 0 0
vt 0 0
vt 0 0
vt 0 0
vt 0 0
vt 0 0
vt 0 0
vt 0 0
vt 0 0
vt 0 0
vt 0 0
vt 0 0
vt 0 0
vt 0 0
vt 0 0
vt 0 0
vt 0 0
vt 0 0
vt 0 0
vt 0 0
vt 0 0
vt 0 0
vt 0 0
vt 0 0
vt 0 0
vt 0 0
vt 0 0
vt 0 0
vt 0 0
vt 0 0
vt 0 0
vt 0 0
vt 0 0
vt 0 0
vt 0 0
vt 0 0
vt 0 0
vt 0 0
vt 0 0
vt 0 0
vt 0 0
vt 0 0
vt 0 0
vt 0 0
vt 0 0
vt 0 0
vt 0 0
vt 0 0
vt 0 0
vt 0 0
vt 0 0
vt 0 0
vt 0 0
vt 0 0
vt 0 0
vt 0 0
vt 0 0
vt 0 0
vt 0 0
vt 0 0
vt 0 0
vt 0 0
vt 0 0
vt 0 0
vt 0 0
vt 0 0
vt 0 0
vt 0 0
vt 0 0
vt 0 0
vt 0 0
vt 0 0
vt 0 0
vt 0 0
vt 0 0
vt 0 0
vt 0 0
vt 0 0
vt 0 0
vt 0 0
vt 0 0
vt 0 0
vt 0 0
vt 0 0
vt 0 0
vt 0 0
vt 0 0
vt 0 0
vt 0 0
vt 0 0
vt 0 0
vt 0 0
vt 0 0
vt 0 0
vt 0 0
vt 0 0
vt 0 0
vt 0 0
vt 0 0
vt 0 0
vt 0 0
vt 0 0
vt 0 0
vt 0 0
vt 0 0
vt 0 0
vt 0 0
vt 0 0
vt 0 0
vt 0 0
vt 0 0
vt 0 0
vt 0 0
vt 0 0
vt 0 0
vt 0 0
vt 0 0
vt 0 0
vt 0 0
vt 0 0
vt 0 0
vt 0 0
vt 0 0
vt 0 0
vt 0 0
vt 0 0
vt 0 0
vt 0 0
vt 0 0
vt 0 0
vt 0 0
vt 0 0
vt 0 0
vt 0 0
vt 0 0
vt 0 0
vt 0 0
vt 0 0
vt 0 0
vt 0 0
vt 0 0
vt 0 0
vt 0 0
vt 0 0
vt 0 0
vt 0 0
vt 0 0
vt 0 0
vt 0 0
vt 0 0
vt 0 0
vt 0 0
vt 0 0
vt 0 0
vt 0 0
vt 0 0
vt 0 0
vt 0 0
vt 0 0
vt 0 0
vt 0 0
vt 0 0
vt 0 0
vt 0 0
vt 0 0
vt 0 0
vt 0 0
vt 0 0
vt 0 0
vt 0 0
vt 0 0
vt 0 0
vt 0 0
vt 0 0
vt 0 0
vt 0 0
vt 0 0
vt 0 0
vt 0 0
vt 0 0
vt 0 0
vt 0 0
vt 0 0
vt 0 0
vt 0 0
vt 0 0
vt 0 0
vt 0 0
vt 0 0
vt 0 0
vt 0 0
vt 0 0
vt 0 0
vt 0 0
vt 0 0
vt 0 0
vt 0 0
vt 0 0
vt 0 0
vt 0 0
vt 0 0
vt 0 0
vt 0 0
vt 0 0
vt 0 0
vt 0 0
vt 0 0
vt 0 0
vt 0 0
vt 0 0
vt 0 0
vt 0 0
vt 0 0
vt 0 0
vt 0 0
vt 0 0
vt 0 0
vt 0 0
vt 0 0
vt 0 0
vt 0 0
vt 0 0
vt 0 0
vt 0 0
vt 0 0
vt 0 0
vt 0 0
vt 0 0
vt 0 0
vt 0 0
vt 0 0
vt 0 0
vt 0 0
vt 0 0
vt 0 0
vt 0 0
vt 0 0
vt 0 0
vt 0 0
vt 0 0
vt 0 0
vt 0 0
vt 0 0
vt 0 0
vt 0 0
vt 0 0
vt 0 0
vt 0 0
vt 0 0
vt 0 0
vt 0 0
vt 0 0
vt 0 0
vt 0 0
vt 0 0
vt 0 0
vt 0 0
vt 0 0
vt 0 0
vt 0 0
vt 0 0
vt 0 0
vt 0 0
vt 0 0
vt 0 0
vt 0 0
vt 0 0
vt 0 0
vt 0 0
vt 0 0
vt 0 0
vt 0 0
vt 0 0
vt 0 0
vt 0 0
vt 0 0
vt 0 0
vt 0 0
vt 0 0
vt 0 0
vt 0 0
vt 0 0
vt 0 0
vt 0 0
vt 0 0
vt 0 0
vt 0 0
vt 0 0
vt 0 0
vt 0 0
vt 0 0
vt 0 0
vt 0 0
vt 0 0
vt 0 0
vt 0 0
vt 0 0
vt 0 0
vt 0 0
vt 0 0
vt 0 0
vt 0 0
vt 0 0
vt 0 0
vt 0 0
vt 0 0
vt 0 0
vt 0 0
vt 0 0
vt 0 0
vt 0 0
vt 0 0
vt 0 0
vt 0 0
vt 0 0
vt 0 0
vt 0 0
vt 0 0
vt 0 0
vt 0 0
vt 0 0
vt 0 0
vt 0 0
vt 0 0
vt 0 0
vt 0 0
vt 0 0
vt 0 0
vt 0 0
vt 0 0
vt 0 0
vt 0 0
vt 0 0
vt 0 0
vt 0 0
vt 0 0
vt 0 0
vt 0 0
vt 0 0
vt 0 0
vt 0 0
vt 0 0
vt 0 0
vt 0 0
vt 0 0
vt 0 0
vt 0 0
vt 0 0
vt 0 0
vt 0 0
vt 0 0
vt 0 0
vt 0 0
vt 0 0
vt 0 0
vt 0 0
vt 0 0
vt 0 0
vt 0 0
vt 0 0
vt 0 0
vt 0 0
vt 0 0
vt 0 0
vt 0 0
vt 0 0
vt 0 0
vt 0 0
vt 0 0
vt 0 0
vt 0 0
vt 0 0
vt 0 0
vt 0 0
vt 0 0
vt 0 0
vt 0 0
vt 0 0
vt 0 0
vt 0 0
vt 0 0
vt 0 0
vt 0 0
vt 0 0
vt 0 0
vt 0 0
vt 0 0
vt 0 0
vt 0 0
vt 0 0
vt 0 0
vt 0 0
vt 0 0
vt 0 0
vt 0 0
vt 0 0
vt 0 0
vt 0 0
vt 0 0
vt 0 0
vt 0 0
vt 0 0
vt 0 0
vt 0 0
vt 0 0
vt 0 0
vt 0 0
vt 0 0
vt 0 0
vt 0 0
vt 0 0
vt 0 0
vt 0 0
vt 0 0
vt 0 0
vt 0 0
vt 0 0
vt 0 0
vt 0 0
vt 0 0
vt 0 0
vt 0 0
vt 0 0
vt 0 0
vt 0 0
vt 0 0
vt 0 0
vt 0 0
vt 0 0
vt 0 0
vt 0 0
vt 0 0
vt 0 0
vt 0 0
vt 0 0
vt 0 0
vt 0 0
vt 0 0
vt 0 0
vt 0 0
vt 0 0
vt 0 0
vt 0 0
vt 0 0
vt 0 0
vt 0 0
vt 0 0
vt 0 0
vt 0 0
vt 0 0
vt 0 0
vt 0 0
vt 0 0
vt 0 0
vt 0 0
vt 0 0
vt 0 0
vt 0 0
vt 0 0
vt 0 0
vt 0 0
vt 0 0
vt 0 0
vt 0 0
vt 0 0
vt 0 0
vt 0 0
vt 0 0
vt 0 0
vt 0 0
vt 0 0
vn -1 0 0
vn -1 0 0
vn -1 0 0
vn -1 0 0
vn -1 0 0
vn -1 0 0
vn -1 0 0
vn -1 0 0
vn -1 0 0
vn -1 0 0
vn -1 0 0
vn -1 0 0
vn -1 0 0
vn -1 0 0
vn -1 0 0
vn -1 0 0
vn -1 0 0
vn -1 0 0
vn -1 0 0
vn -1 0 0
vn -1 0 0
vn -1 0 0
vn -1 0 0
vn -1 0 0
vn -0.7546425279756801 -0.60260995961988 -0.25956866439807746
vn -0.7560294363025818 -0.5822703600166645 0.29896608384574996
vn -0.7546425279756801 -0.60260995961988 0.25956866439807746
vn -0.7245302342047484 -0.24430405330415675 0.6444931879099828
vn -0.7546425279756801 -0.60260995961988 0.25956866439807746
vn -0.7560294363025818 -0.5822703600166645 0.29896608384574996
vn -0.7560294363025818 -0.5822703600166645 0.29896608384574996
vn -0.7546425279756801 -0.60260995961988 -0.25956866439807746
vn -0.7560294363025818 -0.5822703600166645 -0.29896608384574996
vn -0.7546425279756801 -0.60260995961988 0.25956866439807746
vn -0.7245302342047484 -0.24430405330415675 0.6444931879099828
vn -0.7191490288101929 -0.21041584981955544 0.6622309600932822
vn -0.6635962879374815 0 0.7480908812675069
vn -0.7191490288101929 -0.21041584981955544 0.6622309600932822
vn -0.7245302342047484 -0.24430405330415675 0.6444931879099828
vn -0.7191490288101929 -0.21041584981955544 0.6622309600932822
vn -0.6635962879374815 0 0.7480908812675069
vn -0.6635962879374815 0 0.7480908812675069
vn -0.7546425279756801 -0.60260995961988 -0.25956866439807746
vn -0.7245302342047484 -0.24430405330415675 -0.6444931879099828
vn -0.7560294363025818 -0.5822703600166645 -0.29896608384574996
vn -0.7245302342047484 -0.24430405330415675 -0.6444931879099828
vn -0.7546425279756801 -0.60260995961988 -0.25956866439807746
vn -0.7191490288101929 -0.21041584981955544 -0.6622309600932822
vn -0.7245302342047484 -0.24430405330415675 -0.6444931879099828
vn -0.7191490288101929 -0.21041584981955544 -0.6622309600932822
vn -0.6635962879374815 0 -0.7480908812675069
vn -0.6635962879374815 0 -0.7480908812675069
vn -0.6635962879374815 0 -0.7480908812675069
vn -0.7191490288101929 -0.21041584981955544 -0.6622309600932822
vn -0.7485716370001195 0.4758589524103614 -0.4617345142935219
vn -0.7541034838477633 0.6177329956336316 -0.2230109453685313
vn -0.7576895771978077 0.5933797231955342 -0.271674453539891
vn -0.7576895771978077 0.5933797231955342 -0.271674453539891
vn -0.7485716370001195 0.4758589524103614 -0.4617345142935219
vn -0.7485716370001195 0.4758589524103614 -0.4617345142935219
vn -0.7541034838477633 0.6177329956336316 0.2230109453685313
vn -0.7576895771978077 0.5933797231955342 -0.271674453539891
vn -0.7541034838477633 0.6177329956336316 -0.2230109453685313
vn -0.7576895771978077 0.5933797231955342 -0.271674453539891
vn -0.7541034838477633 0.6177329956336316 0.2230109453685313
vn -0.7576895771978077 0.5933797231955342 0.271674453539891
vn -0.7485716370001195 0.4758589524103614 0.4617345142935219
vn -0.7576895771978077 0.5933797231955342 0.271674453539891
vn -0.7541034838477633 0.6177329956336316 0.2230109453685313
vn -0.7576895771978077 0.5933797231955342 0.271674453539891
vn -0.7485716370001195 0.4758589524103614 0.4617345142935219
vn -0.7485716370001195 0.4758589524103614 0.4617345142935219
vn -0.666676846322642 0 -0.7453468874137036
vn -0.666676846322642 0 -0.7453468874137036
vn -0.666676846322642 0 -0.7453468874137036
vn -0.666676846322642 0 -0.7453468874137036
vn -0.666676846322642 0 -0.7453468874137036
vn -0.666676846322642 0 -0.7453468874137036
vn -0.666676846322642 0 0.7453468874137036
vn -0.666676846322642 0 0.7453468874137036
vn -0.666676846322642 0 0.7453468874137036
vn -0.666676846322642 0 0.7453468874137036
vn -0.666676846322642 0 0.7453468874137036
vn -0.666676846322642 0 0.7453468874137036
vn 1 0 0
vn 1 0 0
vn 1 0 0
vn 1 0 0
vn 1 0 0
vn 1 0 0
vn 1 0 0
vn 1 0 0
vn 1 0 0
vn 1 0 0
vn 1 0 0
vn 1 0 0
vn 1 0 0
vn 1 0 0
vn 1 0 0
vn 1 0 0
vn 1 0 0
vn 1 0 0
vn 1 0 0
vn 1 0 0
vn 1 0 0
vn 1 0 0
vn 1 0 0
vn 1 0 0
vn 1 0 0
vn 1 0 0
vn 1 0 0
vn 1 0 0
vn 1 0 0
vn 1 0 0
vn 1 0 0
vn 1 0 0
vn 1 0 0
vn 1 0 0
vn 1 0 0
vn 1 0 0
vn 1 0 0
vn 1 0 0
vn 1 0 0
vn 1 0 0
vn 1 0 0
vn 1 0 0
vn 1 0 0
vn 1 0 0
vn 1 0 0
vn 1 0 0
vn 1 0 0
vn 1 0 0
vn 1 0 0
vn 1 0 0
vn 1 0 0
vn 1 0 0
vn 1 0 0
vn 1 0 0
vn 1 0 0
vn 1 0 0
vn 1 0 0
vn 1 0 0
vn 1 0 0
vn 1 0 0
vn 1 0 0
vn 1 0 0
vn 1 0 0
vn 1 0 0
vn 1 0 0
vn 1 0 0
vn 1 0 0
vn 1 0 0
vn 1 0 0
vn 1 0 0
vn 1 0 0
vn 1 0 0
vn -0.5207253719264167 0.8537242453111514 0
vn -0.5207253719264167 0.8537242453111514 0
vn -0.5207253719264167 0.8537242453111514 0
vn -0.5207253719264167 0.8537242453111514 0
vn -0.5207253719264167 0.8537242453111514 0
vn -0.5207253719264167 0.8537242453111514 0
vn 0.5553281418344933 0.7772645133609845 0.2957541735231488
vn 0.5553281418344933 0.7772645133609845 -0.2957541735231488
vn 0.5582204548979549 0.7569880821103109 -0.33964535515221406
vn 0.5317601772769752 0.29583708165060935 -0.7935436566332129
vn 0.5582204548979549 0.7569880821103109 -0.33964535515221406
vn 0.5553281418344933 0.7772645133609845 -0.2957541735231488
vn 0.5582204548979549 0.7569880821103109 -0.33964535515221406
vn 0.5582204548979549 0.7569880821103109 0.33964535515221406
vn 0.5553281418344933 0.7772645133609845 0.2957541735231488
vn 0.5582204548979549 0.7569880821103109 -0.33964535515221406
vn 0.5317601772769752 0.29583708165060935 -0.7935436566332129
vn 0.5371162188377319 0.33103906218491175 -0.7758345872473023
vn 0.5317601772769752 0.29583708165060935 -0.7935436566332129
vn 0.4589407507335478 0 -0.888466874630747
vn 0.5371162188377319 0.33103906218491175 -0.7758345872473023
vn 0.4589407507335478 0 -0.888466874630747
vn 0.5317601772769752 0.29583708165060935 -0.7935436566332129
vn 0.4589407507335478 0 -0.888466874630747
vn 0.5553281418344933 0.7772645133609845 0.2957541735231488
vn 0.5582204548979549 0.7569880821103109 0.33964535515221406
vn 0.5317601772769752 0.29583708165060935 0.7935436566332129
vn 0.5371162188377319 0.33103906218491175 0.7758345872473023
vn 0.5317601772769752 0.29583708165060935 0.7935436566332129
vn 0.5582204548979549 0.7569880821103109 0.33964535515221406
vn 0.4589407507335478 0 0.888466874630747
vn 0.5317601772769752 0.29583708165060935 0.7935436566332129
vn 0.5371162188377319 0.33103906218491175 0.7758345872473023
vn 0.5317601772769752 0.29583708165060935 0.7935436566332129
vn 0.4589407507335478 0 0.888466874630747
vn 0.4589407507335478 0 0.888466874630747
vn 0.5665505588578863 -0.7346525006427866 0.3732374144658026
vn 0.517709901774028 -0.26526149302581187 0.8133958433154446
vn 0.5677620791671766 -0.7123501849286152 0.4125571905711167
vn 0.517709901774028 -0.26526149302581187 0.8133958433154446
vn 0.5665505588578863 -0.7346525006427866 0.3732374144658026
vn 0.5122266683968518 -0.23090195869533914 0.8272291856878101
vn 0.5122266683968518 -0.23090195869533914 0.8272291856878101
vn 0.4589407507335478 0 0.888466874630747
vn 0.517709901774028 -0.26526149302581187 0.8133958433154446
vn 0.4589407507335478 0 0.888466874630747
vn 0.5122266683968518 -0.23090195869533914 0.8272291856878101
vn 0.4589407507335478 0 0.888466874630747
vn 0.5677620791671766 -0.7123501849286152 0.4125571905711167
vn 0.5665505588578863 -0.7346525006427866 -0.3732374144658026
vn 0.5665505588578863 -0.7346525006427866 0.3732374144658026
vn 0.5665505588578863 -0.7346525006427866 -0.3732374144658026
vn 0.5677620791671766 -0.7123501849286152 0.4125571905711167
vn 0.5677620791671766 -0.7123501849286152 -0.4125571905711167
vn 0.517709901774028 -0.26526149302581187 -0.8133958433154446
vn 0.5665505588578863 -0.7346525006427866 -0.3732374144658026
vn 0.5677620791671766 -0.7123501849286152 -0.4125571905711167
vn 0.5665505588578863 -0.7346525006427866 -0.3732374144658026
vn 0.517709901774028 -0.26526149302581187 -0.8133958433154446
vn 0.5122266683968518 -0.23090195869533914 -0.8272291856878101
vn 0.4589407507335478 0 -0.888466874630747
vn 0.5122266683968518 -0.23090195869533914 -0.8272291856878101
vn 0.517709901774028 -0.26526149302581187 -0.8133958433154446
vn 0.5122266683968518 -0.23090195869533914 -0.8272291856878101
vn 0.4589407507335478 0 -0.888466874630747
vn 0.4589407507335478 0 -0.888466874630747
vn 0.46047352023831095 0 -0.8876734406071514
vn 0.46047352023831095 0 -0.8876734406071514
vn 0.46047352023831095 0 -0.8876734406071514
vn 0.46047352023831095 0 -0.8876734406071514
vn 0.46047352023831095 0 -0.8876734406071514
vn 0.46047352023831095 0 -0.8876734406071514
vn 0.46047352023831095 0 0.8876734406071514
vn 0.46047352023831095 0 0.8876734406071514
vn 0.46047352023831095 0 0.8876734406071514
vn 0.46047352023831095 0 0.8876734406071514
vn 0.46047352023831095 0 0.8876734406071514
vn 0.46047352023831095 0 0.8876734406071514
vn -0.7779498658121058 -0.628326353325186 0
vn -0.7779498658121058 -0.628326353325186 0
vn -0.7779498658121058 -0.628326353325186 0
vn -0.7779498658121058 -0.628326353325186 0
vn -0.7779498658121058 -0.628326353325186 0
vn -0.7779498658121058 -0.628326353325186 0
vn -0.7779498658121058 -0.628326353325186 0
vn -0.7779498658121058 -0.628326353325186 0
vn -0.7779498658121058 -0.628326353325186 0
vn -0.7779498658121058 -0.628326353325186 0
vn -0.7779498658121058 -0.628326353325186 0
vn -0.7779498658121058 -0.628326353325186 0
vn -0.7615778482952603 -0.6480734379574289 0
vn -0.7615778482952603 -0.6480734379574289 0
vn -0.7615778482952603 -0.6480734379574289 0
vn -0.7615778482952603 -0.6480734379574289 0
vn -0.7615778482952603 -0.6480734379574289 0
vn -0.7615778482952603 -0.6480734379574289 0
vn -0.7467186457959886 0.6651400333919204 0
vn -0.7467186457959886 0.6651400333919204 0
vn -0.7467186457959886 0.6651400333919204 0
vn -0.7467186457959886 0.6651400333919204 0
vn -0.7467186457959886 0.6651400333919204 0
vn -0.7467186457959886 0.6651400333919204 0
vn -0.8902905721280188 0.45539290418271255 0
vn -0.8902905721280188 0.45539290418271255 0
vn -0.8902905721280188 0.45539290418271255 0
vn -0.8902905721280188 0.45539290418271255 0
vn -0.8902905721280188 0.45539290418271255 0
vn -0.8902905721280188 0.45539290418271255 0
vn -0.32716666851961584 -0.9449666507394722 0
vn -0.32716666851961584 -0.9449666507394722 0
vn -0.32716666851961584 -0.9449666507394722 0
vn -0.32716666851961584 -0.9449666507394722 0
vn -0.32716666851961584 -0.9449666507394722 0
vn -0.32716666851961584 -0.9449666507394722 0
vn 0 0.7176983447631261 -0.6963541382976546
vn 0 0.7176983447631261 -0.6963541382976546
vn 0 0.7176983447631261 -0.6963541382976546
vn 0 0.7176983447631261 -0.6963541382976546
vn 0 0.7176983447631261 -0.6963541382976546
vn 0 0.7176983447631261 -0.6963541382976546
vn 0 0.7176983447631261 -0.6963541382976546
vn 0 0.7176983447631261 -0.6963541382976546
vn 0 0.7176983447631261 -0.6963541382976546
vn 0 0.7176983447631261 0.6963541382976546
vn 0 0.7176983447631261 0.6963541382976546
vn 0 0.7176983447631261 0.6963541382976546
vn 0 0.7176983447631261 0.6963541382976546
vn 0 0.7176983447631261 0.6963541382976546
vn 0 0.7176983447631261 0.6963541382976546
vn 0 0.7176983447631261 0.6963541382976546
vn 0 0.7176983447631261 0.6963541382976546
vn 0 0.7176983447631261 0.6963541382976546
vn 0 -0.572123111413326 -0.8201677544177991
vn 0 -0.572123111413326 -0.8201677544177991
vn 0 -0.572123111413326 -0.8201677544177991
vn 0 -0.572123111413326 -0.8201677544177991
vn 0 -0.572123111413326 -0.8201677544177991
vn 0 -0.572123111413326 -0.8201677544177991
vn 0 -0.572123111413326 0.8201677544177991
vn 0 -0.572123111413326 0.8201677544177991
vn 0 -0.572123111413326 0.8201677544177991
vn 0 -0.572123111413326 0.8201677544177991
vn 0 -0.572123111413326 0.8201677544177991
vn 0 -0.572123111413326 0.8201677544177991
vn 0 -0.6487207868664117 -0.7610265045893104
vn 0 -0.6487207868664117 -0.7610265045893104
vn 0 -0.6487207868664117 -0.7610265045893104
vn 0 -0.6487207868664117 -0.7610265045893104
vn 0 -0.6487207868664117 -0.7610265045893104
vn 0 -0.6487207868664117 -0.7610265045893104
vn 0 -0.6487207868664117 -0.7610265045893104
vn 0 -0.6487207868664117 -0.7610265045893104
vn 0 -0.6487207868664117 -0.7610265045893104
vn 0 -0.6487207868664117 -0.7610265045893104
vn 0 -0.6487207868664117 -0.7610265045893104
vn 0 -0.6487207868664117 -0.7610265045893104
vn 0 -0.6487207868664117 0.7610265045893104
vn 0 -0.6487207868664117 0.7610265045893104
vn 0 -0.6487207868664117 0.7610265045893104
vn 0 -0.6487207868664117 0.7610265045893104
vn 0 -0.6487207868664117 0.7610265045893104
vn 0 -0.6487207868664117 0.7610265045893104
vn 0 -0.6487207868664117 0.7610265045893104
vn 0 -0.6487207868664117 0.7610265045893104
vn 0 -0.6487207868664117 0.7610265045893104
vn 0 -0.6487207868664117 0.7610265045893104
vn 0 -0.6487207868664117 0.7610265045893104
vn 0 -0.6487207868664117 0.7610265045893104
vn 0 1 0
vn 0 1 0
vn 0 1 0
vn 0 1 0
vn 0 1 0
vn 0 1 0
vn 0 1 0
vn 0 1 0
vn 0 1 0
vn 0 1 0
vn 0 1 0
vn 0 1 0
vn 0 1 0
vn 0 1 0
vn 0 1 0
vn 0 1 0
vn 0 1 0
vn 0 1 0
vn 0 1 0
vn 0 1 0
vn 0 1 0
vn 0 1 0
vn 0 1 0
vn 0 1 0
vn 0 0 -1
vn 0 0 -1
vn 0 0 -1
vn 0 0 -1
vn 0 0 -1
vn 0 0 -1
vn 0 0 -1
vn 0 0 -1
vn 0 0 -1
vn 0 0 -1
vn 0 0 -1
vn 0 0 -1
vn 0 0 -1
vn 0 0 -1
vn 0 0 -1
vn 0 0 -1
vn 0 0 -1
vn 0 0 -1
vn 0 0 -1
vn 0 0 -1
vn 0 0 -1
vn 0 0 -1
vn 0 0 -1
vn 0 0 -1
vn 0 0 -1
vn 0 0 -1
vn 0 0 -1
vn 0 0 1
vn 0 0 1
vn 0 0 1
vn 0 0 1
vn 0 0 1
vn 0 0 1
vn 0 0 1
vn 0 0 1
vn 0 0 1
vn 0 0 1
vn 0 0 1
vn 0 0 1
vn 0 0 1
vn 0 0 1
vn 0 0 1
vn 0 0 1
vn 0 0 1
vn 0 0 1
vn 0 0 1
vn 0 0 1
vn 0 0 1
vn 0 0 1
vn 0 0 1
vn 0 0 1
vn 0 0 1
vn 0 0 1
vn 0 0 1
vn 0 0 -1
vn 0 0 -1
vn 0 0 -1
vn 0 0 -1
vn 0 0 -1
vn 0 0 -1
vn 0 0 -1
vn 0 0 -1
vn 0 0 -1
vn 0 0 -1
vn 0 0 -1
vn 0 0 -1
vn 0 0 -1
vn 0 0 -1
vn 0 0 -1
vn 0 0 -1
vn 0 0 -1
vn 0 0 -1
vn 0 0 -1
vn 0 0 -1
vn 0 0 -1
vn 0 0 -1
vn 0 0 -1
vn 0 0 -1
vn 0 0 -1
vn 0 0 -1
vn 0 0 -1
vn 0 0 -1
vn 0 0 -1
vn 0 0 -1
vn 0 0 -1
vn 0 0 -1
vn 0 0 -1
vn 0 0 -1
vn 0 0 -1
vn 0 0 -1
vn 0 0 -1
vn 0 0 -1
vn 0 0 -1
vn 0 0 -1
vn 0 0 -1
vn 0 0 -1
vn 0 0 -1
vn 0 0 -1
vn 0 0 -1
vn 0 0 -1
vn 0 0 -1
vn 0 0 -1
vn 0 0 -1
vn 0 0 -1
vn 0 0 -1
vn 0 0 -1
vn 0 0 -1
vn 0 0 -1
vn 0 0 -1
vn 0 0 -1
vn 0 0 -1
vn 0 0 -1
vn 0 0 -1
vn 0 0 -1
vn 0 0 -1
vn 0 0 -1
vn 0 0 -1
vn 0 0 -1
vn 0 0 -1
vn 0 0 -1
vn 0 0 -1
vn 0 0 -1
vn 0 0 -1
vn 0 0 -1
vn 0 0 -1
vn 0 0 -1
vn 0 0 -1
vn 0 0 -1
vn 0 0 -1
vn 0 0 -1
vn 0 0 -1
vn 0 0 -1
vn 0 0 1
vn 0 0 1
vn 0 0 1
vn 0 0 1
vn 0 0 1
vn 0 0 1
vn 0 0 1
vn 0 0 1
vn 0 0 1
vn 0 0 1
vn 0 0 1
vn 0 0 1
vn 0 0 1
vn 0 0 1
vn 0 0 1
vn 0 0 1
vn 0 0 1
vn 0 0 1
vn 0 0 1
vn 0 0 1
vn 0 0 1
vn 0 0 1
vn 0 0 1
vn 0 0 1
vn 0 0 1
vn 0 0 1
vn 0 0 1
vn 0 0 1
vn 0 0 1
vn 0 0 1
vn 0 0 1
vn 0 0 1
vn 0 0 1
vn 0 0 1
vn 0 0 1
vn 0 0 1
vn 0 0 1
vn 0 0 1
vn 0 0 1
vn 0 0 1
vn 0 0 1
vn 0 0 1
vn 0 0 1
vn 0 0 1
vn 0 0 1
vn 0 0 1
vn 0 0 1
vn 0 0 1
vn 0 0 1
vn 0 0 1
vn 0 0 1
vn 0 0 1
vn 0 0 1
vn 0 0 1
vn 0 0 1
vn 0 0 1
vn 0 0 1
vn 0 0 1
vn 0 0 1
vn 0 0 1
vn 0 0 1
vn 0 0 1
vn 0 0 1
vn 0 0 1
vn 0 0 1
vn 0 0 1
vn 0 0 1
vn 0 0 1
vn 0 0 1
vn 0 0 1
vn 0 0 1
vn 0 0 1
vn 0 0 1
vn 0 0 1
vn 0 0 1
vn 0 0 1
vn 0 0 1
vn 0 0 1
vn 0 0 1
vn 0 0 1
vn 0 0 1
vn 0 -1 0
vn 0 -1 0
vn 0 -1 0
vn 0 -1 0
vn 0 -1 0
vn 0 -1 0
vn 0 -1 0
vn 0 -1 0
vn 0 -1 0
vn 0 -1 0
vn 0 -1 0
vn 0 -1 0
vn 0 -1 0
vn 0 -1 0
vn 0 -1 0
vn 0 -1 0
vn 0 -1 0
vn 0 -1 0
vn -0.6813219849789393 -0.7319838473520832 0
vn -0.6813219849789393 -0.7319838473520832 0
vn -0.6813219849789393 -0.7319838473520832 0
vn -0.6813219849789393 -0.7319838473520832 0
vn -0.6813219849789393 -0.7319838473520832 0
vn -0.6813219849789393 -0.7319838473520832 0
vn 0 1 0
vn 0 1 0
vn 0 1 0
vn 0 1 0
vn 0 1 0
vn 0 1 0
vn 0.20873317171336597 0.9779726289761276 0
vn 0.20873317171336597 0.9779726289761276 0
vn 0.20873317171336597 0.9779726289761276 0
vn 0.20873317171336597 0.9779726289761276 0
vn 0.20873317171336597 0.9779726289761276 0
vn 0.20873317171336597 0.9779726289761276 0
vn 0.20873317171336597 0.9779726289761276 0
vn 0.20873317171336597 0.9779726289761276 0
vn 0.20873317171336597 0.9779726289761276 0
vn 0.20873317171336597 0.9779726289761276 0
vn 0.20873317171336597 0.9779726289761276 0
vn 0.20873317171336597 0.9779726289761276 0
vn 0.9081111989578144 0.41872908942107306 0
vn 0.9081111989578144 0.41872908942107306 0
vn 0.9081111989578144 0.41872908942107306 0
vn 0.9081111989578144 0.41872908942107306 0
vn 0.9081111989578144 0.41872908942107306 0
vn 0.9081111989578144 0.41872908942107306 0
vn 0 1 0
vn 0 1 0
vn 0 1 0
vn 0 1 0
vn 0 1 0
vn 0 1 0
vn 0 1 0
vn 0 1 0
vn 0 1 0
vn 0 1 0
vn 0 1 0
vn 0 1 0
vn 0.6723271480159123 -0.7402541496275381 0
vn 0.4349182025932267 -0.15775308461690074 0.8865439195815004
vn 0.6723271480159123 -0.7402541496275381 0
vn 0.6723271480159123 -0.7402541496275381 0
vn 0.4349182025932267 -0.15775308461690074 0.8865439195815004
vn 0.29474293139412633 -0.5214333333994314 0.8007708056698588
vn 0.29474293139412633 -0.5214333333994314 0.8007708056698588
vn 0.4349182025932267 -0.15775308461690074 0.8865439195815004
vn 0 0.34059216947134047 0.9402111327222229
vn 0 0.34059216947134047 0.9402111327222229
vn 0 0.34059216947134047 0.9402111327222229
vn 0.4349182025932267 -0.15775308461690074 0.8865439195815004
vn 0 0.34059216947134047 0.9402111327222229
vn 0.7683636727104407 -0.32289933436638757 0.5525878087007229
vn 0.29474293139412633 -0.5214333333994314 0.8007708056698588
vn 0.7683636727104407 -0.32289933436638757 0.5525878087007229
vn 0 -1 0
vn 0.29474293139412633 -0.5214333333994314 0.8007708056698588
vn 0.7683636727104407 -0.32289933436638757 0.5525878087007229
vn 0 0.34059216947134047 0.9402111327222229
vn 0.6171910404355464 0.2679424213847436 0.7397851569398836
vn 0 -1 0
vn 0.7683636727104407 -0.32289933436638757 0.5525878087007229
vn 0 -1 0
vn 0.6171910404355464 0.2679424213847436 0.7397851569398836
vn 0.6171910404355464 0.2679424213847436 -0.7397851569398836
vn 0.7683636727104407 -0.32289933436638757 0.5525878087007229
vn 0.7683636727104407 -0.32289933436638757 -0.5525878087007229
vn 0 -1 0
vn 0.7683636727104407 -0.32289933436638757 0.5525878087007229
vn 0.7683636727104407 -0.32289933436638757 0.5525878087007229
vn 0.6171910404355464 0.2679424213847436 -0.7397851569398836
vn 0.7683636727104407 -0.32289933436638757 -0.5525878087007229
vn 0 -1 0
vn 0.7683636727104407 -0.32289933436638757 -0.5525878087007229
vn 0 -1 0
vn 0.7683636727104407 -0.32289933436638757 -0.5525878087007229
vn 0 -1 0
vn 0 -1 0
vn 0 0.34059216947134047 -0.9402111327222229
vn 0.7683636727104407 -0.32289933436638757 -0.5525878087007229
vn 0.6171910404355464 0.2679424213847436 -0.7397851569398836
vn 0.29474293139412633 -0.5214333333994314 -0.8007708056698588
vn 0 -1 0
vn 0.7683636727104407 -0.32289933436638757 -0.5525878087007229
vn 0.7683636727104407 -0.32289933436638757 -0.5525878087007229
vn 0 0.34059216947134047 -0.9402111327222229
vn 0.29474293139412633 -0.5214333333994314 -0.8007708056698588
vn 0.4349182025932267 -0.15775308461690074 -0.8865439195815004
vn 0.29474293139412633 -0.5214333333994314 -0.8007708056698588
vn 0 0.34059216947134047 -0.9402111327222229
vn 0.4349182025932267 -0.15775308461690074 -0.8865439195815004
vn 0.6723271480159123 -0.7402541496275381 0
vn 0.29474293139412633 -0.5214333333994314 -0.8007708056698588
vn 0.6723271480159123 -0.7402541496275381 0
vn 0.4349182025932267 -0.15775308461690074 -0.8865439195815004
vn 0.6723271480159123 -0.7402541496275381 0
vn 0 0.34059216947134047 -0.9402111327222229
vn 0 0.34059216947134047 -0.9402111327222229
vn 0.4349182025932267 -0.15775308461690074 -0.8865439195815004
vn 0 0.34059216947134047 -0.9402111327222229
vn 0.6406271827367598 0 -0.7678520773812897
vn 0.4349182025932267 -0.15775308461690074 -0.8865439195815004
vn 0.6406271827367598 0 -0.7678520773812897
vn 0 0.34059216947134047 -0.9402111327222229
vn 0.6736865476115675 0.25169939190696383 -0.6948336863457844
vn 0.6406271827367598 0 -0.7678520773812897
vn 0 0 -1
vn 0.4349182025932267 -0.15775308461690074 -0.8865439195815004
vn 0.4349182025932267 -0.15775308461690074 -0.8865439195815004
vn 0 0 -1
vn 0 0.34059216947134047 -0.9402111327222229
vn 0 0.14079499823076908 -0.9900387711969658
vn 0 0 -1
vn 0.6406271827367598 0 -0.7678520773812897
vn 0 0 -1
vn 0 0.14079499823076908 -0.9900387711969658
vn 0 -0.34059216947134047 -0.9402111327222229
vn 0.7683636727104407 0.32289933436638757 -0.5525878087007229
vn 0.6406271827367598 0 -0.7678520773812897
vn 0.6736865476115675 0.25169939190696383 -0.6948336863457844
vn 0 0.14079499823076908 -0.9900387711969658
vn 0.6406271827367598 0 -0.7678520773812897
vn 0.7683636727104407 0.32289933436638757 -0.5525878087007229
vn 0.7683636727104407 0.32289933436638757 -0.5525878087007229
vn 0 1 0
vn 0 0.14079499823076908 -0.9900387711969658
vn 0.6736865476115675 0.25169939190696383 0.6948336863457844
vn 0.7683636727104407 0.32289933436638757 -0.5525878087007229
vn 0.6736865476115675 0.25169939190696383 -0.6948336863457844
vn 0 1 0
vn 0.7683636727104407 0.32289933436638757 -0.5525878087007229
vn 0 1 0
vn 0.7683636727104407 0.32289933436638757 0.5525878087007229
vn 0 1 0
vn 0.7683636727104407 0.32289933436638757 -0.5525878087007229
vn 0.7683636727104407 0.32289933436638757 -0.5525878087007229
vn 0.6736865476115675 0.25169939190696383 0.6948336863457844
vn 0.7683636727104407 0.32289933436638757 0.5525878087007229
vn 0 1 0
vn 0.7683636727104407 0.32289933436638757 0.5525878087007229
vn 0 1 0
vn 0 1 0
vn 0 1 0
vn 0.7683636727104407 0.32289933436638757 0.5525878087007229
vn 0 1 0
vn 0.7683636727104407 0.32289933436638757 0.5525878087007229
vn 0 0.14079499823076908 0.9900387711969658
vn 0.7683636727104407 0.32289933436638757 0.5525878087007229
vn 0.6736865476115675 0.25169939190696383 0.6948336863457844
vn 0.6406271827367598 0 0.7678520773812897
vn 0.6406271827367598 0 0.7678520773812897
vn 0 0.14079499823076908 0.9900387711969658
vn 0.7683636727104407 0.32289933436638757 0.5525878087007229
vn 0 0.34059216947134047 0.9402111327222229
vn 0.6406271827367598 0 0.7678520773812897
vn 0.6736865476115675 0.25169939190696383 0.6948336863457844
vn 0.6406271827367598 0 0.7678520773812897
vn 0 0.34059216947134047 0.9402111327222229
vn 0.4349182025932267 -0.15775308461690074 0.8865439195815004
vn 0 0.14079499823076908 0.9900387711969658
vn 0.6406271827367598 0 0.7678520773812897
vn 0 0 1
vn 0.6406271827367598 0 0.7678520773812897
vn 0.4349182025932267 -0.15775308461690074 0.8865439195815004
vn 0 0 1
vn 0 0 1
vn 0 -0.34059216947134047 0.9402111327222229
vn 0 0.14079499823076908 0.9900387711969658
vn 0.4349182025932267 -0.15775308461690074 0.8865439195815004
vn 0 0.34059216947134047 0.9402111327222229
vn 0 0 1
vn 0 -1 0
vn 0 -1 0
vn 0 -1 0
vn 0 -1 0
vn 0 -1 0
vn 0 -1 0
vn 0 -1 0
vn 0 -1 0
vn 0 -1 0
vn 0 -1 0
vn 0 -1 0
vn 0 -1 0
vn 0 -1 0
vn 0 -1 0
vn 0 -1 0
vn 0 -1 0
vn 0 -1 0
vn 0 -1 0
vn 0.08323672290745336 -0.9965298028456688 0
vn 0.08323672290745336 -0.9965298028456688 0
vn 0.08323672290745336 -0.9965298028456688 0
vn 0.08323672290745336 -0.9965298028456688 0
vn 0.08323672290745336 -0.9965298028456688 0
vn 0.08323672290745336 -0.9965298028456688 0
vn 0.08323672290745336 -0.9965298028456688 0
vn 0.08323672290745336 -0.9965298028456688 0
vn 0.08323672290745336 -0.9965298028456688 0
vn 0.08323672290745336 -0.9965298028456688 0
vn 0.08323672290745336 -0.9965298028456688 0
vn 0.08323672290745336 -0.9965298028456688 0
vn 0 -1 0
vn 0 -1 0
vn 0 -1 0
vn 0 -1 0
vn 0 -1 0
vn 0 -1 0
vn 0 0.341051389077597 -0.9400446531991136
vn 0 0.341051389077597 -0.9400446531991136
vn 0 0.341051389077597 -0.9400446531991136
vn 0 0.341051389077597 -0.9400446531991136
vn 0 0.341051389077597 -0.9400446531991136
vn 0 0.341051389077597 -0.9400446531991136
vn 0 0.341051389077597 0.9400446531991136
vn 0 0.341051389077597 0.9400446531991136
vn 0 0.341051389077597 0.9400446531991136
vn 0 0.341051389077597 0.9400446531991136
vn 0 0.341051389077597 0.9400446531991136
vn 0 0.341051389077597 0.9400446531991136
vn 0.7908382240397143 0.6120252473531714 0
vn 0.7908382240397143 0.6120252473531714 0
vn 0.7908382240397143 0.6120252473531714 0
vn 0.7908382240397143 0.6120252473531714 0
vn 0.7908382240397143 0.6120252473531714 0
vn 0.7908382240397143 0.6120252473531714 0
vn 0.7908382240397143 0.6120252473531714 0
vn 0.7908382240397143 0.6120252473531714 0
vn 0.7908382240397143 0.6120252473531714 0
vn 0.7908382240397143 0.6120252473531714 0
vn 0.7908382240397143 0.6120252473531714 0
vn 0.7908382240397143 0.6120252473531714 0
vn -0.6429075654446119 -0.7659437722797162 0
vn -0.6429075654446119 -0.7659437722797162 0
vn -0.6429075654446119 -0.7659437722797162 0
vn -0.6429075654446119 -0.7659437722797162 0
vn -0.6429075654446119 -0.7659437722797162 0
vn -0.6429075654446119 -0.7659437722797162 0
vn -0.7562985938974119 -0.6542265944371242 0
vn -0.7562985938974119 -0.6542265944371242 0
vn -0.7562985938974119 -0.6542265944371242 0
vn -0.7562985938974119 -0.6542265944371242 0
vn -0.7562985938974119 -0.6542265944371242 0
vn -0.7562985938974119 -0.6542265944371242 0
vn -0.7562985938974119 -0.6542265944371242 0
vn -0.7562985938974119 -0.6542265944371242 0
vn -0.7562985938974119 -0.6542265944371242 0
vn -0.7562985938974119 -0.6542265944371242 0
vn -0.7562985938974119 -0.6542265944371242 0
vn -0.7562985938974119 -0.6542265944371242 0
vn 0 1 0
vn 0 1 0
vn 0 1 0
vn 0 1 0
vn 0 1 0
vn 0 1 0
vn -0.9081111989578144 0.41872908942107306 0
vn -0.9081111989578144 0.41872908942107306 0
vn -0.9081111989578144 0.41872908942107306 0
vn -0.9081111989578144 0.41872908942107306 0
vn -0.9081111989578144 0.41872908942107306 0
vn -0.9081111989578144 0.41872908942107306 0
vn 0 1 0
vn 0 1 0
vn 0 1 0
vn 0 1 0
vn 0 1 0
vn 0 1 0
vn 0 1 0
vn 0 1 0
vn 0 1 0
vn 0 1 0
vn 0 1 0
vn 0 1 0
vn -0.15554414257776347 0.9878289425349656 0
vn -0.15554414257776347 0.9878289425349656 0
vn -0.15554414257776347 0.9878289425349656 0
vn -0.15554414257776347 0.9878289425349656 0
vn -0.15554414257776347 0.9878289425349656 0
vn -0.15554414257776347 0.9878289425349656 0
vn -0.15554414257776347 0.9878289425349656 0
vn -0.15554414257776347 0.9878289425349656 0
vn -0.15554414257776347 0.9878289425349656 0
vn -0.15554414257776347 0.9878289425349656 0
vn -0.15554414257776347 0.9878289425349656 0
vn -0.15554414257776347 0.9878289425349656 0
vn 0.45185107593553114 -0.7088754956128349 -0.5415959166164018
vn -0.3621282206775145 -0.932128291486176 0
vn 0.45185107593553114 -0.7088754956128349 0.5415959166164018
vn -0.3621282206775145 -0.932128291486176 0
vn 0 -1 0
vn 0.45185107593553114 -0.7088754956128349 0.5415959166164018
vn 0 -0.6588329716444986 0.7522892498727329
vn 0.45185107593553114 -0.7088754956128349 0.5415959166164018
vn 0 -1 0
vn -0.3621282206775145 -0.932128291486176 0
vn 0.45185107593553114 -0.7088754956128349 -0.5415959166164018
vn -0.3621282206775145 -0.932128291486176 0
vn -0.3621282206775145 -0.932128291486176 0
vn -0.3621282206775145 -0.932128291486176 0
vn -0.6508051911076522 -0.7592447584457415 0
vn -0.6508051911076522 -0.7592447584457415 0
vn -0.3621282206775145 -0.932128291486176 0
vn -0.6508051911076522 -0.7592447584457415 0
vn -0.6508051911076522 -0.7592447584457415 0
vn -0.6508051911076522 -0.7592447584457415 0
vn -0.6442318021386318 -0.7648302982447874 0
vn -0.6442318021386318 -0.7648302982447874 0
vn -0.6442318021386318 -0.7648302982447874 0
vn -0.6508051911076522 -0.7592447584457415 0
vn 0 -1 0
vn -0.3621282206775145 -0.932128291486176 0
vn 0.45185107593553114 -0.7088754956128349 -0.5415959166164018
vn 0 -0.6588329716444986 -0.7522892498727329
vn 0 -1 0
vn 0.45185107593553114 -0.7088754956128349 -0.5415959166164018
vn 0.6640606675754029 -0.4922010237838046 -0.5628157620087456
vn 0 -0.6588329716444986 -0.7522892498727329
vn 0.45185107593553114 -0.7088754956128349 -0.5415959166164018
vn 0.6640606675754029 -0.4922010237838046 -0.5628157620087456
vn 0 -0.6583055606504765 -0.7527508145572886
vn 0 -0.6588329716444986 -0.7522892498727329
vn 0 -0.34059216947134047 -0.9402111327222229
vn 0 -0.6588329716444986 -0.7522892498727329
vn 0 -0.6583055606504765 -0.7527508145572886
vn 0.45185107593553114 -0.7088754956128349 -0.5415959166164018
vn 0.6902718706016646 -0.7235500982351384 0
vn 0.6640606675754029 -0.4922010237838046 -0.5628157620087456
vn 0.6902718706016646 -0.7235500982351384 0
vn 0 -0.6583055606504765 -0.7527508145572886
vn 0.6640606675754029 -0.4922010237838046 -0.5628157620087456
vn 0.6902718706016646 -0.7235500982351384 0
vn 0.45185107593553114 -0.7088754956128349 -0.5415959166164018
vn 0.45185107593553114 -0.7088754956128349 0.5415959166164018
vn 0.6902718706016646 -0.7235500982351384 0
vn 0 -1 0
vn 0 -0.6583055606504765 -0.7527508145572886
vn 0.6902718706016646 -0.7235500982351384 0
vn 0.45185107593553114 -0.7088754956128349 0.5415959166164018
vn 0.6640606675754029 -0.4922010237838046 0.5628157620087456
vn 0.6640606675754029 -0.4922010237838046 0.5628157620087456
vn 0 -1 0
vn 0.6902718706016646 -0.7235500982351384 0
vn 0 -0.6588329716444986 0.7522892498727329
vn 0.6640606675754029 -0.4922010237838046 0.5628157620087456
vn 0.45185107593553114 -0.7088754956128349 0.5415959166164018
vn 0.6640606675754029 -0.4922010237838046 0.5628157620087456
vn 0 -0.6583055606504765 0.7527508145572886
vn 0 -1 0
vn 0 -0.6583055606504765 0.7527508145572886
vn 0.6640606675754029 -0.4922010237838046 0.5628157620087456
vn 0 -0.6588329716444986 0.7522892498727329
vn 0 -0.6588329716444986 0.7522892498727329
vn 0 -0.34059216947134047 0.9402111327222229
vn 0 -0.6583055606504765 0.7527508145572886
vn -0.378667213181856 0.9255328960448067 0
vn -0.34327413994938666 0.6232554010164331 0.7026489663735757
vn -0.6814271848574276 0.7318859144274339 0
vn -0.34327413994938666 0.6232554010164331 0.7026489663735757
vn 0 0.6583055606504765 0.7527508145572886
vn 0 0.34059216947134047 0.9402111327222229
vn 0 0.6583055606504765 0.7527508145572886
vn -0.34327413994938666 0.6232554010164331 0.7026489663735757
vn -0.3751914683037042 0.8590243586868641 0.34829371699003164
vn -0.34327413994938666 0.6232554010164331 0.7026489663735757
vn -0.378667213181856 0.9255328960448067 0
vn -0.3751914683037042 0.8590243586868641 0.34829371699003164
vn 0 0.6583055606504765 0.7527508145572886
vn -0.3751914683037042 0.8590243586868641 0.34829371699003164
vn 0 1 0
vn -0.378667213181856 0.9255328960448067 0
vn -0.10674115818529138 0.9696711519682528 0.21987310474413185
vn -0.3751914683037042 0.8590243586868641 0.34829371699003164
vn -0.10674115818529138 0.9696711519682528 0.21987310474413185
vn 0 1 0
vn -0.3751914683037042 0.8590243586868641 0.34829371699003164
vn -0.378667213181856 0.9255328960448067 0
vn 0.14725107488562608 0.9644716510294287 0.2193434642418049
vn -0.10674115818529138 0.9696711519682528 0.21987310474413185
vn 0 1 0
vn 0.14725107488562608 0.9644716510294287 0.2193434642418049
vn -0.378667213181856 0.9255328960448067 0
vn 0 1 0
vn -0.10674115818529138 0.9696711519682528 0.21987310474413185
vn 0.6902718706016646 0.7235500982351384 0
vn 0.14725107488562608 0.9644716510294287 0.2193434642418049
vn 0.6902718706016646 0.7235500982351384 0
vn -0.10674115818529138 0.9696711519682528 0.21987310474413185
vn 0 1 0
vn 0.14725107488562608 0.9644716510294287 -0.2193434642418049
vn 0.14725107488562608 0.9644716510294287 0.2193434642418049
vn 0.14725107488562608 0.9644716510294287 -0.2193434642418049
vn 0.6902718706016646 0.7235500982351384 0
vn 0.14725107488562608 0.9644716510294287 0.2193434642418049
vn 0.14725107488562608 0.9644716510294287 -0.2193434642418049
vn 0 1 0
vn 0 1 0
vn -0.378667213181856 0.9255328960448067 0
vn 0.14725107488562608 0.9644716510294287 -0.2193434642418049
vn 0 1 0
vn -0.10674115818529138 0.9696711519682528 -0.21987310474413185
vn 0.6902718706016646 0.7235500982351384 0
vn 0.14725107488562608 0.9644716510294287 -0.2193434642418049
vn 0.14725107488562608 0.9644716510294287 -0.2193434642418049
vn -0.378667213181856 0.9255328960448067 0
vn -0.10674115818529138 0.9696711519682528 -0.21987310474413185
vn 0.6902718706016646 0.7235500982351384 0
vn -0.10674115818529138 0.9696711519682528 -0.21987310474413185
vn 0 1 0
vn -0.3751914683037042 0.8590243586868641 -0.34829371699003164
vn 0 1 0
vn -0.10674115818529138 0.9696711519682528 -0.21987310474413185
vn -0.10674115818529138 0.9696711519682528 -0.21987310474413185
vn -0.378667213181856 0.9255328960448067 0
vn -0.3751914683037042 0.8590243586868641 -0.34829371699003164
vn 0 1 0
vn -0.3751914683037042 0.8590243586868641 -0.34829371699003164
vn 0 0.6583055606504765 -0.7527508145572886
vn -0.378667213181856 0.9255328960448067 0
vn -0.34327413994938666 0.6232554010164331 -0.7026489663735757
vn -0.3751914683037042 0.8590243586868641 -0.34829371699003164
vn -0.34327413994938666 0.6232554010164331 -0.7026489663735757
vn 0 0.6583055606504765 -0.7527508145572886
vn -0.3751914683037042 0.8590243586868641 -0.34829371699003164
vn -0.34327413994938666 0.6232554010164331 -0.7026489663735757
vn -0.378667213181856 0.9255328960448067 0
vn -0.6814271848574276 0.7318859144274339 0
vn 0 0.6583055606504765 -0.7527508145572886
vn -0.34327413994938666 0.6232554010164331 -0.7026489663735757
vn 0 0.34059216947134047 -0.9402111327222229
vn 0 -1 0
vn 0 -1 0
vn 0 -1 0
vn 0 -1 0
vn 0 -1 0
vn 0 -1 0
vn -0.2635008702879403 -0.9646591581265883 0
vn -0.2635008702879403 -0.9646591581265883 0
vn -0.2635008702879403 -0.9646591581265883 0
vn -0.2635008702879403 -0.9646591581265883 0
vn -0.2635008702879403 -0.9646591581265883 0
vn -0.2635008702879403 -0.9646591581265883 0
vn -0.2635008702879403 -0.9646591581265883 0
vn -0.2635008702879403 -0.9646591581265883 0
vn -0.2635008702879403 -0.9646591581265883 0
vn -0.2635008702879403 -0.9646591581265883 0
vn -0.2635008702879403 -0.9646591581265883 0
vn -0.2635008702879403 -0.9646591581265883 0
vn 0.7051258253093282 0.7090822029086885 0
vn 0.7051258253093282 0.7090822029086885 0
vn 0.7051258253093282 0.7090822029086885 0
vn 0.7051258253093282 0.7090822029086885 0
vn 0.7051258253093282 0.7090822029086885 0
vn 0.7051258253093282 0.7090822029086885 0
vn 0.7168720930373529 0.6972047061116591 0
vn 0.7168720930373529 0.6972047061116591 0
vn 0.7168720930373529 0.6972047061116591 0
vn 0.7168720930373529 0.6972047061116591 0
vn 0.7168720930373529 0.6972047061116591 0
vn 0.7168720930373529 0.6972047061116591 0
vn 0.9088919679740715 -0.4170316421474747 0
vn 0.9088919679740715 -0.4170316421474747 0
vn 0.9088919679740715 -0.4170316421474747 0
vn 0.9088919679740715 -0.4170316421474747 0
vn 0.9088919679740715 -0.4170316421474747 0
vn 0.9088919679740715 -0.4170316421474747 0
vn 0.4185363947873317 0.9082000254560791 0
vn 0.4185363947873317 0.9082000254560791 0
vn 0.4185363947873317 0.9082000254560791 0
vn 0.4185363947873317 0.9082000254560791 0
vn 0.4185363947873317 0.9082000254560791 0
vn 0.4185363947873317 0.9082000254560791 0
vn 0.722372931168905 -0.691503686406981 0
vn 0.722372931168905 -0.691503686406981 0
vn 0.722372931168905 -0.691503686406981 0
vn 0.722372931168905 -0.691503686406981 0
vn 0.722372931168905 -0.691503686406981 0
vn 0.722372931168905 -0.691503686406981 0
vn 0.8148338894585951 0.5796945166117909 0
vn 0.8148338894585951 0.5796945166117909 0
vn 0.8148338894585951 0.5796945166117909 0
vn 0.8148338894585951 0.5796945166117909 0
vn 0.8148338894585951 0.5796945166117909 0
vn 0.8148338894585951 0.5796945166117909 0
vn 0.8148338894585951 0.5796945166117909 0
vn 0.8148338894585951 0.5796945166117909 0
vn 0.8148338894585951 0.5796945166117909 0
vn 0.8148338894585951 0.5796945166117909 0
vn 0.8148338894585951 0.5796945166117909 0
vn 0.8148338894585951 0.5796945166117909 0
vn 0.5802333877651584 -0.8144502536819342 0
vn 0.5802333877651584 -0.8144502536819342 0
vn 0.5802333877651584 -0.8144502536819342 0
vn 0.5802333877651584 -0.8144502536819342 0
vn 0.5802333877651584 -0.8144502536819342 0
vn 0.5802333877651584 -0.8144502536819342 0
f 1/1/1 2/2/2 3/3/3
f 4/4/4 5/5/5 6/6/6
f 7/7/7 8/8/8 9/9/9
f 10/10/10 11/11/11 12/12/12
f 13/13/13 14/14/14 15/15/15
f 16/16/16 17/17/17 18/18/18
f 19/19/19 20/20/20 21/21/21
f 22/22/22 23/23/23 24/24/24
f 25/25/25 26/26/26 27/27/27
f 28/28/28 29/29/29 30/30/30
f 31/31/31 32/32/32 33/33/33
f 34/34/34 35/35/35 36/36/36
f 37/37/37 38/38/38 39/39/39
f 40/40/40 41/41/41 42/42/42
f 43/43/43 44/44/44 45/45/45
f 46/46/46 47/47/47 48/48/48
f 49/49/49 50/50/50 51/51/51
f 52/52/52 53/53/53 54/54/54
f 55/55/55 56/56/56 57/57/57
f 58/58/58 59/59/59 60/60/60
f 61/61/61 62/62/62 63/63/63
f 64/64/64 65/65/65 66/66/66
f 67/67/67 68/68/68 69/69/69
f 70/70/70 71/71/71 72/72/72
f 73/73/73 74/74/74 75/75/75
f 76/76/76 77/77/77 78/78/78
f 79/79/79 80/80/80 81/81/81
f 82/82/82 83/83/83 84/84/84
f 85/85/85 86/86/86 87/87/87
f 88/88/88 89/89/89 90/90/90
f 91/91/91 92/92/92 93/93/93
f 94/94/94 95/95/95 96/96/96
f 97/97/97 98/98/98 99/99/99
f 100/100/100 101/101/101 102/102/102
f 103/103/103 104/104/104 105/105/105
f 106/106/106 107/107/107 108/108/108
f 109/109/109 110/110/110 111/111/111
f 112/112/112 113/113/113 114/114/114
f 115/115/115 116/116/116 117/117/117
f 118/118/118 119/119/119 120/120/120
f 121/121/121 122/122/122 123/123/123
f 124/124/124 125/125/125 126/126/126
f 127/127/127 128/128/128 129/129/129
f 130/130/130 131/131/131 132/132/132
f 133/133/133 134/134/134 135/135/135
f 136/136/136 137/137/137 138/138/138
f 139/139/139 140/140/140 141/141/141
f 142/142/142 143/143/143 144/144/144
f 145/145/145 146/146/146 147/147/147
f 148/148/148 149/149/149 150/150/150
f 151/151/151 152/152/152 153/153/153
f 154/154/154 155/155/155 156/156/156
f 157/157/157 158/158/158 159/159/159
f 160/160/160 161/161/161 162/162/162
f 163/163/163 164/164/164 165/165/165
f 166/166/166 167/167/167 168/168/168
f 169/169/169 170/170/170 171/171/171
f 172/172/172 173/173/173 174/174/174
f 175/175/175 176/176/176 177/177/177
f 178/178/178 179/179/179 180/180/180
f 181/181/181 182/182/182 183/183/183
f 184/184/184 185/185/185 186/186/186
f 187/187/187 188/188/188 189/189/189
f 190/190/190 191/191/191 192/192/192
f 193/193/193 194/194/194 195/195/195
f 196/196/196 197/197/197 198/198/198
f 199/199/199 200/200/200 201/201/201
f 202/202/202 203/203/203 204/204/204
f 205/205/205 206/206/206 207/207/207
f 208/208/208 209/209/209 210/210/210
f 211/211/211 212/212/212 213/213/213
f 214/214/214 215/215/215 216/216/216
f 217/217/217 218/218/218 219/219/219
f 220/220/220 221/221/221 222/222/222
f 223/223/223 224/224/224 225/225/225
f 226/226/226 227/227/227 228/228/228
f 229/229/229 230/230/230 231/231/231
f 232/232/232 233/233/233 234/234/234
f 235/235/235 236/236/236 237/237/237
f 238/238/238 239/239/239 240/240/240
f 241/241/241 242/242/242 243/243/243
f 244/244/244 245/245/245 246/246/246
f 247/247/247 248/248/248 249/249/249
f 250/250/250 251/251/251 252/252/252
f 253/253/253 254/254/254 255/255/255
f 256/256/256 257/257/257 258/258/258
f 259/259/259 260/260/260 261/261/261
f 262/262/262 263/263/263 264/264/264
f 265/265/265 266/266/266 267/267/267
f 268/268/268 269/269/269 270/270/270
f 271/271/271 272/272/272 273/273/273
f 274/274/274 275/275/275 276/276/276
f 277/277/277 278/278/278 279/279/279
f 280/280/280 281/281/281 282/282/282
f 283/283/283 284/284/284 285/285/285
f 286/286/286 287/287/287 288/288/288
f 289/289/289 290/290/290 291/291/291
f 292/292/292 293/293/293 294/294/294
f 295/295/295 296/296/296 297/297/297
f 298/298/298 299/299/299 300/300/300
f 301/301/301 302/302/302 303/303/303
f 304/304/304 305/305/305 306/306/306
f 307/307/307 308/308/308 309/309/309
f 310/310/310 311/311/311 312/312/312
f 313/313/313 314/314/314 315/315/315
f 316/316/316 317/317/317 318/318/318
f 319/319/319 320/320/320 321/321/321
f 322/322/322 323/323/323 324/324/324
f 325/325/325 326/326/326 327/327/327
f 328/328/328 329/329/329 330/330/330
f 331/331/331 332/332/332 333/333/333
f 334/334/334 335/335/335 336/336/336
f 337/337/337 338/338/338 339/339/339
f 340/340/340 341/341/341 342/342/342
f 343/343/343 344/344/344 345/345/345
f 346/346/346 347/347/347 348/348/348
f 349/349/349 350/350/350 351/351/351
f 352/352/352 353/353/353 354/354/354
f 355/355/355 356/356/356 357/357/357
f 358/358/358 359/359/359 360/360/360
f 361/361/361 362/362/362 363/363/363
f 364/364/364 365/365/365 366/366/366
f 367/367/367 368/368/368 369/369/369
f 370/370/370 371/371/371 372/372/372
f 373/373/373 374/374/374 375/375/375
f 376/376/376 377/377/377 378/378/378
f 379/379/379 380/380/380 381/381/381
f 382/382/382 383/383/383 384/384/384
f 385/385/385 386/386/386 387/387/387
f 388/388/388 389/389/389 390/390/390
f 391/391/391 392/392/392 393/393/393
f 394/394/394 395/395/395 396/396/396
f 397/397/397 398/398/398 399/399/399
f 400/400/400 401/401/401 402/402/402
f 403/403/403 404/404/404 405/405/405
f 406/406/406 407/407/407 408/408/408
f 409/409/409 410/410/410 411/411/411
f 412/412/412 413/413/413 414/414/414
f 415/415/415 416/416/416 417/417/417
f 418/418/418 419/419/419 420/420/420
f 421/421/421 422/422/422 423/423/423
f 424/424/424 425/425/425 426/426/426
f 427/427/427 428/428/428 429/429/429
f 430/430/430 431/431/431 432/432/432
f 433/433/433 434/434/434 435/435/435
f 436/436/436 437/437/437 438/438/438
f 439/439/439 440/440/440 441/441/441
f 442/442/442 443/443/443 444/444/444
f 445/445/445 446/446/446 447/447/447
f 448/448/448 449/449/449 450/450/450
f 451/451/451 452/452/452 453/453/453
f 454/454/454 455/455/455 456/456/456
f 457/457/457 458/458/458 459/459/459
f 460/460/460 461/461/461 462/462/462
f 463/463/463 464/464/464 465/465/465
f 466/466/466 467/467/467 468/468/468
f 469/469/469 470/470/470 471/471/471
f 472/472/472 473/473/473 474/474/474
f 475/475/475 476/476/476 477/477/477
f 478/478/478 479/479/479 480/480/480
f 481/481/481 482/482/482 483/483/483
f 484/484/484 485/485/485 486/486/486
f 487/487/487 488/488/488 489/489/489
f 490/490/490 491/491/491 492/492/492
f 493/493/493 494/494/494 495/495/495
f 496/496/496 497/497/497 498/498/498
f 499/499/499 500/500/500 501/501/501
f 502/502/502 503/503/503 504/504/504
f 505/505/505 506/506/506 507/507/507
f 508/508/508 509/509/509 510/510/510
f 511/511/511 512/512/512 513/513/513
f 514/514/514 515/515/515 516/516/516
f 517/517/517 518/518/518 519/519/519
f 520/520/520 521/521/521 522/522/522
f 523/523/523 524/524/524 525/525/525
f 526/526/526 527/527/527 528/528/528
f 529/529/529 530/530/530 531/531/531
f 532/532/532 533/533/533 534/534/534
f 535/535/535 536/536/536 537/537/537
f 538/538/538 539/539/539 540/540/540
f 541/541/541 542/542/542 543/543/543
f 544/544/544 545/545/545 546/546/546
f 547/547/547 548/548/548 549/549/549
f 550/550/550 551/551/551 552/552/552
f 553/553/553 554/554/554 555/555/555
f 556/556/556 557/557/557 558/558/558
f 559/559/559 560/560/560 561/561/561
f 562/562/562 563/563/563 564/564/564
f 565/565/565 566/566/566 567/567/567
f 568/568/568 569/569/569 570/570/570
f 571/571/571 572/572/572 573/573/573
f 574/574/574 575/575/575 576/576/576
f 577/577/577 578/578/578 579/579/579
f 580/580/580 581/581/581 582/582/582
f 583/583/583 584/584/584 585/585/585
f 586/586/586 587/587/587 588/588/588
f 589/589/589 590/590/590 591/591/591
f 592/592/592 593/593/593 594/594/594
f 595/595/595 596/596/596 597/597/597
f 598/598/598 599/599/599 600/600/600
f 601/601/601 602/602/602 603/603/603
f 604/604/604 605/605/605 606/606/606
f 607/607/607 608/608/608 609/609/609
f 610/610/610 611/611/611 612/612/612
f 613/613/613 614/614/614 615/615/615
f 616/616/616 617/617/617 618/618/618
f 619/619/619 620/620/620 621/621/621
f 622/622/622 623/623/623 624/624/624
f 625/625/625 626/626/626 627/627/627
f 628/628/628 629/629/629 630/630/630
f 631/631/631 632/632/632 633/633/633
f 634/634/634 635/635/635 636/636/636
f 637/637/637 638/638/638 639/639/639
f 640/640/640 641/641/641 642/642/642
f 643/643/643 644/644/644 645/645/645
f 646/646/646 647/647/647 648/648/648
f 649/649/649 650/650/650 651/651/651
f 652/652/652 653/653/653 654/654/654
f 655/655/655 656/656/656 657/657/657
f 658/658/658 659/659/659 660/660/660
f 661/661/661 662/662/662 663/663/663
f 664/664/664 665/665/665 666/666/666
f 667/667/667 668/668/668 669/669/669
f 670/670/670 671/671/671 672/672/672
f 673/673/673 674/674/674 675/675/675
f 676/676/676 677/677/677 678/678/678
f 679/679/679 680/680/680 681/681/681
f 682/682/682 683/683/683 684/684/684
f 685/685/685 686/686/686 687/687/687
f 688/688/688 689/689/689 690/690/690
f 691/691/691 692/692/692 693/693/693
f 694/694/694 695/695/695 696/696/696
f 697/697/697 698/698/698 699/699/699
f 700/700/700 701/701/701 702/702/702
f 703/703/703 704/704/704 705/705/705
f 706/706/706 707/707/707 708/708/708
f 709/709/709 710/710/710 711/711/711
f 712/712/712 713/713/713 714/714/714
f 715/715/715 716/716/716 717/717/717
f 718/718/718 719/719/719 720/720/720
f 721/721/721 722/722/722 723/723/723
f 724/724/724 725/725/725 726/726/726
f 727/727/727 728/728/728 729/729/729
f 730/730/730 731/731/731 732/732/732
f 733/733/733 734/734/734 735/735/735
f 736/736/736 737/737/737 738/738/738
f 739/739/739 740/740/740 741/741/741
f 742/742/742 743/743/743 744/744/744
f 745/745/745 746/746/746 747/747/747
f 748/748/748 749/749/749 750/750/750
f 751/751/751 752/752/752 753/753/753
f 754/754/754 755/755/755 756/756/756
f 757/757/757 758/758/758 759/759/759
f 760/760/760 761/761/761 762/762/762
f 763/763/763 764/764/764 765/765/765
f 766/766/766 767/767/767 768/768/768
f 769/769/769 770/770/770 771/771/771
f 772/772/772 773/773/773 774/774/774
f 775/775/775 776/776/776 777/777/777
f 778/778/778 779/779/779 780/780/780
f 781/781/781 782/782/782 783/783/783
f 784/784/784 785/785/785 786/786/786
f 787/787/787 788/788/788 789/789/789
f 790/790/790 791/791/791 792/792/792
f 793/793/793 794/794/794 795/795/795
f 796/796/796 797/797/797 798/798/798
f 799/799/799 800/800/800 801/801/801
f 802/802/802 803/803/803 804/804/804
f 805/805/805 806/806/806 807/807/807
f 808/808/808 809/809/809 810/810/810
f 811/811/811 812/812/812 813/813/813
f 814/814/814 815/815/815 816/816/816
f 817/817/817 818/818/818 819/819/819
f 820/820/820 821/821/821 822/822/822
f 823/823/823 824/824/824 825/825/825
f 826/826/826 827/827/827 828/828/828
f 829/829/829 830/830/830 831/831/831
f 832/832/832 833/833/833 834/834/834
f 835/835/835 836/836/836 837/837/837
f 838/838/838 839/839/839 840/840/840
f 841/841/841 842/842/842 843/843/843
f 844/844/844 845/845/845 846/846/846
f 847/847/847 848/848/848 849/849/849
f 850/850/850 851/851/851 852/852/852
f 853/853/853 854/854/854 855/855/855
f 856/856/856 857/857/857 858/858/858
f 859/859/859 860/860/860 861/861/861
f 862/862/862 863/863/863 864/864/864
f 865/865/865 866/866/866 867/867/867
f 868/868/868 869/869/869 870/870/870
f 871/871/871 872/872/872 873/873/873
f 874/874/874 875/875/875 876/876/876
f 877/877/877 878/878/878 879/879/879
f 880/880/880 881/881/881 882/882/882
f 883/883/883 884/884/884 885/885/885
f 886/886/886 887/887/887 888/888/888
f 889/889/889 890/890/890 891/891/891
f 892/892/892 893/893/893 894/894/894
f 895/895/895 896/896/896 897/897/897
f 898/898/898 899/899/899 900/900/900
f 901/901/901 902/902/902 903/903/903
f 904/904/904 905/905/905 906/906/906
f 907/907/907 908/908/908 909/909/909
f 910/910/910 911/911/911 912/912/912
f 913/913/913 914/914/914 915/915/915
f 916/916/916 917/917/917 918/918/918
f 919/919/919 920/920/920 921/921/921
f 922/922/922 923/923/923 924/924/924
f 925/925/925 926/926/926 927/927/927
f 928/928/928 929/929/929 930/930/930
f 931/931/931 932/932/932 933/933/933
f 934/934/934 935/935/935 936/936/936
f 937/937/937 938/938/938 939/939/939
f 940/940/940 941/941/941 942/942/942
f 943/943/943 944/944/944 945/945/945
f 946/946/946 947/947/947 948/948/948
f 949/949/949 950/950/950 951/951/951
f 952/952/952 953/953/953 954/954/954
f 955/955/955 956/956/956 957/957/957
f 958/958/958 959/959/959 960/960/960
f 961/961/961 962/962/962 963/963/963
f 964/964/964 965/965/965 966/966/966
f 967/967/967 968/968/968 969/969/969
f 970/970/970 971/971/971 972/972/972
f 973/973/973 974/974/974 975/975/975
f 976/976/976 977/977/977 978/978/978
f 979/979/979 980/980/980 981/981/981
f 982/982/982 983/983/983 984/984/984
f 985/985/985 986/986/986 987/987/987
f 988/988/988 989/989/989 990/990/990
f 991/991/991 992/992/992 993/993/993
f 994/994/994 995/995/995 996/996/996
f 997/997/997 998/998/998 999/999/999
f 1000/1000/1000 1001/1001/1001 1002/1002/1002
f 1003/1003/1003 1004/1004/1004 1005/1005/1005
f 1006/1006/1006 1007/1007/1007 1008/1008/1008
f 1009/1009/1009 1010/1010/1010 1011/1011/1011
f 1012/1012/1012 1013/1013/1013 1014/1014/1014
f 1015/1015/1015 1016/1016/1016 1017/1017/1017
f 1018/1018/1018 1019/1019/1019 1020/1020/1020
f 1021/1021/1021 1022/1022/1022 1023/1023/1023
f 1024/1024/1024 1025/1025/1025 1026/1026/1026
f 1027/1027/1027 1028/1028/1028 1029/1029/1029
f 1030/1030/1030 1031/1031/1031 1032/1032/1032
f 1033/1033/1033 1034/1034/1034 1035/1035/1035
f 1036/1036/1036 1037/1037/1037 1038/1038/1038
f 1039/1039/1039 1040/1040/1040 1041/1041/1041
f 1042/1042/1042 1043/1043/1043 1044/1044/1044
f 1045/1045/1045 1046/1046/1046 1047/1047/1047
f 1048/1048/1048 1049/1049/1049 1050/1050/1050
f 1051/1051/1051 1052/1052/1052 1053/1053/1053
f 1054/1054/1054 1055/1055/1055 1056/1056/1056
f 1057/1057/1057 1058/1058/1058 1059/1059/1059
f 1060/1060/1060 1061/1061/1061 1062/1062/1062
f 1063/1063/1063 1064/1064/1064 1065/1065/1065
f 1066/1066/1066 1067/1067/1067 1068/1068/1068
f 1069/1069/1069 1070/1070/1070 1071/1071/1071
f 1072/1072/1072 1073/1073/1073 1074/1074/1074
f 1075/1075/1075 1076/1076/1076 1077/1077/1077
o 
v -0.891832172870636 -0.2600997984409332 -0.2782661572325603
v -0.8770721554756165 -0.22444835305213928 0.28956424377580975
v -0.8770721554756165 -0.22444835305213928 -0.2782661572325603
v -0.8770721554756165 -0.22444835305213928 0.28956424377580975
v -0.891832172870636 -0.2600997984409332 -0.2782661572325603
v -0.891832172870636 -0.2600997984409332 0.28956424377580975
v -0.7722821235656738 -0.36546528339385986 -0.2782661572325603
v -0.7722821235656738 -0.36546528339385986 0.28956424377580975
v -0.891832172870636 -0.2600997984409332 -0.2782661572325603
v -0.891832172870636 -0.2600997984409332 -0.2782661572325603
v -0.7722821235656738 -0.36546528339385986 0.28956424377580975
v -0.891832172870636 -0.2600997984409332 0.28956424377580975
v 0.28830987215042114 -0.29916852712631226 0.19483250756964676
v 0.23983784019947052 -0.4455758333206177 0.1255345602185058
v 0.23983784019947052 -0.29916852712631226 0.17519352840649988
v 0.23983784019947052 -0.15276238322257996 0.1255345602185058
v 0.28830987215042114 -0.29916852712631226 0.19483250756964676
v 0.23983784019947052 -0.29916852712631226 0.17519352840649988
v 0.23983784019947052 -0.4455758333206177 0.1255345602185058
v 0.28830987215042114 -0.29916852712631226 0.19483250756964676
v 0.28830987215042114 -0.4625343084335327 0.1394220695127749
v 0.28830987215042114 -0.135802760720253 0.1394220695127749
v 0.28830987215042114 -0.29916852712631226 0.19483250756964676
v 0.23983784019947052 -0.15276238322257996 0.1255345602185058
v 0.28830987215042114 -0.5302024483680725 0.005649043271624729
v 0.23983784019947052 -0.4455758333206177 0.1255345602185058
v 0.28830987215042114 -0.4625343084335327 0.1394220695127749
v 0.23983784019947052 -0.15276238322257996 0.1255345602185058
v 0.28830987215042114 -0.0681345984339714 0.005649043271624729
v 0.28830987215042114 -0.135802760720253 0.1394220695127749
v 0.23983784019947052 -0.5062190294265747 0.005649043271624729
v 0.23983784019947052 -0.4455758333206177 0.1255345602185058
v 0.28830987215042114 -0.5302024483680725 0.005649043271624729
v 0.28830987215042114 -0.0681345984339714 0.005649043271624729
v 0.23983784019947052 -0.15276238322257996 0.1255345602185058
v 0.23983784019947052 -0.09211805462837219 0.005649043271624729
v 0.28830987215042114 -0.5302024483680725 0.005649043271624729
v 0.23983784019947052 -0.4455758333206177 -0.1142364736752563
v 0.23983784019947052 -0.5062190294265747 0.005649043271624729
v 0.23983784019947052 -0.15276238322257996 -0.1142364736752563
v 0.28830987215042114 -0.0681345984339714 0.005649043271624729
v 0.23983784019947052 -0.09211805462837219 0.005649043271624729
v 0.23983784019947052 -0.4455758333206177 -0.1142364736752563
v 0.28830987215042114 -0.5302024483680725 0.005649043271624729
v 0.28830987215042114 -0.4625343084335327 -0.12812397139989834
v 0.28830987215042114 -0.135802760720253 -0.12812397139989834
v 0.28830987215042114 -0.0681345984339714 0.005649043271624729
v 0.23983784019947052 -0.15276238322257996 -0.1142364736752563
v 0.28830987215042114 -0.4625343084335327 -0.12812397139989834
v 0.28830987215042114 -0.29916852712631226 -0.18353443259602437
v 0.23983784019947052 -0.4455758333206177 -0.1142364736752563
v 0.28830987215042114 -0.135802760720253 -0.12812397139989834
v 0.23983784019947052 -0.15276238322257996 -0.1142364736752563
v 0.28830987215042114 -0.20094552636146545 -0.15021868489565518
v 0.23983784019947052 -0.4455758333206177 -0.1142364736752563
v 0.28830987215042114 -0.29916852712631226 -0.18353443259602437
v 0.23983784019947052 -0.29916852712631226 -0.1638954418632504
v 0.23983784019947052 -0.29916852712631226 -0.1638954418632504
v 0.28830987215042114 -0.20094552636146545 -0.15021868489565518
v 0.23983784019947052 -0.15276238322257996 -0.1142364736752563
v 0.28830987215042114 -0.20094552636146545 -0.15021868489565518
v 0.23983784019947052 -0.29916852712631226 -0.1638954418632504
v 0.28830987215042114 -0.29916852712631226 -0.18353443259602437
v 0.23983784019947052 -0.15276238322257996 -0.1142364736752563
v 0.23983784019947052 -0.5062190294265747 0.005649043271624729
v 0.23983784019947052 -0.4455758333206177 -0.1142364736752563
v 0.23983784019947052 -0.15276238322257996 -0.1142364736752563
v 0.23983784019947052 -0.4455758333206177 -0.1142364736752563
v 0.23983784019947052 -0.29916852712631226 -0.1638954418632504
v 0.23983784019947052 -0.5062190294265747 0.005649043271624729
v 0.23983784019947052 -0.15276238322257996 -0.1142364736752563
v 0.23983784019947052 -0.15276238322257996 0.1255345602185058
v 0.23983784019947052 -0.15276238322257996 0.1255345602185058
v 0.23983784019947052 -0.15276238322257996 -0.1142364736752563
v 0.23983784019947052 -0.09211805462837219 0.005649043271624729
v 0.23983784019947052 -0.5062190294265747 0.005649043271624729
v 0.23983784019947052 -0.15276238322257996 0.1255345602185058
v 0.23983784019947052 -0.4455758333206177 0.1255345602185058
v 0.23983784019947052 -0.4455758333206177 0.1255345602185058
v 0.23983784019947052 -0.15276238322257996 0.1255345602185058
v 0.23983784019947052 -0.29916852712631226 0.17519352840649988
v -0.7722821235656738 -0.36546528339385986 0.28956424377580975
v -0.06228213012218475 -0.22444835305213928 0.28956424377580975
v -0.8770721554756165 -0.22444835305213928 0.28956424377580975
v -0.891832172870636 -0.2600997984409332 0.28956424377580975
v -0.7722821235656738 -0.36546528339385986 0.28956424377580975
v -0.8770721554756165 -0.22444835305213928 0.28956424377580975
v 0.042507901787757874 -0.36546528339385986 0.28956424377580975
v -0.06228213012218475 -0.22444835305213928 0.28956424377580975
v -0.7722821235656738 -0.36546528339385986 0.28956424377580975
v -0.06228213012218475 -0.22444835305213928 0.28956424377580975
v 0.042507901787757874 -0.36546528339385986 0.28956424377580975
v 0.05726785957813263 -0.3298150300979614 0.28956424377580975
v -0.8770721554756165 -0.22444835305213928 -0.2782661572325603
v -0.7722821235656738 -0.36546528339385986 -0.2782661572325603
v -0.891832172870636 -0.2600997984409332 -0.2782661572325603
v -0.06228213012218475 -0.22444835305213928 -0.2782661572325603
v -0.7722821235656738 -0.36546528339385986 -0.2782661572325603
v -0.8770721554756165 -0.22444835305213928 -0.2782661572325603
v -0.7722821235656738 -0.36546528339385986 -0.2782661572325603
v -0.06228213012218475 -0.22444835305213928 -0.2782661572325603
v 0.042507901787757874 -0.36546528339385986 -0.2782661572325603
v -0.06228213012218475 -0.22444835305213928 -0.2782661572325603
v 0.05726785957813263 -0.3298150300979614 -0.2782661572325603
v 0.042507901787757874 -0.36546528339385986 -0.2782661572325603
v 0.05726785957813263 -0.3298150300979614 -0.2782661572325603
v 0.042507901787757874 -0.36546528339385986 0.28956424377580975
v 0.042507901787757874 -0.36546528339385986 -0.2782661572325603
v 0.042507901787757874 -0.36546528339385986 0.28956424377580975
v 0.05726785957813263 -0.3298150300979614 -0.2782661572325603
v 0.05726785957813263 -0.3298150300979614 0.28956424377580975
v -0.06228213012218475 -0.22444835305213928 -0.2782661572325603
v -0.8770721554756165 -0.22444835305213928 -0.2782661572325603
v -0.8770721554756165 -0.22444835305213928 0.28956424377580975
v -0.06228213012218475 -0.22444835305213928 -0.2782661572325603
v -0.8770721554756165 -0.22444835305213928 0.28956424377580975
v -0.06228213012218475 -0.22444835305213928 0.28956424377580975
v -0.06228213012218475 -0.22444835305213928 0.28956424377580975
v 0.05726785957813263 -0.3298150300979614 -0.2782661572325603
v -0.06228213012218475 -0.22444835305213928 -0.2782661572325603
v 0.05726785957813263 -0.3298150300979614 -0.2782661572325603
v -0.06228213012218475 -0.22444835305213928 0.28956424377580975
v 0.05726785957813263 -0.3298150300979614 0.28956424377580975
v -0.7722821235656738 -0.36546528339385986 -0.2782661572325603
v 0.042507901787757874 -0.36546528339385986 -0.2782661572325603
v 0.042507901787757874 -0.36546528339385986 0.28956424377580975
v -0.7722821235656738 -0.36546528339385986 -0.2782661572325603
v 0.042507901787757874 -0.36546528339385986 0.28956424377580975
v -0.7722821235656738 -0.36546528339385986 0.28956424377580975
v 0.042507901787757874 -0.36546528339385986 -0.30897706124666485
v 0.03519989550113678 -0.36546528339385986 -0.17996632489931752
v 0.042507901787757874 -0.36546528339385986 -0.17996632489931752
v 0.03519989550113678 -0.36546528339385986 -0.17996632489931752
v 0.042507901787757874 -0.36546528339385986 -0.30897706124666485
v -0.7722821235656738 -0.36546528339385986 -0.30897706124666485
v -0.7722821235656738 -0.36546528339385986 -0.30897706124666485
v 0.03519989550113678 -0.36546528339385986 0.191264411442567
v 0.03519989550113678 -0.36546528339385986 -0.17996632489931752
v -0.7722821235656738 -0.36546528339385986 -0.30897706124666485
v -0.7722821235656738 -0.36546528339385986 0.3202751246506602
v 0.03519989550113678 -0.36546528339385986 0.191264411442567
v 0.042507901787757874 -0.36546528339385986 0.3202751246506602
v 0.03519989550113678 -0.36546528339385986 0.191264411442567
v -0.7722821235656738 -0.36546528339385986 0.3202751246506602
v 0.03519989550113678 -0.36546528339385986 0.191264411442567
v 0.042507901787757874 -0.36546528339385986 0.3202751246506602
v 0.042507901787757874 -0.36546528339385986 0.191264411442567
v 0.03519989550113678 -0.3103652894496918 -0.19865555337643778
v 0.03519989550113678 -0.3103652894496918 0.20995361678043312
v -0.06228213012218475 -0.22444835305213928 0.3202751246506602
v 0.05726785957813263 -0.3298150300979614 0.3202751246506602
v -0.06228213012218475 -0.22444835305213928 0.3202751246506602
v 0.03519989550113678 -0.3103652894496918 0.20995361678043312
v 0.05726785957813263 -0.3298150300979614 0.20335629147660095
v 0.05726785957813263 -0.3298150300979614 0.3202751246506602
v 0.03519989550113678 -0.3103652894496918 0.20995361678043312
v -0.06228213012218475 -0.22444835305213928 0.3202751246506602
v -0.06228213012218475 -0.22444835305213928 -0.30897706124666485
v 0.03519989550113678 -0.3103652894496918 -0.19865555337643778
v -0.06228213012218475 -0.22444835305213928 -0.30897706124666485
v 0.05726785957813263 -0.3298150300979614 -0.30897706124666485
v 0.03519989550113678 -0.3103652894496918 -0.19865555337643778
v 0.03519989550113678 -0.3103652894496918 -0.19865555337643778
v 0.05726785957813263 -0.3298150300979614 -0.30897706124666485
v 0.05726785957813263 -0.3298150300979614 -0.19205822807260564
v -0.06228213012218475 -0.22444835305213928 0.3202751246506602
v -0.8770721554756165 -0.22444835305213928 -0.30897706124666485
v -0.06228213012218475 -0.22444835305213928 -0.30897706124666485
v -0.8770721554756165 -0.22444835305213928 -0.30897706124666485
v -0.06228213012218475 -0.22444835305213928 0.3202751246506602
v -0.8770721554756165 -0.22444835305213928 0.3202751246506602
v 0.05726785957813263 -0.3298150300979614 0.20335629147660095
v 0.042507901787757874 -0.36546528339385986 0.3202751246506602
v 0.05726785957813263 -0.3298150300979614 0.3202751246506602
v 0.042507901787757874 -0.36546528339385986 0.3202751246506602
v 0.05726785957813263 -0.3298150300979614 0.20335629147660095
v 0.042507901787757874 -0.36546528339385986 0.191264411442567
v 0.042507901787757874 -0.36546528339385986 -0.30897706124666485
v 0.05726785957813263 -0.3298150300979614 -0.19205822807260564
v 0.05726785957813263 -0.3298150300979614 -0.30897706124666485
v 0.05726785957813263 -0.3298150300979614 -0.19205822807260564
v 0.042507901787757874 -0.36546528339385986 -0.30897706124666485
v 0.042507901787757874 -0.36546528339385986 -0.17996632489931752
v 0.054859891533851624 -0.5302024483680725 0.005649043271624729
v 0.23983784019947052 -0.4455758333206177 0.1255345602185058
v 0.23983784019947052 -0.5062190294265747 0.005649043271624729
v 0.23983784019947052 -0.4455758333206177 0.1255345602185058
v 0.054859891533851624 -0.5302024483680725 0.005649043271624729
v 0.054859891533851624 -0.4625343084335327 0.1394220695127749
v 0.054859891533851624 -0.37819090485572815 0.16802940707259775
v 0.23983784019947052 -0.4455758333206177 0.1255345602185058
v 0.054859891533851624 -0.4625343084335327 0.1394220695127749
v 0.23983784019947052 -0.4455758333206177 -0.1142364736752563
v 0.054859891533851624 -0.5302024483680725 0.005649043271624729
v 0.23983784019947052 -0.5062190294265747 0.005649043271624729
v 0.07384790480136871 -0.32616856694221497 0.18567459240308576
v 0.23983784019947052 -0.4455758333206177 0.1255345602185058
v 0.054859891533851624 -0.37819090485572815 0.16802940707259775
v 0.054859891533851624 -0.4625343084335327 -0.12812397139989834
v 0.054859891533851624 -0.5302024483680725 0.005649043271624729
v 0.23983784019947052 -0.4455758333206177 -0.1142364736752563
v 0.23983784019947052 -0.4455758333206177 -0.1142364736752563
v 0.054859891533851624 -0.37819090485572815 -0.1567313205293483
v 0.054859891533851624 -0.4625343084335327 -0.12812397139989834
v 0.054859891533851624 -0.37819090485572815 -0.1567313205293483
v 0.23983784019947052 -0.4455758333206177 -0.1142364736752563
v 0.07384790480136871 -0.32616856694221497 -0.1743765058598363
v 0.07384790480136871 -0.32616856694221497 -0.1743765058598363
v 0.23983784019947052 -0.4455758333206177 -0.1142364736752563
v 0.23983784019947052 -0.29916852712631226 -0.1638954418632504
v 0.23983784019947052 -0.4455758333206177 0.1255345602185058
v 0.07384790480136871 -0.32616856694221497 0.18567459240308576
v 0.23983784019947052 -0.29916852712631226 0.17519352840649988
v 0.07384790480136871 -0.32616856694221497 -0.1743765058598363
v 0.23983784019947052 -0.29916852712631226 -0.1638954418632504
v 0.054859891533851624 -0.29916852712631226 -0.18353443259602437
v 0.07384790480136871 -0.32616856694221497 -0.1743765058598363
v 0.054859891533851624 -0.29916852712631226 -0.18353443259602437
v 0.054859891533851624 -0.3071806728839874 -0.18081697015987813
v 0.054859891533851624 -0.29916852712631226 -0.18353443259602437
v 0.23983784019947052 -0.29916852712631226 -0.1638954418632504
v 0.23983784019947052 -0.15276238322257996 -0.1142364736752563
v 0.054859891533851624 -0.29916852712631226 -0.18353443259602437
v 0.23983784019947052 -0.15276238322257996 -0.1142364736752563
v 0.054859891533851624 -0.135802760720253 -0.12812397139989834
v 0.23983784019947052 -0.15276238322257996 -0.1142364736752563
v 0.054859891533851624 -0.0681345984339714 0.005649043271624729
v 0.054859891533851624 -0.135802760720253 -0.12812397139989834
v 0.054859891533851624 -0.0681345984339714 0.005649043271624729
v 0.23983784019947052 -0.15276238322257996 -0.1142364736752563
v 0.23983784019947052 -0.09211805462837219 0.005649043271624729
v 0.054859891533851624 -0.0681345984339714 0.005649043271624729
v 0.23983784019947052 -0.09211805462837219 0.005649043271624729
v 0.23983784019947052 -0.15276238322257996 0.1255345602185058
v 0.054859891533851624 -0.0681345984339714 0.005649043271624729
v 0.23983784019947052 -0.15276238322257996 0.1255345602185058
v 0.054859891533851624 -0.135802760720253 0.1394220695127749
v 0.23983784019947052 -0.15276238322257996 0.1255345602185058
v 0.054859891533851624 -0.29916852712631226 0.19483250756964676
v 0.054859891533851624 -0.135802760720253 0.1394220695127749
v 0.054859891533851624 -0.29916852712631226 0.19483250756964676
v 0.23983784019947052 -0.15276238322257996 0.1255345602185058
v 0.23983784019947052 -0.29916852712631226 0.17519352840649988
v 0.07384790480136871 -0.32616856694221497 0.18567459240308576
v 0.054859891533851624 -0.29916852712631226 0.19483250756964676
v 0.23983784019947052 -0.29916852712631226 0.17519352840649988
v 0.054859891533851624 -0.29916852712631226 0.19483250756964676
v 0.07384790480136871 -0.32616856694221497 0.18567459240308576
v 0.054859891533851624 -0.3071806728839874 0.19211505670312756
v -0.7722821235656738 -0.36546528339385986 -0.30897706124666485
v -0.8068601489067078 -0.33499035239219666 0.3202751246506602
v -0.7722821235656738 -0.36546528339385986 0.3202751246506602
v -0.8068601489067078 -0.33499035239219666 0.3202751246506602
v -0.7722821235656738 -0.36546528339385986 -0.30897706124666485
v -0.891832172870636 -0.2600997984409332 -0.30897706124666485
v -0.891832172870636 -0.2600997984409332 -0.30897706124666485
v -0.891832172870636 -0.2600997984409332 0.3202751246506602
v -0.8068601489067078 -0.33499035239219666 0.3202751246506602
v -0.8770721554756165 -0.22444835305213928 -0.30897706124666485
v -0.891832172870636 -0.2600997984409332 0.3202751246506602
v -0.891832172870636 -0.2600997984409332 -0.30897706124666485
v -0.891832172870636 -0.2600997984409332 0.3202751246506602
v -0.8770721554756165 -0.22444835305213928 -0.30897706124666485
v -0.8770721554756165 -0.22444835305213928 0.3202751246506602
vt 0 0
vt 0 0
vt 0 0
vt 0 0
vt 0 0
vt 0 0
vt 0 0
vt 0 0
vt 0 0
vt 0 0
vt 0 0
vt 0 0
vt 0 0
vt 0 0
vt 0 0
vt 0 0
vt 0 0
vt 0 0
vt 0 0
vt 0 0
vt 0 0
vt 0 0
vt 0 0
vt 0 0
vt 0 0
vt 0 0
vt 0 0
vt 0 0
vt 0 0
vt 0 0
vt 0 0
vt 0 0
vt 0 0
vt 0 0
vt 0 0
vt 0 0
vt 0 0
vt 0 0
vt 0 0
vt 0 0
vt 0 0
vt 0 0
vt 0 0
vt 0 0
vt 0 0
vt 0 0
vt 0 0
vt 0 0
vt 0 0
vt 0 0
vt 0 0
vt 0 0
vt 0 0
vt 0 0
vt 0 0
vt 0 0
vt 0 0
vt 0 0
vt 0 0
vt 0 0
vt 0 0
vt 0 0
vt 0 0
vt 0 0
vt 0 0
vt 0 0
vt 0 0
vt 0 0
vt 0 0
vt 0 0
vt 0 0
vt 0 0
vt 0 0
vt 0 0
vt 0 0
vt 0 0
vt 0 0
vt 0 0
vt 0 0
vt 0 0
vt 0 0
vt 0 0
vt 0 0
vt 0 0
vt 0 0
vt 0 0
vt 0 0
vt 0 0
vt 0 0
vt 0 0
vt 0 0
vt 0 0
vt 0 0
vt 0 0
vt 0 0
vt 0 0
vt 0 0
vt 0 0
vt 0 0
vt 0 0
vt 0 0
vt 0 0
vt 0 0
vt 0 0
vt 0 0
vt 0 0
vt 0 0
vt 0 0
vt 0 0
vt 0 0
vt 0 0
vt 0 0
vt 0 0
vt 0 0
vt 0 0
vt 0 0
vt 0 0
vt 0 0
vt 0 0
vt 0 0
vt 0 0
vt 0 0
vt 0 0
vt 0 0
vt 0 0
vt 0 0
vt 0 0
vt 0 0
vt 0 0
vt 0 0
vt 0 0
vt 0 0
vt 0 0
vt 0 0
vt 0 0
vt 0 0
vt 0 0
vt 0 0
vt 0 0
vt 0 0
vt 0 0
vt 0 0
vt 0 0
vt 0 0
vt 0 0
vt 0 0
vt 0 0
vt 0 0
vt 0 0
vt 0 0
vt 0 0
vt 0 0
vt 0 0
vt 0 0
vt 0 0
vt 0 0
vt 0 0
vt 0 0
vt 0 0
vt 0 0
vt 0 0
vt 0 0
vt 0 0
vt 0 0
vt 0 0
vt 0 0
vt 0 0
vt 0 0
vt 0 0
vt 0 0
vt 0 0
vt 0 0
vt 0 0
vt 0 0
vt 0 0
vt 0 0
vt 0 0
vt 0 0
vt 0 0
vt 0 0
vt 0 0
vt 0 0
vt 0 0
vt 0 0
vt 0 0
vt 0 0
vt 0 0
vt 0 0
vt 0 0
vt 0 0
vt 0 0
vt 0 0
vt 0 0
vt 0 0
vt 0 0
vt 0 0
vt 0 0
vt 0 0
vt 0 0
vt 0 0
vt 0 0
vt 0 0
vt 0 0
vt 0 0
vt 0 0
vt 0 0
vt 0 0
vt 0 0
vt 0 0
vt 0 0
vt 0 0
vt 0 0
vt 0 0
vt 0 0
vt 0 0
vt 0 0
vt 0 0
vt 0 0
vt 0 0
vt 0 0
vt 0 0
vt 0 0
vt 0 0
vt 0 0
vt 0 0
vt 0 0
vt 0 0
vt 0 0
vt 0 0
vt 0 0
vt 0 0
vt 0 0
vt 0 0
vt 0 0
vt 0 0
vt 0 0
vt 0 0
vt 0 0
vt 0 0
vt 0 0
vt 0 0
vt 0 0
vt 0 0
vt 0 0
vt 0 0
vt 0 0
vt 0 0
vt 0 0
vt 0 0
vt 0 0
vt 0 0
vt 0 0
vt 0 0
vt 0 0
vt 0 0
vt 0 0
vt 0 0
vt 0 0
vt 0 0
vt 0 0
vt 0 0
vt 0 0
vt 0 0
vt 0 0
vn -0.9239396000887492 0.3825383842019549 0
vn -0.9239396000887492 0.3825383842019549 0
vn -0.9239396000887492 0.3825383842019549 0
vn -0.9239396000887492 0.3825383842019549 0
vn -0.9239396000887492 0.3825383842019549 0
vn -0.9239396000887492 0.3825383842019549 0
vn -0.6612010005822924 -0.7502087954889461 0
vn -0.6612010005822924 -0.7502087954889461 0
vn -0.6612010005822924 -0.7502087954889461 0
vn -0.6612010005822924 -0.7502087954889461 0
vn -0.6612010005822924 -0.7502087954889461 0
vn -0.6612010005822924 -0.7502087954889461 0
vn 0.3755630361664703 0 -0.9267968525331873
vn 0.40531853437488474 0.579175980147531 -0.707299137361514
vn 0.3755630361664703 0 -0.9267968525331873
vn 0.40531853437488474 -0.579175980147531 -0.707299137361514
vn 0.3755630361664703 0 -0.9267968525331873
vn 0.3755630361664703 0 -0.9267968525331873
vn 0.40531853437488474 0.579175980147531 -0.707299137361514
vn 0.3755630361664703 0 -0.9267968525331873
vn 0.40531853437488474 0.579175980147531 -0.707299137361514
vn 0.40531853437488474 -0.579175980147531 -0.707299137361514
vn 0.3755630361664703 0 -0.9267968525331873
vn 0.40531853437488474 -0.579175980147531 -0.707299137361514
vn 0.44353137235901 0.8962588475063069 0
vn 0.40531853437488474 0.579175980147531 -0.707299137361514
vn 0.40531853437488474 0.579175980147531 -0.707299137361514
vn 0.40531853437488474 -0.579175980147531 -0.707299137361514
vn 0.44353137235901 -0.8962588475063069 0
vn 0.40531853437488474 -0.579175980147531 -0.707299137361514
vn 0.44353137235901 0.8962588475063069 0
vn 0.40531853437488474 0.579175980147531 -0.707299137361514
vn 0.44353137235901 0.8962588475063069 0
vn 0.44353137235901 -0.8962588475063069 0
vn 0.40531853437488474 -0.579175980147531 -0.707299137361514
vn 0.44353137235901 -0.8962588475063069 0
vn 0.44353137235901 0.8962588475063069 0
vn 0.40531853437488474 0.579175980147531 0.707299137361514
vn 0.44353137235901 0.8962588475063069 0
vn 0.40531853437488474 -0.579175980147531 0.707299137361514
vn 0.44353137235901 -0.8962588475063069 0
vn 0.44353137235901 -0.8962588475063069 0
vn 0.40531853437488474 0.579175980147531 0.707299137361514
vn 0.44353137235901 0.8962588475063069 0
vn 0.40531853437488474 0.579175980147531 0.707299137361514
vn 0.40531853437488474 -0.579175980147531 0.707299137361514
vn 0.44353137235901 -0.8962588475063069 0
vn 0.40531853437488474 -0.579175980147531 0.707299137361514
vn 0.40531853437488474 0.579175980147531 0.707299137361514
vn 0.3755630361664703 0 0.9267968525331873
vn 0.40531853437488474 0.579175980147531 0.707299137361514
vn 0.40531853437488474 -0.579175980147531 0.707299137361514
vn 0.40531853437488474 -0.579175980147531 0.707299137361514
vn 0.35821264329493957 -0.29986331591770654 0.8841751489102656
vn 0.40531853437488474 0.579175980147531 0.707299137361514
vn 0.3755630361664703 0 0.9267968525331873
vn 0.3755630361664703 0 0.9267968525331873
vn 0.3755630361664703 0 0.9267968525331873
vn 0.35821264329493957 -0.29986331591770654 0.8841751489102656
vn 0.40531853437488474 -0.579175980147531 0.707299137361514
vn 0.35821264329493957 -0.29986331591770654 0.8841751489102656
vn 0.3755630361664703 0 0.9267968525331873
vn 0.3755630361664703 0 0.9267968525331873
vn 1 0 0
vn 1 0 0
vn 1 0 0
vn 1 0 0
vn 1 0 0
vn 1 0 0
vn 1 0 0
vn 1 0 0
vn 1 0 0
vn 1 0 0
vn 1 0 0
vn 1 0 0
vn 1 0 0
vn 1 0 0
vn 1 0 0
vn 1 0 0
vn 1 0 0
vn 1 0 0
vn 0 0 1
vn 0 0 1
vn 0 0 1
vn 0 0 1
vn 0 0 1
vn 0 0 1
vn 0 0 1
vn 0 0 1
vn 0 0 1
vn 0 0 1
vn 0 0 1
vn 0 0 1
vn 0 0 -1
vn 0 0 -1
vn 0 0 -1
vn 0 0 -1
vn 0 0 -1
vn 0 0 -1
vn 0 0 -1
vn 0 0 -1
vn 0 0 -1
vn 0 0 -1
vn 0 0 -1
vn 0 0 -1
vn 0.9239396000887492 -0.3825383842019549 0
vn 0.9239396000887492 -0.3825383842019549 0
vn 0.9239396000887492 -0.3825383842019549 0
vn 0.9239396000887492 -0.3825383842019549 0
vn 0.9239396000887492 -0.3825383842019549 0
vn 0.9239396000887492 -0.3825383842019549 0
vn 0 1 0
vn 0 1 0
vn 0 1 0
vn 0 1 0
vn 0 1 0
vn 0 1 0
vn 0.6612010005822924 0.7502087954889461 0
vn 0.6612010005822924 0.7502087954889461 0
vn 0.6612010005822924 0.7502087954889461 0
vn 0.6612010005822924 0.7502087954889461 0
vn 0.6612010005822924 0.7502087954889461 0
vn 0.6612010005822924 0.7502087954889461 0
vn 0 -1 0
vn 0 -1 0
vn 0 -1 0
vn 0 -1 0
vn 0 -1 0
vn 0 -1 0
vn 0 1 0
vn 0 1 0
vn 0 1 0
vn 0 1 0
vn 0 1 0
vn 0 1 0
vn 0 1 0
vn 0 1 0
vn 0 1 0
vn 0 1 0
vn 0 1 0
vn 0 1 0
vn 0 1 0
vn 0 1 0
vn 0 1 0
vn 0 1 0
vn 0 1 0
vn 0 1 0
vn -0.6612010005822924 -0.7502087954889461 0
vn -0.6612010005822924 -0.7502087954889461 0
vn -0.6612010005822924 -0.7502087954889461 0
vn -0.6612010005822924 -0.7502087954889461 0
vn -0.6612010005822924 -0.7502087954889461 0
vn -0.6612010005822924 -0.7502087954889461 0
vn -0.6612010005822924 -0.7502087954889461 0
vn -0.6612010005822924 -0.7502087954889461 0
vn -0.6612010005822924 -0.7502087954889461 0
vn -0.6612010005822924 -0.7502087954889461 0
vn -0.6612010005822924 -0.7502087954889461 0
vn -0.6612010005822924 -0.7502087954889461 0
vn -0.6612010005822924 -0.7502087954889461 0
vn -0.6612010005822924 -0.7502087954889461 0
vn -0.6612010005822924 -0.7502087954889461 0
vn -0.6612010005822924 -0.7502087954889461 0
vn -0.6612010005822924 -0.7502087954889461 0
vn -0.6612010005822924 -0.7502087954889461 0
vn 0 -1 0
vn 0 -1 0
vn 0 -1 0
vn 0 -1 0
vn 0 -1 0
vn 0 -1 0
vn -0.9239396000887492 0.3825383842019549 0
vn -0.9239396000887492 0.3825383842019549 0
vn -0.9239396000887492 0.3825383842019549 0
vn -0.9239396000887492 0.3825383842019549 0
vn -0.9239396000887492 0.3825383842019549 0
vn -0.9239396000887492 0.3825383842019549 0
vn -0.9239396000887492 0.3825383842019549 0
vn -0.9239396000887492 0.3825383842019549 0
vn -0.9239396000887492 0.3825383842019549 0
vn -0.9239396000887492 0.3825383842019549 0
vn -0.9239396000887492 0.3825383842019549 0
vn -0.9239396000887492 0.3825383842019549 0
vn -0.12861385948958406 0.9916947489763135 0
vn -0.11679305207141867 0.6292678381162289 -0.7683627859939408
vn -0.12861385948958406 0.9916947489763135 0
vn -0.11679305207141867 0.6292678381162289 -0.7683627859939408
vn -0.12861385948958406 0.9916947489763135 0
vn -0.11679305207141867 0.6292678381162289 -0.7683627859939408
vn -0.10239907245262443 0.3195031452719948 -0.9420361830217271
vn -0.11679305207141867 0.6292678381162289 -0.7683627859939408
vn -0.11679305207141867 0.6292678381162289 -0.7683627859939408
vn -0.11679305207141867 0.6292678381162289 0.7683627859939408
vn -0.12861385948958406 0.9916947489763135 0
vn -0.12861385948958406 0.9916947489763135 0
vn -0.10239907245262443 0.3195031452719948 -0.9420361830217271
vn -0.11679305207141867 0.6292678381162289 -0.7683627859939408
vn -0.10239907245262443 0.3195031452719948 -0.9420361830217271
vn -0.11679305207141867 0.6292678381162289 0.7683627859939408
vn -0.12861385948958406 0.9916947489763135 0
vn -0.11679305207141867 0.6292678381162289 0.7683627859939408
vn -0.11679305207141867 0.6292678381162289 0.7683627859939408
vn -0.10239907245262443 0.3195031452719948 0.9420361830217271
vn -0.11679305207141867 0.6292678381162289 0.7683627859939408
vn -0.10239907245262443 0.3195031452719948 0.9420361830217271
vn -0.11679305207141867 0.6292678381162289 0.7683627859939408
vn -0.10239907245262443 0.3195031452719948 0.9420361830217271
vn -0.10239907245262443 0.3195031452719948 0.9420361830217271
vn -0.11679305207141867 0.6292678381162289 0.7683627859939408
vn -0.10686278857227377 -0.00008192295831988066 0.9942737740216154
vn -0.11679305207141867 0.6292678381162289 -0.7683627859939408
vn -0.10239907245262443 0.3195031452719948 -0.9420361830217271
vn -0.10686278857227377 -0.00008192295831988066 -0.9942737740216154
vn -0.10239907245262443 0.3195031452719948 0.9420361830217271
vn -0.10686278857227377 -0.00008192295831988066 0.9942737740216154
vn -0.10686278857227377 -0.00008192295831988066 0.9942737740216154
vn -0.10239907245262443 0.3195031452719948 0.9420361830217271
vn -0.10686278857227377 -0.00008192295831988066 0.9942737740216154
vn -0.10239907245262443 0.3195031452719948 0.9420361830217271
vn -0.10686278857227377 -0.00008192295831988066 0.9942737740216154
vn -0.10686278857227377 -0.00008192295831988066 0.9942737740216154
vn -0.11543370871012426 -0.62931493819529 0.7685296139106705
vn -0.10686278857227377 -0.00008192295831988066 0.9942737740216154
vn -0.11543370871012426 -0.62931493819529 0.7685296139106705
vn -0.11543370871012426 -0.62931493819529 0.7685296139106705
vn -0.11543370871012426 -0.62931493819529 0.7685296139106705
vn -0.12861385948958406 -0.9916947489763135 0
vn -0.11543370871012426 -0.62931493819529 0.7685296139106705
vn -0.12861385948958406 -0.9916947489763135 0
vn -0.11543370871012426 -0.62931493819529 0.7685296139106705
vn -0.12861385948958406 -0.9916947489763135 0
vn -0.12861385948958406 -0.9916947489763135 0
vn -0.12861385948958406 -0.9916947489763135 0
vn -0.11543370871012426 -0.62931493819529 -0.7685296139106705
vn -0.12861385948958406 -0.9916947489763135 0
vn -0.11543370871012426 -0.62931493819529 -0.7685296139106705
vn -0.11543370871012426 -0.62931493819529 -0.7685296139106705
vn -0.11543370871012426 -0.62931493819529 -0.7685296139106705
vn -0.10686278857227377 -0.00008192295831988066 -0.9942737740216154
vn -0.11543370871012426 -0.62931493819529 -0.7685296139106705
vn -0.10686278857227377 -0.00008192295831988066 -0.9942737740216154
vn -0.11543370871012426 -0.62931493819529 -0.7685296139106705
vn -0.10686278857227377 -0.00008192295831988066 -0.9942737740216154
vn -0.10239907245262443 0.3195031452719948 -0.9420361830217271
vn -0.10686278857227377 -0.00008192295831988066 -0.9942737740216154
vn -0.10686278857227377 -0.00008192295831988066 -0.9942737740216154
vn -0.10686278857227377 -0.00008192295831988066 -0.9942737740216154
vn -0.10239907245262443 0.3195031452719948 -0.9420361830217271
vn -0.10239907245262443 0.3195031452719948 -0.9420361830217271
vn 0.6612010005822924 0.7502087954889461 0
vn 0.6612010005822924 0.7502087954889461 0
vn 0.6612010005822924 0.7502087954889461 0
vn 0.6612010005822924 0.7502087954889461 0
vn 0.6612010005822924 0.7502087954889461 0
vn 0.6612010005822924 0.7502087954889461 0
vn 0.6612010005822924 0.7502087954889461 0
vn 0.6612010005822924 0.7502087954889461 0
vn 0.6612010005822924 0.7502087954889461 0
vn 0.9239396000887492 -0.3825383842019549 0
vn 0.9239396000887492 -0.3825383842019549 0
vn 0.9239396000887492 -0.3825383842019549 0
vn 0.9239396000887492 -0.3825383842019549 0
vn 0.9239396000887492 -0.3825383842019549 0
vn 0.9239396000887492 -0.3825383842019549 0
f 1078/1078/1078 1079/1079/1079 1080/1080/1080
f 1081/1081/1081 1082/1082/1082 1083/1083/1083
f 1084/1084/1084 1085/1085/1085 1086/1086/1086
f 1087/1087/1087 1088/1088/1088 1089/1089/1089
f 1090/1090/1090 1091/1091/1091 1092/1092/1092
f 1093/1093/1093 1094/1094/1094 1095/1095/1095
f 1096/1096/1096 1097/1097/1097 1098/1098/1098
f 1099/1099/1099 1100/1100/1100 1101/1101/1101
f 1102/1102/1102 1103/1103/1103 1104/1104/1104
f 1105/1105/1105 1106/1106/1106 1107/1107/1107
f 1108/1108/1108 1109/1109/1109 1110/1110/1110
f 1111/1111/1111 1112/1112/1112 1113/1113/1113
f 1114/1114/1114 1115/1115/1115 1116/1116/1116
f 1117/1117/1117 1118/1118/1118 1119/1119/1119
f 1120/1120/1120 1121/1121/1121 1122/1122/1122
f 1123/1123/1123 1124/1124/1124 1125/1125/1125
f 1126/1126/1126 1127/1127/1127 1128/1128/1128
f 1129/1129/1129 1130/1130/1130 1131/1131/1131
f 1132/1132/1132 1133/1133/1133 1134/1134/1134
f 1135/1135/1135 1136/1136/1136 1137/1137/1137
f 1138/1138/1138 1139/1139/1139 1140/1140/1140
f 1141/1141/1141 1142/1142/1142 1143/1143/1143
f 1144/1144/1144 1145/1145/1145 1146/1146/1146
f 1147/1147/1147 1148/1148/1148 1149/1149/1149
f 1150/1150/1150 1151/1151/1151 1152/1152/1152
f 1153/1153/1153 1154/1154/1154 1155/1155/1155
f 1156/1156/1156 1157/1157/1157 1158/1158/1158
f 1159/1159/1159 1160/1160/1160 1161/1161/1161
f 1162/1162/1162 1163/1163/1163 1164/1164/1164
f 1165/1165/1165 1166/1166/1166 1167/1167/1167
f 1168/1168/1168 1169/1169/1169 1170/1170/1170
f 1171/1171/1171 1172/1172/1172 1173/1173/1173
f 1174/1174/1174 1175/1175/1175 1176/1176/1176
f 1177/1177/1177 1178/1178/1178 1179/1179/1179
f 1180/1180/1180 1181/1181/1181 1182/1182/1182
f 1183/1183/1183 1184/1184/1184 1185/1185/1185
f 1186/1186/1186 1187/1187/1187 1188/1188/1188
f 1189/1189/1189 1190/1190/1190 1191/1191/1191
f 1192/1192/1192 1193/1193/1193 1194/1194/1194
f 1195/1195/1195 1196/1196/1196 1197/1197/1197
f 1198/1198/1198 1199/1199/1199 1200/1200/1200
f 1201/1201/1201 1202/1202/1202 1203/1203/1203
f 1204/1204/1204 1205/1205/1205 1206/1206/1206
f 1207/1207/1207 1208/1208/1208 1209/1209/1209
f 1210/1210/1210 1211/1211/1211 1212/1212/1212
f 1213/1213/1213 1214/1214/1214 1215/1215/1215
f 1216/1216/1216 1217/1217/1217 1218/1218/1218
f 1219/1219/1219 1220/1220/1220 1221/1221/1221
f 1222/1222/1222 1223/1223/1223 1224/1224/1224
f 1225/1225/1225 1226/1226/1226 1227/1227/1227
f 1228/1228/1228 1229/1229/1229 1230/1230/1230
f 1231/1231/1231 1232/1232/1232 1233/1233/1233
f 1234/1234/1234 1235/1235/1235 1236/1236/1236
f 1237/1237/1237 1238/1238/1238 1239/1239/1239
f 1240/1240/1240 1241/1241/1241 1242/1242/1242
f 1243/1243/1243 1244/1244/1244 1245/1245/1245
f 1246/1246/1246 1247/1247/1247 1248/1248/1248
f 1249/1249/1249 1250/1250/1250 1251/1251/1251
f 1252/1252/1252 1253/1253/1253 1254/1254/1254
f 1255/1255/1255 1256/1256/1256 1257/1257/1257
f 1258/1258/1258 1259/1259/1259 1260/1260/1260
f 1261/1261/1261 1262/1262/1262 1263/1263/1263
f 1264/1264/1264 1265/1265/1265 1266/1266/1266
f 1267/1267/1267 1268/1268/1268 1269/1269/1269
f 1270/1270/1270 1271/1271/1271 1272/1272/1272
f 1273/1273/1273 1274/1274/1274 1275/1275/1275
f 1276/1276/1276 1277/1277/1277 1278/1278/1278
f 1279/1279/1279 1280/1280/1280 1281/1281/1281
f 1282/1282/1282 1283/1283/1283 1284/1284/1284
f 1285/1285/1285 1286/1286/1286 1287/1287/1287
f 1288/1288/1288 1289/1289/1289 1290/1290/1290
f 1291/1291/1291 1292/1292/1292 1293/1293/1293
f 1294/1294/1294 1295/1295/1295 1296/1296/1296
f 1297/1297/1297 1298/1298/1298 1299/1299/1299
f 1300/1300/1300 1301/1301/1301 1302/1302/1302
f 1303/1303/1303 1304/1304/1304 1305/1305/1305
f 1306/1306/1306 1307/1307/1307 1308/1308/1308
f 1309/1309/1309 1310/1310/1310 1311/1311/1311
f 1312/1312/1312 1313/1313/1313 1314/1314/1314
f 1315/1315/1315 1316/1316/1316 1317/1317/1317
f 1318/1318/1318 1319/1319/1319 1320/1320/1320
f 1321/1321/1321 1322/1322/1322 1323/1323/1323
f 1324/1324/1324 1325/1325/1325 1326/1326/1326
f 1327/1327/1327 1328/1328/1328 1329/1329/1329
f 1330/1330/1330 1331/1331/1331 1332/1332/1332
f 1333/1333/1333 1334/1334/1334 1335/1335/1335
f 1336/1336/1336 1337/1337/1337 1338/1338/1338
f 1339/1339/1339 1340/1340/1340 1341/1341/1341
o 
v -1.629895806312561 -0.613076388835907 -0.1559590724631892
v -1.629895806312561 -0.08224982023239136 -0.23667561592473407
v -1.629895806312561 -0.5147945880889893 -0.23667561592473407
v -1.629895806312561 -0.08224982023239136 -0.23667561592473407
v -1.629895806312561 -0.613076388835907 -0.1559590724631892
v -1.629895806312561 -0.08224982023239136 0.2799974193841357
v -1.629895806312561 -0.08224982023239136 0.2799974193841357
v -1.629895806312561 -0.613076388835907 -0.1559590724631892
v -1.629895806312561 -0.613076388835907 0.19928089385566986
v -1.629895806312561 -0.08224982023239136 0.2799974193841357
v -1.629895806312561 -0.613076388835907 0.19928089385566986
v -1.629895806312561 -0.5147945880889893 0.2799974193841357
v -1.629895806312561 -0.08224982023239136 -0.23667561592473407
v -1.629895806312561 -0.08224982023239136 0.2799974193841357
v -1.629895806312561 0.016033120453357697 0.19928089385566986
v -1.629895806312561 -0.08224982023239136 -0.23667561592473407
v -1.629895806312561 0.016033120453357697 0.19928089385566986
v -1.629895806312561 0.016033120453357697 -0.1559590724631892
v -1.629895806312561 -0.5147945880889893 0.2799974193841357
v -1.5937048196792603 -0.6580995321273804 0.21459148719817597
v -1.5937048196792603 -0.5334370732307434 0.3169738979780491
v -1.5937048196792603 -0.6580995321273804 0.21459148719817597
v -1.629895806312561 -0.5147945880889893 0.2799974193841357
v -1.629895806312561 -0.613076388835907 0.19928089385566986
v -1.629895806312561 -0.5147945880889893 -0.23667561592473407
v -1.5937048196792603 -0.6580995321273804 -0.17126968373877433
v -1.629895806312561 -0.613076388835907 -0.1559590724631892
v -1.5937048196792603 -0.6580995321273804 -0.17126968373877433
v -1.629895806312561 -0.5147945880889893 -0.23667561592473407
v -1.5937048196792603 -0.5334370732307434 -0.2736521064740335
v -1.629895806312561 -0.613076388835907 0.19928089385566986
v -1.629895806312561 -0.613076388835907 -0.1559590724631892
v -1.5937048196792603 -0.6580995321273804 -0.17126968373877433
v -1.5937048196792603 -0.6580995321273804 -0.17126968373877433
v -1.5937048196792603 -0.6580995321273804 0.21459148719817597
v -1.629895806312561 -0.613076388835907 0.19928089385566986
v -1.5937048196792603 -0.06360620260238647 0.3169738979780491
v -1.5937048196792603 0.06105630844831467 0.21459148719817597
v -1.629895806312561 0.016033120453357697 0.19928089385566986
v -1.5937048196792603 -0.06360620260238647 0.3169738979780491
v -1.629895806312561 0.016033120453357697 0.19928089385566986
v -1.629895806312561 -0.08224982023239136 0.2799974193841357
v -1.629895806312561 0.016033120453357697 -0.1559590724631892
v -1.5937048196792603 -0.06360620260238647 -0.2736521064740335
v -1.629895806312561 -0.08224982023239136 -0.23667561592473407
v -1.5937048196792603 -0.06360620260238647 -0.2736521064740335
v -1.629895806312561 0.016033120453357697 -0.1559590724631892
v -1.5937048196792603 0.06105630844831467 -0.17126968373877433
v -1.5937048196792603 -0.5334370732307434 0.3169738979780491
v -1.5937048196792603 -0.06360620260238647 0.3169738979780491
v -1.629895806312561 -0.08224982023239136 0.2799974193841357
v -1.5937048196792603 -0.5334370732307434 0.3169738979780491
v -1.629895806312561 -0.08224982023239136 0.2799974193841357
v -1.629895806312561 -0.5147945880889893 0.2799974193841357
v -1.5937048196792603 -0.5334370732307434 -0.2736521064740335
v -1.629895806312561 -0.08224982023239136 -0.23667561592473407
v -1.5937048196792603 -0.06360620260238647 -0.2736521064740335
v -1.629895806312561 -0.08224982023239136 -0.23667561592473407
v -1.5937048196792603 -0.5334370732307434 -0.2736521064740335
v -1.629895806312561 -0.5147945880889893 -0.23667561592473407
v -1.5937048196792603 0.06105630844831467 0.21459148719817597
v -1.5937048196792603 0.06105630844831467 -0.17126968373877433
v -1.629895806312561 0.016033120453357697 -0.1559590724631892
v -1.5937048196792603 0.06105630844831467 0.21459148719817597
v -1.629895806312561 0.016033120453357697 -0.1559590724631892
v -1.629895806312561 0.016033120453357697 0.19928089385566986
v 0.27080419659614563 -0.12761496007442474 -0.11250761061348317
v 0.27080419659614563 -0.13584917783737183 -0.2187833167534828
v 0.27080419659614563 -0.00575399212539196 -0.11193917385325983
v 0.27080419659614563 -0.13584917783737183 -0.2187833167534828
v 0.27080419659614563 -0.12761496007442474 -0.11250761061348317
v 0.27080419659614563 -0.1927577555179596 -0.13466765978961828
v 0.27080419659614563 -0.00575399212539196 -0.11193917385325983
v 0.27080419659614563 -0.05994681641459465 0.021660907707393817
v 0.27080419659614563 -0.12761496007442474 -0.11250761061348317
v 0.27080419659614563 -0.13584917783737183 -0.2187833167534828
v 0.27080419659614563 -0.1927577555179596 -0.13466765978961828
v 0.27080419659614563 -0.2909807562828064 -0.16808191157238578
v 0.27080419659614563 -0.00575399212539196 -0.11193917385325983
v 0.27080419659614563 -0.00575399212539196 0.15526097133496847
v 0.27080419659614563 -0.05994681641459465 0.021660907707393817
v 0.27080419659614563 -0.4611952602863312 -0.2187833167534828
v 0.27080419659614563 -0.13584917783737183 -0.2187833167534828
v 0.27080419659614563 -0.2909807562828064 -0.16808191157238578
v 0.27080419659614563 -0.05994681641459465 0.021660907707393817
v 0.27080419659614563 -0.00575399212539196 0.15526097133496847
v 0.27080419659614563 -0.12761496007442474 0.1558294260282708
v 0.27080419659614563 -0.2909807562828064 -0.16808191157238578
v 0.27080419659614563 -0.45434653759002686 -0.11250761061348317
v 0.27080419659614563 -0.4611952602863312 -0.2187833167534828
v 0.27080419659614563 -0.00575399212539196 0.15526097133496847
v 0.27080419659614563 -0.13584917783737183 0.26210510825749844
v 0.27080419659614563 -0.12761496007442474 0.1558294260282708
v 0.27080419659614563 -0.45434653759002686 -0.11250761061348317
v 0.27080419659614563 -0.5912904143333435 -0.11193917385325983
v 0.27080419659614563 -0.4611952602863312 -0.2187833167534828
v 0.27080419659614563 -0.2909807562828064 0.2114037030764014
v 0.27080419659614563 -0.12761496007442474 0.1558294260282708
v 0.27080419659614563 -0.13584917783737183 0.26210510825749844
v 0.27080419659614563 -0.5220146775245667 0.021660907707393817
v 0.27080419659614563 -0.5912904143333435 -0.11193917385325983
v 0.27080419659614563 -0.45434653759002686 -0.11250761061348317
v 0.27080419659614563 -0.13584917783737183 0.26210510825749844
v 0.27080419659614563 -0.4611952602863312 0.26210510825749844
v 0.27080419659614563 -0.2909807562828064 0.2114037030764014
v 0.27080419659614563 -0.5912904143333435 -0.11193917385325983
v 0.27080419659614563 -0.5220146775245667 0.021660907707393817
v 0.27080419659614563 -0.5912904143333435 0.15526097133496847
v 0.27080419659614563 -0.4611952602863312 0.26210510825749844
v 0.27080419659614563 -0.45434653759002686 0.1558294260282708
v 0.27080419659614563 -0.2909807562828064 0.2114037030764014
v 0.27080419659614563 -0.45434653759002686 0.1558294260282708
v 0.27080419659614563 -0.5912904143333435 0.15526097133496847
v 0.27080419659614563 -0.5220146775245667 0.021660907707393817
v 0.27080419659614563 -0.5912904143333435 0.15526097133496847
v 0.27080419659614563 -0.45434653759002686 0.1558294260282708
v 0.27080419659614563 -0.4611952602863312 0.26210510825749844
v -1.5937048196792603 -0.6580995321273804 0.21459148719817597
v 0.15627218782901764 -0.6573686599731445 0.21361191069126886
v 0.15627218782901764 -0.5322454571723938 0.3163735941364554
v -1.5937048196792603 -0.6580995321273804 0.21459148719817597
v 0.15627218782901764 -0.5322454571723938 0.3163735941364554
v -1.5937048196792603 -0.5334370732307434 0.3169738979780491
v 0.27080419659614563 -0.5912904143333435 0.15526097133496847
v 0.15627218782901764 -0.5322454571723938 0.3163735941364554
v 0.15627218782901764 -0.6573686599731445 0.21361191069126886
v 0.15627218782901764 -0.5322454571723938 0.3163735941364554
v 0.27080419659614563 -0.5912904143333435 0.15526097133496847
v 0.27080419659614563 -0.4611952602863312 0.26210510825749844
v 0.15627218782901764 -0.5322454571723938 -0.2730518026324398
v 0.27080419659614563 -0.5912904143333435 -0.11193917385325983
v 0.15627218782901764 -0.6573686599731445 -0.1702900952764812
v 0.27080419659614563 -0.5912904143333435 -0.11193917385325983
v 0.15627218782901764 -0.5322454571723938 -0.2730518026324398
v 0.27080419659614563 -0.4611952602863312 -0.2187833167534828
v -1.5937048196792603 -0.6580995321273804 -0.17126968373877433
v 0.15627218782901764 -0.5322454571723938 -0.2730518026324398
v 0.15627218782901764 -0.6573686599731445 -0.1702900952764812
v 0.15627218782901764 -0.5322454571723938 -0.2730518026324398
v -1.5937048196792603 -0.6580995321273804 -0.17126968373877433
v -1.5937048196792603 -0.5334370732307434 -0.2736521064740335
v -1.5937048196792603 -0.6580995321273804 -0.17126968373877433
v 0.15627218782901764 -0.6573686599731445 -0.1702900952764812
v 0.15627218782901764 -0.6573686599731445 0.21361191069126886
v -1.5937048196792603 -0.6580995321273804 -0.17126968373877433
v 0.15627218782901764 -0.6573686599731445 0.21361191069126886
v -1.5937048196792603 -0.6580995321273804 0.21459148719817597
v 0.27080419659614563 -0.5912904143333435 -0.11193917385325983
v 0.15627218782901764 -0.6573686599731445 0.21361191069126886
v 0.15627218782901764 -0.6573686599731445 -0.1702900952764812
v 0.15627218782901764 -0.6573686599731445 0.21361191069126886
v 0.27080419659614563 -0.5912904143333435 -0.11193917385325983
v 0.27080419659614563 -0.5912904143333435 0.15526097133496847
v -0.20743079483509064 0.04227285459637642 0.06992153714985774
v -0.18782679736614227 -0.00473749777302146 -0.04107840552078949
v -0.20743079483509064 0.04227285459637642 -0.026599730701609613
v -0.18782679736614227 -0.00473749777302146 0.08440021495788413
v -0.18782679736614227 -0.00473749777302146 -0.04107840552078949
v -0.20743079483509064 0.04227285459637642 0.06992153714985774
v -1.5937048196792603 0.06105630844831467 0.21459148719817597
v 0.15627218782901764 -0.06479896605014801 0.3163735941364554
v 0.15627218782901764 0.060325365513563156 0.21361191069126886
v 0.15627218782901764 -0.06479896605014801 0.3163735941364554
v -1.5937048196792603 0.06105630844831467 0.21459148719817597
v -1.5937048196792603 -0.06360620260238647 0.3169738979780491
v 0.15627218782901764 -0.06479896605014801 0.3163735941364554
v 0.27080419659614563 -0.00575399212539196 0.15526097133496847
v 0.15627218782901764 0.060325365513563156 0.21361191069126886
v 0.27080419659614563 -0.13584917783737183 0.26210510825749844
v 0.27080419659614563 -0.00575399212539196 0.15526097133496847
v 0.15627218782901764 -0.06479896605014801 0.3163735941364554
v 0.15627218782901764 -0.06479896605014801 -0.2730518026324398
v -1.5937048196792603 -0.06360620260238647 -0.2736521064740335
v -1.5937048196792603 0.06105630844831467 -0.17126968373877433
v 0.15627218782901764 -0.06479896605014801 -0.2730518026324398
v -1.5937048196792603 0.06105630844831467 -0.17126968373877433
v 0.15627218782901764 0.060325365513563156 -0.1702900952764812
v 0.27080419659614563 -0.00575399212539196 -0.11193917385325983
v 0.15627218782901764 -0.06479896605014801 -0.2730518026324398
v 0.15627218782901764 0.060325365513563156 -0.1702900952764812
v 0.15627218782901764 -0.06479896605014801 -0.2730518026324398
v 0.27080419659614563 -0.00575399212539196 -0.11193917385325983
v 0.27080419659614563 -0.13584917783737183 -0.2187833167534828
v 0.15627218782901764 -0.5322454571723938 0.3163735941364554
v 0.27080419659614563 -0.13584917783737183 0.26210510825749844
v 0.15627218782901764 -0.06479896605014801 0.3163735941364554
v 0.27080419659614563 -0.13584917783737183 0.26210510825749844
v 0.15627218782901764 -0.5322454571723938 0.3163735941364554
v 0.27080419659614563 -0.4611952602863312 0.26210510825749844
v 0.05634220689535141 -0.3179807960987091 0.3163619974120401
v 0.15627218782901764 -0.5322454571723938 0.3163735941364554
v 0.15627218782901764 -0.06479896605014801 0.3163735941364554
v -0.06926778703927994 -0.19237112998962402 0.3228128367658153
v 0.05634220689535141 -0.3179807960987091 0.3163619974120401
v 0.15627218782901764 -0.06479896605014801 0.3163735941364554
v 0.15627218782901764 -0.5322454571723938 0.3163735941364554
v 0.05634220689535141 -0.3179807960987091 0.3163619974120401
v 0.03660621494054794 -0.3720490336418152 0.3172673070611447
v -0.9026427865028381 -0.19407977163791656 0.3238223734700265
v -0.06926778703927994 -0.19237112998962402 0.3228128367658153
v 0.15627218782901764 -0.06479896605014801 0.3163735941364554
v -0.7928218245506287 -0.38117051124572754 0.3228128367658153
v 0.15627218782901764 -0.5322454571723938 0.3163735941364554
v 0.03660621494054794 -0.3720490336418152 0.3172673070611447
v 0.15627218782901764 -0.06479896605014801 0.3163735941364554
v -1.5937048196792603 -0.06360620260238647 0.3169738979780491
v -0.9026427865028381 -0.19407977163791656 0.3238223734700265
v -1.5937048196792603 -0.5334370732307434 0.3169738979780491
v 0.15627218782901764 -0.5322454571723938 0.3163735941364554
v -0.7928218245506287 -0.38117051124572754 0.3228128367658153
v -1.5937048196792603 -0.06360620260238647 0.3169738979780491
v -0.9275788068771362 -0.2581590414047241 0.32427983435974883
v -0.9026427865028381 -0.19407977163791656 0.3238223734700265
v -0.9275788068771362 -0.2581590414047241 0.32427983435974883
v -1.5937048196792603 -0.5334370732307434 0.3169738979780491
v -0.7928218245506287 -0.38117051124572754 0.3228128367658153
v -1.5937048196792603 -0.5334370732307434 0.3169738979780491
v -0.9275788068771362 -0.2581590414047241 0.32427983435974883
v -1.5937048196792603 -0.06360620260238647 0.3169738979780491
v -0.9275788068771362 -0.2581590414047241 -0.2809580428557332
v -1.5937048196792603 -0.5334370732307434 -0.2736521064740335
v -1.5937048196792603 -0.06360620260238647 -0.2736521064740335
v -1.5937048196792603 -0.5334370732307434 -0.2736521064740335
v -0.9275788068771362 -0.2581590414047241 -0.2809580428557332
v -0.7928218245506287 -0.38117051124572754 -0.2794910452617996
v -1.5937048196792603 -0.06360620260238647 -0.2736521064740335
v -0.9026427865028381 -0.19407977163791656 -0.28050058196601085
v -0.9275788068771362 -0.2581590414047241 -0.2809580428557332
v 0.15627218782901764 -0.5322454571723938 -0.2730518026324398
v -1.5937048196792603 -0.5334370732307434 -0.2736521064740335
v -0.7928218245506287 -0.38117051124572754 -0.2794910452617996
v -1.5937048196792603 -0.06360620260238647 -0.2736521064740335
v 0.15627218782901764 -0.06479896605014801 -0.2730518026324398
v -0.9026427865028381 -0.19407977163791656 -0.28050058196601085
v -0.06926778703927994 -0.19237112998962402 -0.2794910452617996
v -0.9026427865028381 -0.19407977163791656 -0.28050058196601085
v 0.15627218782901764 -0.06479896605014801 -0.2730518026324398
v 0.15627218782901764 -0.06479896605014801 -0.2730518026324398
v 0.05634220689535141 -0.3179807960987091 -0.27304020590802436
v -0.06926778703927994 -0.19237112998962402 -0.2794910452617996
v 0.15627218782901764 -0.5322454571723938 -0.2730518026324398
v 0.05634220689535141 -0.3179807960987091 -0.27304020590802436
v 0.15627218782901764 -0.06479896605014801 -0.2730518026324398
v -0.7928218245506287 -0.38117051124572754 -0.2794910452617996
v 0.03660621494054794 -0.3720490336418152 -0.273945515557129
v 0.15627218782901764 -0.5322454571723938 -0.2730518026324398
v 0.05634220689535141 -0.3179807960987091 -0.27304020590802436
v 0.15627218782901764 -0.5322454571723938 -0.2730518026324398
v 0.03660621494054794 -0.3720490336418152 -0.273945515557129
v 0.27080419659614563 -0.13584917783737183 -0.2187833167534828
v 0.15627218782901764 -0.5322454571723938 -0.2730518026324398
v 0.15627218782901764 -0.06479896605014801 -0.2730518026324398
v 0.15627218782901764 -0.5322454571723938 -0.2730518026324398
v 0.27080419659614563 -0.13584917783737183 -0.2187833167534828
v 0.27080419659614563 -0.4611952602863312 -0.2187833167534828
v -0.20743079483509064 0.04227285459637642 -0.026599730701609613
v -0.3381287753582001 0.04227285459637642 -0.026599730701609613
v -0.3381287753582001 0.04227285459637642 0.06992153714985774
v -0.20743079483509064 0.04227285459637642 -0.026599730701609613
v -0.3381287753582001 0.04227285459637642 0.06992153714985774
v -0.20743079483509064 0.04227285459637642 0.06992153714985774
v 0.27080419659614563 -0.00575399212539196 0.15526097133496847
v 0.27080419659614563 -0.00575399212539196 -0.11193917385325983
v 0.15627218782901764 0.060325365513563156 -0.1702900952764812
v 0.15627218782901764 0.060325365513563156 -0.1702900952764812
v 0.15627218782901764 0.060325365513563156 0.21361191069126886
v 0.27080419659614563 -0.00575399212539196 0.15526097133496847
v 0.15627218782901764 0.060325365513563156 -0.1702900952764812
v -0.14573781192302704 0.060451094061136246 0.11529648311926122
v 0.15627218782901764 0.060325365513563156 0.21361191069126886
v -0.39917778968811035 0.060556862503290176 0.11529648311926122
v 0.15627218782901764 0.060325365513563156 0.21361191069126886
v -0.14573781192302704 0.060451094061136246 0.11529648311926122
v 0.15627218782901764 0.060325365513563156 0.21361191069126886
v -0.39917778968811035 0.060556862503290176 0.11529648311926122
v -1.5937048196792603 0.06105630844831467 0.21459148719817597
v -0.39917778968811035 0.060556862503290176 -0.07197466770447358
v -1.5937048196792603 0.06105630844831467 0.21459148719817597
v -0.39917778968811035 0.060556862503290176 0.11529648311926122
v -1.5937048196792603 0.06105630844831467 0.21459148719817597
v -0.39917778968811035 0.060556862503290176 -0.07197466770447358
v -1.5937048196792603 0.06105630844831467 -0.17126968373877433
v 0.15627218782901764 0.060325365513563156 -0.1702900952764812
v -1.5937048196792603 0.06105630844831467 -0.17126968373877433
v -0.39917778968811035 0.060556862503290176 -0.07197466770447358
v -0.39917778968811035 -0.05423326417803764 0.11529648311926122
v -0.39917778968811035 0.060556862503290176 -0.07197466770447358
v -0.39917778968811035 0.060556862503290176 0.11529648311926122
v -0.39917778968811035 0.060556862503290176 0.11529648311926122
v -0.14573781192302704 0.060451094061136246 0.11529648311926122
v -0.39917778968811035 -0.05423326417803764 0.11529648311926122
v 0.15627218782901764 0.060325365513563156 -0.1702900952764812
v -0.39917778968811035 0.060556862503290176 -0.07197466770447358
v -0.14573781192302704 0.060451094061136246 -0.07197466770447358
v 0.15627218782901764 0.060325365513563156 -0.1702900952764812
v -0.14573781192302704 0.060451094061136246 -0.07197466770447358
v -0.14573781192302704 0.060451094061136246 0.11529648311926122
v -0.39917778968811035 -0.05423326417803764 -0.07197466770447358
v -0.14573781192302704 0.060451094061136246 -0.07197466770447358
v -0.39917778968811035 0.060556862503290176 -0.07197466770447358
v -0.39917778968811035 0.060556862503290176 -0.07197466770447358
v -0.39917778968811035 -0.05423326417803764 0.11529648311926122
v -0.39917778968811035 -0.05423326417803764 -0.07197466770447358
v -0.14573781192302704 0.060451094061136246 -0.07197466770447358
v -0.39917778968811035 -0.05423326417803764 -0.07197466770447358
v -0.14573781192302704 -0.05423326417803764 -0.07197466770447358
v -0.14573781192302704 -0.05423326417803764 0.11529648311926122
v -0.39917778968811035 -0.05423326417803764 0.11529648311926122
v -0.14573781192302704 0.060451094061136246 0.11529648311926122
v -0.14573781192302704 0.060451094061136246 -0.07197466770447358
v -0.14573781192302704 -0.05423326417803764 0.11529648311926122
v -0.14573781192302704 0.060451094061136246 0.11529648311926122
v -0.14573781192302704 -0.05423326417803764 0.11529648311926122
v -0.39917778968811035 -0.05423326417803764 -0.07197466770447358
v -0.39917778968811035 -0.05423326417803764 0.11529648311926122
v -0.14573781192302704 -0.05423326417803764 -0.07197466770447358
v -0.14573781192302704 -0.05423326417803764 0.11529648311926122
v -0.14573781192302704 0.060451094061136246 -0.07197466770447358
v -0.39917778968811035 -0.05423326417803764 -0.07197466770447358
v -0.14573781192302704 -0.05423326417803764 0.11529648311926122
v -0.14573781192302704 -0.05423326417803764 -0.07197466770447358
v -0.3381287753582001 0.04227285459637642 0.06992153714985774
v -0.18782679736614227 -0.00473749777302146 0.08440021495788413
v -0.20743079483509064 0.04227285459637642 0.06992153714985774
v -0.3577347993850708 -0.00473749777302146 0.08440021495788413
v -0.18782679736614227 -0.00473749777302146 0.08440021495788413
v -0.3381287753582001 0.04227285459637642 0.06992153714985774
v -0.18782679736614227 -0.00473749777302146 -0.04107840552078949
v -0.3381287753582001 0.04227285459637642 -0.026599730701609613
v -0.20743079483509064 0.04227285459637642 -0.026599730701609613
v -0.3381287753582001 0.04227285459637642 -0.026599730701609613
v -0.18782679736614227 -0.00473749777302146 -0.04107840552078949
v -0.3577347993850708 -0.00473749777302146 -0.04107840552078949
v -0.3577347993850708 -0.00473749777302146 -0.04107840552078949
v -0.3577347993850708 -0.00473749777302146 0.08440021495788413
v -0.3381287753582001 0.04227285459637642 -0.026599730701609613
v -0.3381287753582001 0.04227285459637642 -0.026599730701609613
v -0.3577347993850708 -0.00473749777302146 0.08440021495788413
v -0.3381287753582001 0.04227285459637642 0.06992153714985774
v -0.9026427865028381 -0.19407977163791656 -0.28050058196601085
v -0.06926778703927994 -0.19237112998962402 -0.2794910452617996
v -0.06926778703927994 -0.19237112998962402 0.3228128367658153
v -0.9026427865028381 -0.19407977163791656 -0.28050058196601085
v -0.06926778703927994 -0.19237112998962402 0.3228128367658153
v -0.9026427865028381 -0.19407977163791656 0.3238223734700265
v -0.9026427865028381 -0.19407977163791656 -0.28050058196601085
v -0.9026427865028381 -0.19407977163791656 0.3238223734700265
v -0.9275788068771362 -0.2581590414047241 0.32427983435974883
v -0.9275788068771362 -0.2581590414047241 0.32427983435974883
v -0.9275788068771362 -0.2581590414047241 -0.2809580428557332
v -0.9026427865028381 -0.19407977163791656 -0.28050058196601085
v -0.9275788068771362 -0.2581590414047241 0.32427983435974883
v -0.7928218245506287 -0.38117051124572754 -0.2794910452617996
v -0.9275788068771362 -0.2581590414047241 -0.2809580428557332
v -0.7928218245506287 -0.38117051124572754 -0.2794910452617996
v -0.9275788068771362 -0.2581590414047241 0.32427983435974883
v -0.7928218245506287 -0.38117051124572754 0.3228128367658153
v -0.06926778703927994 -0.19237112998962402 -0.2794910452617996
v 0.03735419362783432 -0.2989928722381592 0.20867820982029137
v -0.06926778703927994 -0.19237112998962402 0.3228128367658153
v -0.7928218245506287 -0.38117051124572754 -0.2794910452617996
v -0.7928218245506287 -0.38117051124572754 0.3228128367658153
v 0.03660621494054794 -0.3720490336418152 0.3172673070611447
v 0.03735419362783432 -0.2989928722381592 0.20867820982029137
v 0.05634220689535141 -0.3179807960987091 0.3163619974120401
v -0.06926778703927994 -0.19237112998962402 0.3228128367658153
v 0.03735419362783432 -0.2989928722381592 0.20867820982029137
v -0.06926778703927994 -0.19237112998962402 -0.2794910452617996
v 0.03735419362783432 -0.2989928722381592 -0.16535640636088972
v 0.05634220689535141 -0.3179807960987091 0.3163619974120401
v 0.03735419362783432 -0.2989928722381592 0.20867820982029137
v 0.05634220689535141 -0.3179807960987091 0.2022186908562836
v 0.05634220689535141 -0.3179807960987091 0.2022186908562836
v 0.03660621494054794 -0.3720490336418152 0.3172673070611447
v 0.05634220689535141 -0.3179807960987091 0.3163619974120401
v 0.05634220689535141 -0.3179807960987091 -0.27304020590802436
v 0.03735419362783432 -0.2989928722381592 -0.16535640636088972
v -0.06926778703927994 -0.19237112998962402 -0.2794910452617996
v 0.03660621494054794 -0.3720490336418152 0.3172673070611447
v 0.05634220689535141 -0.3179807960987091 0.2022186908562836
v 0.03735419362783432 -0.3700031340122223 0.18452134816445695
v 0.03735419362783432 -0.2989928722381592 -0.16535640636088972
v 0.05634220689535141 -0.3179807960987091 -0.27304020590802436
v 0.05634220689535141 -0.3179807960987091 -0.15889690532996098
v 0.03660621494054794 -0.3720490336418152 -0.273945515557129
v 0.05634220689535141 -0.3179807960987091 -0.15889690532996098
v 0.05634220689535141 -0.3179807960987091 -0.27304020590802436
v 0.03660621494054794 -0.3720490336418152 -0.273945515557129
v -0.7928218245506287 -0.38117051124572754 -0.2794910452617996
v 0.03660621494054794 -0.3720490336418152 0.3172673070611447
v 0.05634220689535141 -0.3179807960987091 -0.15889690532996098
v 0.03660621494054794 -0.3720490336418152 -0.273945515557129
v 0.03735419362783432 -0.3700031340122223 -0.1411995447050553
v 0.03735419362783432 -0.3700031340122223 -0.1411995447050553
v 0.03660621494054794 -0.3720490336418152 0.3172673070611447
v 0.03735419362783432 -0.3700031340122223 0.18452134816445695
v 0.03660621494054794 -0.3720490336418152 0.3172673070611447
v 0.03735419362783432 -0.3700031340122223 -0.1411995447050553
v 0.03660621494054794 -0.3720490336418152 -0.273945515557129
v -0.3577347993850708 -0.00473749777302146 -0.04107840552078949
v -0.18782679736614227 -0.00473749777302146 -0.04107840552078949
v -0.18782679736614227 -0.00473749777302146 0.08440021495788413
v -0.3577347993850708 -0.00473749777302146 -0.04107840552078949
v -0.18782679736614227 -0.00473749777302146 0.08440021495788413
v -0.3577347993850708 -0.00473749777302146 0.08440021495788413
vt 0 0
vt 0 0
vt 0 0
vt 0 0
vt 0 0
vt 0 0
vt 0 0
vt 0 0
vt 0 0
vt 0 0
vt 0 0
vt 0 0
vt 0 0
vt 0 0
vt 0 0
vt 0 0
vt 0 0
vt 0 0
vt 0 0
vt 0 0
vt 0 0
vt 0 0
vt 0 0
vt 0 0
vt 0 0
vt 0 0
vt 0 0
vt 0 0
vt 0 0
vt 0 0
vt 0 0
vt 0 0
vt 0 0
vt 0 0
vt 0 0
vt 0 0
vt 0 0
vt 0 0
vt 0 0
vt 0 0
vt 0 0
vt 0 0
vt 0 0
vt 0 0
vt 0 0
vt 0 0
vt 0 0
vt 0 0
vt 0 0
vt 0 0
vt 0 0
vt 0 0
vt 0 0
vt 0 0
vt 0 0
vt 0 0
vt 0 0
vt 0 0
vt 0 0
vt 0 0
vt 0 0
vt 0 0
vt 0 0
vt 0 0
vt 0 0
vt 0 0
vt 0 0
vt 0 0
vt 0 0
vt 0 0
vt 0 0
vt 0 0
vt 0 0
vt 0 0
vt 0 0
vt 0 0
vt 0 0
vt 0 0
vt 0 0
vt 0 0
vt 0 0
vt 0 0
vt 0 0
vt 0 0
vt 0 0
vt 0 0
vt 0 0
vt 0 0
vt 0 0
vt 0 0
vt 0 0
vt 0 0
vt 0 0
vt 0 0
vt 0 0
vt 0 0
vt 0 0
vt 0 0
vt 0 0
vt 0 0
vt 0 0
vt 0 0
vt 0 0
vt 0 0
vt 0 0
vt 0 0
vt 0 0
vt 0 0
vt 0 0
vt 0 0
vt 0 0
vt 0 0
vt 0 0
vt 0 0
vt 0 0
vt 0 0
vt 0 0
vt 0 0
vt 0 0
vt 0 0
vt 0 0
vt 0 0
vt 0 0
vt 0 0
vt 0 0
vt 0 0
vt 0 0
vt 0 0
vt 0 0
vt 0 0
vt 0 0
vt 0 0
vt 0 0
vt 0 0
vt 0 0
vt 0 0
vt 0 0
vt 0 0
vt 0 0
vt 0 0
vt 0 0
vt 0 0
vt 0 0
vt 0 0
vt 0 0
vt 0 0
vt 0 0
vt 0 0
vt 0 0
vt 0 0
vt 0 0
vt 0 0
vt 0 0
vt 0 0
vt 0 0
vt 0 0
vt 0 0
vt 0 0
vt 0 0
vt 0 0
vt 0 0
vt 0 0
vt 0 0
vt 0 0
vt 0 0
vt 0 0
vt 0 0
vt 0 0
vt 0 0
vt 0 0
vt 0 0
vt 0 0
vt 0 0
vt 0 0
vt 0 0
vt 0 0
vt 0 0
vt 0 0
vt 0 0
vt 0 0
vt 0 0
vt 0 0
vt 0 0
vt 0 0
vt 0 0
vt 0 0
vt 0 0
vt 0 0
vt 0 0
vt 0 0
vt 0 0
vt 0 0
vt 0 0
vt 0 0
vt 0 0
vt 0 0
vt 0 0
vt 0 0
vt 0 0
vt 0 0
vt 0 0
vt 0 0
vt 0 0
vt 0 0
vt 0 0
vt 0 0
vt 0 0
vt 0 0
vt 0 0
vt 0 0
vt 0 0
vt 0 0
vt 0 0
vt 0 0
vt 0 0
vt 0 0
vt 0 0
vt 0 0
vt 0 0
vt 0 0
vt 0 0
vt 0 0
vt 0 0
vt 0 0
vt 0 0
vt 0 0
vt 0 0
vt 0 0
vt 0 0
vt 0 0
vt 0 0
vt 0 0
vt 0 0
vt 0 0
vt 0 0
vt 0 0
vt 0 0
vt 0 0
vt 0 0
vt 0 0
vt 0 0
vt 0 0
vt 0 0
vt 0 0
vt 0 0
vt 0 0
vt 0 0
vt 0 0
vt 0 0
vt 0 0
vt 0 0
vt 0 0
vt 0 0
vt 0 0
vt 0 0
vt 0 0
vt 0 0
vt 0 0
vt 0 0
vt 0 0
vt 0 0
vt 0 0
vt 0 0
vt 0 0
vt 0 0
vt 0 0
vt 0 0
vt 0 0
vt 0 0
vt 0 0
vt 0 0
vt 0 0
vt 0 0
vt 0 0
vt 0 0
vt 0 0
vt 0 0
vt 0 0
vt 0 0
vt 0 0
vt 0 0
vt 0 0
vt 0 0
vt 0 0
vt 0 0
vt 0 0
vt 0 0
vt 0 0
vt 0 0
vt 0 0
vt 0 0
vt 0 0
vt 0 0
vt 0 0
vt 0 0
vt 0 0
vt 0 0
vt 0 0
vt 0 0
vt 0 0
vt 0 0
vt 0 0
vt 0 0
vt 0 0
vt 0 0
vt 0 0
vt 0 0
vt 0 0
vt 0 0
vt 0 0
vt 0 0
vt 0 0
vt 0 0
vt 0 0
vt 0 0
vt 0 0
vt 0 0
vt 0 0
vt 0 0
vt 0 0
vt 0 0
vt 0 0
vt 0 0
vt 0 0
vt 0 0
vt 0 0
vt 0 0
vt 0 0
vt 0 0
vt 0 0
vt 0 0
vt 0 0
vt 0 0
vt 0 0
vt 0 0
vt 0 0
vt 0 0
vt 0 0
vt 0 0
vt 0 0
vt 0 0
vt 0 0
vt 0 0
vt 0 0
vt 0 0
vt 0 0
vt 0 0
vt 0 0
vt 0 0
vt 0 0
vt 0 0
vt 0 0
vt 0 0
vt 0 0
vt 0 0
vt 0 0
vt 0 0
vt 0 0
vt 0 0
vt 0 0
vt 0 0
vt 0 0
vt 0 0
vt 0 0
vt 0 0
vt 0 0
vt 0 0
vt 0 0
vt 0 0
vt 0 0
vt 0 0
vt 0 0
vt 0 0
vt 0 0
vt 0 0
vt 0 0
vt 0 0
vt 0 0
vt 0 0
vt 0 0
vt 0 0
vt 0 0
vt 0 0
vt 0 0
vt 0 0
vt 0 0
vt 0 0
vt 0 0
vt 0 0
vt 0 0
vt 0 0
vt 0 0
vt 0 0
vt 0 0
vt 0 0
vt 0 0
vt 0 0
vt 0 0
vt 0 0
vt 0 0
vt 0 0
vt 0 0
vt 0 0
vt 0 0
vt 0 0
vn -1 0 0
vn -1 0 0
vn -1 0 0
vn -1 0 0
vn -1 0 0
vn -1 0 0
vn -1 0 0
vn -1 0 0
vn -1 0 0
vn -1 0 0
vn -1 0 0
vn -1 0 0
vn -1 0 0
vn -1 0 0
vn -1 0 0
vn -1 0 0
vn -1 0 0
vn -1 0 0
vn -0.7448822338322071 -0.4234488524163662 0.515598222561331
vn -0.7448822338322071 -0.4234488524163662 0.515598222561331
vn -0.7448822338322071 -0.4234488524163662 0.515598222561331
vn -0.7448822338322071 -0.4234488524163662 0.515598222561331
vn -0.7448822338322071 -0.4234488524163662 0.515598222561331
vn -0.7448822338322071 -0.4234488524163662 0.515598222561331
vn -0.7448822338322071 -0.4234488524163662 -0.515598222561331
vn -0.7448822338322071 -0.4234488524163662 -0.515598222561331
vn -0.7448822338322071 -0.4234488524163662 -0.515598222561331
vn -0.7448822338322071 -0.4234488524163662 -0.515598222561331
vn -0.7448822338322071 -0.4234488524163662 -0.515598222561331
vn -0.7448822338322071 -0.4234488524163662 -0.515598222561331
vn -0.7794260741712966 -0.6264942097912161 0
vn -0.7794260741712966 -0.6264942097912161 0
vn -0.7794260741712966 -0.6264942097912161 0
vn -0.7794260741712966 -0.6264942097912161 0
vn -0.7794260741712966 -0.6264942097912161 0
vn -0.7794260741712966 -0.6264942097912161 0
vn -0.7448822338322071 0.4234488524163662 0.515598222561331
vn -0.7448822338322071 0.4234488524163662 0.515598222561331
vn -0.7448822338322071 0.4234488524163662 0.515598222561331
vn -0.7448822338322071 0.4234488524163662 0.515598222561331
vn -0.7448822338322071 0.4234488524163662 0.515598222561331
vn -0.7448822338322071 0.4234488524163662 0.515598222561331
vn -0.7448822338322071 0.4234488524163662 -0.515598222561331
vn -0.7448822338322071 0.4234488524163662 -0.515598222561331
vn -0.7448822338322071 0.4234488524163662 -0.515598222561331
vn -0.7448822338322071 0.4234488524163662 -0.515598222561331
vn -0.7448822338322071 0.4234488524163662 -0.515598222561331
vn -0.7448822338322071 0.4234488524163662 -0.515598222561331
vn -0.7146747227629204 0 0.6994569612519006
vn -0.7146747227629204 0 0.6994569612519006
vn -0.7146747227629204 0 0.6994569612519006
vn -0.7146747227629204 0 0.6994569612519006
vn -0.7146747227629204 0 0.6994569612519006
vn -0.7146747227629204 0 0.6994569612519006
vn -0.7146747227629204 0 -0.6994569612519006
vn -0.7146747227629204 0 -0.6994569612519006
vn -0.7146747227629204 0 -0.6994569612519006
vn -0.7146747227629204 0 -0.6994569612519006
vn -0.7146747227629204 0 -0.6994569612519006
vn -0.7146747227629204 0 -0.6994569612519006
vn -0.7794260741712966 0.6264942097912161 0
vn -0.7794260741712966 0.6264942097912161 0
vn -0.7794260741712966 0.6264942097912161 0
vn -0.7794260741712966 0.6264942097912161 0
vn -0.7794260741712966 0.6264942097912161 0
vn -0.7794260741712966 0.6264942097912161 0
vn 1 0 0
vn 1 0 0
vn 1 0 0
vn 1 0 0
vn 1 0 0
vn 1 0 0
vn 1 0 0
vn 1 0 0
vn 1 0 0
vn 1 0 0
vn 1 0 0
vn 1 0 0
vn 1 0 0
vn 1 0 0
vn 1 0 0
vn 1 0 0
vn 1 0 0
vn 1 0 0
vn 1 0 0
vn 1 0 0
vn 1 0 0
vn 1 0 0
vn 1 0 0
vn 1 0 0
vn 1 0 0
vn 1 0 0
vn 1 0 0
vn 1 0 0
vn 1 0 0
vn 1 0 0
vn 1 0 0
vn 1 0 0
vn 1 0 0
vn 1 0 0
vn 1 0 0
vn 1 0 0
vn 1 0 0
vn 1 0 0
vn 1 0 0
vn 1 0 0
vn 1 0 0
vn 1 0 0
vn 1 0 0
vn 1 0 0
vn 1 0 0
vn 1 0 0
vn 1 0 0
vn 1 0 0
vn 1 0 0
vn 1 0 0
vn 1 0 0
vn 0.000738329768660503 -0.6346691982768504 0.7727835813652956
vn 0.32469700160372056 -0.6002817822685422 0.7309128805993612
vn 0.32469700160372056 -0.6002817822685422 0.7309128805993612
vn 0.000738329768660503 -0.6346691982768504 0.7727835813652956
vn 0.32469700160372056 -0.6002817822685422 0.7309128805993612
vn 0.000738329768660503 -0.6346691982768504 0.7727835813652956
vn 0.6050155406500246 -0.5053324526886916 0.6153009896234442
vn 0.32469700160372056 -0.6002817822685422 0.7309128805993612
vn 0.32469700160372056 -0.6002817822685422 0.7309128805993612
vn 0.32469700160372056 -0.6002817822685422 0.7309128805993612
vn 0.6050155406500246 -0.5053324526886916 0.6153009896234442
vn 0.6050155406500246 -0.5053324526886916 0.6153009896234442
vn 0.32469700160372056 -0.6002817822685422 -0.7309128805993612
vn 0.6050155406500246 -0.5053324526886916 -0.6153009896234442
vn 0.32469700160372056 -0.6002817822685422 -0.7309128805993612
vn 0.6050155406500246 -0.5053324526886916 -0.6153009896234442
vn 0.32469700160372056 -0.6002817822685422 -0.7309128805993612
vn 0.6050155406500246 -0.5053324526886916 -0.6153009896234442
vn 0.000738329768660503 -0.6346691982768504 -0.7727835813652956
vn 0.32469700160372056 -0.6002817822685422 -0.7309128805993612
vn 0.32469700160372056 -0.6002817822685422 -0.7309128805993612
vn 0.32469700160372056 -0.6002817822685422 -0.7309128805993612
vn 0.000738329768660503 -0.6346691982768504 -0.7727835813652956
vn 0.000738329768660503 -0.6346691982768504 -0.7727835813652956
vn 0.0004700564354728826 -0.9999998895234677 0
vn 0.2208441588662433 -0.975309108690502 0
vn 0.2208441588662433 -0.975309108690502 0
vn 0.0004700564354728826 -0.9999998895234677 0
vn 0.2208441588662433 -0.975309108690502 0
vn 0.0004700564354728826 -0.9999998895234677 0
vn 0.4997087742604466 -0.8661934777675955 0
vn 0.2208441588662433 -0.975309108690502 0
vn 0.2208441588662433 -0.975309108690502 0
vn 0.2208441588662433 -0.975309108690502 0
vn 0.4997087742604466 -0.8661934777675955 0
vn 0.4997087742604466 -0.8661934777675955 0
vn 0.9229522391819067 0.3849144894507146 0
vn 0.9229522391819067 0.3849144894507146 0
vn 0.9229522391819067 0.3849144894507146 0
vn 0.9229522391819067 0.3849144894507146 0
vn 0.9229522391819067 0.3849144894507146 0
vn 0.9229522391819067 0.3849144894507146 0
vn 0.000738329768660503 0.6346691982768504 0.7727835813652956
vn 0.32469700160372056 0.6002817822685422 0.7309128805993612
vn 0.32469700160372056 0.6002817822685422 0.7309128805993612
vn 0.32469700160372056 0.6002817822685422 0.7309128805993612
vn 0.000738329768660503 0.6346691982768504 0.7727835813652956
vn 0.000738329768660503 0.6346691982768504 0.7727835813652956
vn 0.32469700160372056 0.6002817822685422 0.7309128805993612
vn 0.6050155406500246 0.5053324526886916 0.6153009896234442
vn 0.32469700160372056 0.6002817822685422 0.7309128805993612
vn 0.6050155406500246 0.5053324526886916 0.6153009896234442
vn 0.6050155406500246 0.5053324526886916 0.6153009896234442
vn 0.32469700160372056 0.6002817822685422 0.7309128805993612
vn 0.32469700160372056 0.6002817822685422 -0.7309128805993612
vn 0.000738329768660503 0.6346691982768504 -0.7727835813652956
vn 0.000738329768660503 0.6346691982768504 -0.7727835813652956
vn 0.32469700160372056 0.6002817822685422 -0.7309128805993612
vn 0.000738329768660503 0.6346691982768504 -0.7727835813652956
vn 0.32469700160372056 0.6002817822685422 -0.7309128805993612
vn 0.6050155406500246 0.5053324526886916 -0.6153009896234442
vn 0.32469700160372056 0.6002817822685422 -0.7309128805993612
vn 0.32469700160372056 0.6002817822685422 -0.7309128805993612
vn 0.32469700160372056 0.6002817822685422 -0.7309128805993612
vn 0.6050155406500246 0.5053324526886916 -0.6153009896234442
vn 0.6050155406500246 0.5053324526886916 -0.6153009896234442
vn 0.18311135614493512 0.001644580788336242 0.9830908028278942
vn 0.42816898651251406 0 0.90369868816373
vn 0.1826260826388352 0.001891255881418594 0.9831806228212518
vn 0.42816898651251406 0 0.90369868816373
vn 0.18311135614493512 0.001644580788336242 0.9830908028278942
vn 0.42816898651251406 0 0.90369868816373
vn 0.002026747150661647 0.0022174507954705117 0.9999954875937975
vn 0.18311135614493512 0.001644580788336242 0.9830908028278942
vn 0.1826260826388352 0.001891255881418594 0.9831806228212518
vn -0.0011581434712410784 0.003695758304928289 0.9999925000090009
vn 0.002026747150661647 0.0022174507954705117 0.9999954875937975
vn 0.1826260826388352 0.001891255881418594 0.9831806228212518
vn 0.18311135614493512 0.001644580788336242 0.9830908028278942
vn 0.002026747150661647 0.0022174507954705117 0.9999954875937975
vn 0.000965118032478517 0.0027102184485899242 0.999995861623009
vn -0.0011581434712410784 0.003695758304928289 0.9999925000090009
vn -0.0011581434712410784 0.003695758304928289 0.9999925000090009
vn 0.1826260826388352 0.001891255881418594 0.9831806228212518
vn -0.0011581434712410784 0.003695758304928289 0.9999925000090009
vn 0.18311135614493512 0.001644580788336242 0.9830908028278942
vn 0.000965118032478517 0.0027102184485899242 0.999995861623009
vn 0.1826260826388352 0.001891255881418594 0.9831806228212518
vn -0.0011581434712410784 0.003695758304928289 0.9999925000090009
vn -0.0011581434712410784 0.003695758304928289 0.9999925000090009
vn -0.0011581434712410784 0.003695758304928289 0.9999925000090009
vn 0.18311135614493512 0.001644580788336242 0.9830908028278942
vn -0.0011581434712410784 0.003695758304928289 0.9999925000090009
vn -0.0011581434712410784 0.003695758304928289 0.9999925000090009
vn -0.0011581434712410784 0.003695758304928289 0.9999925000090009
vn -0.0011581434712410784 0.003695758304928289 0.9999925000090009
vn -0.0011581434712410784 0.003695758304928289 0.9999925000090009
vn -0.0011581434712410784 0.003695758304928289 0.9999925000090009
vn -0.0011581434712410784 0.003695758304928289 0.9999925000090009
vn -0.0011581434712410784 0.003695758304928289 0.9999925000090009
vn -0.0011581434712410784 0.003695758304928289 0.9999925000090009
vn -0.0011581434712410784 0.003695758304928289 0.9999925000090009
vn -0.0011581434712410784 0.003695758304928289 -0.9999925000090009
vn -0.0011581434712410784 0.003695758304928289 -0.9999925000090009
vn -0.0011581434712410784 0.003695758304928289 -0.9999925000090009
vn -0.0011581434712410784 0.003695758304928289 -0.9999925000090009
vn -0.0011581434712410784 0.003695758304928289 -0.9999925000090009
vn -0.0011581434712410784 0.003695758304928289 -0.9999925000090009
vn -0.0011581434712410784 0.003695758304928289 -0.9999925000090009
vn -0.0011581434712410784 0.003695758304928289 -0.9999925000090009
vn -0.0011581434712410784 0.003695758304928289 -0.9999925000090009
vn 0.18311135614493512 0.001644580788336242 -0.9830908028278942
vn -0.0011581434712410784 0.003695758304928289 -0.9999925000090009
vn -0.0011581434712410784 0.003695758304928289 -0.9999925000090009
vn -0.0011581434712410784 0.003695758304928289 -0.9999925000090009
vn 0.1826260826388352 0.001891255881418594 -0.9831806228212518
vn -0.0011581434712410784 0.003695758304928289 -0.9999925000090009
vn -0.0011581434712410784 0.003695758304928289 -0.9999925000090009
vn -0.0011581434712410784 0.003695758304928289 -0.9999925000090009
vn 0.1826260826388352 0.001891255881418594 -0.9831806228212518
vn 0.1826260826388352 0.001891255881418594 -0.9831806228212518
vn 0.002026747150661647 0.0022174507954705117 -0.9999954875937975
vn -0.0011581434712410784 0.003695758304928289 -0.9999925000090009
vn 0.18311135614493512 0.001644580788336242 -0.9830908028278942
vn 0.002026747150661647 0.0022174507954705117 -0.9999954875937975
vn 0.1826260826388352 0.001891255881418594 -0.9831806228212518
vn -0.0011581434712410784 0.003695758304928289 -0.9999925000090009
vn 0.000965118032478517 0.0027102184485899242 -0.999995861623009
vn 0.18311135614493512 0.001644580788336242 -0.9830908028278942
vn 0.002026747150661647 0.0022174507954705117 -0.9999954875937975
vn 0.18311135614493512 0.001644580788336242 -0.9830908028278942
vn 0.000965118032478517 0.0027102184485899242 -0.999995861623009
vn 0.42816898651251406 0 -0.90369868816373
vn 0.18311135614493512 0.001644580788336242 -0.9830908028278942
vn 0.1826260826388352 0.001891255881418594 -0.9831806228212518
vn 0.18311135614493512 0.001644580788336242 -0.9830908028278942
vn 0.42816898651251406 0 -0.90369868816373
vn 0.42816898651251406 0 -0.90369868816373
vn 0 1 0
vn 0 1 0
vn 0 1 0
vn 0 1 0
vn 0 1 0
vn 0 1 0
vn 0.4997507317571176 0.8661692710482319 0
vn 0.4997507317571176 0.8661692710482319 0
vn 0.2208441588662433 0.975309108690502 0
vn 0.2208441588662433 0.975309108690502 0
vn 0.2208441588662433 0.975309108690502 0
vn 0.4997507317571176 0.8661692710482319 0
vn 0.2208441588662433 0.975309108690502 0
vn -0.34083637744651485 0.8710798371637467 -0.3536247744374217
vn 0.2208441588662433 0.975309108690502 0
vn 0.5980293257502995 0.5087237928388815 -0.6193230402158997
vn 0.2208441588662433 0.975309108690502 0
vn -0.34083637744651485 0.8710798371637467 -0.3536247744374217
vn 0.2208441588662433 0.975309108690502 0
vn 0.5980293257502995 0.5087237928388815 -0.6193230402158997
vn 0.0004700564354728826 0.9999998895234677 0
vn 0.5980293257502995 0.5087237928388815 0.6193230402158997
vn 0.0004700564354728826 0.9999998895234677 0
vn 0.5980293257502995 0.5087237928388815 -0.6193230402158997
vn 0.0004700564354728826 0.9999998895234677 0
vn 0.5980293257502995 0.5087237928388815 0.6193230402158997
vn 0.0004700564354728826 0.9999998895234677 0
vn 0.2208441588662433 0.975309108690502 0
vn 0.0004700564354728826 0.9999998895234677 0
vn 0.5980293257502995 0.5087237928388815 0.6193230402158997
vn 0.5978565675982525 0.5087529461402511 -0.6194658702247048
vn 0.5980293257502995 0.5087237928388815 0.6193230402158997
vn 0.5980293257502995 0.5087237928388815 -0.6193230402158997
vn 0.5980293257502995 0.5087237928388815 -0.6193230402158997
vn -0.34083637744651485 0.8710798371637467 -0.3536247744374217
vn 0.5978565675982525 0.5087529461402511 -0.6194658702247048
vn 0.2208441588662433 0.975309108690502 0
vn 0.5980293257502995 0.5087237928388815 0.6193230402158997
vn -0.34083637744651485 0.8710798371637467 0.3536247744374217
vn 0.2208441588662433 0.975309108690502 0
vn -0.34083637744651485 0.8710798371637467 0.3536247744374217
vn -0.34083637744651485 0.8710798371637467 -0.3536247744374217
vn 0.5978565675982525 0.5087529461402511 0.6194658702247048
vn -0.34083637744651485 0.8710798371637467 0.3536247744374217
vn 0.5980293257502995 0.5087237928388815 0.6193230402158997
vn 0.5980293257502995 0.5087237928388815 0.6193230402158997
vn 0.5978565675982525 0.5087529461402511 -0.6194658702247048
vn 0.5978565675982525 0.5087529461402511 0.6194658702247048
vn -0.34083637744651485 0.8710798371637467 0.3536247744374217
vn 0.5978565675982525 0.5087529461402511 0.6194658702247048
vn -0.5978565675982525 0.5087529461402511 0.6194658702247048
vn -0.5978565675982525 0.5087529461402511 -0.6194658702247048
vn 0.5978565675982525 0.5087529461402511 -0.6194658702247048
vn -0.34083637744651485 0.8710798371637467 -0.3536247744374217
vn -0.34083637744651485 0.8710798371637467 0.3536247744374217
vn -0.5978565675982525 0.5087529461402511 -0.6194658702247048
vn -0.34083637744651485 0.8710798371637467 -0.3536247744374217
vn -0.5978565675982525 0.5087529461402511 -0.6194658702247048
vn 0.5978565675982525 0.5087529461402511 0.6194658702247048
vn 0.5978565675982525 0.5087529461402511 -0.6194658702247048
vn -0.5978565675982525 0.5087529461402511 0.6194658702247048
vn -0.5978565675982525 0.5087529461402511 -0.6194658702247048
vn -0.34083637744651485 0.8710798371637467 0.3536247744374217
vn 0.5978565675982525 0.5087529461402511 0.6194658702247048
vn -0.5978565675982525 0.5087529461402511 -0.6194658702247048
vn -0.5978565675982525 0.5087529461402511 0.6194658702247048
vn 0 0.2943261076544691 0.9557050498731131
vn 0 0.2943261076544691 0.9557050498731131
vn 0 0.2943261076544691 0.9557050498731131
vn 0 0.2943261076544691 0.9557050498731131
vn 0 0.2943261076544691 0.9557050498731131
vn 0 0.2943261076544691 0.9557050498731131
vn 0 0.2943261076544691 -0.9557050498731131
vn 0 0.2943261076544691 -0.9557050498731131
vn 0 0.2943261076544691 -0.9557050498731131
vn 0 0.2943261076544691 -0.9557050498731131
vn 0 0.2943261076544691 -0.9557050498731131
vn 0 0.2943261076544691 -0.9557050498731131
vn -0.9229522391819067 0.3849144894507146 0
vn -0.9229522391819067 0.3849144894507146 0
vn -0.9229522391819067 0.3849144894507146 0
vn -0.9229522391819067 0.3849144894507146 0
vn -0.9229522391819067 0.3849144894507146 0
vn -0.9229522391819067 0.3849144894507146 0
vn 0.6047374717977755 -0.7964248804524097 0
vn -0.3908091500433188 -0.9204717313651836 0
vn -0.3908091500433188 -0.9204717313651836 0
vn 0.6047374717977755 -0.7964248804524097 0
vn -0.3908091500433188 -0.9204717313651836 0
vn 0.6047374717977755 -0.7964248804524097 0
vn 0.6047374717977755 -0.7964248804524097 0
vn 0.6047374717977755 -0.7964248804524097 0
vn 0.9789067015174645 0.20430778184934137 0
vn 0.9789067015174645 0.20430778184934137 0
vn 0.9789067015174645 0.20430778184934137 0
vn 0.6047374717977755 -0.7964248804524097 0
vn 0.9789067015174645 0.20430778184934137 0
vn 0.370585416696958 0.9287983898196325 0
vn 0.9789067015174645 0.20430778184934137 0
vn 0.370585416696958 0.9287983898196325 0
vn 0.9789067015174645 0.20430778184934137 0
vn 0.370585416696958 0.9287983898196325 0
vn -0.3908091500433188 -0.9204717313651836 0
vn -0.7071110727080218 -0.7071024896390273 0
vn -0.3908091500433188 -0.9204717313651836 0
vn 0.370585416696958 0.9287983898196325 0
vn 0.370585416696958 0.9287983898196325 0
vn -0.6118230786879953 0.7909946399216261 0
vn -0.7071110727080218 -0.7071024896390273 0
vn -0.9798217884409124 -0.19987311699288568 0
vn -0.3908091500433188 -0.9204717313651836 0
vn -0.7071110727080218 -0.7071024896390273 0
vn -0.3908091500433188 -0.9204717313651836 0
vn -0.7071110727080218 -0.7071024896390273 0
vn -0.9798217884409124 -0.19987311699288568 0
vn -0.7071110727080218 -0.7071024896390273 0
vn -0.9971348671664838 -0.07564427725134819 0
vn -0.9971348671664838 -0.07564427725134819 0
vn -0.6118230786879953 0.7909946399216261 0
vn -0.9798217884409124 -0.19987311699288568 0
vn -0.9798217884409124 -0.19987311699288568 0
vn -0.7071110727080218 -0.7071024896390273 0
vn -0.3908091500433188 -0.9204717313651836 0
vn -0.6118230786879953 0.7909946399216261 0
vn -0.9971348671664838 -0.07564427725134819 0
vn -0.9393767075983219 0.34288686358875986 0
vn -0.7071110727080218 -0.7071024896390273 0
vn -0.9798217884409124 -0.19987311699288568 0
vn -0.9971348671664838 -0.07564427725134819 0
vn -0.6118230786879953 0.7909946399216261 0
vn -0.9971348671664838 -0.07564427725134819 0
vn -0.9798217884409124 -0.19987311699288568 0
vn -0.6118230786879953 0.7909946399216261 0
vn 0.370585416696958 0.9287983898196325 0
vn -0.6118230786879953 0.7909946399216261 0
vn -0.9971348671664838 -0.07564427725134819 0
vn -0.6118230786879953 0.7909946399216261 0
vn -0.9393767075983219 0.34288686358875986 0
vn -0.9393767075983219 0.34288686358875986 0
vn -0.6118230786879953 0.7909946399216261 0
vn -0.9393767075983219 0.34288686358875986 0
vn -0.6118230786879953 0.7909946399216261 0
vn -0.9393767075983219 0.34288686358875986 0
vn -0.6118230786879953 0.7909946399216261 0
vn 0 -1 0
vn 0 -1 0
vn 0 -1 0
vn 0 -1 0
vn 0 -1 0
vn 0 -1 0
f 1342/1342/1342 1343/1343/1343 1344/1344/1344
f 1345/1345/1345 1346/1346/1346 1347/1347/1347
f 1348/1348/1348 1349/1349/1349 1350/1350/1350
f 1351/1351/1351 1352/1352/1352 1353/1353/1353
f 1354/1354/1354 1355/1355/1355 1356/1356/1356
f 1357/1357/1357 1358/1358/1358 1359/1359/1359
f 1360/1360/1360 1361/1361/1361 1362/1362/1362
f 1363/1363/1363 1364/1364/1364 1365/1365/1365
f 1366/1366/1366 1367/1367/1367 1368/1368/1368
f 1369/1369/1369 1370/1370/1370 1371/1371/1371
f 1372/1372/1372 1373/1373/1373 1374/1374/1374
f 1375/1375/1375 1376/1376/1376 1377/1377/1377
f 1378/1378/1378 1379/1379/1379 1380/1380/1380
f 1381/1381/1381 1382/1382/1382 1383/1383/1383
f 1384/1384/1384 1385/1385/1385 1386/1386/1386
f 1387/1387/1387 1388/1388/1388 1389/1389/1389
f 1390/1390/1390 1391/1391/1391 1392/1392/1392
f 1393/1393/1393 1394/1394/1394 1395/1395/1395
f 1396/1396/1396 1397/1397/1397 1398/1398/1398
f 1399/1399/1399 1400/1400/1400 1401/1401/1401
f 1402/1402/1402 1403/1403/1403 1404/1404/1404
f 1405/1405/1405 1406/1406/1406 1407/1407/1407
f 1408/1408/1408 1409/1409/1409 1410/1410/1410
f 1411/1411/1411 1412/1412/1412 1413/1413/1413
f 1414/1414/1414 1415/1415/1415 1416/1416/1416
f 1417/1417/1417 1418/1418/1418 1419/1419/1419
f 1420/1420/1420 1421/1421/1421 1422/1422/1422
f 1423/1423/1423 1424/1424/1424 1425/1425/1425
f 1426/1426/1426 1427/1427/1427 1428/1428/1428
f 1429/1429/1429 1430/1430/1430 1431/1431/1431
f 1432/1432/1432 1433/1433/1433 1434/1434/1434
f 1435/1435/1435 1436/1436/1436 1437/1437/1437
f 1438/1438/1438 1439/1439/1439 1440/1440/1440
f 1441/1441/1441 1442/1442/1442 1443/1443/1443
f 1444/1444/1444 1445/1445/1445 1446/1446/1446
f 1447/1447/1447 1448/1448/1448 1449/1449/1449
f 1450/1450/1450 1451/1451/1451 1452/1452/1452
f 1453/1453/1453 1454/1454/1454 1455/1455/1455
f 1456/1456/1456 1457/1457/1457 1458/1458/1458
f 1459/1459/1459 1460/1460/1460 1461/1461/1461
f 1462/1462/1462 1463/1463/1463 1464/1464/1464
f 1465/1465/1465 1466/1466/1466 1467/1467/1467
f 1468/1468/1468 1469/1469/1469 1470/1470/1470
f 1471/1471/1471 1472/1472/1472 1473/1473/1473
f 1474/1474/1474 1475/1475/1475 1476/1476/1476
f 1477/1477/1477 1478/1478/1478 1479/1479/1479
f 1480/1480/1480 1481/1481/1481 1482/1482/1482
f 1483/1483/1483 1484/1484/1484 1485/1485/1485
f 1486/1486/1486 1487/1487/1487 1488/1488/1488
f 1489/1489/1489 1490/1490/1490 1491/1491/1491
f 1492/1492/1492 1493/1493/1493 1494/1494/1494
f 1495/1495/1495 1496/1496/1496 1497/1497/1497
f 1498/1498/1498 1499/1499/1499 1500/1500/1500
f 1501/1501/1501 1502/1502/1502 1503/1503/1503
f 1504/1504/1504 1505/1505/1505 1506/1506/1506
f 1507/1507/1507 1508/1508/1508 1509/1509/1509
f 1510/1510/1510 1511/1511/1511 1512/1512/1512
f 1513/1513/1513 1514/1514/1514 1515/1515/1515
f 1516/1516/1516 1517/1517/1517 1518/1518/1518
f 1519/1519/1519 1520/1520/1520 1521/1521/1521
f 1522/1522/1522 1523/1523/1523 1524/1524/1524
f 1525/1525/1525 1526/1526/1526 1527/1527/1527
f 1528/1528/1528 1529/1529/1529 1530/1530/1530
f 1531/1531/1531 1532/1532/1532 1533/1533/1533
f 1534/1534/1534 1535/1535/1535 1536/1536/1536
f 1537/1537/1537 1538/1538/1538 1539/1539/1539
f 1540/1540/1540 1541/1541/1541 1542/1542/1542
f 1543/1543/1543 1544/1544/1544 1545/1545/1545
f 1546/1546/1546 1547/1547/1547 1548/1548/1548
f 1549/1549/1549 1550/1550/1550 1551/1551/1551
f 1552/1552/1552 1553/1553/1553 1554/1554/1554
f 1555/1555/1555 1556/1556/1556 1557/1557/1557
f 1558/1558/1558 1559/1559/1559 1560/1560/1560
f 1561/1561/1561 1562/1562/1562 1563/1563/1563
f 1564/1564/1564 1565/1565/1565 1566/1566/1566
f 1567/1567/1567 1568/1568/1568 1569/1569/1569
f 1570/1570/1570 1571/1571/1571 1572/1572/1572
f 1573/1573/1573 1574/1574/1574 1575/1575/1575
f 1576/1576/1576 1577/1577/1577 1578/1578/1578
f 1579/1579/1579 1580/1580/1580 1581/1581/1581
f 1582/1582/1582 1583/1583/1583 1584/1584/1584
f 1585/1585/1585 1586/1586/1586 1587/1587/1587
f 1588/1588/1588 1589/1589/1589 1590/1590/1590
f 1591/1591/1591 1592/1592/1592 1593/1593/1593
f 1594/1594/1594 1595/1595/1595 1596/1596/1596
f 1597/1597/1597 1598/1598/1598 1599/1599/1599
f 1600/1600/1600 1601/1601/1601 1602/1602/1602
f 1603/1603/1603 1604/1604/1604 1605/1605/1605
f 1606/1606/1606 1607/1607/1607 1608/1608/1608
f 1609/1609/1609 1610/1610/1610 1611/1611/1611
f 1612/1612/1612 1613/1613/1613 1614/1614/1614
f 1615/1615/1615 1616/1616/1616 1617/1617/1617
f 1618/1618/1618 1619/1619/1619 1620/1620/1620
f 1621/1621/1621 1622/1622/1622 1623/1623/1623
f 1624/1624/1624 1625/1625/1625 1626/1626/1626
f 1627/1627/1627 1628/1628/1628 1629/1629/1629
f 1630/1630/1630 1631/1631/1631 1632/1632/1632
f 1633/1633/1633 1634/1634/1634 1635/1635/1635
f 1636/1636/1636 1637/1637/1637 1638/1638/1638
f 1639/1639/1639 1640/1640/1640 1641/1641/1641
f 1642/1642/1642 1643/1643/1643 1644/1644/1644
f 1645/1645/1645 1646/1646/1646 1647/1647/1647
f 1648/1648/1648 1649/1649/1649 1650/1650/1650
f 1651/1651/1651 1652/1652/1652 1653/1653/1653
f 1654/1654/1654 1655/1655/1655 1656/1656/1656
f 1657/1657/1657 1658/1658/1658 1659/1659/1659
f 1660/1660/1660 1661/1661/1661 1662/1662/1662
f 1663/1663/1663 1664/1664/1664 1665/1665/1665
f 1666/1666/1666 1667/1667/1667 1668/1668/1668
f 1669/1669/1669 1670/1670/1670 1671/1671/1671
f 1672/1672/1672 1673/1673/1673 1674/1674/1674
f 1675/1675/1675 1676/1676/1676 1677/1677/1677
f 1678/1678/1678 1679/1679/1679 1680/1680/1680
f 1681/1681/1681 1682/1682/1682 1683/1683/1683
f 1684/1684/1684 1685/1685/1685 1686/1686/1686
f 1687/1687/1687 1688/1688/1688 1689/1689/1689
f 1690/1690/1690 1691/1691/1691 1692/1692/1692
f 1693/1693/1693 1694/1694/1694 1695/1695/1695
f 1696/1696/1696 1697/1697/1697 1698/1698/1698
f 1699/1699/1699 1700/1700/1700 1701/1701/1701
f 1702/1702/1702 1703/1703/1703 1704/1704/1704
f 1705/1705/1705 1706/1706/1706 1707/1707/1707
f 1708/1708/1708 1709/1709/1709 1710/1710/1710
f 1711/1711/1711 1712/1712/1712 1713/1713/1713
f 1714/1714/1714 1715/1715/1715 1716/1716/1716
f 1717/1717/1717 1718/1718/1718 1719/1719/1719
f 1720/1720/1720 1721/1721/1721 1722/1722/1722
f 1723/1723/1723 1724/1724/1724 1725/1725/1725
f 1726/1726/1726 1727/1727/1727 1728/1728/1728
f 1729/1729/1729 1730/1730/1730 1731/1731/1731
f 1732/1732/1732 1733/1733/1733 1734/1734/1734
f 1735/1735/1735 1736/1736/1736 1737/1737/1737
f 1738/1738/1738 1739/1739/1739 1740/1740/1740
f 1741/1741/1741 1742/1742/1742 1743/1743/1743
f 1744/1744/1744 1745/1745/1745 1746/1746/1746
