o RenderMesh_18687757424.001
v -1.2994656479876427 0.05773581611495304 0.09042600402269596
v -1.1855416363995461 0.05773581611495304 0.09042600402269596
v -1.1855416363995461 0.00763581740241337 0.10100500145588154
v -1.1855416363995461 0.00763581740241337 0.10100500145588154
v -1.2994656479876427 0.00763581740241337 0.10100500145588154
v -1.2994656479876427 0.05773581611495304 0.09042600402269596
v -1.2994656479876427 0.05773581611495304 0.09042600402269596
v -1.2290636516135125 0.07172281342129994 0.15051000425253147
v -1.2117836392443566 0.0685258139906435 0.13677900144491428
v -1.2117836392443566 0.0685258139906435 0.13677900144491428
v -1.1855416363995461 0.05773581611495304 0.09042600402269596
v -1.2994656479876427 0.05773581611495304 0.09042600402269596
v -1.1855416363995461 0.06618281500916767 0.1267129988375687
v -1.1855416363995461 0.05773581611495304 0.09042600402269596
v -1.2117836392443566 0.0685258139906435 0.13677900144491428
v -1.2117836392443566 0.0685258139906435 0.13677900144491428
v -1.198208651594439 0.0685258139906435 0.13677900144491428
v -1.1855416363995461 0.06618281500916767 0.1267129988375687
v -1.2290636516135125 0.07172281342129994 0.15051000425253147
v -1.2994656479876427 0.05773581611495304 0.09042600402269596
v -1.2994656479876427 0.08475181507449436 0.20648600766096348
v -1.2290636516135125 0.08475181507449436 0.20648600766096348
v -1.2290636516135125 0.07172281342129994 0.15051000425253147
v -1.2994656479876427 0.08475181507449436 0.20648600766096348
v -1.2994656479876427 0.08475181507449436 0.20648600766096348
v -1.2829096532385735 0.08781481581311512 0.21964300283823246
v -1.2290636516135125 0.08475181507449436 0.20648600766096348
v -1.2829096532385735 0.08781481581311512 0.21964300283823246
v -1.2456186330836205 0.08781481581311512 0.21964300283823246
v -1.2290636516135125 0.08475181507449436 0.20648600766096348
v -1.2994656479876427 0.00763581740241337 0.10100500145588154
v -1.2290636516135125 0.021621816330960275 0.16108801075849766
v -1.2994656479876427 0.03465181636195469 0.21706399926576847
v -1.2994656479876427 0.03465181636195469 0.21706399926576847
v -1.2290636516135125 0.021621816330960275 0.16108801075849766
v -1.2290636516135125 0.03465181636195469 0.21706399926576847
v -1.2290636516135125 0.03465181636195469 0.21706399926576847
v -1.2456186330836205 0.03771381872277546 0.23022001096639866
v -1.2994656479876427 0.03465181636195469 0.21706399926576847
v -1.2456186330836205 0.03771381872277546 0.23022001096639866
v -1.2829096532385735 0.03771381872277546 0.23022001096639866
v -1.2994656479876427 0.03465181636195469 0.21706399926576847
v -1.2117836392443566 0.01842581527810383 0.14735800632868046
v -1.2290636516135125 0.021621816330960275 0.16108801075849766
v -1.2994656479876427 0.00763581740241337 0.10100500145588154
v -1.2117836392443566 0.01842581527810383 0.14735800632868046
v -1.2994656479876427 0.00763581740241337 0.10100500145588154
v -1.1855416363995461 0.00763581740241337 0.10100500145588154
v -1.1855416363995461 0.00763581740241337 0.10100500145588154
v -1.1855416363995461 0.016082816296628 0.1372910053435349
v -1.2117836392443566 0.01842581527810383 0.14735800632868046
v -1.1855416363995461 0.016082816296628 0.1372910053435349
v -1.198208651594439 0.01842581527810383 0.14735800632868046
v -1.2117836392443566 0.01842581527810383 0.14735800632868046
v -1.1855416363995461 0.00763581740241337 0.10100500145588154
v -1.1855416363995461 0.05773581611495304 0.09042600402269596
v -1.1855416363995461 0.06618281500916767 0.1267129988375687
v -1.1855416363995461 0.06618281500916767 0.1267129988375687
v -1.1855416363995461 0.016082816296628 0.1372910053435349
v -1.1855416363995461 0.00763581740241337 0.10100500145588154
v -1.1855416363995461 0.016082816296628 0.1372910053435349
v -1.1855416363995461 0.06618281500916767 0.1267129988375687
v -1.198208651594439 0.0685258139906435 0.13677900144491428
v -1.198208651594439 0.0685258139906435 0.13677900144491428
v -1.198208651594439 0.01842581527810383 0.14735800632868046
v -1.1855416363995461 0.016082816296628 0.1372910053435349
v -1.198208651594439 0.0685258139906435 0.13677900144491428
v -1.2117836392443566 0.01842581527810383 0.14735800632868046
v -1.198208651594439 0.01842581527810383 0.14735800632868046
v -1.2117836392443566 0.01842581527810383 0.14735800632868046
v -1.198208651594439 0.0685258139906435 0.13677900144491428
v -1.2117836392443566 0.0685258139906435 0.13677900144491428
v -1.2290636516135125 0.021621816330960275 0.16108801075849766
v -1.2117836392443566 0.01842581527810383 0.14735800632868046
v -1.2117836392443566 0.0685258139906435 0.13677900144491428
v -1.2117836392443566 0.0685258139906435 0.13677900144491428
v -1.2290636516135125 0.07172281342129994 0.15051000425253147
v -1.2290636516135125 0.021621816330960275 0.16108801075849766
v -1.2290636516135125 0.03465181636195469 0.21706399926576847
v -1.2290636516135125 0.021621816330960275 0.16108801075849766
v -1.2290636516135125 0.07172281342129994 0.15051000425253147
v -1.2290636516135125 0.07172281342129994 0.15051000425253147
v -1.2290636516135125 0.08475181507449436 0.20648600766096348
v -1.2290636516135125 0.03465181636195469 0.21706399926576847
v -1.2290636516135125 0.03465181636195469 0.21706399926576847
v -1.2290636516135125 0.08475181507449436 0.20648600766096348
v -1.2456186330836205 0.08781481581311512 0.21964300283823246
v -1.2456186330836205 0.08781481581311512 0.21964300283823246
v -1.2456186330836205 0.03771381872277546 0.23022001096639866
v -1.2290636516135125 0.03465181636195469 0.21706399926576847
v -1.2456186330836205 0.03771381872277546 0.23022001096639866
v -1.2456186330836205 0.08781481581311512 0.21964300283823246
v -1.2829096532385735 0.03771381872277546 0.23022001096639866
v -1.2829096532385735 0.03771381872277546 0.23022001096639866
v -1.2456186330836205 0.08781481581311512 0.21964300283823246
v -1.2829096532385735 0.08781481581311512 0.21964300283823246
v -1.2994656479876427 0.03465181636195469 0.21706399926576847
v -1.2829096532385735 0.03771381872277546 0.23022001096639866
v -1.2829096532385735 0.08781481581311512 0.21964300283823246
v -1.2994656479876427 0.03465181636195469 0.21706399926576847
v -1.2829096532385735 0.08781481581311512 0.21964300283823246
v -1.2994656479876427 0.08475181507449436 0.20648600766096348
v -1.2994656479876427 0.05773581611495304 0.09042600402269596
v -1.2994656479876427 0.03465181636195469 0.21706399926576847
v -1.2994656479876427 0.08475181507449436 0.20648600766096348
v -1.2994656479876427 0.03465181636195469 0.21706399926576847
v -1.2994656479876427 0.05773581611495304 0.09042600402269596
v -1.2994656479876427 0.00763581740241337 0.10100500145588154
v -1.3101346409838586 0.00833481597285557 0.037421005308964195
v -0.5437876499216943 0.06835981505494404 0.037421005308964195
v -1.3101346409838586 0.06835881667714405 0.037421005308964195
v -1.3101346409838586 0.00833481597285557 0.037421005308964195
v -0.5437876499216943 0.00833481597285557 0.037421005308964195
v -0.5437876499216943 0.06835981505494404 0.037421005308964195
v -0.5437876499216943 0.06833681511264134 0.03182400436733002
v -1.3101346409838586 0.00831381651144314 0.03182400436733002
v -1.3101346409838586 0.06833681511264134 0.03182400436733002
v -1.3101346409838586 0.00831381651144314 0.03182400436733002
v -0.5437876499216943 0.06833681511264134 0.03182400436733002
v -0.5437876499216943 0.00831381651144314 0.03182400436733002
v -0.5437876499216943 0.06833681511264134 0.09063500025902027
v -1.3101346409838586 0.06833681511264134 0.09063500025902027
v -0.5437876499216943 0.03832281427960682 0.1046270043555283
v -1.3101346409838586 0.03832281427960682 0.1046270043555283
v -0.5437876499216943 0.03832281427960682 0.1046270043555283
v -1.3101346409838586 0.06833681511264134 0.09063500025902027
v -0.5437876499216943 0.03832281427960682 0.1046270043555283
v -1.3101346409838586 0.03832281427960682 0.1046270043555283
v -0.5437876499216943 0.00831381651144314 0.09518500277433628
v -1.3101346409838586 0.00831381651144314 0.09518500277433628
v -0.5437876499216943 0.00831381651144314 0.09518500277433628
v -1.3101346409838586 0.03832281427960682 0.1046270043555283
v -0.07744666104725884 0.19727382110934544 -0.02647099597718483
v -0.3678256488364129 0.15255881893019962 -0.043192995249888955
v -0.3678256488364129 0.19727382110934544 -0.02647099597718483
v -0.3678256488364129 0.15255881893019962 -0.043192995249888955
v -0.07744666104725884 0.19727382110934544 -0.02647099597718483
v -0.043949625543871385 0.15255881893019962 -0.043192995249888955
v -0.3678256488364129 0.15255881893019962 -0.043192995249888955
v -1.3254356301348595 0.19727282273154545 -0.02647099597718483
v -0.3678256488364129 0.19727382110934544 -0.02647099597718483
v -1.3254356301348595 0.19727282273154545 -0.02647099597718483
v -0.3678256488364129 0.15255881893019962 -0.043192995249888955
v -1.4259256339590936 0.15255881893019962 -0.043192995249888955
v -1.4259256339590936 0.15255881893019962 -0.043192995249888955
v -0.3678256488364129 0.15255881893019962 -0.043192995249888955
v -1.4259256339590936 0.03934881883244801 -0.1062799929675079
v -0.3678256488364129 0.039349817210247995 -0.1062799929675079
v -1.4259256339590936 0.03934881883244801 -0.1062799929675079
v -0.3678256488364129 0.15255881893019962 -0.043192995249888955
v -1.4259256339590936 0.03934881883244801 -0.1062799929675079
v -0.3678256488364129 0.039349817210247995 -0.1062799929675079
v -1.4259256339590936 -0.01625318312514734 -0.08461699774827725
v -0.3678256488364129 -0.01625218381602478 -0.08461699774827725
v -1.4259256339590936 -0.01625318312514734 -0.08461699774827725
v -0.3678256488364129 0.039349817210247995 -0.1062799929675079
v -0.15192266469410942 0.24449980306010533 -0.01849299623038536
v -0.15192266469410942 0.24449980306010533 0.021029003426768722
v -0.15192266469410942 0.19221182214598942 -0.01849299623038536
v -0.15192266469410942 0.24449980306010533 -0.01849299623038536
v -0.15192266469410942 0.2525298302112131 0.025574004739859046
v -0.15192266469410942 0.24449980306010533 0.021029003426768722
v -0.15192266469410942 0.2525298302112131 0.025574004739859046
v -0.15192266469410942 0.24449980306010533 -0.01849299623038536
v -0.15192266469410942 0.2525298302112131 -0.023061995863578377
v -0.15192266469410942 0.2525298302112131 -0.023061995863578377
v -0.15192266469410942 0.2739808266101389 0.0012680039765414763
v -0.15192266469410942 0.2525298302112131 0.025574004739859046
v -0.15192266469410942 0.2739808266101389 0.0012680039765414763
v -0.15192266469410942 0.2525298302112131 -0.023061995863578377
v -0.15192266469410942 0.2794638280807047 -0.012044995560905991
v -0.15192266469410942 0.2525298302112131 -0.023061995863578377
v -0.15192266469410942 0.2927028243480234 -0.017355996653101502
v -0.15192266469410942 0.2794638280807047 -0.012044995560905991
v -0.15192266469410942 0.2525298302112131 -0.023061995863578377
v -0.15192266469410942 0.30601081299166966 -0.023061995863578377
v -0.15192266469410942 0.2927028243480234 -0.017355996653101502
v -0.15192266469410942 0.30786880897860813 -0.017355996653101502
v -0.15192266469410942 0.2927028243480234 -0.017355996653101502
v -0.15192266469410942 0.30601081299166966 -0.023061995863578377
v -0.15192266469410942 0.30601081299166966 -0.023061995863578377
v -0.15192266469410942 0.31614580797534275 -0.012786996088585911
v -0.15192266469410942 0.30786880897860813 -0.017355996653101502
v -0.15192266469410942 0.30594280409198094 -0.012044995560905991
v -0.15192266469410942 0.31614580797534275 -0.012786996088585911
v -0.15192266469410942 0.31142580556254673 0.0012680039765414763
v -0.15192266469410942 0.31614580797534275 -0.012786996088585911
v -0.15192266469410942 0.31614580797534275 0.015324003525414409
v -0.15192266469410942 0.31142580556254673 0.0012680039765414763
v -0.15192266469410942 0.31614580797534275 -0.012786996088585911
v -0.15192266469410942 0.30594280409198094 -0.012044995560905991
v -0.15192266469410942 0.30786880897860813 -0.017355996653101502
v -0.15192266469410942 0.2927028243480234 -0.017355996653101502
v -0.15192266469410942 0.30786880897860813 -0.017355996653101502
v -0.15192266469410942 0.30594280409198094 -0.012044995560905991
v -0.15192266469410942 0.30594280409198094 0.014558003746309223
v -0.15192266469410942 0.31614580797534275 0.015324003525414409
v -0.15192266469410942 0.30786880897860813 0.01989300408993
v -0.15192266469410942 0.31614580797534275 0.015324003525414409
v -0.15192266469410942 0.30601081299166966 0.025574004739859046
v -0.15192266469410942 0.30786880897860813 0.01989300408993
v -0.15192266469410942 0.31614580797534275 0.015324003525414409
v -0.15192266469410942 0.30594280409198094 0.014558003746309223
v -0.15192266469410942 0.31142580556254673 0.0012680039765414763
v -0.15192266469410942 0.30786880897860813 0.01989300408993
v -0.15192266469410942 0.2927028243480234 0.01989300408993
v -0.15192266469410942 0.30594280409198094 0.014558003746309223
v -0.15192266469410942 0.2927028243480234 0.01989300408993
v -0.15192266469410942 0.2525298302112131 0.025574004739859046
v -0.15192266469410942 0.2794638280807047 0.014558003746309223
v -0.15192266469410942 0.2525298302112131 0.025574004739859046
v -0.15192266469410942 0.2927028243480234 0.01989300408993
v -0.15192266469410942 0.30601081299166966 0.025574004739859046
v -0.15192266469410942 0.2927028243480234 0.01989300408993
v -0.15192266469410942 0.30786880897860813 0.01989300408993
v -0.15192266469410942 0.30601081299166966 0.025574004739859046
v -0.15192266469410942 0.2525298302112131 0.025574004739859046
v -0.15192266469410942 0.2739808266101389 0.0012680039765414763
v -0.15192266469410942 0.2794638280807047 0.014558003746309223
v -0.15192266469410942 0.19221182214598942 -0.01849299623038536
v -0.15192266469410942 0.24449980306010533 0.021029003426768722
v -0.15192266469410942 0.19221182214598942 0.021029003426768722
v -0.3678256488364129 0.039349817210247995 -0.1062799929675079
v -0.3678256488364129 0.039349817210247995 0.10842100390825504
v -0.3678256488364129 -0.01625218381602478 -0.08461699774827725
v -0.3678256488364129 0.15255881893019962 -0.043192995249888955
v -0.3678256488364129 0.039349817210247995 0.10842100390825504
v -0.3678256488364129 0.039349817210247995 -0.1062799929675079
v -0.3678256488364129 0.039349817210247995 0.10842100390825504
v -0.3678256488364129 0.15255881893019962 -0.043192995249888955
v -0.3678256488364129 0.15255881893019962 0.044964002907612266
v -0.3678256488364129 -0.01625218381602478 -0.08461699774827725
v -0.3678256488364129 0.039349817210247995 0.10842100390825504
v -0.3678256488364129 -0.01625218381602478 0.08675900706682438
v -0.11270662312916802 0.21073681163173008 -0.013552995867691098
v -0.13502266173771904 0.2403468196330576 -0.02343299566175705
v -0.13502266173771904 0.2403468196330576 -0.013552995867691098
v -0.13502266173771904 0.2403468196330576 -0.02343299566175705
v -0.11270662312916802 0.21073681163173008 -0.013552995867691098
v -0.11270662312916802 0.21073681163173008 -0.02343299566175705
v -0.11270662312916802 0.21073681163173008 -0.013552995867691098
v -0.11270662312916802 0.1937438105283289 -0.02343299566175705
v -0.11270662312916802 0.21073681163173008 -0.02343299566175705
v -0.11270662312916802 0.1937438105283289 -0.02343299566175705
v -0.11270662312916802 0.21073681163173008 -0.013552995867691098
v -0.11270662312916802 0.1937438105283289 -0.013552995867691098
v -0.11270662312916802 0.21073681163173008 0.02596900472078556
v -0.13502266173771904 0.2403468196330576 0.016089003995397033
v -0.13502266173771904 0.2403468196330576 0.02596900472078556
v -0.13502266173771904 0.2403468196330576 0.016089003995397033
v -0.11270662312916802 0.21073681163173008 0.02596900472078556
v -0.11270662312916802 0.21073681163173008 0.016089003995397033
v -0.11270662312916802 0.21073681163173008 0.02596900472078556
v -0.11270662312916802 0.1937438105283289 0.016089003995397033
v -0.11270662312916802 0.21073681163173008 0.016089003995397033
v -0.11270662312916802 0.1937438105283289 0.016089003995397033
v -0.11270662312916802 0.21073681163173008 0.02596900472078556
v -0.11270662312916802 0.1937438105283289 0.02596900472078556
v -0.043949625543871385 0.15255881893019962 0.044964002907612266
v -0.07744666104725884 0.19727382110934544 -0.02647099597718483
v -0.07744666104725884 0.19727382110934544 0.028613003433086814
v -0.07744666104725884 0.19727382110934544 -0.02647099597718483
v -0.043949625543871385 0.15255881893019962 0.044964002907612266
v -0.043949625543871385 0.15255881893019962 -0.043192995249888955
v -1.1510696328204064 0.21073681163173008 0.02596900472078556
v -1.1510696328204064 0.1937438105283289 0.016089003995397033
v -1.1510696328204064 0.21073681163173008 0.016089003995397033
v -1.1510696328204064 0.1937438105283289 0.016089003995397033
v -1.1510696328204064 0.21073681163173008 0.02596900472078556
v -1.1510696328204064 0.1937438105283289 0.02596900472078556
v -1.1510696328204064 0.21073681163173008 -0.013552995867691098
v -1.1510696328204064 0.1937438105283289 -0.02343299566175705
v -1.1510696328204064 0.21073681163173008 -0.02343299566175705
v -1.1510696328204064 0.1937438105283289 -0.02343299566175705
v -1.1510696328204064 0.21073681163173008 -0.013552995867691098
v -1.1510696328204064 0.1937438105283289 -0.013552995867691098
v -1.2100666380446343 -0.16162918460983944 0.0012680039765414763
v -1.224298647693911 -0.09169418317694378 0.031675003931262435
v -1.224298647693911 -0.16162918460983944 0.031675003931262435
v -1.224298647693911 -0.09169418317694378 0.031675003931262435
v -1.2100666380446343 -0.16162918460983944 0.0012680039765414763
v -1.2100666380446343 -0.09169418317694378 0.0012680039765414763
v -1.224298647693911 -0.16162918460983944 -0.029138996734879075
v -1.2100666380446343 -0.09169418317694378 0.0012680039765414763
v -1.2100666380446343 -0.16162918460983944 0.0012680039765414763
v -1.2100666380446343 -0.09169418317694378 0.0012680039765414763
v -1.224298647693911 -0.16162918460983944 -0.029138996734879075
v -1.224298647693911 -0.09169418317694378 -0.029138996734879075
v -1.2342756307642846 0.29321980523448277 0.003170003994704129
v -1.230705640367785 0.2721418147025614 -0.0036719958331800084
v -1.2342756307642846 0.29321980523448277 -0.0006329959757990222
v -1.230705640367785 0.2721418147025614 -0.0036719958331800084
v -1.2342756307642846 0.29321980523448277 0.003170003994704129
v -1.230705640367785 0.2721418147025614 0.006208003960885944
v -1.22361164455823 0.27400681423526096 0.0012680039765414763
v -1.22361164455823 0.2520048026977091 -0.02229599608447319
v -1.22361164455823 0.279410809749177 -0.011649995579979477
v -1.22361164455823 0.2520048026977091 -0.02229599608447319
v -1.22361164455823 0.27400681423526096 0.0012680039765414763
v -1.22361164455823 0.24473881768565464 -0.01849299623038536
v -1.22361164455823 0.24473881768565464 -0.01849299623038536
v -1.22361164455823 0.27400681423526096 0.0012680039765414763
v -1.22361164455823 0.24473881768565464 0.021029003426768722
v -1.22361164455823 0.24473881768565464 0.021029003426768722
v -1.22361164455823 0.27400681423526096 0.0012680039765414763
v -1.22361164455823 0.2520048026977091 0.02483300352130169
v -1.22361164455823 0.2520048026977091 0.02483300352130169
v -1.22361164455823 0.27400681423526096 0.0012680039765414763
v -1.22361164455823 0.279410809749177 0.01418700394813055
v -1.22361164455823 0.279410809749177 0.01418700394813055
v -1.22361164455823 0.29435581015925694 0.02483300352130169
v -1.22361164455823 0.2520048026977091 0.02483300352130169
v -1.22361164455823 0.29435581015925694 0.02483300352130169
v -1.22361164455823 0.279410809749177 0.01418700394813055
v -1.22361164455823 0.29245880293231297 0.01989300408993
v -1.22361164455823 0.29435581015925694 0.019127004310824813
v -1.22361164455823 0.29435581015925694 0.02483300352130169
v -1.22361164455823 0.29245880293231297 0.01989300408993
v -1.22361164455823 0.24473881768565464 -0.01849299623038536
v -1.22361164455823 0.24473881768565464 0.021029003426768722
v -1.22361164455823 0.19204081642012882 -0.01849299623038536
v -1.22361164455823 0.19204081642012882 -0.01849299623038536
v -1.22361164455823 0.24473881768565464 0.021029003426768722
v -1.22361164455823 0.19204081642012882 0.021029003426768722
v -1.22361164455823 0.29435581015925694 -0.02229599608447319
v -1.22361164455823 0.279410809749177 -0.011649995579979477
v -1.22361164455823 0.2520048026977091 -0.02229599608447319
v -1.22361164455823 0.279410809749177 -0.011649995579979477
v -1.22361164455823 0.29435581015925694 -0.02229599608447319
v -1.22361164455823 0.29245880293231297 -0.017355996653101502
v -1.22361164455823 0.29435581015925694 -0.02229599608447319
v -1.22361164455823 0.29435581015925694 -0.01621999545361763
v -1.22361164455823 0.29245880293231297 -0.017355996653101502
v -1.318168631843844 0.008310817652752878 0.016460003793575706
v -1.318168631843844 0.07037581550460148 0.09093400695953602
v -1.318168631843844 0.008310817652752878 0.09626800426874393
v -1.318168631843844 0.07037581550460148 0.09093400695953602
v -1.318168631843844 0.008310817652752878 0.016460003793575706
v -1.318168631843844 0.07037581550460148 0.016460003793575706
v -1.318168631843844 0.008310817652752878 0.09626800426874393
v -1.318168631843844 0.07037581550460148 0.09093400695953602
v -1.318168631843844 0.03934881883244801 0.10842100390825504
v -2.0425906396429925 0.036012813919594766 -0.03864799579944378
v -2.0425906396429925 0.036012813919594766 0.04116000467572445
v -2.0425906396429925 0.01952081593256283 0.0012680039765414763
v -2.0425906396429925 0.036012813919594766 0.04116000467572445
v -2.0425906396429925 0.036012813919594766 -0.03864799579944378
v -2.0425906396429925 0.1156338159976511 -0.03864799579944378
v -2.0425906396429925 0.1156338159976511 -0.03864799579944378
v -2.0425906396429925 0.036012813919594766 -0.03864799579944378
v -2.0425906396429925 0.07582081901412296 -0.05497599533166653
v -2.0425906396429925 0.1156338159976511 -0.03864799579944378
v -2.0425906396429925 0.1156338159976511 0.04116000467572445
v -2.0425906396429925 0.036012813919594766 0.04116000467572445
v -2.0425906396429925 0.1156338159976511 0.04116000467572445
v -2.0425906396429925 0.1156338159976511 -0.03864799579944378
v -2.0425906396429925 0.13212581025939274 0.0012680039765414763
v -2.0425906396429925 0.036012813919594766 0.04116000467572445
v -2.0425906396429925 0.1156338159976511 0.04116000467572445
v -2.0425906396429925 0.07582081901412296 0.05751200252804989
v -2.2767236447852044 0.04737481521945286 0.029773004815318527
v -2.0707975841086297 0.04737481521945286 0.029773004815318527
v -2.2767236447852044 0.035590813034585 0.0012680039765414763
v -2.0707975841086297 0.035590813034585 0.0012680039765414763
v -2.2767236447852044 0.035590813034585 0.0012680039765414763
v -2.0707975841086297 0.04737481521945286 0.029773004815318527
v -2.2767236447852044 0.035590813034585 0.0012680039765414763
v -2.0707975841086297 0.035590813034585 0.0012680039765414763
v -2.2767236447852044 0.04737481521945286 -0.02723599551584488
v -2.0707975841086297 0.04737481521945286 -0.02723599551584488
v -2.2767236447852044 0.04737481521945286 -0.02723599551584488
v -2.0707975841086297 0.035590813034585 0.0012680039765414763
v -0.15192266469410942 0.31614580797534275 -0.012786996088585911
v -0.1767766094725518 0.31614580797534275 -0.012786996088585911
v -0.1767766094725518 0.31614580797534275 0.015324003525414409
v -0.15192266469410942 0.31614580797534275 -0.012786996088585911
v -0.1767766094725518 0.31614580797534275 0.015324003525414409
v -0.15192266469410942 0.31614580797534275 0.015324003525414409
v -1.2494976437609582 0.29435581015925694 -0.02229599608447319
v -1.22361164455823 0.29435581015925694 -0.01621999545361763
v -1.22361164455823 0.29435581015925694 -0.02229599608447319
v -1.22361164455823 0.29435581015925694 -0.01621999545361763
v -1.2494976437609582 0.29435581015925694 -0.02229599608447319
v -1.2494976437609582 0.29435581015925694 -0.01621999545361763
v -1.2494976437609582 0.29435581015925694 0.02483300352130169
v -1.22361164455823 0.29435581015925694 0.02483300352130169
v -1.2494976437609582 0.29435581015925694 0.019127004310824813
v -1.22361164455823 0.29435581015925694 0.019127004310824813
v -1.2494976437609582 0.29435581015925694 0.019127004310824813
v -1.22361164455823 0.29435581015925694 0.02483300352130169
v -1.2342756307642846 0.29321980523448277 -0.0006329959757990222
v -1.2383166468661218 0.29321980523448277 -0.0006329959757990222
v -1.2383166468661218 0.29321980523448277 0.003170003994704129
v -1.2342756307642846 0.29321980523448277 -0.0006329959757990222
v -1.2383166468661218 0.29321980523448277 0.003170003994704129
v -1.2342756307642846 0.29321980523448277 0.003170003994704129
v -0.15192266469410942 0.30601081299166966 -0.023061995863578377
v -0.1767766094725518 0.30601081299166966 -0.023061995863578377
v -0.1767766094725518 0.31614580797534275 -0.012786996088585911
v -0.15192266469410942 0.30601081299166966 -0.023061995863578377
v -0.1767766094725518 0.31614580797534275 -0.012786996088585911
v -0.15192266469410942 0.31614580797534275 -0.012786996088585911
v -1.22361164455823 0.27400681423526096 0.0012680039765414763
v -1.2494976437609582 0.279410809749177 0.01418700394813055
v -1.22361164455823 0.279410809749177 0.01418700394813055
v -1.2494976437609582 0.279410809749177 0.01418700394813055
v -1.22361164455823 0.27400681423526096 0.0012680039765414763
v -1.2494976437609582 0.27400681423526096 0.0012680039765414763
v -1.2494976437609582 0.27400681423526096 0.0012680039765414763
v -1.22361164455823 0.27400681423526096 0.0012680039765414763
v -1.2494976437609582 0.279410809749177 -0.011649995579979477
v -1.22361164455823 0.279410809749177 -0.011649995579979477
v -1.2494976437609582 0.279410809749177 -0.011649995579979477
v -1.22361164455823 0.27400681423526096 0.0012680039765414763
v -0.15192266469410942 0.31614580797534275 0.015324003525414409
v -0.1767766094725518 0.31614580797534275 0.015324003525414409
v -0.1767766094725518 0.30601081299166966 0.025574004739859046
v -0.15192266469410942 0.31614580797534275 0.015324003525414409
v -0.1767766094725518 0.30601081299166966 0.025574004739859046
v -0.15192266469410942 0.30601081299166966 0.025574004739859046
v -0.15192266469410942 0.2739808266101389 0.0012680039765414763
v -0.1767766094725518 0.2739808266101389 0.0012680039765414763
v -0.15192266469410942 0.2794638280807047 0.014558003746309223
v -0.1767766094725518 0.2739808266101389 0.0012680039765414763
v -0.1767766094725518 0.2794638280807047 0.014558003746309223
v -0.15192266469410942 0.2794638280807047 0.014558003746309223
v -0.15192266469410942 0.2794638280807047 -0.012044995560905991
v -0.1767766094725518 0.2794638280807047 -0.012044995560905991
v -0.15192266469410942 0.2739808266101389 0.0012680039765414763
v -0.1767766094725518 0.2794638280807047 -0.012044995560905991
v -0.1767766094725518 0.2739808266101389 0.0012680039765414763
v -0.15192266469410942 0.2739808266101389 0.0012680039765414763
v -1.195747635416308 0.24034580635409641 0.016089003995397033
v -1.2626126325648217 0.24034580635409641 0.016089003995397033
v -1.2626126325648217 0.24034580635409641 0.02596900472078556
v -1.195747635416308 0.24034580635409641 0.016089003995397033
v -1.2626126325648217 0.24034580635409641 0.02596900472078556
v -1.195747635416308 0.24034580635409641 0.02596900472078556
v -1.2626126325648217 0.24034580635409641 -0.02343299566175705
v -1.195747635416308 0.24034580635409641 -0.013552995867691098
v -1.195747635416308 0.24034580635409641 -0.02343299566175705
v -1.195747635416308 0.24034580635409641 -0.013552995867691098
v -1.2626126325648217 0.24034580635409641 -0.02343299566175705
v -1.2626126325648217 0.24034580635409641 -0.013552995867691098
v -0.24660863643101738 0.21073681163173008 -0.013552995867691098
v -0.20193066363743828 0.2403468196330576 -0.013552995867691098
v -0.24660863643101738 0.21073681163173008 -0.02343299566175705
v -0.20193066363743828 0.2403468196330576 -0.02343299566175705
v -0.24660863643101738 0.21073681163173008 -0.02343299566175705
v -0.20193066363743828 0.2403468196330576 -0.013552995867691098
v -0.20193066363743828 0.2403468196330576 -0.013552995867691098
v -0.13502266173771904 0.2403468196330576 -0.02343299566175705
v -0.20193066363743828 0.2403468196330576 -0.02343299566175705
v -0.13502266173771904 0.2403468196330576 -0.02343299566175705
v -0.20193066363743828 0.2403468196330576 -0.013552995867691098
v -0.13502266173771904 0.2403468196330576 -0.013552995867691098
v -0.24660863643101738 0.21073681163173008 0.02596900472078556
v -0.20193066363743828 0.2403468196330576 0.02596900472078556
v -0.24660863643101738 0.21073681163173008 0.016089003995397033
v -0.20193066363743828 0.2403468196330576 0.016089003995397033
v -0.24660863643101738 0.21073681163173008 0.016089003995397033
v -0.20193066363743828 0.2403468196330576 0.02596900472078556
v -0.20193066363743828 0.2403468196330576 0.02596900472078556
v -0.13502266173771904 0.2403468196330576 0.016089003995397033
v -0.20193066363743828 0.2403468196330576 0.016089003995397033
v -0.13502266173771904 0.2403468196330576 0.016089003995397033
v -0.20193066363743828 0.2403468196330576 0.02596900472078556
v -0.13502266173771904 0.2403468196330576 0.02596900472078556
v -2.0511886096518426 0.10648681270461369 -0.029509996533057747
v -1.4051996386568932 0.1191908125815897 0.0012680039765414763
v -1.4051996386568932 0.10648781108241367 -0.029509996533057747
v -1.4051996386568932 0.1191908125815897 0.0012680039765414763
v -2.0511886096518426 0.10648681270461369 -0.029509996533057747
v -2.0511886096518426 0.1191908125815897 0.0012680039765414763
v -2.0511886096518426 0.1191908125815897 0.0012680039765414763
v -1.4051996386568932 0.10648781108241367 0.03204600372944111
v -1.4051996386568932 0.1191908125815897 0.0012680039765414763
v -1.4051996386568932 0.10648781108241367 0.03204600372944111
v -2.0511886096518426 0.1191908125815897 0.0012680039765414763
v -2.0511886096518426 0.10648681270461369 0.03204600372944111
v -2.0425906396429925 0.13212581025939274 0.0012680039765414763
v -2.2767236447852044 0.1156338159976511 0.04116000467572445
v -2.0425906396429925 0.1156338159976511 0.04116000467572445
v -2.2767236447852044 0.1156338159976511 0.04116000467572445
v -2.0425906396429925 0.13212581025939274 0.0012680039765414763
v -2.2767236447852044 0.13212581025939274 0.0012680039765414763
v -2.0425906396429925 0.1156338159976511 -0.03864799579944378
v -2.2767236447852044 0.13212581025939274 0.0012680039765414763
v -2.0425906396429925 0.13212581025939274 0.0012680039765414763
v -2.2767236447852044 0.13212581025939274 0.0012680039765414763
v -2.0425906396429925 0.1156338159976511 -0.03864799579944378
v -2.2767236447852044 0.1156338159976511 -0.03864799579944378
v -1.195747635416308 0.24034580635409641 0.016089003995397033
v -1.1510696328204064 0.21073681163173008 0.02596900472078556
v -1.1510696328204064 0.21073681163173008 0.016089003995397033
v -1.1510696328204064 0.21073681163173008 0.02596900472078556
v -1.195747635416308 0.24034580635409641 0.016089003995397033
v -1.195747635416308 0.24034580635409641 0.02596900472078556
v -1.195747635416308 0.24034580635409641 -0.02343299566175705
v -1.1510696328204064 0.21073681163173008 -0.013552995867691098
v -1.1510696328204064 0.21073681163173008 -0.02343299566175705
v -1.1510696328204064 0.21073681163173008 -0.013552995867691098
v -1.195747635416308 0.24034580635409641 -0.02343299566175705
v -1.195747635416308 0.24034580635409641 -0.013552995867691098
v -1.3254356301348595 0.19727282273154545 -0.02647099597718483
v -1.4259256339590936 0.15255881893019962 -0.043192995249888955
v -1.4259256339590936 0.15255881893019962 0.044964002907612266
v -1.3254356301348595 0.19727282273154545 -0.02647099597718483
v -1.4259256339590936 0.15255881893019962 0.044964002907612266
v -1.3254356301348595 0.19727282273154545 0.028613003433086814
v -0.3678256488364129 0.19727382110934544 0.028613003433086814
v -1.3254356301348595 0.19727282273154545 -0.02647099597718483
v -1.3254356301348595 0.19727282273154545 0.028613003433086814
v -1.3254356301348595 0.19727282273154545 -0.02647099597718483
v -0.3678256488364129 0.19727382110934544 0.028613003433086814
v -0.3678256488364129 0.19727382110934544 -0.02647099597718483
v -0.3678256488364129 0.19727382110934544 0.028613003433086814
v -0.07744666104725884 0.19727382110934544 0.028613003433086814
v -0.3678256488364129 0.19727382110934544 -0.02647099597718483
v -0.07744666104725884 0.19727382110934544 -0.02647099597718483
v -0.3678256488364129 0.19727382110934544 -0.02647099597718483
v -0.07744666104725884 0.19727382110934544 0.028613003433086814
v -1.318168631843844 0.008310817652752878 0.016460003793575706
v -0.5518216407816796 0.008310817652752878 0.09626800426874393
v -0.5518216407816796 0.008310817652752878 0.016460003793575706
v -0.5518216407816796 0.008310817652752878 0.09626800426874393
v -1.318168631843844 0.008310817652752878 0.016460003793575706
v -1.318168631843844 0.008310817652752878 0.09626800426874393
v -1.4429966426413445 -0.01625318312514734 -0.09449699661102062
v -1.1585946447174935 -0.01625318312514734 0.09626800426874393
v -1.1585946447174935 -0.01625318312514734 -0.09449699661102062
v -1.1585946447174935 -0.01625318312514734 0.09626800426874393
v -1.4429966426413445 -0.01625318312514734 -0.09449699661102062
v -1.4429966426413445 -0.01625318312514734 0.09626800426874393
v -2.0707975841086297 0.04737481521945286 -0.02723599551584488
v -2.2767236447852044 0.07582081901412296 -0.0390189974602676
v -2.2767236447852044 0.04737481521945286 -0.02723599551584488
v -2.2767236447852044 0.07582081901412296 -0.0390189974602676
v -2.0707975841086297 0.04737481521945286 -0.02723599551584488
v -2.0707975841086297 0.07582081901412296 -0.0390189974602676
v -2.0707975841086297 0.07582081901412296 -0.0390189974602676
v -2.2767236447852044 0.10427181469779301 -0.02723599551584488
v -2.2767236447852044 0.07582081901412296 -0.0390189974602676
v -2.2767236447852044 0.10427181469779301 -0.02723599551584488
v -2.0707975841086297 0.07582081901412296 -0.0390189974602676
v -2.0707975841086297 0.10427181469779301 -0.02723599551584488
v -1.22361164455823 0.279410809749177 -0.011649995579979477
v -1.2494976437609582 0.29245880293231297 -0.017355996653101502
v -1.2494976437609582 0.279410809749177 -0.011649995579979477
v -1.2494976437609582 0.29245880293231297 -0.017355996653101502
v -1.22361164455823 0.279410809749177 -0.011649995579979477
v -1.22361164455823 0.29245880293231297 -0.017355996653101502
v -1.22361164455823 0.29245880293231297 -0.017355996653101502
v -1.2494976437609582 0.29435581015925694 -0.01621999545361763
v -1.2494976437609582 0.29245880293231297 -0.017355996653101502
v -1.2494976437609582 0.29435581015925694 -0.01621999545361763
v -1.22361164455823 0.29245880293231297 -0.017355996653101502
v -1.22361164455823 0.29435581015925694 -0.01621999545361763
v -1.1585946447174935 -0.01625318312514734 0.09626800426874393
v -1.3871836281340508 -0.09671818417925548 0.09626800426874393
v -1.1585946447174935 -0.09671818417925548 0.09626800426874393
v -1.3871836281340508 -0.09671818417925548 0.09626800426874393
v -1.1585946447174935 -0.01625318312514734 0.09626800426874393
v -1.4429966426413445 -0.01625318312514734 0.09626800426874393
v -1.4259256339590936 0.03934881883244801 0.10842100390825504
v -1.318168631843844 0.008310817652752878 0.09626800426874393
v -1.318168631843844 0.03934881883244801 0.10842100390825504
v -1.318168631843844 0.07037581550460148 0.09093400695953602
v -1.4259256339590936 0.03934881883244801 0.10842100390825504
v -1.318168631843844 0.03934881883244801 0.10842100390825504
v -1.318168631843844 0.008310817652752878 0.09626800426874393
v -1.4259256339590936 0.03934881883244801 0.10842100390825504
v -1.4259256339590936 -0.01625318312514734 0.08675900706682438
v -1.4259256339590936 0.03934881883244801 0.10842100390825504
v -1.318168631843844 0.07037581550460148 0.09093400695953602
v -1.4259256339590936 0.15255881893019962 0.044964002907612266
v -0.5518216407816796 0.07037681388240147 0.09093400695953602
v -1.4259256339590936 0.15255881893019962 0.044964002907612266
v -1.318168631843844 0.07037581550460148 0.09093400695953602
v -1.4259256339590936 0.15255881893019962 0.044964002907612266
v -0.5518216407816796 0.07037681388240147 0.09093400695953602
v -0.3678256488364129 0.15255881893019962 0.044964002907612266
v -1.4259256339590936 0.15255881893019962 0.044964002907612266
v -0.3678256488364129 0.15255881893019962 0.044964002907612266
v -1.3254356301348595 0.19727282273154545 0.028613003433086814
v -0.3678256488364129 0.19727382110934544 0.028613003433086814
v -1.3254356301348595 0.19727282273154545 0.028613003433086814
v -0.3678256488364129 0.15255881893019962 0.044964002907612266
v -0.3678256488364129 0.15255881893019962 0.044964002907612266
v -0.07744666104725884 0.19727382110934544 0.028613003433086814
v -0.3678256488364129 0.19727382110934544 0.028613003433086814
v -0.07744666104725884 0.19727382110934544 0.028613003433086814
v -0.3678256488364129 0.15255881893019962 0.044964002907612266
v -0.043949625543871385 0.15255881893019962 0.044964002907612266
v -0.3678256488364129 0.039349817210247995 0.10842100390825504
v -0.3678256488364129 0.15255881893019962 0.044964002907612266
v -0.5518216407816796 0.07037681388240147 0.09093400695953602
v -0.3678256488364129 0.039349817210247995 0.10842100390825504
v -0.5518216407816796 0.008310817652752878 0.09626800426874393
v -0.3678256488364129 -0.01625218381602478 0.08675900706682438
v -0.5518216407816796 0.008310817652752878 0.09626800426874393
v -0.3678256488364129 0.039349817210247995 0.10842100390825504
v -0.5518216407816796 0.039349817210247995 0.10842100390825504
v -0.3678256488364129 0.039349817210247995 0.10842100390825504
v -0.5518216407816796 0.07037681388240147 0.09093400695953602
v -0.5518216407816796 0.039349817210247995 0.10842100390825504
v -1.4259256339590936 -0.01625318312514734 0.08675900706682438
v -0.5518216407816796 0.008310817652752878 0.09626800426874393
v -1.318168631843844 0.008310817652752878 0.09626800426874393
v -0.5518216407816796 0.008310817652752878 0.09626800426874393
v -1.4259256339590936 -0.01625318312514734 0.08675900706682438
v -0.3678256488364129 -0.01625218381602478 0.08675900706682438
v -0.1767766094725518 0.2794638280807047 -0.012044995560905991
v -0.15192266469410942 0.2794638280807047 -0.012044995560905991
v -0.15192266469410942 0.2927028243480234 -0.017355996653101502
v -0.1767766094725518 0.2794638280807047 -0.012044995560905991
v -0.15192266469410942 0.2927028243480234 -0.017355996653101502
v -0.1767766094725518 0.2927028243480234 -0.017355996653101502
v -1.195747635416308 0.24034580635409641 0.02596900472078556
v -1.2849726295988946 0.1937438105283289 0.02596900472078556
v -1.1510696328204064 0.1937438105283289 0.02596900472078556
v -1.195747635416308 0.24034580635409641 0.02596900472078556
v -1.1510696328204064 0.1937438105283289 0.02596900472078556
v -1.1510696328204064 0.21073681163173008 0.02596900472078556
v -1.2626126325648217 0.24034580635409641 0.02596900472078556
v -1.2849726295988946 0.1937438105283289 0.02596900472078556
v -1.195747635416308 0.24034580635409641 0.02596900472078556
v -1.2849726295988946 0.1937438105283289 0.02596900472078556
v -1.2626126325648217 0.24034580635409641 0.02596900472078556
v -1.2849726295988946 0.21073681163173008 0.02596900472078556
v -0.11270662312916802 0.1937438105283289 0.02596900472078556
v -0.13502266173771904 0.2403468196330576 0.02596900472078556
v -0.20193066363743828 0.2403468196330576 0.02596900472078556
v -0.20193066363743828 0.2403468196330576 0.02596900472078556
v -0.24660863643101738 0.1937438105283289 0.02596900472078556
v -0.11270662312916802 0.1937438105283289 0.02596900472078556
v -0.13502266173771904 0.2403468196330576 0.02596900472078556
v -0.11270662312916802 0.1937438105283289 0.02596900472078556
v -0.11270662312916802 0.21073681163173008 0.02596900472078556
v -0.24660863643101738 0.1937438105283289 0.02596900472078556
v -0.20193066363743828 0.2403468196330576 0.02596900472078556
v -0.24660863643101738 0.21073681163173008 0.02596900472078556
v -0.15192266469410942 0.2525298302112131 0.025574004739859046
v -0.15192266469410942 0.30601081299166966 0.025574004739859046
v -0.1767766094725518 0.2525298302112131 0.025574004739859046
v -0.1767766094725518 0.2525298302112131 0.025574004739859046
v -0.15192266469410942 0.30601081299166966 0.025574004739859046
v -0.1767766094725518 0.30601081299166966 0.025574004739859046
v -0.1767766094725518 0.24449980306010533 0.021029003426768722
v -0.1767766094725518 0.19221182214598942 0.021029003426768722
v -0.15192266469410942 0.19221182214598942 0.021029003426768722
v -0.15192266469410942 0.19221182214598942 0.021029003426768722
v -0.15192266469410942 0.24449980306010533 0.021029003426768722
v -0.1767766094725518 0.24449980306010533 0.021029003426768722
v -1.2383166468661218 0.29321980523448277 0.003170003994704129
v -1.2418426490347771 0.2721418147025614 0.006208003960885944
v -1.230705640367785 0.2721418147025614 0.006208003960885944
v -1.230705640367785 0.2721418147025614 0.006208003960885944
v -1.2342756307642846 0.29321980523448277 0.003170003994704129
v -1.2383166468661218 0.29321980523448277 0.003170003994704129
v -1.4051996386568932 0.10648781108241367 0.03204600372944111
v -2.0511886096518426 0.10648681270461369 0.03204600372944111
v -1.4051996386568932 0.07582081901412296 0.04459300497207874
v -2.0511886096518426 0.07582081901412296 0.04459300497207874
v -1.4051996386568932 0.07582081901412296 0.04459300497207874
v -2.0511886096518426 0.10648681270461369 0.03204600372944111
v -1.4051996386568932 0.07582081901412296 0.04459300497207874
v -2.0511886096518426 0.07582081901412296 0.04459300497207874
v -1.4051996386568932 0.04515881883483219 0.03204600372944111
v -2.0511886096518426 0.04515881883483219 0.03204600372944111
v -1.4051996386568932 0.04515881883483219 0.03204600372944111
v -2.0511886096518426 0.07582081901412296 0.04459300497207874
v -2.2767236447852044 0.036012813919594766 0.04116000467572445
v -2.0425906396429925 0.036012813919594766 0.04116000467572445
v -2.0425906396429925 0.07582081901412296 0.05751200252804989
v -2.2767236447852044 0.036012813919594766 0.04116000467572445
v -2.0425906396429925 0.07582081901412296 0.05751200252804989
v -2.2767236447852044 0.07582081901412296 0.05751200252804989
v -2.2767236447852044 0.07582081901412296 0.05751200252804989
v -2.0425906396429925 0.07582081901412296 0.05751200252804989
v -2.0425906396429925 0.1156338159976511 0.04116000467572445
v -2.2767236447852044 0.07582081901412296 0.05751200252804989
v -2.0425906396429925 0.1156338159976511 0.04116000467572445
v -2.2767236447852044 0.1156338159976511 0.04116000467572445
v -1.195747635416308 0.24034580635409641 -0.013552995867691098
v -1.2849726295988946 0.1937438105283289 -0.013552995867691098
v -1.1510696328204064 0.1937438105283289 -0.013552995867691098
v -1.195747635416308 0.24034580635409641 -0.013552995867691098
v -1.1510696328204064 0.1937438105283289 -0.013552995867691098
v -1.1510696328204064 0.21073681163173008 -0.013552995867691098
v -1.2626126325648217 0.24034580635409641 -0.013552995867691098
v -1.2849726295988946 0.1937438105283289 -0.013552995867691098
v -1.195747635416308 0.24034580635409641 -0.013552995867691098
v -1.2849726295988946 0.1937438105283289 -0.013552995867691098
v -1.2626126325648217 0.24034580635409641 -0.013552995867691098
v -1.2849726295988946 0.21073681163173008 -0.013552995867691098
v -0.11270662312916802 0.1937438105283289 -0.013552995867691098
v -0.13502266173771904 0.2403468196330576 -0.013552995867691098
v -0.20193066363743828 0.2403468196330576 -0.013552995867691098
v -0.20193066363743828 0.2403468196330576 -0.013552995867691098
v -0.24660863643101738 0.1937438105283289 -0.013552995867691098
v -0.11270662312916802 0.1937438105283289 -0.013552995867691098
v -0.13502266173771904 0.2403468196330576 -0.013552995867691098
v -0.11270662312916802 0.1937438105283289 -0.013552995867691098
v -0.11270662312916802 0.21073681163173008 -0.013552995867691098
v -0.24660863643101738 0.1937438105283289 -0.013552995867691098
v -0.20193066363743828 0.2403468196330576 -0.013552995867691098
v -0.24660863643101738 0.21073681163173008 -0.013552995867691098
v -0.1767766094725518 0.24449980306010533 0.021029003426768722
v -0.15192266469410942 0.24449980306010533 0.021029003426768722
v -0.15192266469410942 0.2525298302112131 0.025574004739859046
v -0.1767766094725518 0.24449980306010533 0.021029003426768722
v -0.15192266469410942 0.2525298302112131 0.025574004739859046
v -0.1767766094725518 0.2525298302112131 0.025574004739859046
v -1.2494976437609582 0.24473881768565464 0.021029003426768722
v -1.2494976437609582 0.19204081642012882 0.021029003426768722
v -1.22361164455823 0.19204081642012882 0.021029003426768722
v -1.22361164455823 0.19204081642012882 0.021029003426768722
v -1.22361164455823 0.24473881768565464 0.021029003426768722
v -1.2494976437609582 0.24473881768565464 0.021029003426768722
v -1.2494976437609582 0.24473881768565464 0.021029003426768722
v -1.22361164455823 0.24473881768565464 0.021029003426768722
v -1.22361164455823 0.2520048026977091 0.02483300352130169
v -1.2494976437609582 0.24473881768565464 0.021029003426768722
v -1.22361164455823 0.2520048026977091 0.02483300352130169
v -1.2494976437609582 0.2520048026977091 0.02483300352130169
v -1.22361164455823 0.2520048026977091 0.02483300352130169
v -1.22361164455823 0.29435581015925694 0.02483300352130169
v -1.2494976437609582 0.2520048026977091 0.02483300352130169
v -1.2494976437609582 0.2520048026977091 0.02483300352130169
v -1.22361164455823 0.29435581015925694 0.02483300352130169
v -1.2494976437609582 0.29435581015925694 0.02483300352130169
v -0.15192266469410942 0.2927028243480234 -0.017355996653101502
v -0.1767766094725518 0.30594280409198094 -0.012044995560905991
v -0.1767766094725518 0.2927028243480234 -0.017355996653101502
v -0.1767766094725518 0.30594280409198094 -0.012044995560905991
v -0.15192266469410942 0.2927028243480234 -0.017355996653101502
v -0.15192266469410942 0.30594280409198094 -0.012044995560905991
v -1.2929276443045525 -0.09169418317694378 0.031675003931262435
v -1.2929276443045525 -0.16162918460983944 0.031675003931262435
v -1.2586136377375512 -0.16162918460983944 0.04419900336895222
v -1.2586136377375512 -0.16162918460983944 0.04419900336895222
v -1.2586136377375512 -0.09169418317694378 0.04419900336895222
v -1.2929276443045525 -0.09169418317694378 0.031675003931262435
v -1.2586136377375512 -0.09169418317694378 0.04419900336895222
v -1.2586136377375512 -0.16162918460983944 0.04419900336895222
v -1.224298647693911 -0.16162918460983944 0.031675003931262435
v -1.224298647693911 -0.16162918460983944 0.031675003931262435
v -1.224298647693911 -0.09169418317694378 0.031675003931262435
v -1.2586136377375512 -0.09169418317694378 0.04419900336895222
v -2.2767236447852044 0.13212581025939274 0.0012680039765414763
v -2.2767236447852044 0.10427181469779301 0.029773004815318527
v -2.2767236447852044 0.1156338159976511 0.04116000467572445
v -2.2767236447852044 0.10427181469779301 0.029773004815318527
v -2.2767236447852044 0.13212581025939274 0.0012680039765414763
v -2.2767236447852044 0.11605581688266087 0.0012680039765414763
v -2.2767236447852044 0.13212581025939274 0.0012680039765414763
v -2.2767236447852044 0.10427181469779301 -0.02723599551584488
v -2.2767236447852044 0.11605581688266087 0.0012680039765414763
v -2.2767236447852044 0.13212581025939274 0.0012680039765414763
v -2.2767236447852044 0.1156338159976511 -0.03864799579944378
v -2.2767236447852044 0.10427181469779301 -0.02723599551584488
v -2.2767236447852044 0.07582081901412296 -0.0390189974602676
v -2.2767236447852044 0.10427181469779301 -0.02723599551584488
v -2.2767236447852044 0.1156338159976511 -0.03864799579944378
v -2.2767236447852044 0.1156338159976511 -0.03864799579944378
v -2.2767236447852044 0.07582081901412296 -0.05497599533166653
v -2.2767236447852044 0.07582081901412296 -0.0390189974602676
v -2.2767236447852044 0.036012813919594766 -0.03864799579944378
v -2.2767236447852044 0.07582081901412296 -0.0390189974602676
v -2.2767236447852044 0.07582081901412296 -0.05497599533166653
v -2.2767236447852044 0.07582081901412296 -0.0390189974602676
v -2.2767236447852044 0.036012813919594766 -0.03864799579944378
v -2.2767236447852044 0.04737481521945286 -0.02723599551584488
v -2.2767236447852044 0.01952081593256283 0.0012680039765414763
v -2.2767236447852044 0.04737481521945286 -0.02723599551584488
v -2.2767236447852044 0.036012813919594766 -0.03864799579944378
v -2.2767236447852044 0.01952081593256283 0.0012680039765414763
v -2.2767236447852044 0.036012813919594766 0.04116000467572445
v -2.2767236447852044 0.04737481521945286 0.029773004815318527
v -2.2767236447852044 0.01952081593256283 0.0012680039765414763
v -2.2767236447852044 0.04737481521945286 0.029773004815318527
v -2.2767236447852044 0.035590813034585 0.0012680039765414763
v -2.2767236447852044 0.04737481521945286 -0.02723599551584488
v -2.2767236447852044 0.01952081593256283 0.0012680039765414763
v -2.2767236447852044 0.035590813034585 0.0012680039765414763
v -2.2767236447852044 0.07582081901412296 0.04155500465665096
v -2.2767236447852044 0.036012813919594766 0.04116000467572445
v -2.2767236447852044 0.07582081901412296 0.05751200252804989
v -2.2767236447852044 0.036012813919594766 0.04116000467572445
v -2.2767236447852044 0.07582081901412296 0.04155500465665096
v -2.2767236447852044 0.04737481521945286 0.029773004815318527
v -2.2767236447852044 0.1156338159976511 0.04116000467572445
v -2.2767236447852044 0.07582081901412296 0.04155500465665096
v -2.2767236447852044 0.07582081901412296 0.05751200252804989
v -2.2767236447852044 0.07582081901412296 0.04155500465665096
v -2.2767236447852044 0.1156338159976511 0.04116000467572445
v -2.2767236447852044 0.10427181469779301 0.029773004815318527
v -2.0707975841086297 0.10427181469779301 0.029773004815318527
v -2.0707975841086297 0.04737481521945286 0.029773004815318527
v -2.0707975841086297 0.07582081901412296 0.04155500465665096
v -2.0707975841086297 0.10427181469779301 0.029773004815318527
v -2.0707975841086297 0.035590813034585 0.0012680039765414763
v -2.0707975841086297 0.04737481521945286 0.029773004815318527
v -2.0707975841086297 0.035590813034585 0.0012680039765414763
v -2.0707975841086297 0.10427181469779301 0.029773004815318527
v -2.0707975841086297 0.11605581688266087 0.0012680039765414763
v -2.0707975841086297 0.10427181469779301 -0.02723599551584488
v -2.0707975841086297 0.035590813034585 0.0012680039765414763
v -2.0707975841086297 0.11605581688266087 0.0012680039765414763
v -2.0707975841086297 0.035590813034585 0.0012680039765414763
v -2.0707975841086297 0.10427181469779301 -0.02723599551584488
v -2.0707975841086297 0.04737481521945286 -0.02723599551584488
v -2.0707975841086297 0.04737481521945286 -0.02723599551584488
v -2.0707975841086297 0.10427181469779301 -0.02723599551584488
v -2.0707975841086297 0.07582081901412296 -0.0390189974602676
v -1.3871836281340508 -0.09671818417925548 -0.09449699661102062
v -1.4429966426413445 -0.01625318312514734 0.09626800426874393
v -1.4429966426413445 -0.01625318312514734 -0.09449699661102062
v -1.4429966426413445 -0.01625318312514734 0.09626800426874393
v -1.3871836281340508 -0.09671818417925548 -0.09449699661102062
v -1.3871836281340508 -0.09671818417925548 0.09626800426874393
v -1.2849726295988946 0.21073681163173008 0.016089003995397033
v -1.2849726295988946 0.1937438105283289 0.016089003995397033
v -1.2849726295988946 0.1937438105283289 0.02596900472078556
v -1.2849726295988946 0.21073681163173008 0.016089003995397033
v -1.2849726295988946 0.1937438105283289 0.02596900472078556
v -1.2849726295988946 0.21073681163173008 0.02596900472078556
v -1.2849726295988946 0.21073681163173008 -0.02343299566175705
v -1.2849726295988946 0.1937438105283289 -0.02343299566175705
v -1.2849726295988946 0.1937438105283289 -0.013552995867691098
v -1.2849726295988946 0.21073681163173008 -0.02343299566175705
v -1.2849726295988946 0.1937438105283289 -0.013552995867691098
v -1.2849726295988946 0.21073681163173008 -0.013552995867691098
v -1.2849726295988946 0.21073681163173008 0.02596900472078556
v -1.2626126325648217 0.24034580635409641 0.02596900472078556
v -1.2849726295988946 0.21073681163173008 0.016089003995397033
v -1.2626126325648217 0.24034580635409641 0.016089003995397033
v -1.2849726295988946 0.21073681163173008 0.016089003995397033
v -1.2626126325648217 0.24034580635409641 0.02596900472078556
v -1.2849726295988946 0.21073681163173008 -0.013552995867691098
v -1.2626126325648217 0.24034580635409641 -0.013552995867691098
v -1.2849726295988946 0.21073681163173008 -0.02343299566175705
v -1.2626126325648217 0.24034580635409641 -0.02343299566175705
v -1.2849726295988946 0.21073681163173008 -0.02343299566175705
v -1.2626126325648217 0.24034580635409641 -0.013552995867691098
v -1.2383166468661218 0.29321980523448277 -0.0006329959757990222
v -1.2418426490347771 0.2721418147025614 -0.0036719958331800084
v -1.2418426490347771 0.2721418147025614 0.006208003960885944
v -1.2383166468661218 0.29321980523448277 -0.0006329959757990222
v -1.2418426490347771 0.2721418147025614 0.006208003960885944
v -1.2383166468661218 0.29321980523448277 0.003170003994704129
v -1.2494976437609582 0.24473881768565464 -0.01849299623038536
v -1.2494976437609582 0.27400681423526096 0.0012680039765414763
v -1.2494976437609582 0.2520048026977091 -0.02229599608447319
v -1.2494976437609582 0.27400681423526096 0.0012680039765414763
v -1.2494976437609582 0.24473881768565464 -0.01849299623038536
v -1.2494976437609582 0.24473881768565464 0.021029003426768722
v -1.2494976437609582 0.19204081642012882 -0.01849299623038536
v -1.2494976437609582 0.24473881768565464 0.021029003426768722
v -1.2494976437609582 0.24473881768565464 -0.01849299623038536
v -1.2494976437609582 0.24473881768565464 0.021029003426768722
v -1.2494976437609582 0.19204081642012882 -0.01849299623038536
v -1.2494976437609582 0.19204081642012882 0.021029003426768722
v -1.2494976437609582 0.2520048026977091 0.02483300352130169
v -1.2494976437609582 0.27400681423526096 0.0012680039765414763
v -1.2494976437609582 0.24473881768565464 0.021029003426768722
v -1.2494976437609582 0.27400681423526096 0.0012680039765414763
v -1.2494976437609582 0.2520048026977091 0.02483300352130169
v -1.2494976437609582 0.279410809749177 0.01418700394813055
v -1.2494976437609582 0.279410809749177 0.01418700394813055
v -1.2494976437609582 0.2520048026977091 0.02483300352130169
v -1.2494976437609582 0.29435581015925694 0.02483300352130169
v -1.2494976437609582 0.279410809749177 0.01418700394813055
v -1.2494976437609582 0.29435581015925694 0.02483300352130169
v -1.2494976437609582 0.29245880293231297 0.01989300408993
v -1.2494976437609582 0.29435581015925694 0.02483300352130169
v -1.2494976437609582 0.29435581015925694 0.019127004310824813
v -1.2494976437609582 0.29245880293231297 0.01989300408993
v -1.2494976437609582 0.2520048026977091 -0.02229599608447319
v -1.2494976437609582 0.27400681423526096 0.0012680039765414763
v -1.2494976437609582 0.279410809749177 -0.011649995579979477
v -1.2494976437609582 0.29435581015925694 -0.02229599608447319
v -1.2494976437609582 0.2520048026977091 -0.02229599608447319
v -1.2494976437609582 0.279410809749177 -0.011649995579979477
v -1.2494976437609582 0.29435581015925694 -0.02229599608447319
v -1.2494976437609582 0.279410809749177 -0.011649995579979477
v -1.2494976437609582 0.29245880293231297 -0.017355996653101502
v -1.2494976437609582 0.29435581015925694 -0.02229599608447319
v -1.2494976437609582 0.29245880293231297 -0.017355996653101502
v -1.2494976437609582 0.29435581015925694 -0.01621999545361763
v -0.24660863643101738 0.21073681163173008 -0.02343299566175705
v -0.24660863643101738 0.1937438105283289 -0.02343299566175705
v -0.24660863643101738 0.1937438105283289 -0.013552995867691098
v -0.24660863643101738 0.21073681163173008 -0.02343299566175705
v -0.24660863643101738 0.1937438105283289 -0.013552995867691098
v -0.24660863643101738 0.21073681163173008 -0.013552995867691098
v -0.24660863643101738 0.21073681163173008 0.016089003995397033
v -0.24660863643101738 0.1937438105283289 0.016089003995397033
v -0.24660863643101738 0.1937438105283289 0.02596900472078556
v -0.24660863643101738 0.21073681163173008 0.016089003995397033
v -0.24660863643101738 0.1937438105283289 0.02596900472078556
v -0.24660863643101738 0.21073681163173008 0.02596900472078556
v -1.4259256339590936 0.15255881893019962 -0.043192995249888955
v -1.4259256339590936 0.03934881883244801 0.10842100390825504
v -1.4259256339590936 0.15255881893019962 0.044964002907612266
v -1.4259256339590936 0.15255881893019962 -0.043192995249888955
v -1.4259256339590936 0.03934881883244801 -0.1062799929675079
v -1.4259256339590936 0.03934881883244801 0.10842100390825504
v -1.4259256339590936 -0.01625318312514734 -0.08461699774827725
v -1.4259256339590936 0.03934881883244801 0.10842100390825504
v -1.4259256339590936 0.03934881883244801 -0.1062799929675079
v -1.4259256339590936 0.03934881883244801 0.10842100390825504
v -1.4259256339590936 -0.01625318312514734 -0.08461699774827725
v -1.4259256339590936 -0.01625318312514734 0.08675900706682438
v -1.3071166492026238 -0.09169418317694378 0.0012680039765414763
v -1.2929276443045525 -0.16162918460983944 0.031675003931262435
v -1.2929276443045525 -0.09169418317694378 0.031675003931262435
v -1.3071166492026238 -0.09169418317694378 0.0012680039765414763
v -1.3071166492026238 -0.16162918460983944 0.0012680039765414763
v -1.2929276443045525 -0.16162918460983944 0.031675003931262435
v -1.2929276443045525 -0.09169418317694378 -0.029138996734879075
v -1.3071166492026238 -0.16162918460983944 0.0012680039765414763
v -1.3071166492026238 -0.09169418317694378 0.0012680039765414763
v -1.2929276443045525 -0.09169418317694378 -0.029138996734879075
v -1.2929276443045525 -0.16162918460983944 -0.029138996734879075
v -1.3071166492026238 -0.16162918460983944 0.0012680039765414763
v -0.5518216407816796 0.008310817652752878 0.016460003793575706
v -0.5518216407816796 0.07037681388240147 0.09093400695953602
v -0.5518216407816796 0.07037681388240147 0.016460003793575706
v -0.5518216407816796 0.07037681388240147 0.09093400695953602
v -0.5518216407816796 0.008310817652752878 0.016460003793575706
v -0.5518216407816796 0.008310817652752878 0.09626800426874393
v -0.5518216407816796 0.039349817210247995 0.10842100390825504
v -0.5518216407816796 0.07037681388240147 0.09093400695953602
v -0.5518216407816796 0.008310817652752878 0.09626800426874393
v -0.1767766094725518 0.24449980306010533 -0.01849299623038536
v -0.1767766094725518 0.19221182214598942 -0.01849299623038536
v -0.1767766094725518 0.19221182214598942 0.021029003426768722
v -0.1767766094725518 0.24449980306010533 -0.01849299623038536
v -0.1767766094725518 0.19221182214598942 0.021029003426768722
v -0.1767766094725518 0.24449980306010533 0.021029003426768722
v -0.1767766094725518 0.24449980306010533 0.021029003426768722
v -0.1767766094725518 0.2525298302112131 -0.023061995863578377
v -0.1767766094725518 0.24449980306010533 -0.01849299623038536
v -0.1767766094725518 0.2525298302112131 -0.023061995863578377
v -0.1767766094725518 0.24449980306010533 0.021029003426768722
v -0.1767766094725518 0.2525298302112131 0.025574004739859046
v -0.1767766094725518 0.2525298302112131 -0.023061995863578377
v -0.1767766094725518 0.2525298302112131 0.025574004739859046
v -0.1767766094725518 0.2739808266101389 0.0012680039765414763
v -0.1767766094725518 0.2525298302112131 -0.023061995863578377
v -0.1767766094725518 0.2739808266101389 0.0012680039765414763
v -0.1767766094725518 0.2794638280807047 -0.012044995560905991
v -0.1767766094725518 0.2927028243480234 -0.017355996653101502
v -0.1767766094725518 0.2525298302112131 -0.023061995863578377
v -0.1767766094725518 0.2794638280807047 -0.012044995560905991
v -0.1767766094725518 0.2525298302112131 -0.023061995863578377
v -0.1767766094725518 0.2927028243480234 -0.017355996653101502
v -0.1767766094725518 0.30601081299166966 -0.023061995863578377
v -0.1767766094725518 0.2927028243480234 -0.017355996653101502
v -0.1767766094725518 0.30786880897860813 -0.017355996653101502
v -0.1767766094725518 0.30601081299166966 -0.023061995863578377
v -0.1767766094725518 0.31614580797534275 -0.012786996088585911
v -0.1767766094725518 0.30601081299166966 -0.023061995863578377
v -0.1767766094725518 0.30786880897860813 -0.017355996653101502
v -0.1767766094725518 0.31614580797534275 0.015324003525414409
v -0.1767766094725518 0.31614580797534275 -0.012786996088585911
v -0.1767766094725518 0.31142580556254673 0.0012680039765414763
v -0.1767766094725518 0.31614580797534275 -0.012786996088585911
v -0.1767766094725518 0.30594280409198094 -0.012044995560905991
v -0.1767766094725518 0.31142580556254673 0.0012680039765414763
v -0.1767766094725518 0.30594280409198094 -0.012044995560905991
v -0.1767766094725518 0.31614580797534275 -0.012786996088585911
v -0.1767766094725518 0.30786880897860813 -0.017355996653101502
v -0.1767766094725518 0.30786880897860813 -0.017355996653101502
v -0.1767766094725518 0.2927028243480234 -0.017355996653101502
v -0.1767766094725518 0.30594280409198094 -0.012044995560905991
v -0.1767766094725518 0.31142580556254673 0.0012680039765414763
v -0.1767766094725518 0.30594280409198094 0.014558003746309223
v -0.1767766094725518 0.31614580797534275 0.015324003525414409
v -0.1767766094725518 0.2927028243480234 0.01989300408993
v -0.1767766094725518 0.30786880897860813 0.01989300408993
v -0.1767766094725518 0.30594280409198094 0.014558003746309223
v -0.1767766094725518 0.31614580797534275 0.015324003525414409
v -0.1767766094725518 0.30594280409198094 0.014558003746309223
v -0.1767766094725518 0.30786880897860813 0.01989300408993
v -0.1767766094725518 0.30786880897860813 0.01989300408993
v -0.1767766094725518 0.2927028243480234 0.01989300408993
v -0.1767766094725518 0.30601081299166966 0.025574004739859046
v -0.1767766094725518 0.30601081299166966 0.025574004739859046
v -0.1767766094725518 0.31614580797534275 0.015324003525414409
v -0.1767766094725518 0.30786880897860813 0.01989300408993
v -0.1767766094725518 0.2525298302112131 0.025574004739859046
v -0.1767766094725518 0.30601081299166966 0.025574004739859046
v -0.1767766094725518 0.2927028243480234 0.01989300408993
v -0.1767766094725518 0.2525298302112131 0.025574004739859046
v -0.1767766094725518 0.2927028243480234 0.01989300408993
v -0.1767766094725518 0.2794638280807047 0.014558003746309223
v -0.1767766094725518 0.2739808266101389 0.0012680039765414763
v -0.1767766094725518 0.2525298302112131 0.025574004739859046
v -0.1767766094725518 0.2794638280807047 0.014558003746309223
v -2.2767236447852044 0.10427181469779301 0.029773004815318527
v -2.0707975841086297 0.11605581688266087 0.0012680039765414763
v -2.0707975841086297 0.10427181469779301 0.029773004815318527
v -2.0707975841086297 0.11605581688266087 0.0012680039765414763
v -2.2767236447852044 0.10427181469779301 0.029773004815318527
v -2.2767236447852044 0.11605581688266087 0.0012680039765414763
v -2.2767236447852044 0.11605581688266087 0.0012680039765414763
v -2.0707975841086297 0.10427181469779301 -0.02723599551584488
v -2.0707975841086297 0.11605581688266087 0.0012680039765414763
v -2.0707975841086297 0.10427181469779301 -0.02723599551584488
v -2.2767236447852044 0.11605581688266087 0.0012680039765414763
v -2.2767236447852044 0.10427181469779301 -0.02723599551584488
v -0.043949625543871385 0.15255881893019962 -0.043192995249888955
v -0.3678256488364129 0.15255881893019962 0.044964002907612266
v -0.3678256488364129 0.15255881893019962 -0.043192995249888955
v -0.3678256488364129 0.15255881893019962 0.044964002907612266
v -0.043949625543871385 0.15255881893019962 -0.043192995249888955
v -0.043949625543871385 0.15255881893019962 0.044964002907612266
v -1.3871836281340508 -0.09671818417925548 -0.09449699661102062
v -1.1585946447174935 -0.09671818417925548 -0.09449699661102062
v -1.3871836281340508 -0.09671818417925548 0.09626800426874393
v -1.1585946447174935 -0.09671818417925548 -0.09449699661102062
v -1.1585946447174935 -0.09671818417925548 0.09626800426874393
v -1.3871836281340508 -0.09671818417925548 0.09626800426874393
v -0.3678256488364129 -0.01625218381602478 0.08675900706682438
v -1.4259256339590936 -0.01625318312514734 0.08675900706682438
v -0.3678256488364129 -0.01625218381602478 -0.08461699774827725
v -1.4259256339590936 -0.01625318312514734 -0.08461699774827725
v -0.3678256488364129 -0.01625218381602478 -0.08461699774827725
v -1.4259256339590936 -0.01625318312514734 0.08675900706682438
v -1.318168631843844 0.07037581550460148 0.016460003793575706
v -0.5518216407816796 0.07037681388240147 0.016460003793575706
v -0.5518216407816796 0.07037681388240147 0.09093400695953602
v -1.318168631843844 0.07037581550460148 0.016460003793575706
v -0.5518216407816796 0.07037681388240147 0.09093400695953602
v -1.318168631843844 0.07037581550460148 0.09093400695953602
v -2.0511886096518426 0.04515881883483219 -0.029509996533057747
v -1.4051996386568932 0.04515881883483219 -0.029509996533057747
v -2.0511886096518426 0.03245581733565617 0.0012680039765414763
v -1.4051996386568932 0.03245581733565617 0.0012680039765414763
v -2.0511886096518426 0.03245581733565617 0.0012680039765414763
v -1.4051996386568932 0.04515881883483219 -0.029509996533057747
v -2.0511886096518426 0.03245581733565617 0.0012680039765414763
v -1.4051996386568932 0.03245581733565617 0.0012680039765414763
v -2.0511886096518426 0.04515881883483219 0.03204600372944111
v -1.4051996386568932 0.04515881883483219 0.03204600372944111
v -2.0511886096518426 0.04515881883483219 0.03204600372944111
v -1.4051996386568932 0.03245581733565617 0.0012680039765414763
v -2.2767236447852044 0.01952081593256283 0.0012680039765414763
v -2.0425906396429925 0.036012813919594766 0.04116000467572445
v -2.2767236447852044 0.036012813919594766 0.04116000467572445
v -2.2767236447852044 0.01952081593256283 0.0012680039765414763
v -2.0425906396429925 0.01952081593256283 0.0012680039765414763
v -2.0425906396429925 0.036012813919594766 0.04116000467572445
v -2.2767236447852044 0.036012813919594766 -0.03864799579944378
v -2.0425906396429925 0.01952081593256283 0.0012680039765414763
v -2.2767236447852044 0.01952081593256283 0.0012680039765414763
v -2.2767236447852044 0.036012813919594766 -0.03864799579944378
v -2.0425906396429925 0.036012813919594766 -0.03864799579944378
v -2.0425906396429925 0.01952081593256283 0.0012680039765414763
v -0.15192266469410942 0.19221182214598942 -0.01849299623038536
v -0.15192266469410942 0.19221182214598942 0.021029003426768722
v -0.1767766094725518 0.19221182214598942 -0.01849299623038536
v -0.1767766094725518 0.19221182214598942 -0.01849299623038536
v -0.15192266469410942 0.19221182214598942 0.021029003426768722
v -0.1767766094725518 0.19221182214598942 0.021029003426768722
v -1.2494976437609582 0.19204081642012882 -0.01849299623038536
v -1.22361164455823 0.19204081642012882 0.021029003426768722
v -1.2494976437609582 0.19204081642012882 0.021029003426768722
v -1.2494976437609582 0.19204081642012882 -0.01849299623038536
v -1.22361164455823 0.19204081642012882 -0.01849299623038536
v -1.22361164455823 0.19204081642012882 0.021029003426768722
v -0.1767766094725518 0.31142580556254673 0.0012680039765414763
v -0.15192266469410942 0.31142580556254673 0.0012680039765414763
v -0.15192266469410942 0.30594280409198094 0.014558003746309223
v -0.1767766094725518 0.31142580556254673 0.0012680039765414763
v -0.15192266469410942 0.30594280409198094 0.014558003746309223
v -0.1767766094725518 0.30594280409198094 0.014558003746309223
v -0.1767766094725518 0.30594280409198094 -0.012044995560905991
v -0.15192266469410942 0.30594280409198094 -0.012044995560905991
v -0.15192266469410942 0.31142580556254673 0.0012680039765414763
v -0.1767766094725518 0.30594280409198094 -0.012044995560905991
v -0.15192266469410942 0.31142580556254673 0.0012680039765414763
v -0.1767766094725518 0.31142580556254673 0.0012680039765414763
v -2.0707975841086297 0.10427181469779301 0.029773004815318527
v -2.2767236447852044 0.07582081901412296 0.04155500465665096
v -2.2767236447852044 0.10427181469779301 0.029773004815318527
v -2.2767236447852044 0.07582081901412296 0.04155500465665096
v -2.0707975841086297 0.10427181469779301 0.029773004815318527
v -2.0707975841086297 0.07582081901412296 0.04155500465665096
v -2.0707975841086297 0.07582081901412296 0.04155500465665096
v -2.2767236447852044 0.04737481521945286 0.029773004815318527
v -2.2767236447852044 0.07582081901412296 0.04155500465665096
v -2.2767236447852044 0.04737481521945286 0.029773004815318527
v -2.0707975841086297 0.07582081901412296 0.04155500465665096
v -2.0707975841086297 0.04737481521945286 0.029773004815318527
v -1.22361164455823 0.29245880293231297 0.01989300408993
v -1.2494976437609582 0.279410809749177 0.01418700394813055
v -1.2494976437609582 0.29245880293231297 0.01989300408993
v -1.2494976437609582 0.29245880293231297 0.01989300408993
v -1.22361164455823 0.29435581015925694 0.019127004310824813
v -1.22361164455823 0.29245880293231297 0.01989300408993
v -1.2494976437609582 0.279410809749177 0.01418700394813055
v -1.22361164455823 0.29245880293231297 0.01989300408993
v -1.22361164455823 0.279410809749177 0.01418700394813055
v -1.22361164455823 0.29435581015925694 0.019127004310824813
v -1.2494976437609582 0.29245880293231297 0.01989300408993
v -1.2494976437609582 0.29435581015925694 0.019127004310824813
v -1.1585946447174935 -0.09671818417925548 -0.09449699661102062
v -1.3871836281340508 -0.09671818417925548 -0.09449699661102062
v -1.1585946447174935 -0.01625318312514734 -0.09449699661102062
v -1.4429966426413445 -0.01625318312514734 -0.09449699661102062
v -1.1585946447174935 -0.01625318312514734 -0.09449699661102062
v -1.3871836281340508 -0.09671818417925548 -0.09449699661102062
v -0.15192266469410942 0.2927028243480234 0.01989300408993
v -0.1767766094725518 0.2794638280807047 0.014558003746309223
v -0.1767766094725518 0.2927028243480234 0.01989300408993
v -0.1767766094725518 0.2794638280807047 0.014558003746309223
v -0.15192266469410942 0.2927028243480234 0.01989300408993
v -0.15192266469410942 0.2794638280807047 0.014558003746309223
v -1.1510696328204064 0.1937438105283289 -0.02343299566175705
v -1.195747635416308 0.24034580635409641 -0.02343299566175705
v -1.1510696328204064 0.21073681163173008 -0.02343299566175705
v -1.195747635416308 0.24034580635409641 -0.02343299566175705
v -1.1510696328204064 0.1937438105283289 -0.02343299566175705
v -1.2849726295988946 0.1937438105283289 -0.02343299566175705
v -1.195747635416308 0.24034580635409641 -0.02343299566175705
v -1.2849726295988946 0.1937438105283289 -0.02343299566175705
v -1.2626126325648217 0.24034580635409641 -0.02343299566175705
v -1.2626126325648217 0.24034580635409641 -0.02343299566175705
v -1.2849726295988946 0.1937438105283289 -0.02343299566175705
v -1.2849726295988946 0.21073681163173008 -0.02343299566175705
v -0.13502266173771904 0.2403468196330576 -0.02343299566175705
v -0.11270662312916802 0.1937438105283289 -0.02343299566175705
v -0.20193066363743828 0.2403468196330576 -0.02343299566175705
v -0.11270662312916802 0.1937438105283289 -0.02343299566175705
v -0.13502266173771904 0.2403468196330576 -0.02343299566175705
v -0.11270662312916802 0.21073681163173008 -0.02343299566175705
v -0.20193066363743828 0.2403468196330576 -0.02343299566175705
v -0.11270662312916802 0.1937438105283289 -0.02343299566175705
v -0.24660863643101738 0.1937438105283289 -0.02343299566175705
v -0.20193066363743828 0.2403468196330576 -0.02343299566175705
v -0.24660863643101738 0.1937438105283289 -0.02343299566175705
v -0.24660863643101738 0.21073681163173008 -0.02343299566175705
v -0.15192266469410942 0.30601081299166966 -0.023061995863578377
v -0.15192266469410942 0.2525298302112131 -0.023061995863578377
v -0.1767766094725518 0.30601081299166966 -0.023061995863578377
v -0.1767766094725518 0.30601081299166966 -0.023061995863578377
v -0.15192266469410942 0.2525298302112131 -0.023061995863578377
v -0.1767766094725518 0.2525298302112131 -0.023061995863578377
v -0.15192266469410942 0.24449980306010533 -0.01849299623038536
v -0.1767766094725518 0.19221182214598942 -0.01849299623038536
v -0.1767766094725518 0.24449980306010533 -0.01849299623038536
v -0.1767766094725518 0.19221182214598942 -0.01849299623038536
v -0.15192266469410942 0.24449980306010533 -0.01849299623038536
v -0.15192266469410942 0.19221182214598942 -0.01849299623038536
v -1.2418426490347771 0.2721418147025614 -0.0036719958331800084
v -1.2342756307642846 0.29321980523448277 -0.0006329959757990222
v -1.230705640367785 0.2721418147025614 -0.0036719958331800084
v -1.2342756307642846 0.29321980523448277 -0.0006329959757990222
v -1.2418426490347771 0.2721418147025614 -0.0036719958331800084
v -1.2383166468661218 0.29321980523448277 -0.0006329959757990222
v -2.0511886096518426 0.10648681270461369 -0.029509996533057747
v -1.4051996386568932 0.10648781108241367 -0.029509996533057747
v -2.0511886096518426 0.07582081901412296 -0.04205699777569538
v -1.4051996386568932 0.07582081901412296 -0.04205699777569538
v -2.0511886096518426 0.07582081901412296 -0.04205699777569538
v -1.4051996386568932 0.10648781108241367 -0.029509996533057747
v -2.0511886096518426 0.07582081901412296 -0.04205699777569538
v -1.4051996386568932 0.07582081901412296 -0.04205699777569538
v -2.0511886096518426 0.04515881883483219 -0.029509996533057747
v -1.4051996386568932 0.04515881883483219 -0.029509996533057747
v -2.0511886096518426 0.04515881883483219 -0.029509996533057747
v -1.4051996386568932 0.07582081901412296 -0.04205699777569538
v -2.2767236447852044 0.07582081901412296 -0.05497599533166653
v -2.0425906396429925 0.036012813919594766 -0.03864799579944378
v -2.2767236447852044 0.036012813919594766 -0.03864799579944378
v -2.2767236447852044 0.07582081901412296 -0.05497599533166653
v -2.0425906396429925 0.07582081901412296 -0.05497599533166653
v -2.0425906396429925 0.036012813919594766 -0.03864799579944378
v -2.2767236447852044 0.1156338159976511 -0.03864799579944378
v -2.0425906396429925 0.07582081901412296 -0.05497599533166653
v -2.2767236447852044 0.07582081901412296 -0.05497599533166653
v -2.2767236447852044 0.1156338159976511 -0.03864799579944378
v -2.0425906396429925 0.1156338159976511 -0.03864799579944378
v -2.0425906396429925 0.07582081901412296 -0.05497599533166653
v -1.1510696328204064 0.1937438105283289 0.016089003995397033
v -1.195747635416308 0.24034580635409641 0.016089003995397033
v -1.1510696328204064 0.21073681163173008 0.016089003995397033
v -1.195747635416308 0.24034580635409641 0.016089003995397033
v -1.1510696328204064 0.1937438105283289 0.016089003995397033
v -1.2849726295988946 0.1937438105283289 0.016089003995397033
v -1.195747635416308 0.24034580635409641 0.016089003995397033
v -1.2849726295988946 0.1937438105283289 0.016089003995397033
v -1.2626126325648217 0.24034580635409641 0.016089003995397033
v -1.2626126325648217 0.24034580635409641 0.016089003995397033
v -1.2849726295988946 0.1937438105283289 0.016089003995397033
v -1.2849726295988946 0.21073681163173008 0.016089003995397033
v -0.13502266173771904 0.2403468196330576 0.016089003995397033
v -0.11270662312916802 0.1937438105283289 0.016089003995397033
v -0.20193066363743828 0.2403468196330576 0.016089003995397033
v -0.11270662312916802 0.1937438105283289 0.016089003995397033
v -0.13502266173771904 0.2403468196330576 0.016089003995397033
v -0.11270662312916802 0.21073681163173008 0.016089003995397033
v -0.20193066363743828 0.2403468196330576 0.016089003995397033
v -0.11270662312916802 0.1937438105283289 0.016089003995397033
v -0.24660863643101738 0.1937438105283289 0.016089003995397033
v -0.20193066363743828 0.2403468196330576 0.016089003995397033
v -0.24660863643101738 0.1937438105283289 0.016089003995397033
v -0.24660863643101738 0.21073681163173008 0.016089003995397033
v -0.1767766094725518 0.2525298302112131 -0.023061995863578377
v -0.15192266469410942 0.2525298302112131 -0.023061995863578377
v -0.15192266469410942 0.24449980306010533 -0.01849299623038536
v -0.1767766094725518 0.2525298302112131 -0.023061995863578377
v -0.15192266469410942 0.24449980306010533 -0.01849299623038536
v -0.1767766094725518 0.24449980306010533 -0.01849299623038536
v -0.15192266469410942 0.30594280409198094 0.014558003746309223
v -0.1767766094725518 0.2927028243480234 0.01989300408993
v -0.1767766094725518 0.30594280409198094 0.014558003746309223
v -0.1767766094725518 0.2927028243480234 0.01989300408993
v -0.15192266469410942 0.30594280409198094 0.014558003746309223
v -0.15192266469410942 0.2927028243480234 0.01989300408993
v -1.2494976437609582 0.19204081642012882 -0.01849299623038536
v -1.22361164455823 0.24473881768565464 -0.01849299623038536
v -1.22361164455823 0.19204081642012882 -0.01849299623038536
v -1.22361164455823 0.24473881768565464 -0.01849299623038536
v -1.2494976437609582 0.19204081642012882 -0.01849299623038536
v -1.2494976437609582 0.24473881768565464 -0.01849299623038536
v -1.2494976437609582 0.2520048026977091 -0.02229599608447319
v -1.22361164455823 0.24473881768565464 -0.01849299623038536
v -1.2494976437609582 0.24473881768565464 -0.01849299623038536
v -1.2494976437609582 0.2520048026977091 -0.02229599608447319
v -1.22361164455823 0.2520048026977091 -0.02229599608447319
v -1.22361164455823 0.24473881768565464 -0.01849299623038536
v -1.2494976437609582 0.29435581015925694 -0.02229599608447319
v -1.22361164455823 0.2520048026977091 -0.02229599608447319
v -1.2494976437609582 0.2520048026977091 -0.02229599608447319
v -1.22361164455823 0.29435581015925694 -0.02229599608447319
v -1.22361164455823 0.2520048026977091 -0.02229599608447319
v -1.2494976437609582 0.29435581015925694 -0.02229599608447319
v -1.2586136377375512 -0.09169418317694378 -0.04168599611487156
v -1.2929276443045525 -0.16162918460983944 -0.029138996734879075
v -1.2929276443045525 -0.09169418317694378 -0.029138996734879075
v -1.2929276443045525 -0.16162918460983944 -0.029138996734879075
v -1.2586136377375512 -0.09169418317694378 -0.04168599611487156
v -1.2586136377375512 -0.16162918460983944 -0.04168599611487156
v -1.224298647693911 -0.09169418317694378 -0.029138996734879075
v -1.2586136377375512 -0.16162918460983944 -0.04168599611487156
v -1.2586136377375512 -0.09169418317694378 -0.04168599611487156
v -1.2586136377375512 -0.16162918460983944 -0.04168599611487156
v -1.224298647693911 -0.09169418317694378 -0.029138996734879075
v -1.224298647693911 -0.16162918460983944 -0.029138996734879075
v -1.19058663313798 0.12551382231097508 0.06662700185213322
v -1.19058663313798 0.16895881342273045 0.04419900336895222
v -1.2074866509955315 0.14723481284957218 0.05561000341210598
v -1.19058663313798 0.12551382231097508 0.06662700185213322
v -1.0215966395061402 0.16895881342273045 0.04419900336895222
v -1.19058663313798 0.16895881342273045 0.04419900336895222
v -1.0215966395061402 0.12551382231097508 0.06662700185213322
v -1.0215966395061402 0.16895881342273045 0.04419900336895222
v -1.19058663313798 0.12551382231097508 0.06662700185213322
v -1.0215966395061402 0.16895881342273045 0.04419900336895222
v -1.0215966395061402 0.12551382231097508 0.06662700185213322
v -1.0046986407559304 0.14723481284957218 0.05561000341210598
v -0.5518216407816796 0.07035281556229878 0.010383003853597583
v -0.5518216407816796 0.07035281556229878 0.07423400738868946
v -0.5518216407816796 0.008288816088250162 0.010383003853597583
v -0.5518216407816796 0.07035281556229878 0.07423400738868946
v -0.5518216407816796 0.008288816088250162 0.07917500147257084
v -0.5518216407816796 0.008288816088250162 0.010383003853597583
v -0.5518216407816796 0.008288816088250162 0.07917500147257084
v -0.5518216407816796 0.07035281556229878 0.07423400738868946
v -0.5518216407816796 0.039318815344384195 0.08942600199613804
v -0.7966216421645074 0.16895981180053044 0.04419900336895222
v -0.779721639208117 0.14723581122737217 -0.05344499787654644
v -0.7966216421645074 0.16895981180053044 -0.04205699777569538
v -0.779721639208117 0.14723581122737217 0.05561000341210598
v -0.779721639208117 0.14723581122737217 -0.05344499787654644
v -0.7966216421645074 0.16895981180053044 0.04419900336895222
v -0.779721639208117 0.14723581122737217 -0.05344499787654644
v -0.7966216421645074 0.12551382231097508 0.06662700185213322
v -0.7966216421645074 0.12551382231097508 -0.0648559941944099
v -0.7966216421645074 0.12551382231097508 0.06662700185213322
v -0.779721639208117 0.14723581122737217 -0.05344499787654644
v -0.779721639208117 0.14723581122737217 0.05561000341210598
v -1.0215966395061402 0.16895881342273045 0.04419900336895222
v -1.0046986407559304 0.14723481284957218 -0.05344499787654644
v -1.0215966395061402 0.16895881342273045 -0.04205699777569538
v -1.0046986407559304 0.14723481284957218 0.05561000341210598
v -1.0046986407559304 0.14723481284957218 -0.05344499787654644
v -1.0215966395061402 0.16895881342273045 0.04419900336895222
v -1.0046986407559304 0.14723481284957218 -0.05344499787654644
v -1.0215966395061402 0.12551382231097508 0.06662700185213322
v -1.0215966395061402 0.12551382231097508 -0.0648559941944099
v -1.0215966395061402 0.12551382231097508 0.06662700185213322
v -1.0046986407559304 0.14723481284957218 -0.05344499787654644
v -1.0046986407559304 0.14723481284957218 0.05561000341210598
v -0.7966216421645074 0.16895981180053044 -0.04205699777569538
v -0.9656116395216374 0.16895981180053044 -0.04205699777569538
v -0.9656116395216374 0.16895981180053044 0.04419900336895222
v -0.7966216421645074 0.16895981180053044 -0.04205699777569538
v -0.9656116395216374 0.16895981180053044 0.04419900336895222
v -0.7966216421645074 0.16895981180053044 0.04419900336895222
v -1.0215966395061402 0.16895881342273045 -0.04205699777569538
v -1.19058663313798 0.16895881342273045 -0.04205699777569538
v -1.19058663313798 0.16895881342273045 0.04419900336895222
v -1.0215966395061402 0.16895881342273045 -0.04205699777569538
v -1.19058663313798 0.16895881342273045 0.04419900336895222
v -1.0215966395061402 0.16895881342273045 0.04419900336895222
v -0.5518216407816796 0.07035281556229878 0.010383003853597583
v -1.318168631843844 0.07035281556229878 0.010383003853597583
v -1.318168631843844 0.07035281556229878 0.07423400738868946
v -0.5518216407816796 0.07035281556229878 0.010383003853597583
v -1.318168631843844 0.07035281556229878 0.07423400738868946
v -0.5518216407816796 0.07035281556229878 0.07423400738868946
v 0.4533883118111701 0.12891981052737522 0.07270400086078876
v 0.022098340936383742 0.12891981052737522 0.07270400086078876
v 0.4533883118111701 0.06685381429772663 0.11032400140199894
v 0.022098340936383742 0.06685381429772663 0.11032400140199894
v 0.4533883118111701 0.06685381429772663 0.11032400140199894
v 0.022098340936383742 0.12891981052737522 0.07270400086078876
v 0.4533883118111701 0.12891981052737522 -0.07093299320306545
v 0.4533883118111701 0.06685381429772663 0.11032400140199894
v 0.4533883118111701 0.06685381429772663 -0.10855299374427563
v 0.4533883118111701 0.06685381429772663 0.11032400140199894
v 0.4533883118111701 0.12891981052737522 -0.07093299320306545
v 0.4533883118111701 0.12891981052737522 0.07270400086078876
v 0.11910639042445137 -0.029005183367619036 -0.10020299395885235
v 0.11910639042445137 -0.029005183367619036 0.10234500327739948
v 0.11910639042445137 -0.09107018215079021 -0.10020299395885235
v 0.11910639042445137 -0.09107018215079021 -0.10020299395885235
v 0.11910639042445137 -0.029005183367619036 0.10234500327739948
v 0.11910639042445137 -0.09107018215079021 0.10234500327739948
v 0.4533883118111701 0.12891981052737522 -0.07093299320306545
v 0.022098340936383742 0.12891981052737522 -0.07093299320306545
v 0.022098340936383742 0.12891981052737522 0.07270400086078876
v 0.4533883118111701 0.12891981052737522 -0.07093299320306545
v 0.022098340936383742 0.12891981052737522 0.07270400086078876
v 0.4533883118111701 0.12891981052737522 0.07270400086078876
v 0.11910639042445137 -0.029005183367619036 -0.10020299395885235
v -0.07761862044743584 -0.029005183367619036 -0.10020299395885235
v -0.07761862044743584 -0.029005183367619036 0.10234500327739948
v 0.11910639042445137 -0.029005183367619036 -0.10020299395885235
v -0.07761862044743584 -0.029005183367619036 0.10234500327739948
v 0.11910639042445137 -0.029005183367619036 0.10234500327739948
v 0.11910639042445137 -0.029005183367619036 0.10234500327739948
v -0.07761862044743584 -0.029005183367619036 0.10234500327739948
v 0.11910639042445137 -0.09107018215079021 0.10234500327739948
v -0.07761862044743584 -0.09107018215079021 0.10234500327739948
v 0.11910639042445137 -0.09107018215079021 0.10234500327739948
v -0.07761862044743584 -0.029005183367619036 0.10234500327739948
v -0.07761862044743584 -0.09107018215079021 -0.10020299395885235
v -0.07761862044743584 -0.09107018215079021 0.10234500327739948
v -0.07761862044743584 -0.029005183367619036 -0.10020299395885235
v -0.07761862044743584 -0.029005183367619036 -0.10020299395885235
v -0.07761862044743584 -0.09107018215079021 0.10234500327739948
v -0.07761862044743584 -0.029005183367619036 0.10234500327739948
v -0.07761862044743584 -0.09107018215079021 -0.10020299395885235
v 0.11910639042445137 -0.09107018215079021 -0.10020299395885235
v 0.11910639042445137 -0.09107018215079021 0.10234500327739948
v -0.07761862044743584 -0.09107018215079021 -0.10020299395885235
v 0.11910639042445137 -0.09107018215079021 0.10234500327739948
v -0.07761862044743584 -0.09107018215079021 0.10234500327739948
v 0.022098340936383742 0.06685381429772663 -0.10855299374427563
v 0.4533883118111701 0.06685381429772663 -0.10855299374427563
v 0.4533883118111701 0.06685381429772663 0.11032400140199894
v 0.022098340936383742 0.06685381429772663 -0.10855299374427563
v 0.4533883118111701 0.06685381429772663 0.11032400140199894
v 0.022098340936383742 0.06685381429772663 0.11032400140199894
v 0.11910639042445137 -0.029005183367619036 -0.10020299395885235
v -0.07761862044743584 -0.09107018215079021 -0.10020299395885235
v -0.07761862044743584 -0.029005183367619036 -0.10020299395885235
v -0.07761862044743584 -0.09107018215079021 -0.10020299395885235
v 0.11910639042445137 -0.029005183367619036 -0.10020299395885235
v 0.11910639042445137 -0.09107018215079021 -0.10020299395885235
v 0.4533883118111701 0.12891981052737522 -0.07093299320306545
v 0.022098340936383742 0.06685381429772663 -0.10855299374427563
v 0.022098340936383742 0.12891981052737522 -0.07093299320306545
v 0.022098340936383742 0.06685381429772663 -0.10855299374427563
v 0.4533883118111701 0.12891981052737522 -0.07093299320306545
v 0.4533883118111701 0.06685381429772663 -0.10855299374427563
v -0.9656116395216374 0.12551382231097508 0.06662700185213322
v -0.7966216421645074 0.16895981180053044 0.04419900336895222
v -0.9656116395216374 0.16895981180053044 0.04419900336895222
v -0.9656116395216374 0.12551382231097508 0.06662700185213322
v -0.9656116395216374 0.16895981180053044 0.04419900336895222
v -0.9825096382718472 0.14723581122737217 0.05561000341210598
v -0.7966216421645074 0.12551382231097508 0.06662700185213322
v -0.7966216421645074 0.16895981180053044 0.04419900336895222
v -0.9656116395216374 0.12551382231097508 0.06662700185213322
v -0.7966216421645074 0.16895981180053044 0.04419900336895222
v -0.7966216421645074 0.12551382231097508 0.06662700185213322
v -0.779721639208117 0.14723581122737217 0.05561000341210598
v -1.318168631843844 0.008288816088250162 0.010383003853597583
v -1.318168631843844 0.07035281556229878 0.07423400738868946
v -1.318168631843844 0.07035281556229878 0.010383003853597583
v -1.318168631843844 0.07035281556229878 0.07423400738868946
v -1.318168631843844 0.008288816088250162 0.010383003853597583
v -1.318168631843844 0.008288816088250162 0.07917500147257084
v -1.318168631843844 0.07035281556229878 0.07423400738868946
v -1.318168631843844 0.008288816088250162 0.07917500147257084
v -1.318168631843844 0.039318815344384195 0.08942600199613804
v -1.2074866509955315 0.14723481284957218 -0.05344499787654644
v -1.19058663313798 0.16895881342273045 0.04419900336895222
v -1.19058663313798 0.16895881342273045 -0.04205699777569538
v -1.19058663313798 0.16895881342273045 0.04419900336895222
v -1.2074866509955315 0.14723481284957218 -0.05344499787654644
v -1.2074866509955315 0.14723481284957218 0.05561000341210598
v -1.19058663313798 0.12551382231097508 -0.0648559941944099
v -1.19058663313798 0.12551382231097508 0.06662700185213322
v -1.2074866509955315 0.14723481284957218 -0.05344499787654644
v -1.2074866509955315 0.14723481284957218 -0.05344499787654644
v -1.19058663313798 0.12551382231097508 0.06662700185213322
v -1.2074866509955315 0.14723481284957218 0.05561000341210598
v -0.9825096382718472 0.14723581122737217 -0.05344499787654644
v -0.9656116395216374 0.16895981180053044 0.04419900336895222
v -0.9656116395216374 0.16895981180053044 -0.04205699777569538
v -0.9656116395216374 0.16895981180053044 0.04419900336895222
v -0.9825096382718472 0.14723581122737217 -0.05344499787654644
v -0.9825096382718472 0.14723581122737217 0.05561000341210598
v -0.9656116395216374 0.12551382231097508 -0.0648559941944099
v -0.9656116395216374 0.12551382231097508 0.06662700185213322
v -0.9825096382718472 0.14723581122737217 -0.05344499787654644
v -0.9825096382718472 0.14723581122737217 -0.05344499787654644
v -0.9656116395216374 0.12551382231097508 0.06662700185213322
v -0.9825096382718472 0.14723581122737217 0.05561000341210598
v 0.022098340936383742 0.06685381429772663 -0.10855299374427563
v 0.022098340936383742 0.12891981052737522 0.07270400086078876
v 0.022098340936383742 0.12891981052737522 -0.07093299320306545
v 0.022098340936383742 0.12891981052737522 0.07270400086078876
v 0.022098340936383742 0.06685381429772663 -0.10855299374427563
v 0.022098340936383742 0.06685381429772663 0.11032400140199894
v -1.318168631843844 0.008288816088250162 0.010383003853597583
v -0.5518216407816796 0.008288816088250162 0.010383003853597583
v -0.5518216407816796 0.008288816088250162 0.07917500147257084
v -1.318168631843844 0.008288816088250162 0.010383003853597583
v -0.5518216407816796 0.008288816088250162 0.07917500147257084
v -1.318168631843844 0.008288816088250162 0.07917500147257084
v -0.9656116395216374 0.12551382231097508 -0.0648559941944099
v -0.7966216421645074 0.12551382231097508 -0.0648559941944099
v -0.7966216421645074 0.12551382231097508 0.06662700185213322
v -0.9656116395216374 0.12551382231097508 -0.0648559941944099
v -0.7966216421645074 0.12551382231097508 0.06662700185213322
v -0.9656116395216374 0.12551382231097508 0.06662700185213322
v -1.19058663313798 0.12551382231097508 -0.0648559941944099
v -1.0215966395061402 0.12551382231097508 -0.0648559941944099
v -1.0215966395061402 0.12551382231097508 0.06662700185213322
v -1.19058663313798 0.12551382231097508 -0.0648559941944099
v -1.0215966395061402 0.12551382231097508 0.06662700185213322
v -1.19058663313798 0.12551382231097508 0.06662700185213322
v -0.9656116395216374 0.16895981180053044 -0.04205699777569538
v -0.9656116395216374 0.12551382231097508 -0.0648559941944099
v -0.9825096382718472 0.14723581122737217 -0.05344499787654644
v -0.9656116395216374 0.12551382231097508 -0.0648559941944099
v -0.9656116395216374 0.16895981180053044 -0.04205699777569538
v -0.7966216421645074 0.12551382231097508 -0.0648559941944099
v -0.9656116395216374 0.16895981180053044 -0.04205699777569538
v -0.7966216421645074 0.16895981180053044 -0.04205699777569538
v -0.7966216421645074 0.12551382231097508 -0.0648559941944099
v -0.7966216421645074 0.12551382231097508 -0.0648559941944099
v -0.7966216421645074 0.16895981180053044 -0.04205699777569538
v -0.779721639208117 0.14723581122737217 -0.05344499787654644
v -1.19058663313798 0.16895881342273045 -0.04205699777569538
v -1.19058663313798 0.12551382231097508 -0.0648559941944099
v -1.2074866509955315 0.14723481284957218 -0.05344499787654644
v -1.19058663313798 0.12551382231097508 -0.0648559941944099
v -1.19058663313798 0.16895881342273045 -0.04205699777569538
v -1.0215966395061402 0.12551382231097508 -0.0648559941944099
v -1.19058663313798 0.16895881342273045 -0.04205699777569538
v -1.0215966395061402 0.16895881342273045 -0.04205699777569538
v -1.0215966395061402 0.12551382231097508 -0.0648559941944099
v -1.0215966395061402 0.12551382231097508 -0.0648559941944099
v -1.0215966395061402 0.16895881342273045 -0.04205699777569538
v -1.0046986407559304 0.14723481284957218 -0.05344499787654644
v -1.1585946447174935 -0.016264182976076125 0.09626800426874393
v -0.501855633310595 -0.016263183666953562 0.09626800426874393
v -1.1585946447174935 -0.016264182976076125 -0.09449699661102062
v -0.501855633310595 -0.016263183666953562 -0.09449699661102062
v -1.1585946447174935 -0.016264182976076125 -0.09449699661102062
v -0.501855633310595 -0.016263183666953562 0.09626800426874393
v -0.501855633310595 -0.016263183666953562 -0.09449699661102062
v -0.501855633310595 -0.016263183666953562 0.09626800426874393
v -0.501855633310595 0.15778081166129398 -0.04662599554624325
v -0.501855633310595 -0.016263183666953562 0.09626800426874393
v -0.501855633310595 0.15778081166129398 0.04876800486479038
v -0.501855633310595 0.15778081166129398 -0.04662599554624325
v -0.501855633310595 0.15778081166129398 0.04876800486479038
v -0.501855633310595 -0.016263183666953562 0.09626800426874393
v -0.501855633310595 0.03933781432490635 0.12020400026474232
v -0.501855633310595 -0.016263183666953562 -0.09449699661102062
v -0.501855633310595 0.15778081166129398 -0.04662599554624325
v -0.501855633310595 0.03933781432490635 -0.11806199839677578
v -1.1585946447174935 -0.09672918123621654 0.09626800426874393
v -1.1585946447174935 -0.09672918123621654 -0.09449699661102062
v -1.078400633386889 -0.09618618292231274 -0.09449699661102062
v -1.078400633386889 -0.09618618292231274 -0.09449699661102062
v -1.078400633386889 -0.09618618292231274 0.09626800426874393
v -1.1585946447174935 -0.09672918123621654 0.09626800426874393
vt 0 0
vt 0 0
vt 0 0
vt 0 0
vt 0 0
vt 0 0
vt 0 0
vt 0 0
vt 0 0
vt 0 0
vt 0 0
vt 0 0
vt 0 0
vt 0 0
vt 0 0
vt 0 0
vt 0 0
vt 0 0
vt 0 0
vt 0 0
vt 0 0
vt 0 0
vt 0 0
vt 0 0
vt 0 0
vt 0 0
vt 0 0
vt 0 0
vt 0 0
vt 0 0
vt 0 0
vt 0 0
vt 0 0
vt 0 0
vt 0 0
vt 0 0
vt 0 0
vt 0 0
vt 0 0
vt 0 0
vt 0 0
vt 0 0
vt 0 0
vt 0 0
vt 0 0
vt 0 0
vt 0 0
vt 0 0
vt 0 0
vt 0 0
vt 0 0
vt 0 0
vt 0 0
vt 0 0
vt 0 0
vt 0 0
vt 0 0
vt 0 0
vt 0 0
vt 0 0
vt 0 0
vt 0 0
vt 0 0
vt 0 0
vt 0 0
vt 0 0
vt 0 0
vt 0 0
vt 0 0
vt 0 0
vt 0 0
vt 0 0
vt 0 0
vt 0 0
vt 0 0
vt 0 0
vt 0 0
vt 0 0
vt 0 0
vt 0 0
vt 0 0
vt 0 0
vt 0 0
vt 0 0
vt 0 0
vt 0 0
vt 0 0
vt 0 0
vt 0 0
vt 0 0
vt 0 0
vt 0 0
vt 0 0
vt 0 0
vt 0 0
vt 0 0
vt 0 0
vt 0 0
vt 0 0
vt 0 0
vt 0 0
vt 0 0
vt 0 0
vt 0 0
vt 0 0
vt 0 0
vt 0 0
vt 0 0
vt 5.954110145568848 -51.022701263427734
vt 6.176889896392822 -51.00230026245117
vt 5.954110145568848 -51.00230026245117
vt 5.954110145568848 -51.022701263427734
vt 6.176889896392822 -51.022701263427734
vt 6.176889896392822 -51.00230026245117
vt 62.034698486328125 -48.98970031738281
vt 62.25749969482422 -49.010101318359375
vt 62.25749969482422 -48.98970031738281
vt 62.25749969482422 -49.010101318359375
vt 62.034698486328125 -48.98970031738281
vt 62.034698486328125 -49.010101318359375
vt 61.965301513671875 -48.98970031738281
vt 61.74250030517578 -48.98970031738281
vt 61.965301513671875 -48.999900817871094
vt 61.74250030517578 -48.999900817871094
vt 61.965301513671875 -48.999900817871094
vt 61.74250030517578 -48.98970031738281
vt 61.965301513671875 -48.999900817871094
vt 61.74250030517578 -48.999900817871094
vt 61.965301513671875 -49.010101318359375
vt 61.74250030517578 -49.010101318359375
vt 61.965301513671875 -49.010101318359375
vt 61.74250030517578 -48.999900817871094
vt 5.685210227966309 -50.96049880981445
vt 5.769629955291748 -50.97520065307617
vt 5.769629955291748 -50.96049880981445
vt 5.769629955291748 -50.97520065307617
vt 5.685210227966309 -50.96049880981445
vt 5.675469875335693 -50.97520065307617
vt 5.769629955291748 -50.97520065307617
vt 6.047989845275879 -50.96049880981445
vt 5.769629955291748 -50.96049880981445
vt 6.047989845275879 -50.96049880981445
vt 5.769629955291748 -50.97520065307617
vt 6.077209949493408 -50.97520065307617
vt 6.077209949493408 -50.97520065307617
vt 5.769629955291748 -50.97520065307617
vt 6.077209949493408 -51.01250076293945
vt 5.769629955291748 -51.01250076293945
vt 6.077209949493408 -51.01250076293945
vt 5.769629955291748 -50.97520065307617
vt 6.077209949493408 -51.01250076293945
vt 5.769629955291748 -51.01250076293945
vt 6.077209949493408 -51.030799865722656
vt 5.769629955291748 -51.030799865722656
vt 6.077209949493408 -51.030799865722656
vt 5.769629955291748 -51.01250076293945
vt 6.006410121917725 -50.94499969482422
vt 5.993420124053955 -50.94499969482422
vt 6.006410121917725 -50.96220016479492
vt 6.006410121917725 -50.94499969482422
vt 5.991919994354248 -50.942298889160156
vt 5.993420124053955 -50.94499969482422
vt 5.991919994354248 -50.942298889160156
vt 6.006410121917725 -50.94499969482422
vt 6.007919788360596 -50.942298889160156
vt 6.007919788360596 -50.942298889160156
vt 5.999919891357422 -50.935298919677734
vt 5.991919994354248 -50.942298889160156
vt 5.999919891357422 -50.935298919677734
vt 6.007919788360596 -50.942298889160156
vt 6.004270076751709 -50.93349838256836
vt 6.007919788360596 -50.942298889160156
vt 6.006070137023926 -50.929100036621094
vt 6.004270076751709 -50.93349838256836
vt 6.007919788360596 -50.942298889160156
vt 6.007919788360596 -50.924800872802734
vt 6.006070137023926 -50.929100036621094
vt 6.005990028381348 -50.92409896850586
vt 6.006070137023926 -50.929100036621094
vt 6.007919788360596 -50.924800872802734
vt 6.007919788360596 -50.924800872802734
vt 6.004580020904541 -50.9213981628418
vt 6.005990028381348 -50.92409896850586
vt 6.004270076751709 -50.924800872802734
vt 6.004580020904541 -50.9213981628418
vt 5.999919891357422 -50.92300033569336
vt 6.004580020904541 -50.9213981628418
vt 5.995250225067139 -50.9213981628418
vt 5.999919891357422 -50.92300033569336
vt 6.004580020904541 -50.9213981628418
vt 6.004270076751709 -50.924800872802734
vt 6.005990028381348 -50.92409896850586
vt 6.006070137023926 -50.929100036621094
vt 6.005990028381348 -50.92409896850586
vt 6.004270076751709 -50.924800872802734
vt 5.995560169219971 -50.924800872802734
vt 5.995250225067139 -50.9213981628418
vt 5.993840217590332 -50.92409896850586
vt 5.995250225067139 -50.9213981628418
vt 5.991919994354248 -50.924800872802734
vt 5.993840217590332 -50.92409896850586
vt 5.995250225067139 -50.9213981628418
vt 5.995560169219971 -50.924800872802734
vt 5.999919891357422 -50.92300033569336
vt 5.993840217590332 -50.92409896850586
vt 5.993760108947754 -50.929100036621094
vt 5.995560169219971 -50.924800872802734
vt 5.993760108947754 -50.929100036621094
vt 5.991919994354248 -50.942298889160156
vt 5.995560169219971 -50.93349838256836
vt 5.991919994354248 -50.942298889160156
vt 5.993760108947754 -50.929100036621094
vt 5.991919994354248 -50.924800872802734
vt 5.993760108947754 -50.929100036621094
vt 5.993840217590332 -50.92409896850586
vt 5.991919994354248 -50.924800872802734
vt 5.991919994354248 -50.942298889160156
vt 5.999919891357422 -50.935298919677734
vt 5.995560169219971 -50.93349838256836
vt 6.006410121917725 -50.96220016479492
vt 5.993420124053955 -50.94499969482422
vt 5.993420124053955 -50.96220016479492
vt 6.035280227661133 -51.01250076293945
vt 5.964719772338867 -51.01250076293945
vt 6.0282301902771 -51.030799865722656
vt 6.014490127563477 -50.97520065307617
vt 5.964719772338867 -51.01250076293945
vt 6.035280227661133 -51.01250076293945
vt 5.964719772338867 -51.01250076293945
vt 6.014490127563477 -50.97520065307617
vt 5.985509872436523 -50.97520065307617
vt 6.0282301902771 -51.030799865722656
vt 5.964719772338867 -51.01250076293945
vt 5.9717698097229 -51.030799865722656
vt 6.00478982925415 -50.95610046386719
vt 6.007999897003174 -50.9463996887207
vt 6.00478982925415 -50.9463996887207
vt 6.007999897003174 -50.9463996887207
vt 6.00478982925415 -50.95610046386719
vt 6.007999897003174 -50.95610046386719
vt 6.00478982925415 -50.95610046386719
vt 6.007999897003174 -50.961700439453125
vt 6.007999897003174 -50.95610046386719
vt 6.007999897003174 -50.961700439453125
vt 6.00478982925415 -50.95610046386719
vt 6.00478982925415 -50.961700439453125
vt 5.99183988571167 -50.95610046386719
vt 5.995049953460693 -50.9463996887207
vt 5.99183988571167 -50.9463996887207
vt 5.995049953460693 -50.9463996887207
vt 5.99183988571167 -50.95610046386719
vt 5.995049953460693 -50.95610046386719
vt 5.99183988571167 -50.95610046386719
vt 5.995049953460693 -50.961700439453125
vt 5.995049953460693 -50.95610046386719
vt 5.995049953460693 -50.961700439453125
vt 5.99183988571167 -50.95610046386719
vt 5.99183988571167 -50.961700439453125
vt 5.985509872436523 -50.97520065307617
vt 6.009029865264893 -50.96049880981445
vt 5.990970134735107 -50.96049880981445
vt 6.009029865264893 -50.96049880981445
vt 5.985509872436523 -50.97520065307617
vt 6.014490127563477 -50.97520065307617
vt 5.99183988571167 -50.95610046386719
vt 5.995049953460693 -50.961700439453125
vt 5.995049953460693 -50.95610046386719
vt 5.995049953460693 -50.961700439453125
vt 5.99183988571167 -50.95610046386719
vt 5.99183988571167 -50.961700439453125
vt 6.00478982925415 -50.95610046386719
vt 6.007999897003174 -50.961700439453125
vt 6.007999897003174 -50.95610046386719
vt 6.007999897003174 -50.961700439453125
vt 6.00478982925415 -50.95610046386719
vt 6.00478982925415 -50.961700439453125
vt 5.999919891357422 -51.0786018371582
vt 5.989940166473389 -51.055599212646484
vt 5.989940166473389 -51.0786018371582
vt 5.989940166473389 -51.055599212646484
vt 5.999919891357422 -51.0786018371582
vt 5.999919891357422 -51.055599212646484
vt 6.009890079498291 -51.0786018371582
vt 5.999919891357422 -51.055599212646484
vt 5.999919891357422 -51.0786018371582
vt 5.999919891357422 -51.055599212646484
vt 6.009890079498291 -51.0786018371582
vt 6.009890079498291 -51.055599212646484
vt 5.999330043792725 -50.92900085449219
vt 6.001530170440674 -50.9359016418457
vt 6.000500202178955 -50.92900085449219
vt 6.001530170440674 -50.9359016418457
vt 5.999330043792725 -50.92900085449219
vt 5.998300075531006 -50.9359016418457
vt 5.999919891357422 -50.935298919677734
vt 6.007709980010986 -50.942501068115234
vt 6.004209995269775 -50.93349838256836
vt 6.007709980010986 -50.942501068115234
vt 5.999919891357422 -50.935298919677734
vt 6.006410121917725 -50.94490051269531
vt 6.006410121917725 -50.94490051269531
vt 5.999919891357422 -50.935298919677734
vt 5.993420124053955 -50.94490051269531
vt 5.993420124053955 -50.94490051269531
vt 5.999919891357422 -50.935298919677734
vt 5.992119789123535 -50.942501068115234
vt 5.992119789123535 -50.942501068115234
vt 5.999919891357422 -50.935298919677734
vt 5.995619773864746 -50.93349838256836
vt 5.995619773864746 -50.93349838256836
vt 5.992119789123535 -50.9286003112793
vt 5.992119789123535 -50.942501068115234
vt 5.992119789123535 -50.9286003112793
vt 5.995619773864746 -50.93349838256836
vt 5.993850231170654 -50.92919921875
vt 5.994100093841553 -50.9286003112793
vt 5.992119789123535 -50.9286003112793
vt 5.993850231170654 -50.92919921875
vt 6.006410121917725 -50.94490051269531
vt 5.993420124053955 -50.94490051269531
vt 6.006410121917725 -50.96220016479492
vt 6.006410121917725 -50.96220016479492
vt 5.993420124053955 -50.94490051269531
vt 5.993420124053955 -50.96220016479492
vt 6.007709980010986 -50.9286003112793
vt 6.004209995269775 -50.93349838256836
vt 6.007709980010986 -50.942501068115234
vt 6.004209995269775 -50.93349838256836
vt 6.007709980010986 -50.9286003112793
vt 6.005990028381348 -50.92919921875
vt 6.007709980010986 -50.9286003112793
vt 6.005730152130127 -50.9286003112793
vt 6.005990028381348 -50.92919921875
vt 5.994909763336182 -51.022701263427734
vt 5.970419883728027 -51.00230026245117
vt 5.9686598777771 -51.022701263427734
vt 5.970419883728027 -51.00230026245117
vt 5.994909763336182 -51.022701263427734
vt 5.994909763336182 -51.00230026245117
vt 5.9686598777771 -51.022701263427734
vt 5.970419883728027 -51.00230026245117
vt 5.964719772338867 -51.01250076293945
vt 6.013010025024414 -51.01359939575195
vt 5.986820220947266 -51.01359939575195
vt 5.999919891357422 -51.01900100708008
vt 5.986820220947266 -51.01359939575195
vt 6.013010025024414 -51.01359939575195
vt 6.013010025024414 -50.98740005493164
vt 6.013010025024414 -50.98740005493164
vt 6.013010025024414 -51.01359939575195
vt 6.018439769744873 -51.0004997253418
vt 6.013010025024414 -50.98740005493164
vt 5.986820220947266 -50.98740005493164
vt 5.986820220947266 -51.01359939575195
vt 5.986820220947266 -50.98740005493164
vt 6.013010025024414 -50.98740005493164
vt 5.999919891357422 -50.981998443603516
vt 5.986820220947266 -51.01359939575195
vt 5.986820220947266 -50.98740005493164
vt 5.981400012969971 -51.0004997253418
vt 6.324530124664307 -50.9906005859375
vt 6.264669895172119 -50.9906005859375
vt 6.324530124664307 -50.999900817871094
vt 6.264669895172119 -50.999900817871094
vt 6.324530124664307 -50.999900817871094
vt 6.264669895172119 -50.9906005859375
vt 6.324530124664307 -50.999900817871094
vt 6.264669895172119 -50.999900817871094
vt 6.324530124664307 -51.009300231933594
vt 6.264669895172119 -51.009300231933594
vt 6.324530124664307 -51.009300231933594
vt 6.264669895172119 -50.999900817871094
vt 5.706850051879883 -51.004600524902344
vt 5.714079856872559 -51.004600524902344
vt 5.714079856872559 -50.99530029296875
vt 5.706850051879883 -51.004600524902344
vt 5.714079856872559 -50.99530029296875
vt 5.706850051879883 -50.99530029296875
vt 6.025929927825928 -51.0077018737793
vt 6.01839017868042 -51.005699157714844
vt 6.01839017868042 -51.0077018737793
vt 6.01839017868042 -51.005699157714844
vt 6.025929927825928 -51.0077018737793
vt 6.025929927825928 -51.005699157714844
vt 6.025929927825928 -50.99209976196289
vt 6.01839017868042 -50.99209976196289
vt 6.025929927825928 -50.99409866333008
vt 6.01839017868042 -50.99409866333008
vt 6.025929927825928 -50.99409866333008
vt 6.01839017868042 -50.99209976196289
vt 6.021490097045898 -51.0004997253418
vt 6.022669792175293 -51.0004997253418
vt 6.022669792175293 -50.999298095703125
vt 6.021490097045898 -51.0004997253418
vt 6.022669792175293 -50.999298095703125
vt 6.021490097045898 -50.999298095703125
vt 5.706850051879883 -51.00790023803711
vt 5.714079856872559 -51.00790023803711
vt 5.714079856872559 -51.004600524902344
vt 5.706850051879883 -51.00790023803711
vt 5.714079856872559 -51.004600524902344
vt 5.706850051879883 -51.004600524902344
vt 6.01839017868042 -50.999900817871094
vt 6.025929927825928 -50.995601654052734
vt 6.01839017868042 -50.995601654052734
vt 6.025929927825928 -50.995601654052734
vt 6.01839017868042 -50.999900817871094
vt 6.025929927825928 -50.999900817871094
vt 6.025929927825928 -50.999900817871094
vt 6.01839017868042 -50.999900817871094
vt 6.025929927825928 -51.00419998168945
vt 6.01839017868042 -51.00419998168945
vt 6.025929927825928 -51.00419998168945
vt 6.01839017868042 -50.999900817871094
vt 5.706850051879883 -50.99530029296875
vt 5.714079856872559 -50.99530029296875
vt 5.714079856872559 -50.99190139770508
vt 5.706850051879883 -50.99530029296875
vt 5.714079856872559 -50.99190139770508
vt 5.706850051879883 -50.99190139770508
vt 5.706850051879883 -50.999900817871094
vt 5.714079856872559 -50.999900817871094
vt 5.706850051879883 -50.995601654052734
vt 5.714079856872559 -50.999900817871094
vt 5.714079856872559 -50.995601654052734
vt 5.706850051879883 -50.995601654052734
vt 5.706850051879883 -51.00429916381836
vt 5.714079856872559 -51.00429916381836
vt 5.706850051879883 -50.999900817871094
vt 5.714079856872559 -51.00429916381836
vt 5.714079856872559 -50.999900817871094
vt 5.706850051879883 -50.999900817871094
vt 6.010290145874023 -50.994998931884766
vt 6.029739856719971 -50.994998931884766
vt 6.029739856719971 -50.991798400878906
vt 6.010290145874023 -50.994998931884766
vt 6.029739856719971 -50.991798400878906
vt 6.010290145874023 -50.991798400878906
vt 6.029739856719971 -51.007999420166016
vt 6.010290145874023 -51.004798889160156
vt 6.010290145874023 -51.007999420166016
vt 6.010290145874023 -51.004798889160156
vt 6.029739856719971 -51.007999420166016
vt 6.029739856719971 -51.004798889160156
vt 5.734379768371582 -51.004798889160156
vt 5.721399784088135 -51.004798889160156
vt 5.734379768371582 -51.007999420166016
vt 5.721399784088135 -51.007999420166016
vt 5.734379768371582 -51.007999420166016
vt 5.721399784088135 -51.004798889160156
vt 5.721399784088135 -51.004798889160156
vt 5.7019500732421875 -51.007999420166016
vt 5.721399784088135 -51.007999420166016
vt 5.7019500732421875 -51.007999420166016
vt 5.721399784088135 -51.004798889160156
vt 5.7019500732421875 -51.004798889160156
vt 5.734379768371582 -50.991798400878906
vt 5.721399784088135 -50.991798400878906
vt 5.734379768371582 -50.994998931884766
vt 5.721399784088135 -50.994998931884766
vt 5.734379768371582 -50.994998931884766
vt 5.721399784088135 -50.991798400878906
vt 5.721399784088135 -50.991798400878906
vt 5.7019500732421875 -50.994998931884766
vt 5.721399784088135 -50.994998931884766
vt 5.7019500732421875 -50.994998931884766
vt 5.721399784088135 -50.991798400878906
vt 5.7019500732421875 -50.991798400878906
vt 6.258969783782959 -51.0099983215332
vt 6.0711798667907715 -50.999900817871094
vt 6.0711798667907715 -51.0099983215332
vt 6.0711798667907715 -50.999900817871094
vt 6.258969783782959 -51.0099983215332
vt 6.258969783782959 -50.999900817871094
vt 6.258969783782959 -50.999900817871094
vt 6.0711798667907715 -50.98979949951172
vt 6.0711798667907715 -50.999900817871094
vt 6.0711798667907715 -50.98979949951172
vt 6.258969783782959 -50.999900817871094
vt 6.258969783782959 -50.98979949951172
vt 6.256470203399658 -50.999900817871094
vt 6.324530124664307 -50.98680114746094
vt 6.256470203399658 -50.98680114746094
vt 6.324530124664307 -50.98680114746094
vt 6.256470203399658 -50.999900817871094
vt 6.324530124664307 -50.999900817871094
vt 6.256470203399658 -51.01300048828125
vt 6.324530124664307 -50.999900817871094
vt 6.256470203399658 -50.999900817871094
vt 6.324530124664307 -50.999900817871094
vt 6.256470203399658 -51.01300048828125
vt 6.324530124664307 -51.01300048828125
vt 6.010290145874023 -50.994998931884766
vt 5.997300148010254 -50.991798400878906
vt 5.997300148010254 -50.994998931884766
vt 5.997300148010254 -50.991798400878906
vt 6.010290145874023 -50.994998931884766
vt 6.010290145874023 -50.991798400878906
vt 6.010290145874023 -51.007999420166016
vt 5.997300148010254 -51.004798889160156
vt 5.997300148010254 -51.007999420166016
vt 5.997300148010254 -51.004798889160156
vt 6.010290145874023 -51.007999420166016
vt 6.010290145874023 -51.004798889160156
vt 6.047989845275879 -51.00899887084961
vt 6.077209949493408 -51.01449966430664
vt 6.077209949493408 -50.98550033569336
vt 6.047989845275879 -51.00899887084961
vt 6.077209949493408 -50.98550033569336
vt 6.047989845275879 -50.99100112915039
vt 5.769629955291748 -50.99100112915039
vt 6.047989845275879 -51.00899887084961
vt 6.047989845275879 -50.99100112915039
vt 6.047989845275879 -51.00899887084961
vt 5.769629955291748 -50.99100112915039
vt 5.769629955291748 -51.00899887084961
vt 5.769629955291748 -50.99100112915039
vt 5.685210227966309 -50.99100112915039
vt 5.769629955291748 -51.00899887084961
vt 5.685210227966309 -51.00899887084961
vt 5.769629955291748 -51.00899887084961
vt 5.685210227966309 -50.99100112915039
vt 6.045889854431152 -50.99489974975586
vt 5.823110103607178 -50.96870040893555
vt 5.823110103607178 -50.99489974975586
vt 5.823110103607178 -50.96870040893555
vt 6.045889854431152 -50.99489974975586
vt 6.045889854431152 -50.96870040893555
vt 6.082170009613037 -51.03139877319336
vt 5.999499797821045 -50.96860122680664
vt 5.999499797821045 -51.03139877319336
vt 5.999499797821045 -50.96860122680664
vt 6.082170009613037 -51.03139877319336
vt 6.082170009613037 -50.96860122680664
vt 5.735330104827881 -51.00979995727539
vt 5.675469875335693 -51.0004997253418
vt 5.675469875335693 -51.00979995727539
vt 5.675469875335693 -51.0004997253418
vt 5.735330104827881 -51.00979995727539
vt 5.735330104827881 -51.0004997253418
vt 5.735330104827881 -51.0004997253418
vt 5.675469875335693 -50.9911003112793
vt 5.675469875335693 -51.0004997253418
vt 5.675469875335693 -50.9911003112793
vt 5.735330104827881 -51.0004997253418
vt 5.735330104827881 -50.9911003112793
vt 5.98160982131958 -50.93349838256836
vt 5.974070072174072 -50.92919921875
vt 5.974070072174072 -50.93349838256836
vt 5.974070072174072 -50.92919921875
vt 5.98160982131958 -50.93349838256836
vt 5.98160982131958 -50.92919921875
vt 5.98160982131958 -50.92919921875
vt 5.974070072174072 -50.9286003112793
vt 5.974070072174072 -50.92919921875
vt 5.974070072174072 -50.9286003112793
vt 5.98160982131958 -50.92919921875
vt 5.98160982131958 -50.9286003112793
vt 6.000500202178955 -51.030799865722656
vt 5.934060096740723 -51.05720138549805
vt 6.000500202178955 -51.05720138549805
vt 5.934060096740723 -51.05720138549805
vt 6.000500202178955 -51.030799865722656
vt 5.917829990386963 -51.030799865722656
vt 5.922790050506592 -51.01250076293945
vt 5.954110145568848 -51.022701263427734
vt 5.954110145568848 -51.01250076293945
vt 5.954110145568848 -51.00230026245117
vt 5.922790050506592 -51.01250076293945
vt 5.954110145568848 -51.01250076293945
vt 5.954110145568848 -51.022701263427734
vt 5.922790050506592 -51.01250076293945
vt 5.922790050506592 -51.030799865722656
vt 5.922790050506592 -51.01250076293945
vt 5.954110145568848 -51.00230026245117
vt 5.922790050506592 -50.97520065307617
vt 6.176889896392822 -51.00230026245117
vt 5.922790050506592 -50.97520065307617
vt 5.954110145568848 -51.00230026245117
vt 5.922790050506592 -50.97520065307617
vt 6.176889896392822 -51.00230026245117
vt 6.230370044708252 -50.97520065307617
vt 5.922790050506592 -50.97520065307617
vt 6.230370044708252 -50.97520065307617
vt 5.952010154724121 -50.96049880981445
vt 6.230370044708252 -50.96049880981445
vt 5.952010154724121 -50.96049880981445
vt 6.230370044708252 -50.97520065307617
vt 6.230370044708252 -50.97520065307617
vt 6.314789772033691 -50.96049880981445
vt 6.230370044708252 -50.96049880981445
vt 6.314789772033691 -50.96049880981445
vt 6.230370044708252 -50.97520065307617
vt 6.324530124664307 -50.97520065307617
vt 6.230370044708252 -51.01250076293945
vt 6.230370044708252 -50.97520065307617
vt 6.176889896392822 -51.00230026245117
vt 6.230370044708252 -51.01250076293945
vt 6.176889896392822 -51.022701263427734
vt 6.230370044708252 -51.030799865722656
vt 6.176889896392822 -51.022701263427734
vt 6.230370044708252 -51.01250076293945
vt 6.176889896392822 -51.01250076293945
vt 6.230370044708252 -51.01250076293945
vt 6.176889896392822 -51.00230026245117
vt 6.176889896392822 -51.01250076293945
vt 5.922790050506592 -51.030799865722656
vt 6.176889896392822 -51.022701263427734
vt 5.954110145568848 -51.022701263427734
vt 6.176889896392822 -51.022701263427734
vt 5.922790050506592 -51.030799865722656
vt 6.230370044708252 -51.030799865722656
vt 6.285920143127441 -50.93349838256836
vt 6.293149948120117 -50.93349838256836
vt 6.293149948120117 -50.929100036621094
vt 6.285920143127441 -50.93349838256836
vt 6.293149948120117 -50.929100036621094
vt 6.285920143127441 -50.929100036621094
vt 5.989709854125977 -50.9463996887207
vt 5.963769912719727 -50.961700439453125
vt 6.002699851989746 -50.961700439453125
vt 5.989709854125977 -50.9463996887207
vt 6.002699851989746 -50.961700439453125
vt 6.002699851989746 -50.95610046386719
vt 5.970260143280029 -50.9463996887207
vt 5.963769912719727 -50.961700439453125
vt 5.989709854125977 -50.9463996887207
vt 5.963769912719727 -50.961700439453125
vt 5.970260143280029 -50.9463996887207
vt 5.963769912719727 -50.95610046386719
vt 6.304540157318115 -50.961700439453125
vt 6.2980499267578125 -50.9463996887207
vt 6.278600215911865 -50.9463996887207
vt 6.278600215911865 -50.9463996887207
vt 6.265620231628418 -50.961700439453125
vt 6.304540157318115 -50.961700439453125
vt 6.2980499267578125 -50.9463996887207
vt 6.304540157318115 -50.961700439453125
vt 6.304540157318115 -50.95610046386719
vt 6.265620231628418 -50.961700439453125
vt 6.278600215911865 -50.9463996887207
vt 6.265620231628418 -50.95610046386719
vt 6.293149948120117 -50.942298889160156
vt 6.293149948120117 -50.924800872802734
vt 6.285920143127441 -50.942298889160156
vt 6.285920143127441 -50.942298889160156
vt 6.293149948120117 -50.924800872802734
vt 6.285920143127441 -50.924800872802734
vt 6.285920143127441 -50.94499969482422
vt 6.285920143127441 -50.96220016479492
vt 6.293149948120117 -50.96220016479492
vt 6.293149948120117 -50.96220016479492
vt 6.293149948120117 -50.94499969482422
vt 6.285920143127441 -50.94499969482422
vt 5.977330207824707 -50.92900085449219
vt 5.97629976272583 -50.9359016418457
vt 5.97953987121582 -50.9359016418457
vt 5.97953987121582 -50.9359016418457
vt 5.978509902954102 -50.92900085449219
vt 5.977330207824707 -50.92900085449219
vt 5.9288201332092285 -50.99039840698242
vt 5.741030216217041 -50.99039840698242
vt 5.9288201332092285 -51.0004997253418
vt 5.741030216217041 -51.0004997253418
vt 5.9288201332092285 -51.0004997253418
vt 5.741030216217041 -50.99039840698242
vt 5.9288201332092285 -51.0004997253418
vt 5.741030216217041 -51.0004997253418
vt 5.9288201332092285 -51.01060104370117
vt 5.741030216217041 -51.01060104370117
vt 5.9288201332092285 -51.01060104370117
vt 5.741030216217041 -51.0004997253418
vt 5.675469875335693 -51.01359939575195
vt 5.743529796600342 -51.01359939575195
vt 5.743529796600342 -51.0004997253418
vt 5.675469875335693 -51.01359939575195
vt 5.743529796600342 -51.0004997253418
vt 5.675469875335693 -51.0004997253418
vt 5.675469875335693 -51.0004997253418
vt 5.743529796600342 -51.0004997253418
vt 5.743529796600342 -50.98740005493164
vt 5.675469875335693 -51.0004997253418
vt 5.743529796600342 -50.98740005493164
vt 5.675469875335693 -50.98740005493164
vt 5.989709854125977 -50.9463996887207
vt 5.963769912719727 -50.961700439453125
vt 6.002699851989746 -50.961700439453125
vt 5.989709854125977 -50.9463996887207
vt 6.002699851989746 -50.961700439453125
vt 6.002699851989746 -50.95610046386719
vt 5.970260143280029 -50.9463996887207
vt 5.963769912719727 -50.961700439453125
vt 5.989709854125977 -50.9463996887207
vt 5.963769912719727 -50.961700439453125
vt 5.970260143280029 -50.9463996887207
vt 5.963769912719727 -50.95610046386719
vt 6.304540157318115 -50.961700439453125
vt 6.2980499267578125 -50.9463996887207
vt 6.278600215911865 -50.9463996887207
vt 6.278600215911865 -50.9463996887207
vt 6.265620231628418 -50.961700439453125
vt 6.304540157318115 -50.961700439453125
vt 6.2980499267578125 -50.9463996887207
vt 6.304540157318115 -50.961700439453125
vt 6.304540157318115 -50.95610046386719
vt 6.265620231628418 -50.961700439453125
vt 6.278600215911865 -50.9463996887207
vt 6.265620231628418 -50.95610046386719
vt 6.285920143127441 -50.94499969482422
vt 6.293149948120117 -50.94499969482422
vt 6.293149948120117 -50.942298889160156
vt 6.285920143127441 -50.94499969482422
vt 6.293149948120117 -50.942298889160156
vt 6.285920143127441 -50.942298889160156
vt 5.974070072174072 -50.94490051269531
vt 5.974070072174072 -50.96220016479492
vt 5.98160982131958 -50.96220016479492
vt 5.98160982131958 -50.96220016479492
vt 5.98160982131958 -50.94490051269531
vt 5.974070072174072 -50.94490051269531
vt 5.974070072174072 -50.94490051269531
vt 5.98160982131958 -50.94490051269531
vt 5.98160982131958 -50.942501068115234
vt 5.974070072174072 -50.94490051269531
vt 5.98160982131958 -50.942501068115234
vt 5.974070072174072 -50.942501068115234
vt 5.98160982131958 -50.942501068115234
vt 5.98160982131958 -50.9286003112793
vt 5.974070072174072 -50.942501068115234
vt 5.974070072174072 -50.942501068115234
vt 5.98160982131958 -50.9286003112793
vt 5.974070072174072 -50.9286003112793
vt 6.293149948120117 -50.929100036621094
vt 6.285920143127441 -50.924800872802734
vt 6.285920143127441 -50.929100036621094
vt 6.285920143127441 -50.924800872802734
vt 6.293149948120117 -50.929100036621094
vt 6.293149948120117 -50.924800872802734
vt 5.961460113525391 -51.055599212646484
vt 5.961460113525391 -51.0786018371582
vt 5.971429824829102 -51.0786018371582
vt 5.971429824829102 -51.0786018371582
vt 5.971429824829102 -51.055599212646484
vt 5.961460113525391 -51.055599212646484
vt 5.971429824829102 -51.055599212646484
vt 5.971429824829102 -51.0786018371582
vt 5.981410026550293 -51.0786018371582
vt 5.981410026550293 -51.0786018371582
vt 5.981410026550293 -51.055599212646484
vt 5.971429824829102 -51.055599212646484
vt 6.000080108642578 -50.981998443603516
vt 6.009439945220947 -50.9911003112793
vt 6.013179779052734 -50.98740005493164
vt 6.009439945220947 -50.9911003112793
vt 6.000080108642578 -50.981998443603516
vt 6.000080108642578 -50.98720169067383
vt 6.000080108642578 -50.981998443603516
vt 5.990729808807373 -50.9911003112793
vt 6.000080108642578 -50.98720169067383
vt 6.000080108642578 -50.981998443603516
vt 5.986989974975586 -50.98740005493164
vt 5.990729808807373 -50.9911003112793
vt 5.986849784851074 -51.0004997253418
vt 5.990729808807373 -50.9911003112793
vt 5.986989974975586 -50.98740005493164
vt 5.986989974975586 -50.98740005493164
vt 5.981560230255127 -51.0004997253418
vt 5.986849784851074 -51.0004997253418
vt 5.986989974975586 -51.01359939575195
vt 5.986849784851074 -51.0004997253418
vt 5.981560230255127 -51.0004997253418
vt 5.986849784851074 -51.0004997253418
vt 5.986989974975586 -51.01359939575195
vt 5.990729808807373 -51.00979995727539
vt 6.000080108642578 -51.01900100708008
vt 5.990729808807373 -51.00979995727539
vt 5.986989974975586 -51.01359939575195
vt 6.000080108642578 -51.01900100708008
vt 6.013179779052734 -51.01359939575195
vt 6.009439945220947 -51.00979995727539
vt 6.000080108642578 -51.01900100708008
vt 6.009439945220947 -51.00979995727539
vt 6.000080108642578 -51.01369857788086
vt 5.990729808807373 -51.00979995727539
vt 6.000080108642578 -51.01900100708008
vt 6.000080108642578 -51.01369857788086
vt 6.013319969177246 -51.0004997253418
vt 6.013179779052734 -51.01359939575195
vt 6.018599987030029 -51.0004997253418
vt 6.013179779052734 -51.01359939575195
vt 6.013319969177246 -51.0004997253418
vt 6.009439945220947 -51.00979995727539
vt 6.013179779052734 -50.98740005493164
vt 6.013319969177246 -51.0004997253418
vt 6.018599987030029 -51.0004997253418
vt 6.013319969177246 -51.0004997253418
vt 6.013179779052734 -50.98740005493164
vt 6.009439945220947 -50.9911003112793
vt 6.009439945220947 -50.9911003112793
vt 6.009439945220947 -51.00979995727539
vt 6.013319969177246 -51.0004997253418
vt 6.009439945220947 -50.9911003112793
vt 6.000080108642578 -51.01369857788086
vt 6.009439945220947 -51.00979995727539
vt 6.000080108642578 -51.01369857788086
vt 6.009439945220947 -50.9911003112793
vt 6.000080108642578 -50.98720169067383
vt 5.990729808807373 -50.9911003112793
vt 6.000080108642578 -51.01369857788086
vt 6.000080108642578 -50.98720169067383
vt 6.000080108642578 -51.01369857788086
vt 5.990729808807373 -50.9911003112793
vt 5.990729808807373 -51.00979995727539
vt 5.990729808807373 -51.00979995727539
vt 5.990729808807373 -50.9911003112793
vt 5.986849784851074 -51.0004997253418
vt 5.968639850616455 -51.05720138549805
vt 6.031360149383545 -51.030799865722656
vt 5.968639850616455 -51.030799865722656
vt 6.031360149383545 -51.030799865722656
vt 5.968639850616455 -51.05720138549805
vt 6.031360149383545 -51.05720138549805
vt 6.004950046539307 -50.95610046386719
vt 6.004950046539307 -50.961700439453125
vt 6.00816011428833 -50.961700439453125
vt 6.004950046539307 -50.95610046386719
vt 6.00816011428833 -50.961700439453125
vt 6.00816011428833 -50.95610046386719
vt 5.992000102996826 -50.95610046386719
vt 5.992000102996826 -50.961700439453125
vt 5.99521017074585 -50.961700439453125
vt 5.992000102996826 -50.95610046386719
vt 5.99521017074585 -50.961700439453125
vt 5.99521017074585 -50.95610046386719
vt 6.00816011428833 -50.95610046386719
vt 6.00816011428833 -50.9463996887207
vt 6.004950046539307 -50.95610046386719
vt 6.004950046539307 -50.9463996887207
vt 6.004950046539307 -50.95610046386719
vt 6.00816011428833 -50.9463996887207
vt 5.99521017074585 -50.95610046386719
vt 5.99521017074585 -50.9463996887207
vt 5.992000102996826 -50.95610046386719
vt 5.992000102996826 -50.9463996887207
vt 5.992000102996826 -50.95610046386719
vt 5.99521017074585 -50.9463996887207
vt 5.999499797821045 -50.92900085449219
vt 5.998469829559326 -50.9359016418457
vt 6.001699924468994 -50.9359016418457
vt 5.999499797821045 -50.92900085449219
vt 6.001699924468994 -50.9359016418457
vt 6.000669956207275 -50.92900085449219
vt 5.993589878082275 -50.94490051269531
vt 6.000080108642578 -50.935298919677734
vt 5.992290019989014 -50.942501068115234
vt 6.000080108642578 -50.935298919677734
vt 5.993589878082275 -50.94490051269531
vt 6.006579875946045 -50.94490051269531
vt 5.993589878082275 -50.96220016479492
vt 6.006579875946045 -50.94490051269531
vt 5.993589878082275 -50.94490051269531
vt 6.006579875946045 -50.94490051269531
vt 5.993589878082275 -50.96220016479492
vt 6.006579875946045 -50.96220016479492
vt 6.007880210876465 -50.942501068115234
vt 6.000080108642578 -50.935298919677734
vt 6.006579875946045 -50.94490051269531
vt 6.000080108642578 -50.935298919677734
vt 6.007880210876465 -50.942501068115234
vt 6.004380226135254 -50.93349838256836
vt 6.004380226135254 -50.93349838256836
vt 6.007880210876465 -50.942501068115234
vt 6.007880210876465 -50.9286003112793
vt 6.004380226135254 -50.93349838256836
vt 6.007880210876465 -50.9286003112793
vt 6.006149768829346 -50.92919921875
vt 6.007880210876465 -50.9286003112793
vt 6.005899906158447 -50.9286003112793
vt 6.006149768829346 -50.92919921875
vt 5.992290019989014 -50.942501068115234
vt 6.000080108642578 -50.935298919677734
vt 5.995790004730225 -50.93349838256836
vt 5.992290019989014 -50.9286003112793
vt 5.992290019989014 -50.942501068115234
vt 5.995790004730225 -50.93349838256836
vt 5.992290019989014 -50.9286003112793
vt 5.995790004730225 -50.93349838256836
vt 5.994009971618652 -50.92919921875
vt 5.992290019989014 -50.9286003112793
vt 5.994009971618652 -50.92919921875
vt 5.994269847869873 -50.9286003112793
vt 5.992000102996826 -50.95610046386719
vt 5.992000102996826 -50.961700439453125
vt 5.99521017074585 -50.961700439453125
vt 5.992000102996826 -50.95610046386719
vt 5.99521017074585 -50.961700439453125
vt 5.99521017074585 -50.95610046386719
vt 6.004950046539307 -50.95610046386719
vt 6.004950046539307 -50.961700439453125
vt 6.00816011428833 -50.961700439453125
vt 6.004950046539307 -50.95610046386719
vt 6.00816011428833 -50.961700439453125
vt 6.00816011428833 -50.95610046386719
vt 5.985509872436523 -50.97520065307617
vt 6.035280227661133 -51.01250076293945
vt 6.014490127563477 -50.97520065307617
vt 5.985509872436523 -50.97520065307617
vt 5.964719772338867 -51.01250076293945
vt 6.035280227661133 -51.01250076293945
vt 5.9717698097229 -51.030799865722656
vt 6.035280227661133 -51.01250076293945
vt 5.964719772338867 -51.01250076293945
vt 6.035280227661133 -51.01250076293945
vt 5.9717698097229 -51.030799865722656
vt 6.0282301902771 -51.030799865722656
vt 6.000080108642578 -51.055599212646484
vt 6.010059833526611 -51.0786018371582
vt 6.010059833526611 -51.055599212646484
vt 6.000080108642578 -51.055599212646484
vt 6.000080108642578 -51.0786018371582
vt 6.010059833526611 -51.0786018371582
vt 5.990109920501709 -51.055599212646484
vt 6.000080108642578 -51.0786018371582
vt 6.000080108642578 -51.055599212646484
vt 5.990109920501709 -51.055599212646484
vt 5.990109920501709 -51.0786018371582
vt 6.000080108642578 -51.0786018371582
vt 6.005090236663818 -51.022701263427734
vt 6.029580116271973 -51.00230026245117
vt 6.005090236663818 -51.00230026245117
vt 6.029580116271973 -51.00230026245117
vt 6.005090236663818 -51.022701263427734
vt 6.0313401222229 -51.022701263427734
vt 6.035280227661133 -51.01250076293945
vt 6.029580116271973 -51.00230026245117
vt 6.0313401222229 -51.022701263427734
vt 5.993589878082275 -50.94499969482422
vt 5.993589878082275 -50.96220016479492
vt 6.006579875946045 -50.96220016479492
vt 5.993589878082275 -50.94499969482422
vt 6.006579875946045 -50.96220016479492
vt 6.006579875946045 -50.94499969482422
vt 6.006579875946045 -50.94499969482422
vt 5.992080211639404 -50.942298889160156
vt 5.993589878082275 -50.94499969482422
vt 5.992080211639404 -50.942298889160156
vt 6.006579875946045 -50.94499969482422
vt 6.008080005645752 -50.942298889160156
vt 5.992080211639404 -50.942298889160156
vt 6.008080005645752 -50.942298889160156
vt 6.000080108642578 -50.935298919677734
vt 5.992080211639404 -50.942298889160156
vt 6.000080108642578 -50.935298919677734
vt 5.995729923248291 -50.93349838256836
vt 5.993929862976074 -50.929100036621094
vt 5.992080211639404 -50.942298889160156
vt 5.995729923248291 -50.93349838256836
vt 5.992080211639404 -50.942298889160156
vt 5.993929862976074 -50.929100036621094
vt 5.992080211639404 -50.924800872802734
vt 5.993929862976074 -50.929100036621094
vt 5.994009971618652 -50.92409896850586
vt 5.992080211639404 -50.924800872802734
vt 5.995419979095459 -50.9213981628418
vt 5.992080211639404 -50.924800872802734
vt 5.994009971618652 -50.92409896850586
vt 6.004749774932861 -50.9213981628418
vt 5.995419979095459 -50.9213981628418
vt 6.000080108642578 -50.92300033569336
vt 5.995419979095459 -50.9213981628418
vt 5.995729923248291 -50.924800872802734
vt 6.000080108642578 -50.92300033569336
vt 5.995729923248291 -50.924800872802734
vt 5.995419979095459 -50.9213981628418
vt 5.994009971618652 -50.92409896850586
vt 5.994009971618652 -50.92409896850586
vt 5.993929862976074 -50.929100036621094
vt 5.995729923248291 -50.924800872802734
vt 6.000080108642578 -50.92300033569336
vt 6.004439830780029 -50.924800872802734
vt 6.004749774932861 -50.9213981628418
vt 6.006239891052246 -50.929100036621094
vt 6.006159782409668 -50.92409896850586
vt 6.004439830780029 -50.924800872802734
vt 6.004749774932861 -50.9213981628418
vt 6.004439830780029 -50.924800872802734
vt 6.006159782409668 -50.92409896850586
vt 6.006159782409668 -50.92409896850586
vt 6.006239891052246 -50.929100036621094
vt 6.008080005645752 -50.924800872802734
vt 6.008080005645752 -50.924800872802734
vt 6.004749774932861 -50.9213981628418
vt 6.006159782409668 -50.92409896850586
vt 6.008080005645752 -50.942298889160156
vt 6.008080005645752 -50.924800872802734
vt 6.006239891052246 -50.929100036621094
vt 6.008080005645752 -50.942298889160156
vt 6.006239891052246 -50.929100036621094
vt 6.004439830780029 -50.93349838256836
vt 6.000080108642578 -50.935298919677734
vt 6.008080005645752 -50.942298889160156
vt 6.004439830780029 -50.93349838256836
vt 5.675469875335693 -50.9906005859375
vt 5.735330104827881 -50.999900817871094
vt 5.735330104827881 -50.9906005859375
vt 5.735330104827881 -50.999900817871094
vt 5.675469875335693 -50.9906005859375
vt 5.675469875335693 -50.999900817871094
vt 5.675469875335693 -50.999900817871094
vt 5.735330104827881 -51.009300231933594
vt 5.735330104827881 -50.999900817871094
vt 5.735330104827881 -51.009300231933594
vt 5.675469875335693 -50.999900817871094
vt 5.675469875335693 -51.009300231933594
vt 6.324530124664307 -51.01449966430664
vt 6.230370044708252 -50.98550033569336
vt 6.230370044708252 -51.01449966430664
vt 6.230370044708252 -50.98550033569336
vt 6.324530124664307 -51.01449966430664
vt 6.324530124664307 -50.98550033569336
vt 5.934060096740723 -51.03139877319336
vt 6.000500202178955 -51.03139877319336
vt 5.934060096740723 -50.96860122680664
vt 6.000500202178955 -51.03139877319336
vt 6.000500202178955 -50.96860122680664
vt 5.934060096740723 -50.96860122680664
vt 6.230370044708252 -50.9718017578125
vt 5.922790050506592 -50.9718017578125
vt 6.230370044708252 -51.0281982421875
vt 5.922790050506592 -51.0281982421875
vt 6.230370044708252 -51.0281982421875
vt 5.922790050506592 -50.9718017578125
vt 5.954110145568848 -50.99489974975586
vt 6.176889896392822 -50.99489974975586
vt 6.176889896392822 -50.970401763916016
vt 5.954110145568848 -50.99489974975586
vt 6.176889896392822 -50.970401763916016
vt 5.954110145568848 -50.970401763916016
vt 5.741030216217041 -51.0099983215332
vt 5.9288201332092285 -51.0099983215332
vt 5.741030216217041 -50.999900817871094
vt 5.9288201332092285 -50.999900817871094
vt 5.741030216217041 -50.999900817871094
vt 5.9288201332092285 -51.0099983215332
vt 5.741030216217041 -50.999900817871094
vt 5.9288201332092285 -50.999900817871094
vt 5.741030216217041 -50.98979949951172
vt 5.9288201332092285 -50.98979949951172
vt 5.741030216217041 -50.98979949951172
vt 5.9288201332092285 -50.999900817871094
vt 5.675469875335693 -50.999900817871094
vt 5.743529796600342 -50.98680114746094
vt 5.675469875335693 -50.98680114746094
vt 5.675469875335693 -50.999900817871094
vt 5.743529796600342 -50.999900817871094
vt 5.743529796600342 -50.98680114746094
vt 5.675469875335693 -51.01300048828125
vt 5.743529796600342 -50.999900817871094
vt 5.675469875335693 -50.999900817871094
vt 5.675469875335693 -51.01300048828125
vt 5.743529796600342 -51.01300048828125
vt 5.743529796600342 -50.999900817871094
vt 6.293149948120117 -51.00640106201172
vt 6.293149948120117 -50.99340057373047
vt 6.285920143127441 -51.00640106201172
vt 6.285920143127441 -51.00640106201172
vt 6.293149948120117 -50.99340057373047
vt 6.285920143127441 -50.99340057373047
vt 5.974070072174072 -51.00640106201172
vt 5.98160982131958 -50.99340057373047
vt 5.974070072174072 -50.99340057373047
vt 5.974070072174072 -51.00640106201172
vt 5.98160982131958 -51.00640106201172
vt 5.98160982131958 -50.99340057373047
vt 6.285920143127441 -50.999900817871094
vt 6.293149948120117 -50.999900817871094
vt 6.293149948120117 -50.995601654052734
vt 6.285920143127441 -50.999900817871094
vt 6.293149948120117 -50.995601654052734
vt 6.285920143127441 -50.995601654052734
vt 6.285920143127441 -51.00429916381836
vt 6.293149948120117 -51.00429916381836
vt 6.293149948120117 -50.999900817871094
vt 6.285920143127441 -51.00429916381836
vt 6.293149948120117 -50.999900817871094
vt 6.285920143127441 -50.999900817871094
vt 6.264669895172119 -50.9911003112793
vt 6.324530124664307 -51.0004997253418
vt 6.324530124664307 -50.9911003112793
vt 6.324530124664307 -51.0004997253418
vt 6.264669895172119 -50.9911003112793
vt 6.264669895172119 -51.0004997253418
vt 6.264669895172119 -51.0004997253418
vt 6.324530124664307 -51.00979995727539
vt 6.324530124664307 -51.0004997253418
vt 6.324530124664307 -51.00979995727539
vt 6.264669895172119 -51.0004997253418
vt 6.264669895172119 -51.00979995727539
vt 6.01839017868042 -50.92919921875
vt 6.025929927825928 -50.93349838256836
vt 6.025929927825928 -50.92919921875
vt 6.025929927825928 -50.92919921875
vt 6.01839017868042 -50.9286003112793
vt 6.01839017868042 -50.92919921875
vt 6.025929927825928 -50.93349838256836
vt 6.01839017868042 -50.92919921875
vt 6.01839017868042 -50.93349838256836
vt 6.01839017868042 -50.9286003112793
vt 6.025929927825928 -50.92919921875
vt 6.025929927825928 -50.9286003112793
vt 5.999499797821045 -51.05720138549805
vt 6.065939903259277 -51.05720138549805
vt 5.999499797821045 -51.030799865722656
vt 6.082170009613037 -51.030799865722656
vt 5.999499797821045 -51.030799865722656
vt 6.065939903259277 -51.05720138549805
vt 5.706850051879883 -50.929100036621094
vt 5.714079856872559 -50.93349838256836
vt 5.714079856872559 -50.929100036621094
vt 5.714079856872559 -50.93349838256836
vt 5.706850051879883 -50.929100036621094
vt 5.706850051879883 -50.93349838256836
vt 5.997300148010254 -50.961700439453125
vt 6.010290145874023 -50.9463996887207
vt 5.997300148010254 -50.95610046386719
vt 6.010290145874023 -50.9463996887207
vt 5.997300148010254 -50.961700439453125
vt 6.036230087280273 -50.961700439453125
vt 6.010290145874023 -50.9463996887207
vt 6.036230087280273 -50.961700439453125
vt 6.029739856719971 -50.9463996887207
vt 6.029739856719971 -50.9463996887207
vt 6.036230087280273 -50.961700439453125
vt 6.036230087280273 -50.95610046386719
vt 5.7019500732421875 -50.9463996887207
vt 5.695459842681885 -50.961700439453125
vt 5.721399784088135 -50.9463996887207
vt 5.695459842681885 -50.961700439453125
vt 5.7019500732421875 -50.9463996887207
vt 5.695459842681885 -50.95610046386719
vt 5.721399784088135 -50.9463996887207
vt 5.695459842681885 -50.961700439453125
vt 5.734379768371582 -50.961700439453125
vt 5.721399784088135 -50.9463996887207
vt 5.734379768371582 -50.961700439453125
vt 5.734379768371582 -50.95610046386719
vt 5.706850051879883 -50.924800872802734
vt 5.706850051879883 -50.942298889160156
vt 5.714079856872559 -50.924800872802734
vt 5.714079856872559 -50.924800872802734
vt 5.706850051879883 -50.942298889160156
vt 5.714079856872559 -50.942298889160156
vt 5.706850051879883 -50.94499969482422
vt 5.714079856872559 -50.96220016479492
vt 5.714079856872559 -50.94499969482422
vt 5.714079856872559 -50.96220016479492
vt 5.706850051879883 -50.94499969482422
vt 5.706850051879883 -50.96220016479492
vt 6.02370023727417 -50.9359016418457
vt 6.021490097045898 -50.92900085449219
vt 6.02046012878418 -50.9359016418457
vt 6.021490097045898 -50.92900085449219
vt 6.02370023727417 -50.9359016418457
vt 6.022669792175293 -50.92900085449219
vt 6.258969783782959 -50.99039840698242
vt 6.0711798667907715 -50.99039840698242
vt 6.258969783782959 -51.0004997253418
vt 6.0711798667907715 -51.0004997253418
vt 6.258969783782959 -51.0004997253418
vt 6.0711798667907715 -50.99039840698242
vt 6.258969783782959 -51.0004997253418
vt 6.0711798667907715 -51.0004997253418
vt 6.258969783782959 -51.01060104370117
vt 6.0711798667907715 -51.01060104370117
vt 6.258969783782959 -51.01060104370117
vt 6.0711798667907715 -51.0004997253418
vt 6.324530124664307 -51.0004997253418
vt 6.256470203399658 -51.01359939575195
vt 6.324530124664307 -51.01359939575195
vt 6.324530124664307 -51.0004997253418
vt 6.256470203399658 -51.0004997253418
vt 6.256470203399658 -51.01359939575195
vt 6.324530124664307 -50.98740005493164
vt 6.256470203399658 -51.0004997253418
vt 6.324530124664307 -51.0004997253418
vt 6.324530124664307 -50.98740005493164
vt 6.256470203399658 -50.98740005493164
vt 6.256470203399658 -51.0004997253418
vt 5.997300148010254 -50.961700439453125
vt 6.010290145874023 -50.9463996887207
vt 5.997300148010254 -50.95610046386719
vt 6.010290145874023 -50.9463996887207
vt 5.997300148010254 -50.961700439453125
vt 6.036230087280273 -50.961700439453125
vt 6.010290145874023 -50.9463996887207
vt 6.036230087280273 -50.961700439453125
vt 6.029739856719971 -50.9463996887207
vt 6.029739856719971 -50.9463996887207
vt 6.036230087280273 -50.961700439453125
vt 6.036230087280273 -50.95610046386719
vt 5.7019500732421875 -50.9463996887207
vt 5.695459842681885 -50.961700439453125
vt 5.721399784088135 -50.9463996887207
vt 5.695459842681885 -50.961700439453125
vt 5.7019500732421875 -50.9463996887207
vt 5.695459842681885 -50.95610046386719
vt 5.721399784088135 -50.9463996887207
vt 5.695459842681885 -50.961700439453125
vt 5.734379768371582 -50.961700439453125
vt 5.721399784088135 -50.9463996887207
vt 5.734379768371582 -50.961700439453125
vt 5.734379768371582 -50.95610046386719
vt 5.714079856872559 -50.942298889160156
vt 5.706850051879883 -50.942298889160156
vt 5.706850051879883 -50.94499969482422
vt 5.714079856872559 -50.942298889160156
vt 5.706850051879883 -50.94499969482422
vt 5.714079856872559 -50.94499969482422
vt 5.706850051879883 -50.924800872802734
vt 5.714079856872559 -50.929100036621094
vt 5.714079856872559 -50.924800872802734
vt 5.714079856872559 -50.929100036621094
vt 5.706850051879883 -50.924800872802734
vt 5.706850051879883 -50.929100036621094
vt 6.025929927825928 -50.96220016479492
vt 6.01839017868042 -50.94490051269531
vt 6.01839017868042 -50.96220016479492
vt 6.01839017868042 -50.94490051269531
vt 6.025929927825928 -50.96220016479492
vt 6.025929927825928 -50.94490051269531
vt 6.025929927825928 -50.942501068115234
vt 6.01839017868042 -50.94490051269531
vt 6.025929927825928 -50.94490051269531
vt 6.025929927825928 -50.942501068115234
vt 6.01839017868042 -50.942501068115234
vt 6.01839017868042 -50.94490051269531
vt 6.025929927825928 -50.9286003112793
vt 6.01839017868042 -50.942501068115234
vt 6.025929927825928 -50.942501068115234
vt 6.01839017868042 -50.9286003112793
vt 6.01839017868042 -50.942501068115234
vt 6.025929927825928 -50.9286003112793
vt 6.028570175170898 -51.055599212646484
vt 6.038539886474609 -51.0786018371582
vt 6.038539886474609 -51.055599212646484
vt 6.038539886474609 -51.0786018371582
vt 6.028570175170898 -51.055599212646484
vt 6.028570175170898 -51.0786018371582
vt 6.018589973449707 -51.055599212646484
vt 6.028570175170898 -51.0786018371582
vt 6.028570175170898 -51.055599212646484
vt 6.028570175170898 -51.0786018371582
vt 6.018589973449707 -51.055599212646484
vt 6.018589973449707 -51.0786018371582
vt 61.779598236083984 -48.971500396728516
vt 61.779598236083984 -48.95719909667969
vt 61.77470016479492 -48.96440124511719
vt 61.779598236083984 -48.971500396728516
vt 61.82870101928711 -48.95719909667969
vt 61.779598236083984 -48.95719909667969
vt 61.82870101928711 -48.971500396728516
vt 61.82870101928711 -48.95719909667969
vt 61.779598236083984 -48.971500396728516
vt 61.82870101928711 -48.95719909667969
vt 61.82870101928711 -48.971500396728516
vt 61.83359909057617 -48.96440124511719
vt 61.99689865112305 -48.98970031738281
vt 61.97600173950195 -48.98970031738281
vt 61.99689865112305 -49.010101318359375
vt 61.97600173950195 -48.98970031738281
vt 61.974300384521484 -49.010101318359375
vt 61.99689865112305 -49.010101318359375
vt 61.974300384521484 -49.010101318359375
vt 61.97600173950195 -48.98970031738281
vt 61.97090148925781 -48.999900817871094
vt 61.985801696777344 -48.95719909667969
vt 62.01789855957031 -48.96440124511719
vt 62.014198303222656 -48.95719909667969
vt 61.98210144042969 -48.96440124511719
vt 62.01789855957031 -48.96440124511719
vt 61.985801696777344 -48.95719909667969
vt 62.01789855957031 -48.96440124511719
vt 61.97840118408203 -48.971500396728516
vt 62.02159881591797 -48.971500396728516
vt 61.97840118408203 -48.971500396728516
vt 62.01789855957031 -48.96440124511719
vt 61.98210144042969 -48.96440124511719
vt 61.985801696777344 -48.95719909667969
vt 62.01789855957031 -48.96440124511719
vt 62.014198303222656 -48.95719909667969
vt 61.98210144042969 -48.96440124511719
vt 62.01789855957031 -48.96440124511719
vt 61.985801696777344 -48.95719909667969
vt 62.01789855957031 -48.96440124511719
vt 61.97840118408203 -48.971500396728516
vt 62.02159881591797 -48.971500396728516
vt 61.97840118408203 -48.971500396728516
vt 62.01789855957031 -48.96440124511719
vt 61.98210144042969 -48.96440124511719
vt 62.105899810791016 -49.014198303222656
vt 62.154998779296875 -49.014198303222656
vt 62.154998779296875 -48.985801696777344
vt 62.105899810791016 -49.014198303222656
vt 62.154998779296875 -48.985801696777344
vt 62.105899810791016 -48.985801696777344
vt 62.17129898071289 -49.014198303222656
vt 62.220401763916016 -49.014198303222656
vt 62.220401763916016 -48.985801696777344
vt 62.17129898071289 -49.014198303222656
vt 62.220401763916016 -48.985801696777344
vt 62.17129898071289 -48.985801696777344
vt 62.034698486328125 -48.99689865112305
vt 62.25749969482422 -48.99689865112305
vt 62.25749969482422 -48.97600173950195
vt 62.034698486328125 -48.99689865112305
vt 62.25749969482422 -48.97600173950195
vt 62.034698486328125 -48.97600173950195
vt 62.25749969482422 -48.970401763916016
vt 62.13209915161133 -48.970401763916016
vt 62.25749969482422 -48.99079895019531
vt 62.13209915161133 -48.99079895019531
vt 62.25749969482422 -48.99079895019531
vt 62.13209915161133 -48.970401763916016
vt 62.02360153198242 -48.970401763916016
vt 61.9640007019043 -48.99079895019531
vt 62.0359992980957 -48.99079895019531
vt 61.9640007019043 -48.99079895019531
vt 62.02360153198242 -48.970401763916016
vt 61.97639846801758 -48.970401763916016
vt 62.03329849243164 -49.02239990234375
vt 61.96670150756836 -49.02239990234375
vt 62.03329849243164 -49.04280090332031
vt 62.03329849243164 -49.04280090332031
vt 61.96670150756836 -49.02239990234375
vt 61.96670150756836 -49.04280090332031
vt 61.74250030517578 -49.02360153198242
vt 61.86790084838867 -49.02360153198242
vt 61.86790084838867 -48.97639846801758
vt 61.74250030517578 -49.02360153198242
vt 61.86790084838867 -48.97639846801758
vt 61.74250030517578 -48.97639846801758
vt 61.839698791503906 -49.03329849243164
vt 61.89690017700195 -49.03329849243164
vt 61.89690017700195 -48.96670150756836
vt 61.839698791503906 -49.03329849243164
vt 61.89690017700195 -48.96670150756836
vt 61.839698791503906 -48.96670150756836
vt 62.160301208496094 -49.02239990234375
vt 62.10309982299805 -49.02239990234375
vt 62.160301208496094 -49.04280090332031
vt 62.10309982299805 -49.04280090332031
vt 62.160301208496094 -49.04280090332031
vt 62.10309982299805 -49.02239990234375
vt 61.96670150756836 -49.04280090332031
vt 62.03329849243164 -49.04280090332031
vt 61.96670150756836 -49.02239990234375
vt 61.96670150756836 -49.02239990234375
vt 62.03329849243164 -49.04280090332031
vt 62.03329849243164 -49.02239990234375
vt 62.10309982299805 -49.03329849243164
vt 62.160301208496094 -49.03329849243164
vt 62.160301208496094 -48.96670150756836
vt 62.10309982299805 -49.03329849243164
vt 62.160301208496094 -48.96670150756836
vt 62.10309982299805 -48.96670150756836
vt 62.13209915161133 -49.0359992980957
vt 62.25749969482422 -49.0359992980957
vt 62.25749969482422 -48.9640007019043
vt 62.13209915161133 -49.0359992980957
vt 62.25749969482422 -48.9640007019043
vt 62.13209915161133 -48.9640007019043
vt 61.839698791503906 -49.02239990234375
vt 61.89690017700195 -49.04280090332031
vt 61.89690017700195 -49.02239990234375
vt 61.89690017700195 -49.04280090332031
vt 61.839698791503906 -49.02239990234375
vt 61.839698791503906 -49.04280090332031
vt 61.74250030517578 -48.970401763916016
vt 61.86790084838867 -48.99079895019531
vt 61.86790084838867 -48.970401763916016
vt 61.86790084838867 -48.99079895019531
vt 61.74250030517578 -48.970401763916016
vt 61.74250030517578 -48.99079895019531
vt 61.845001220703125 -48.971500396728516
vt 61.894100189208984 -48.95719909667969
vt 61.845001220703125 -48.95719909667969
vt 61.845001220703125 -48.971500396728516
vt 61.845001220703125 -48.95719909667969
vt 61.8400993347168 -48.96440124511719
vt 61.894100189208984 -48.971500396728516
vt 61.894100189208984 -48.95719909667969
vt 61.845001220703125 -48.971500396728516
vt 61.894100189208984 -48.95719909667969
vt 61.894100189208984 -48.971500396728516
vt 61.89899826049805 -48.96440124511719
vt 62.00310134887695 -49.010101318359375
vt 62.02399826049805 -48.98970031738281
vt 62.00310134887695 -48.98970031738281
vt 62.02399826049805 -48.98970031738281
vt 62.00310134887695 -49.010101318359375
vt 62.025699615478516 -49.010101318359375
vt 62.02399826049805 -48.98970031738281
vt 62.025699615478516 -49.010101318359375
vt 62.02909851074219 -48.999900817871094
vt 61.98210144042969 -48.96440124511719
vt 62.014198303222656 -48.95719909667969
vt 61.985801696777344 -48.95719909667969
vt 62.014198303222656 -48.95719909667969
vt 61.98210144042969 -48.96440124511719
vt 62.01789855957031 -48.96440124511719
vt 61.97840118408203 -48.971500396728516
vt 62.02159881591797 -48.971500396728516
vt 61.98210144042969 -48.96440124511719
vt 61.98210144042969 -48.96440124511719
vt 62.02159881591797 -48.971500396728516
vt 62.01789855957031 -48.96440124511719
vt 61.98210144042969 -48.96440124511719
vt 62.014198303222656 -48.95719909667969
vt 61.985801696777344 -48.95719909667969
vt 62.014198303222656 -48.95719909667969
vt 61.98210144042969 -48.96440124511719
vt 62.01789855957031 -48.96440124511719
vt 61.97840118408203 -48.971500396728516
vt 62.02159881591797 -48.971500396728516
vt 61.98210144042969 -48.96440124511719
vt 61.98210144042969 -48.96440124511719
vt 62.02159881591797 -48.971500396728516
vt 62.01789855957031 -48.96440124511719
vt 61.9640007019043 -48.99079895019531
vt 62.02360153198242 -48.970401763916016
vt 61.97639846801758 -48.970401763916016
vt 62.02360153198242 -48.970401763916016
vt 61.9640007019043 -48.99079895019531
vt 62.0359992980957 -48.99079895019531
vt 61.74250030517578 -48.99689865112305
vt 61.965301513671875 -48.99689865112305
vt 61.965301513671875 -48.974300384521484
vt 61.74250030517578 -48.99689865112305
vt 61.965301513671875 -48.974300384521484
vt 61.74250030517578 -48.974300384521484
vt 61.845001220703125 -49.02159881591797
vt 61.894100189208984 -49.02159881591797
vt 61.894100189208984 -48.97840118408203
vt 61.845001220703125 -49.02159881591797
vt 61.894100189208984 -48.97840118408203
vt 61.845001220703125 -48.97840118408203
vt 61.779598236083984 -49.02159881591797
vt 61.82870101928711 -49.02159881591797
vt 61.82870101928711 -48.97840118408203
vt 61.779598236083984 -49.02159881591797
vt 61.82870101928711 -48.97840118408203
vt 61.779598236083984 -48.97840118408203
vt 62.154998779296875 -48.95719909667969
vt 62.154998779296875 -48.971500396728516
vt 62.1599006652832 -48.96440124511719
vt 62.154998779296875 -48.971500396728516
vt 62.154998779296875 -48.95719909667969
vt 62.105899810791016 -48.971500396728516
vt 62.154998779296875 -48.95719909667969
vt 62.105899810791016 -48.95719909667969
vt 62.105899810791016 -48.971500396728516
vt 62.105899810791016 -48.971500396728516
vt 62.105899810791016 -48.95719909667969
vt 62.10100173950195 -48.96440124511719
vt 62.220401763916016 -48.95719909667969
vt 62.220401763916016 -48.971500396728516
vt 62.22529983520508 -48.96440124511719
vt 62.220401763916016 -48.971500396728516
vt 62.220401763916016 -48.95719909667969
vt 62.17129898071289 -48.971500396728516
vt 62.220401763916016 -48.95719909667969
vt 62.17129898071289 -48.95719909667969
vt 62.17129898071289 -48.971500396728516
vt 62.17129898071289 -48.971500396728516
vt 62.17129898071289 -48.95719909667969
vt 62.16640090942383 -48.96440124511719
vt 36.291900634765625 -2.968640089035034
vt 36.10100173950195 -2.968640089035034
vt 36.291900634765625 -3.031359910964966
vt 36.10100173950195 -3.031359910964966
vt 36.291900634765625 -3.031359910964966
vt 36.10100173950195 -2.968640089035034
vt 35.96860122680664 -2.9300200939178467
vt 36.03139877319336 -2.9300200939178467
vt 35.98429870605469 -2.872770071029663
vt 36.03139877319336 -2.9300200939178467
vt 36.01570129394531 -2.872770071029663
vt 35.98429870605469 -2.872770071029663
vt 36.01570129394531 -2.872770071029663
vt 36.03139877319336 -2.9300200939178467
vt 36.03919982910156 -2.9117400646209717
vt 35.96860122680664 -2.9300200939178467
vt 35.98429870605469 -2.872770071029663
vt 35.96080017089844 -2.9117400646209717
vt 35.708099365234375 -2.968640089035034
vt 35.708099365234375 -3.031359910964966
vt 35.73139953613281 -3.031359910964966
vt 35.73139953613281 -3.031359910964966
vt 35.73139953613281 -2.968640089035034
vt 35.708099365234375 -2.968640089035034
vn 0 -0.20660515010231137 -0.9784244027778545
vn 0 -0.20660515010231137 -0.9784244027778545
vn 0 -0.20660515010231137 -0.9784244027778545
vn 0 -0.20660515010231137 -0.9784244027778545
vn 0 -0.20660515010231137 -0.9784244027778545
vn 0 -0.20660515010231137 -0.9784244027778545
vn 0 0.9739664526694631 -0.22669219014880598
vn 0 0.9739664526694631 -0.22669219014880598
vn 0 0.9739664526694631 -0.22669219014880598
vn 0 0.9739664526694631 -0.22669219014880598
vn 0 0.9739664526694631 -0.22669219014880598
vn 0 0.9739664526694631 -0.22669219014880598
vn 0 0.9739664526694631 -0.22669219014880598
vn 0 0.9739664526694631 -0.22669219014880598
vn 0 0.9739664526694631 -0.22669219014880598
vn 0 0.9739664526694631 -0.22669219014880598
vn 0 0.9739664526694631 -0.22669219014880598
vn 0 0.9739664526694631 -0.22669219014880598
vn 0 0.9739664526694631 -0.22669219014880598
vn 0 0.9739664526694631 -0.22669219014880598
vn 0 0.9739664526694631 -0.22669219014880598
vn 0 0.9739664526694631 -0.22669219014880598
vn 0 0.9739664526694631 -0.22669219014880598
vn 0 0.9739664526694631 -0.22669219014880598
vn 0 0.9739664526694631 -0.22669219014880598
vn 0 0.9739664526694631 -0.22669219014880598
vn 0 0.9739664526694631 -0.22669219014880598
vn 0 0.9739664526694631 -0.22669219014880598
vn 0 0.9739664526694631 -0.22669219014880598
vn 0 0.9739664526694631 -0.22669219014880598
vn 0 -0.9739664526694631 0.22669219014880598
vn 0 -0.9739664526694631 0.22669219014880598
vn 0 -0.9739664526694631 0.22669219014880598
vn 0 -0.9739664526694631 0.22669219014880598
vn 0 -0.9739664526694631 0.22669219014880598
vn 0 -0.9739664526694631 0.22669219014880598
vn 0 -0.9739664526694631 0.22669219014880598
vn 0 -0.9739664526694631 0.22669219014880598
vn 0 -0.9739664526694631 0.22669219014880598
vn 0 -0.9739664526694631 0.22669219014880598
vn 0 -0.9739664526694631 0.22669219014880598
vn 0 -0.9739664526694631 0.22669219014880598
vn 0 -0.9739664526694631 0.22669219014880598
vn 0 -0.9739664526694631 0.22669219014880598
vn 0 -0.9739664526694631 0.22669219014880598
vn 0 -0.9739664526694631 0.22669219014880598
vn 0 -0.9739664526694631 0.22669219014880598
vn 0 -0.9739664526694631 0.22669219014880598
vn 0 -0.9739664526694631 0.22669219014880598
vn 0 -0.9739664526694631 0.22669219014880598
vn 0 -0.9739664526694631 0.22669219014880598
vn 0 -0.9739664526694631 0.22669219014880598
vn 0 -0.9739664526694631 0.22669219014880598
vn 0 -0.9739664526694631 0.22669219014880598
vn 1 0 0
vn 1 0 0
vn 0.8916259490120942 0.09350272309059 0.44301287545953644
vn 0.8916259490120942 0.09350272309059 0.44301287545953644
vn 0.8916859387244548 0.09349852573109141 0.44289300329447545
vn 1 0 0
vn 0.8916859387244548 0.09349852573109141 0.44289300329447545
vn 0.8916259490120942 0.09350272309059 0.44301287545953644
vn 0.32011502767309824 0.19570918641484647 0.9269435168394515
vn 0.32011502767309824 0.19570918641484647 0.9269435168394515
vn 0.320085368712135 0.19569105377308257 0.9269575870608089
vn 0.8916859387244548 0.09349852573109141 0.44289300329447545
vn 0.32011502767309824 0.19570918641484647 0.9269435168394515
vn 0.320085368712135 0.19569105377308257 0.9269575870608089
vn 0.320085368712135 0.19569105377308257 0.9269575870608089
vn 0.320085368712135 0.19569105377308257 0.9269575870608089
vn 0.32011502767309824 0.19570918641484647 0.9269435168394515
vn 0.32011502767309824 0.19570918641484647 0.9269435168394515
vn 0.8916259490120942 0.09350272309059 0.44301287545953644
vn 0.320085368712135 0.19569105377308257 0.9269575870608089
vn 0.32011502767309824 0.19570918641484647 0.9269435168394515
vn 0.32011502767309824 0.19570918641484647 0.9269435168394515
vn 0.8916859387244548 0.09349852573109141 0.44289300329447545
vn 0.8916259490120942 0.09350272309059 0.44301287545953644
vn 0.8916859387244548 0.09349852573109141 0.44289300329447545
vn 0.8916259490120942 0.09350272309059 0.44301287545953644
vn 0.8916859387244548 0.09349852573109141 0.44289300329447545
vn 0.8916859387244548 0.09349852573109141 0.44289300329447545
vn 0.8916259490120942 0.09350272309059 0.44301287545953644
vn 0.8916859387244548 0.09349852573109141 0.44289300329447545
vn 0.8916859387244548 0.09349852573109141 0.44289300329447545
vn 0.8916259490120942 0.09350272309059 0.44301287545953644
vn 0.320085368712135 0.19569105377308257 0.9269575870608089
vn 0.320085368712135 0.19569105377308257 0.9269575870608089
vn 0.32011502767309824 0.19570918641484647 0.9269435168394515
vn 0.8916859387244548 0.09349852573109141 0.44289300329447545
vn 0.32011502767309824 0.19570918641484647 0.9269435168394515
vn 0.320085368712135 0.19569105377308257 0.9269575870608089
vn -0.32011502767309824 0.19570918641484647 0.9269435168394515
vn -0.32011502767309824 0.19570918641484647 0.9269435168394515
vn 0.320085368712135 0.19569105377308257 0.9269575870608089
vn -0.320085368712135 0.19569105377308257 0.9269575870608089
vn -0.8916859387244548 0.09349852573109141 0.44289300329447545
vn -0.32011502767309824 0.19570918641484647 0.9269435168394515
vn -0.320085368712135 0.19569105377308257 0.9269575870608089
vn -0.8916859387244548 0.09349852573109141 0.44289300329447545
vn -0.320085368712135 0.19569105377308257 0.9269575870608089
vn -0.8916859387244548 0.09349852573109141 0.44289300329447545
vn -1 0 0
vn -0.8916859387244548 0.09349852573109141 0.44289300329447545
vn -0.8916859387244548 0.09349852573109141 0.44289300329447545
vn -0.8916859387244548 0.09349852573109141 0.44289300329447545
vn -1 0 0
vn -1 0 0
vn 0 0 1
vn 0 0 1
vn 0 0 1
vn 0 0 1
vn 0 0 1
vn 0 0 1
vn 0 0 -1
vn 0 0 -1
vn 0 0 -1
vn 0 0 -1
vn 0 0 -1
vn 0 0 -1
vn 0 0.42301139304507324 0.9061243630727885
vn 0 0.42301139304507324 0.9061243630727885
vn 0 0.07470044782286415 0.9972060183808878
vn 0 0.07470044782286415 0.9972060183808878
vn 0 0.07470044782286415 0.9972060183808878
vn 0 0.42301139304507324 0.9061243630727885
vn 0 0.07470044782286415 0.9972060183808878
vn 0 0.07470044782286415 0.9972060183808878
vn 0 -0.3001022224344795 0.953907047929664
vn 0 -0.3001022224344795 0.953907047929664
vn 0 -0.3001022224344795 0.953907047929664
vn 0 0.07470044782286415 0.9972060183808878
vn 0 0.34669222214165335 -0.9379789459825216
vn 0 0.3937141109211847 -0.9192329404789306
vn 0 0.34770189809568797 -0.9376051354705006
vn 0 0.3937141109211847 -0.9192329404789306
vn 0 0.34669222214165335 -0.9379789459825216
vn 0 0.34669222214165335 -0.9379789459825216
vn 0 0.3937141109211847 -0.9192329404789306
vn 0 0.34580268127333197 -0.9383072554468362
vn 0 0.34770189809568797 -0.9376051354705006
vn 0 0.34580268127333197 -0.9383072554468362
vn 0 0.3937141109211847 -0.9192329404789306
vn 0 0.45638973197765415 -0.8897799798519661
vn 0 0.45638973197765415 -0.8897799798519661
vn 0 0.3937141109211847 -0.9192329404789306
vn 0 0.0700032816108084 -0.9975467610912873
vn 0 0.07040132265828192 -0.9975187485796768
vn 0 0.0700032816108084 -0.9975467610912873
vn 0 0.3937141109211847 -0.9192329404789306
vn 0 0.0700032816108084 -0.9975467610912873
vn 0 0.07040132265828192 -0.9975187485796768
vn 0 -0.36299632861175846 -0.931790569502817
vn 0 -0.36299632861175846 -0.931790569502817
vn 0 -0.36299632861175846 -0.931790569502817
vn 0 0.07040132265828192 -0.9975187485796768
vn 1 0 0
vn 1 0 0
vn 1 0 0
vn 1 0 0
vn 1 0 0
vn 1 0 0
vn 1 0 0
vn 1 0 0
vn 1 0 0
vn 1 0 0
vn 1 0 0
vn 1 0 0
vn 1 0 0
vn 1 0 0
vn 1 0 0
vn 1 0 0
vn 1 0 0
vn 1 0 0
vn 1 0 0
vn 1 0 0
vn 1 0 0
vn 1 0 0
vn 1 0 0
vn 1 0 0
vn 1 0 0
vn 1 0 0
vn 1 0 0
vn 1 0 0
vn 1 0 0
vn 1 0 0
vn 1 0 0
vn 1 0 0
vn 1 0 0
vn 1 0 0
vn 1 0 0
vn 1 0 0
vn 1 0 0
vn 1 0 0
vn 1 0 0
vn 1 0 0
vn 1 0 0
vn 1 0 0
vn 1 0 0
vn 1 0 0
vn 1 0 0
vn 1 0 0
vn 1 0 0
vn 1 0 0
vn 1 0 0
vn 1 0 0
vn 1 0 0
vn 1 0 0
vn 1 0 0
vn 1 0 0
vn 1 0 0
vn 1 0 0
vn 1 0 0
vn 1 0 0
vn 1 0 0
vn 1 0 0
vn 1 0 0
vn 1 0 0
vn 1 0 0
vn 1 0 0
vn 1 0 0
vn 1 0 0
vn 1 0 0
vn 1 0 0
vn 1 0 0
vn 0.7570995082164668 -0.653299574971838 0
vn 1 0 0
vn 1 0 0
vn 1 0 0
vn 0.7570995082164668 -0.653299574971838 0
vn 0.7570995082164668 -0.653299574971838 0
vn 1 0 0
vn 1 0 0
vn 1 0 0
vn 0.9459178922544904 0.3244061360591418 0
vn 0.42718343595632186 0.9041649805453377 0
vn 0.42689956111549504 0.9042990460679462 0
vn 0.42718343595632186 0.9041649805453377 0
vn 0.9459178922544904 0.3244061360591418 0
vn 0.9460922279147387 0.32389735454203095 0
vn 0.9459178922544904 0.3244061360591418 0
vn 1 0 0
vn 0.9460922279147387 0.32389735454203095 0
vn 1 0 0
vn 0.9459178922544904 0.3244061360591418 0
vn 1 0 0
vn 0.9459178922544904 0.3244061360591418 0
vn 0.42718343595632186 0.9041649805453377 0
vn 0.42689956111549504 0.9042990460679462 0
vn 0.42718343595632186 0.9041649805453377 0
vn 0.9459178922544904 0.3244061360591418 0
vn 0.9460922279147387 0.32389735454203095 0
vn 0.9459178922544904 0.3244061360591418 0
vn 1 0 0
vn 0.9460922279147387 0.32389735454203095 0
vn 1 0 0
vn 0.9459178922544904 0.3244061360591418 0
vn 1 0 0
vn 0.8008990910049121 0.5987993370299483 0
vn 0.4661914803446459 0.8846838438979586 0
vn 0.4661914803446459 0.8846838438979586 0
vn 0.4661914803446459 0.8846838438979586 0
vn 0.8008990910049121 0.5987993370299483 0
vn 0.8009829091257753 0.5986872132327612 0
vn 1 0 0
vn 1 0 0
vn 1 0 0
vn 1 0 0
vn 1 0 0
vn 1 0 0
vn 1 0 0
vn 1 0 0
vn 1 0 0
vn 1 0 0
vn 1 0 0
vn 1 0 0
vn 1 0 0
vn 0.6623192321918198 0 0.7492217526666177
vn 0.6623192321918198 0 0.7492217526666177
vn 0.6623192321918198 0 0.7492217526666177
vn 1 0 0
vn 1 0 0
vn 0.6623192321918198 0 -0.7492217526666177
vn 1 0 0
vn 1 0 0
vn 1 0 0
vn 0.6623192321918198 0 -0.7492217526666177
vn 0.6623192321918198 0 -0.7492217526666177
vn 0.9858563409236676 0.16759258653233275 0
vn 0.9859580984177074 0.16699289854523203 0
vn 0.985803920018478 0.16790065895106535 0
vn 0.9859580984177074 0.16699289854523203 0
vn 0.9858563409236676 0.16759258653233275 0
vn 0.9859580984177074 0.16699289854523203 0
vn 1 0 0
vn 1 0 0
vn 1 0 0
vn 1 0 0
vn 1 0 0
vn 1 0 0
vn 1 0 0
vn 1 0 0
vn 1 0 0
vn 1 0 0
vn 1 0 0
vn 1 0 0
vn 1 0 0
vn 1 0 0
vn 1 0 0
vn 1 0 0
vn 1 0 0
vn 1 0 0
vn 1 0 0
vn 1 0 0
vn 1 0 0
vn 1 0 0
vn 1 0 0
vn 1 0 0
vn 1 0 0
vn 1 0 0
vn 1 0 0
vn 1 0 0
vn 1 0 0
vn 1 0 0
vn 1 0 0
vn 1 0 0
vn 1 0 0
vn 1 0 0
vn 1 0 0
vn 1 0 0
vn 1 0 0
vn 1 0 0
vn 1 0 0
vn 1 0 0
vn 1 0 0
vn 1 0 0
vn 1 0 0
vn 1 0 0
vn 1 0 0
vn 1 0 0
vn 1 0 0
vn 1 0 0
vn 1 0 0
vn 1 0 0
vn 1 0 0
vn 1 0 0
vn 1 0 0
vn 1 0 0
vn 1 0 0
vn 1 0 0
vn 1 0 0
vn 1 0 0
vn 1 0 0
vn 1 0 0
vn 1 0 0
vn 1 0 0
vn 1 0 0
vn 1 0 0
vn 1 0 0
vn 1 0 0
vn 0 0.7071067811865476 -0.7071067811865476
vn -0.5812105316604489 0.5753103994178291 -0.5755104362291583
vn 0 1 0
vn -0.5812949407212246 0.8136929100665735 0.00019999824731421328
vn 0 1 0
vn -0.5812105316604489 0.5753103994178291 -0.5755104362291583
vn 0 1 0
vn -0.5812949407212246 0.8136929100665735 0.00019999824731421328
vn 0 0.7074067403652734 0.7068066947092244
vn -0.5813101580189913 0.5751100343465888 0.5756100664319558
vn 0 0.7074067403652734 0.7068066947092244
vn -0.5812949407212246 0.8136929100665735 0.00019999824731421328
vn 0 1 0
vn 0 1 0
vn 0 1 0
vn 0 1 0
vn 0 1 0
vn 0 1 0
vn 0 1 0
vn 0 1 0
vn 0 1 0
vn 0 1 0
vn 0 1 0
vn 0 1 0
vn 0 1 0
vn 0 1 0
vn 0 1 0
vn 0 1 0
vn 0 1 0
vn 0 1 0
vn 0 1 0
vn 0 1 0
vn 0 1 0
vn 0 1 0
vn 0 1 0
vn 0 1 0
vn 0 0.7068066947092244 -0.7074067403652734
vn 0 0.7068066947092244 -0.7074067403652734
vn 0 0.7068066947092244 -0.7074067403652734
vn 0 0.7068066947092244 -0.7074067403652734
vn 0 0.7068066947092244 -0.7074067403652734
vn 0 0.7068066947092244 -0.7074067403652734
vn 0 0.9999998750000115 -0.0004999999612487284
vn 0 0.7072067618661506 -0.7070067863682735
vn 0 0.7066066061811734 -0.7076066026409901
vn 0 0.7072067618661506 -0.7070067863682735
vn 0 0.9999998750000115 -0.0004999999612487284
vn 0 1 0
vn 0 1 0
vn 0 0.9999998750000115 -0.0004999999612487284
vn 0 0.7074067403652734 0.7068066947092244
vn 0 0.7074067403652734 0.7068066947092244
vn 0 0.7074067403652734 0.7068066947092244
vn 0 0.9999998750000115 -0.0004999999612487284
vn 0 0.7067066873219792 0.7075066487987193
vn 0 0.7078064380447192 0.7064064313569401
vn 0 0.7071067811865476 0.7071067811865476
vn 0 0.7067066873219792 0.7075066487987193
vn 0 0.7071067811865476 0.7071067811865476
vn 0 0.7060059125889626 0.7082059385443094
vn 0 0.922878580854139 -0.38509106066052795
vn 0 0.922534573425002 -0.38591444756001264
vn 0 0.9226710957593226 -0.3855879264840784
vn 0 0.922534573425002 -0.38591444756001264
vn 0 0.9223266246990287 -0.386411176561053
vn 0 0.9226710957593226 -0.3855879264840784
vn 0 0.9225850485451798 0.3857937638180386
vn 0 0.9222404029902558 0.3866169151658665
vn 0 0.9224128174468498 0.3862053782765908
vn 0 0.9222404029902558 0.3866169151658665
vn 0 0.9220827556884551 0.3869927540174168
vn 0 0.9224128174468498 0.3862053782765908
vn 0 1 0
vn 0 1 0
vn 0 1 0
vn 0 1 0
vn 0 1 0
vn 0 1 0
vn 0 1 0
vn 0 1 0
vn 0 1 0
vn 0 1 0
vn 0 1 0
vn 0 1 0
vn -0.8702665620193926 0.4925810705162621 0
vn -0.2824911422826276 0.959269907029224 0
vn -0.8702665620193926 0.4925810705162621 0
vn -0.28261023901743865 0.9592348267251906 0
vn -0.8702665620193926 0.4925810705162621 0
vn -0.2824911422826276 0.959269907029224 0
vn -0.2824911422826276 0.959269907029224 0
vn 0.4277897116954367 0.9038782896870216 0
vn -0.28261023901743865 0.9592348267251906 0
vn 0.4277897116954367 0.9038782896870216 0
vn -0.2824911422826276 0.959269907029224 0
vn 0.4277897116954367 0.9038782896870216 0
vn -0.8702665620193926 0.4925810705162621 0
vn -0.2824911422826276 0.959269907029224 0
vn -0.8702665620193926 0.4925810705162621 0
vn -0.28261023901743865 0.9592348267251906 0
vn -0.8702665620193926 0.4925810705162621 0
vn -0.2824911422826276 0.959269907029224 0
vn -0.2824911422826276 0.959269907029224 0
vn 0.4277897116954367 0.9038782896870216 0
vn -0.28261023901743865 0.9592348267251906 0
vn 0.4277897116954367 0.9038782896870216 0
vn -0.2824911422826276 0.959269907029224 0
vn 0.4277897116954367 0.9038782896870216 0
vn 0.00020000190585603214 0.7072067477217457 -0.7070067722278682
vn 0 1 0
vn 0 0.7074067403652734 -0.7068066947092244
vn 0 1 0
vn 0.00020000190585603214 0.7072067477217457 -0.7070067722278682
vn 0 1 0
vn 0 1 0
vn 0 0.7069067476062944 0.707306758195262
vn 0 1 0
vn 0 0.7069067476062944 0.707306758195262
vn 0 1 0
vn 0 0.7074067403652734 0.7068066947092244
vn 0 0.9999999950000003 0.00009999999697378756
vn 0 0.707306758195262 0.7069067476062944
vn 0 0.7071067811865476 0.7071067811865476
vn 0 0.707306758195262 0.7069067476062944
vn 0 0.9999999950000003 0.00009999999697378756
vn 0 0.9999999950000003 0.00009999999697378756
vn 0 0.707306758195262 -0.7069067476062944
vn 0 0.9999999950000003 0.00009999999697378756
vn 0 0.9999999950000003 0.00009999999697378756
vn 0 0.9999999950000003 0.00009999999697378756
vn 0 0.707306758195262 -0.7069067476062944
vn 0 0.707306758195262 -0.7069067476062944
vn 0.5499140005900709 0.8352212832268008 0
vn 0.5499140005900709 0.8352212832268008 0
vn 0.5499140005900709 0.8352212832268008 0
vn 0.5499140005900709 0.8352212832268008 0
vn 0.5499140005900709 0.8352212832268008 0
vn 0.5499140005900709 0.8352212832268008 0
vn 0.5499140005900709 0.8352212832268008 0
vn 0.5499140005900709 0.8352212832268008 0
vn 0.5499140005900709 0.8352212832268008 0
vn 0.5499140005900709 0.8352212832268008 0
vn 0.5499140005900709 0.8352212832268008 0
vn 0.5499140005900709 0.8352212832268008 0
vn -0.2173010242464766 0.976104638274725 0
vn -0.8866775440910487 0.46238829224437167 0
vn -0.8867809027962916 0.462190037144673 0
vn -0.2173010242464766 0.976104638274725 0
vn -0.8867809027962916 0.462190037144673 0
vn -0.21711045164766424 0.9761470441410696 0
vn 0 1 0
vn -0.2173010242464766 0.976104638274725 0
vn -0.21711045164766424 0.9761470441410696 0
vn -0.2173010242464766 0.976104638274725 0
vn 0 1 0
vn 0 1 0
vn 0 1 0
vn 0.4661914803446459 0.8846838438979586 0
vn 0 1 0
vn 0.4661914803446459 0.8846838438979586 0
vn 0 1 0
vn 0.4661914803446459 0.8846838438979586 0
vn 0 1 0
vn 0 1 0
vn 0 1 0
vn 0 1 0
vn 0 1 0
vn 0 1 0
vn 0 1 0
vn 0 1 0
vn 0 1 0
vn 0 1 0
vn 0 1 0
vn 0 1 0
vn -0.581210485167282 0.5757103673815709 0.5751103762070278
vn 0 -0.0006999998035406364 0.9999997550001075
vn 0 0.7063063377530168 0.7079063195437101
vn 0 -0.0006999998035406364 0.9999997550001075
vn -0.581210485167282 0.5757103673815709 0.5751103762070278
vn -0.5812948796863245 0.000499995602166379 0.813692824630314
vn -0.5812948796863245 0.000499995602166379 0.813692824630314
vn 0 -0.7071067811865476 0.7071067811865476
vn 0 -0.0006999998035406364 0.9999997550001075
vn 0 -0.7071067811865476 0.7071067811865476
vn -0.5812948796863245 0.000499995602166379 0.813692824630314
vn -0.5814759523710482 -0.5748762029251924 0.5756761833917532
vn 0 0.7072067618661506 0.7070067863682735
vn 0 0.003499978670728389 0.9999938750558949
vn 0 0.7060059125889626 0.7082059385443094
vn 0 0.003499978670728389 0.9999938750558949
vn 0 0.7072067618661506 0.7070067863682735
vn 0 -0.004299960393078603 0.9999907551275752
vn 0 -0.004299960393078603 0.9999907551275752
vn 0.00009999823491357464 -0.38049328225274487 0.9247836785761772
vn 0 0.003499978670728389 0.9999938750558949
vn 0.00009999823491357464 -0.38049328225274487 0.9247836785761772
vn 0 -0.004299960393078603 0.9999907551275752
vn 0 -0.3972116849757753 0.9177270167749805
vn 0 0 1
vn 0 0 1
vn 0 0 1
vn 0 0 1
vn 0 0 1
vn 0 0 1
vn 0 0.07089882851207352 0.9974835117011286
vn 0.00010000003495236143 -0.3622001276888472 0.9321003473350795
vn 0 0.06999629766506266 0.9975472511681759
vn 0 0.48828970901479835 0.87268159145833
vn 0 0.07089882851207352 0.9974835117011286
vn 0 0.06999629766506266 0.9975472511681759
vn 0.00010000003495236143 -0.3622001276888472 0.9321003473350795
vn 0 0.07089882851207352 0.9974835117011286
vn 0.00040000217091540644 -0.36270196314423875 0.9319051056462663
vn 0 0.07089882851207352 0.9974835117011286
vn 0 0.48828970901479835 0.87268159145833
vn 0.00010000135784561233 0.4571062222175706 0.8894121044879644
vn 0 0.48797599001043673 0.8728570519697564
vn 0.00010000135784561233 0.4571062222175706 0.8894121044879644
vn 0 0.48828970901479835 0.87268159145833
vn 0.00010000135784561233 0.4571062222175706 0.8894121044879644
vn 0 0.48797599001043673 0.8728570519697564
vn -0.00010000353501287874 0.39301390920493606 0.9195325209968092
vn 0.00010000135784561233 0.4571062222175706 0.8894121044879644
vn -0.00010000353501287874 0.39301390920493606 0.9195325209968092
vn 0 0.3472850415685337 0.9377596173341768
vn 0 0.3461872382871425 0.9381654417250302
vn 0 0.3472850415685337 0.9377596173341768
vn -0.00010000353501287874 0.39301390920493606 0.9195325209968092
vn -0.00010000353501287874 0.39301390920493606 0.9195325209968092
vn 0 0.3472850415685337 0.9377596173341768
vn 0 0.3461872382871425 0.9381654417250302
vn 0 0.3472850415685337 0.9377596173341768
vn -0.00010000353501287874 0.39301390920493606 0.9195325209968092
vn 0 0.3474055669235919 0.9377149737902759
vn -0.00010000046621804021 0.07060033393753894 0.9975046781082357
vn -0.00010000353501287874 0.39301390920493606 0.9195325209968092
vn 0 0.48797599001043673 0.8728570519697564
vn -0.00010000046621804021 0.07060033393753894 0.9975046781082357
vn 0 -0.36349804306107375 0.9315949617139251
vn -0.00029999077662168664 -0.3627888307276339 0.931871329264298
vn 0 -0.36349804306107375 0.9315949617139251
vn -0.00010000046621804021 0.07060033393753894 0.9975046781082357
vn 0 0.0700032816108084 0.9975467610912873
vn -0.00010000046621804021 0.07060033393753894 0.9975046781082357
vn 0 0.48797599001043673 0.8728570519697564
vn 0 0.0700032816108084 0.9975467610912873
vn 0.00040000217091540644 -0.36270196314423875 0.9319051056462663
vn 0 -0.36349804306107375 0.9315949617139251
vn 0.00010000003495236143 -0.3622001276888472 0.9321003473350795
vn 0 -0.36349804306107375 0.9315949617139251
vn 0.00040000217091540644 -0.36270196314423875 0.9319051056462663
vn -0.00029999077662168664 -0.3627888307276339 0.931871329264298
vn 0 0.3859995669466587 0.9224989616888423
vn 0 0.3859995669466587 0.9224989616888423
vn 0 0.3859995669466587 0.9224989616888423
vn 0 0.3859995669466587 0.9224989616888423
vn 0 0.3859995669466587 0.9224989616888423
vn 0 0.38591444756001264 0.922534573425002
vn 0 0 1
vn 0 0 1
vn 0 0 1
vn 0 0 1
vn 0 0 1
vn 0 0 1
vn 0 0 1
vn 0 0 1
vn 0 0 1
vn 0 0 1
vn 0 0 1
vn 0 0 1
vn 0 0 1
vn 0 -0.0006999998035406364 0.9999997550001075
vn 0 0 1
vn 0 0 1
vn 0 0 1
vn 0 0 1
vn 0 -0.0006999998035406364 0.9999997550001075
vn 0 0 1
vn 0 0 1
vn 0 0 1
vn 0 0 1
vn 0 0 1
vn 0 0 1
vn 0 0 1
vn 0 0 1
vn 0 0 1
vn 0 0 1
vn 0 0 1
vn 0 0 1
vn 0 0 1
vn 0 0 1
vn 0 0 1
vn 0 0 1
vn 0 0 1
vn 0 0.14770469883238496 0.9890315070526492
vn 0 0.14980242365263682 0.9887159520649982
vn 0 0.14949434163916991 0.9887625811173637
vn 0 0.14949434163916991 0.9887625811173637
vn 0 0.14700530913108292 0.989135703069743
vn 0 0.14770469883238496 0.9890315070526492
vn 0 0.7065065109233095 0.7077065423061819
vn 0 0.7072067618661506 0.7070067863682735
vn 0 0 1
vn 0 0 1
vn 0 0 1
vn 0 0.7072067618661506 0.7070067863682735
vn 0 0 1
vn 0 0 1
vn -0.00020000190585603214 -0.7072067477217457 0.7070067722278682
vn 0 -0.7065065109233095 0.7077065423061819
vn -0.00020000190585603214 -0.7072067477217457 0.7070067722278682
vn 0 0 1
vn 0 -0.7064064313569401 0.7078064380447192
vn 0 -0.7076066026409901 0.7066066061811734
vn 0 -0.0006999998035406364 0.9999997550001075
vn 0 -0.7064064313569401 0.7078064380447192
vn 0 -0.0006999998035406364 0.9999997550001075
vn 0 0.0006999998035406364 0.9999997550001075
vn 0 0.0006999998035406364 0.9999997550001075
vn 0 -0.0006999998035406364 0.9999997550001075
vn 0 0.7063063377530168 0.7079063195437101
vn 0 0.0006999998035406364 0.9999997550001075
vn 0 0.7063063377530168 0.7079063195437101
vn 0 0.7076066026409901 0.7066066061811734
vn 0 0 1
vn 0 0 1
vn 0 0 1
vn 0 0 1
vn 0 0 1
vn 0 0 1
vn 0 -0.0006999998035406364 0.9999997550001075
vn 0 0 1
vn 0 0 1
vn 0 0 1
vn 0 -0.0006999998035406364 0.9999997550001075
vn 0 0 1
vn 0 0 1
vn 0 0 1
vn 0 0 1
vn 0 0 1
vn 0 0 1
vn 0 0 1
vn 0 0 1
vn 0 0 1
vn 0 0 1
vn 0 0 1
vn 0 0 1
vn 0 0 1
vn 0 -0.49530944982148645 0.8687166102461357
vn 0 -0.4955034105693959 0.8686059924465733
vn 0 -0.49530944982148645 0.8687166102461357
vn 0 -0.49530944982148645 0.8687166102461357
vn 0 -0.49530944982148645 0.8687166102461357
vn 0 -0.49530944982148645 0.8687166102461357
vn 0 -0.2442059047562666 0.9697234018431099
vn 0 -0.7072067618661506 0.7070067863682735
vn 0 -0.7072067618661506 0.7070067863682735
vn 0 -0.7072067618661506 0.7070067863682735
vn 0 -0.24429992751010635 0.9696997192010303
vn 0 -0.2442059047562666 0.9697234018431099
vn 0 -0.2442059047562666 0.9697234018431099
vn 0 -0.24429992751010635 0.9696997192010303
vn 0 -0.24429992751010635 0.9696997192010303
vn 0 -0.2442059047562666 0.9697234018431099
vn 0 -0.24429992751010635 0.9696997192010303
vn 0 -0.24429992751010635 0.9696997192010303
vn 0 -0.24429992751010635 0.9696997192010303
vn 0 0 1
vn 0 -0.24429992751010635 0.9696997192010303
vn 0 -0.24429992751010635 0.9696997192010303
vn 0 0 1
vn 0 0 1
vn 0 -0.3859995669466587 0.9224989616888423
vn 0 -0.3859995669466587 0.9224989616888423
vn 0 -0.38591444756001264 0.922534573425002
vn 0 -0.3859995669466587 0.9224989616888423
vn 0 -0.3859995669466587 0.9224989616888423
vn 0 -0.3859995669466587 0.9224989616888423
vn -0.6621076902646773 0 0.7494087045747294
vn -0.6621076869540623 0.00010000115589138312 0.7494087008275993
vn 0 0 1
vn 0 0 1
vn 0 0 1
vn -0.6621076902646773 0 0.7494087045747294
vn 0 0 1
vn 0 0 1
vn 0.6621076902646773 0 0.7494087045747294
vn 0.6621076902646773 0 0.7494087045747294
vn 0.6621076902646773 0 0.7494087045747294
vn 0 0 1
vn -1 0 0
vn -1 0 0
vn -1 0 0
vn -1 0 0
vn -1 0 0
vn -1 0 0
vn -1 0 0
vn -1 0 0
vn -1 0 0
vn -1 0 0
vn -1 0 0
vn -1 0 0
vn -1 0 0
vn -1 0 0
vn -1 0 0
vn -1 0 0
vn -1 0 0
vn -1 0 0
vn -1 0 0
vn -1 0 0
vn -1 0 0
vn -1 0 0
vn -1 0 0
vn -1 0 0
vn -1 0 0
vn -1 0 0
vn -1 0 0
vn -1 0 0
vn -1 0 0
vn -1 0 0
vn -1 0 0
vn -1 0 0
vn -1 0 0
vn -1 0 0
vn -1 0 0
vn -1 0 0
vn -1 0 0
vn -1 0 0
vn -1 0 0
vn -1 0 0
vn -1 0 0
vn -1 0 0
vn -1 0 0
vn -1 0 0
vn -1 0 0
vn -1 0 0
vn -1 0 0
vn -1 0 0
vn -0.5809776983580538 -0.5752779246819304 -0.5757779288790338
vn -0.5809776983580538 0.5757779288790338 -0.5752779246819304
vn -0.5810016623992272 0.00010000028868948018 -0.8139023641010491
vn -0.5809776983580538 -0.5752779246819304 -0.5757779288790338
vn -0.5810016536841521 0.8139023518924433 0.00020000057437893443
vn -0.5809776983580538 0.5757779288790338 -0.5752779246819304
vn -0.5810016536841521 0.8139023518924433 0.00020000057437893443
vn -0.5809776983580538 -0.5752779246819304 -0.5757779288790338
vn -0.5810016536841521 -0.8139023518924433 -0.00020000057437893443
vn -0.5809777215996308 -0.5756779391487044 0.5753779604593858
vn -0.5810016536841521 0.8139023518924433 0.00020000057437893443
vn -0.5810016536841521 -0.8139023518924433 -0.00020000057437893443
vn -0.5810016536841521 0.8139023518924433 0.00020000057437893443
vn -0.5809777215996308 -0.5756779391487044 0.5753779604593858
vn -0.5810111515229548 0.5754110681679698 0.575611105205386
vn -0.5810111515229548 0.5754110681679698 0.575611105205386
vn -0.5809777215996308 -0.5756779391487044 0.5753779604593858
vn -0.5810016623992272 -0.00010000028868948018 0.8139023641010491
vn -0.8225304485101147 -0.5687210751095386 0
vn -0.8224836877368822 -0.5687886983816914 0
vn -0.8224836877368822 -0.5687886983816914 0
vn -0.8224836877368822 -0.5687886983816914 0
vn -0.8225304485101147 -0.5687210751095386 0
vn -0.8221994013504047 -0.5691995646686989 0
vn -1 0 0
vn -1 0 0
vn -1 0 0
vn -1 0 0
vn -1 0 0
vn -1 0 0
vn -1 0 0
vn -1 0 0
vn -1 0 0
vn -1 0 0
vn -1 0 0
vn -1 0 0
vn -0.8014975081379864 0.5979981140844832 0
vn -0.8008990910049121 0.5987993370299483 0
vn -0.8014137953841536 0.5981102979952495 0
vn -0.8006834722594309 0.5990876206787962 0
vn -0.8014137953841536 0.5981102979952495 0
vn -0.8008990910049121 0.5987993370299483 0
vn -0.8006834722594309 0.5990876206787962 0
vn -0.8013300635227066 0.5982224747488973 0
vn -0.800815275179438 0.598911425036525 0
vn -0.8014975081379864 0.5979981140844832 0
vn -0.800815275179438 0.598911425036525 0
vn -0.8013300635227066 0.5982224747488973 0
vn -0.9857707978543444 0.16809501508851904 0
vn -0.9858204675642008 0.1678034735382454 0
vn -0.9858204675642008 0.1678034735382454 0
vn -0.9857707978543444 0.16809501508851904 0
vn -0.9858204675642008 0.1678034735382454 0
vn -0.9857348067625791 0.1683059438544604 0
vn -1 0 0
vn -1 0 0
vn -1 0 0
vn -1 0 0
vn -1 0 0
vn -1 0 0
vn -1 0 0
vn -1 0 0
vn -1 0 0
vn -1 0 0
vn -1 0 0
vn -1 0 0
vn -1 0 0
vn -1 0 0
vn -1 0 0
vn -1 0 0
vn -1 0 0
vn -1 0 0
vn -1 0 0
vn -1 0 0
vn -1 0 0
vn -1 0 0
vn -1 0 0
vn -1 0 0
vn -1 0 0
vn -1 0 0
vn -1 0 0
vn -1 0 0
vn -1 0 0
vn -1 0 0
vn -1 0 0
vn -1 0 0
vn -1 0 0
vn -1 0 0
vn -1 0 0
vn -1 0 0
vn -1 0 0
vn -1 0 0
vn -1 0 0
vn -0.8703765418086312 0.4923867133354109 0
vn -1 0 0
vn -1 0 0
vn -0.8703765418086312 0.4923867133354109 0
vn -1 0 0
vn -0.8703765418086312 0.4923867133354109 0
vn -0.8703765418086312 0.4923867133354109 0
vn -1 0 0
vn -1 0 0
vn -0.8703765418086312 0.4923867133354109 0
vn -1 0 0
vn -0.8703765418086312 0.4923867133354109 0
vn -0.886718534980625 0.46230967945935764 0
vn -1 0 0
vn -0.886718534980625 0.46230967945935764 0
vn -0.886718534980625 0.46230967945935764 0
vn -1 0 0
vn -1 0 0
vn -1 0 0
vn -1 0 0
vn -1 0 0
vn -1 0 0
vn -1 0 0
vn -1 0 0
vn -1 0 0
vn -0.6623192321918198 0 0.7492217526666177
vn -0.6623192321918198 0 0.7492217526666177
vn -1 0 0
vn -1 0 0
vn -0.6623192321918198 0 0.7492217526666177
vn -0.6623192321918198 0 -0.7492217526666177
vn -1 0 0
vn -1 0 0
vn -0.6623192321918198 0 -0.7492217526666177
vn -0.6623192321918198 0 -0.7492217526666177
vn -1 0 0
vn -1 0 0
vn -1 0 0
vn -1 0 0
vn -1 0 0
vn -1 0 0
vn -1 0 0
vn -1 0 0
vn -1 0 0
vn -1 0 0
vn -1 0 0
vn -1 0 0
vn -1 0 0
vn -1 0 0
vn -1 0 0
vn -1 0 0
vn -1 0 0
vn -1 0 0
vn -1 0 0
vn -1 0 0
vn -1 0 0
vn -1 0 0
vn -1 0 0
vn -1 0 0
vn -1 0 0
vn -1 0 0
vn -1 0 0
vn -1 0 0
vn -1 0 0
vn -1 0 0
vn -1 0 0
vn -1 0 0
vn -1 0 0
vn -1 0 0
vn -1 0 0
vn -1 0 0
vn -1 0 0
vn -1 0 0
vn -1 0 0
vn -1 0 0
vn -1 0 0
vn -1 0 0
vn -1 0 0
vn -1 0 0
vn -1 0 0
vn -1 0 0
vn -1 0 0
vn -1 0 0
vn -1 0 0
vn -1 0 0
vn -1 0 0
vn -1 0 0
vn -1 0 0
vn -1 0 0
vn -1 0 0
vn -1 0 0
vn -1 0 0
vn -1 0 0
vn -1 0 0
vn -1 0 0
vn -1 0 0
vn -1 0 0
vn -1 0 0
vn -1 0 0
vn -1 0 0
vn -1 0 0
vn -1 0 0
vn -1 0 0
vn -1 0 0
vn -1 0 0
vn -1 0 0
vn -1 0 0
vn -1 0 0
vn -1 0 0
vn -1 0 0
vn -1 0 0
vn 0 -0.7074067403652734 -0.7068066947092244
vn -0.5812949407212246 -0.8136929100665735 -0.00019999824731421328
vn -0.5813101580189913 -0.5751100343465888 -0.5756100664319558
vn -0.5812949407212246 -0.8136929100665735 -0.00019999824731421328
vn 0 -0.7074067403652734 -0.7068066947092244
vn 0 -1 0
vn 0 -1 0
vn -0.5812105316604489 -0.5753103994178291 0.5755104362291583
vn -0.5812949407212246 -0.8136929100665735 -0.00019999824731421328
vn -0.5812105316604489 -0.5753103994178291 0.5755104362291583
vn 0 -1 0
vn 0 -0.7071067811865476 0.7071067811865476
vn 0 -1 0
vn 0.7571916562701353 -0.6531927706848025 0
vn 0.7571916562701353 -0.6531927706848025 0
vn 0.7571916562701353 -0.6531927706848025 0
vn 0 -1 0
vn 0 -1 0
vn 0 -1 0
vn 0 -1 0
vn 0 -1 0
vn 0 -1 0
vn 0 -1 0
vn 0 -1 0
vn 0 -1 0
vn 0 -1 0
vn 0 -1 0
vn 0 -1 0
vn 0 -1 0
vn 0 -1 0
vn 0 -1 0
vn 0 -1 0
vn 0 -1 0
vn 0 -1 0
vn 0 -1 0
vn 0 -1 0
vn 0 -0.7074067403652734 -0.7068066947092244
vn 0 -0.7072067618661506 -0.7070067863682735
vn 0 -1 0
vn 0 -1 0
vn 0 -1 0
vn 0 -0.7072067618661506 -0.7070067863682735
vn 0 -1 0
vn 0 -1 0
vn 0 -0.7069067476062944 0.707306758195262
vn 0 -0.7074067403652734 0.7068066947092244
vn 0 -0.7069067476062944 0.707306758195262
vn 0 -1 0
vn 0 -0.9999999950000003 0.00009999999697378756
vn 0 -0.707306758195262 0.7069067476062944
vn 0 -0.7071067811865476 0.7071067811865476
vn 0 -0.9999999950000003 0.00009999999697378756
vn 0 -0.9999999950000003 0.00009999999697378756
vn 0 -0.707306758195262 0.7069067476062944
vn 0 -0.707306758195262 -0.7069067476062944
vn 0 -0.9999999950000003 0.00009999999697378756
vn 0 -0.9999999950000003 0.00009999999697378756
vn 0 -0.707306758195262 -0.7069067476062944
vn 0 -0.707306758195262 -0.7069067476062944
vn 0 -0.9999999950000003 0.00009999999697378756
vn 0 -1 0
vn 0 -1 0
vn 0 -1 0
vn 0 -1 0
vn 0 -1 0
vn 0 -1 0
vn 0 -0.7070067863682735 -0.7072067618661506
vn 0 -0.7070067863682735 0.7072067618661506
vn 0 -0.7070067863682735 0.7072067618661506
vn 0 -0.7070067863682735 -0.7072067618661506
vn 0 -0.7070067863682735 -0.7072067618661506
vn 0 -0.7070067863682735 0.7072067618661506
vn 0 -0.922534573425002 -0.38591444756001264
vn 0 -0.9229141225922398 -0.38500587309779577
vn 0 -0.9226710957593226 -0.3855879264840784
vn 0 -0.922534573425002 -0.38591444756001264
vn 0 -0.9226710957593226 -0.3855879264840784
vn 0 -0.9223266246990287 -0.386411176561053
vn 0 -0.9222404029902558 0.3866169151658665
vn 0 -0.9225850485451798 0.3857937638180386
vn 0 -0.9224128174468498 0.3862053782765908
vn 0 -0.9222404029902558 0.3866169151658665
vn 0 -0.9224128174468498 0.3862053782765908
vn 0 -0.9220827556884551 0.3869927540174168
vn -0.5814097996146479 -0.5751097206461723 -0.5755097341751368
vn 0 -0.0004999999612487284 -0.9999998750000115
vn 0 -0.7072067618661506 -0.7070067863682735
vn 0 -0.0004999999612487284 -0.9999998750000115
vn -0.5814097996146479 -0.5751097206461723 -0.5755097341751368
vn -0.5812948477156714 0.0005999946896005283 -0.8136927798779998
vn -0.5812948477156714 0.0005999946896005283 -0.8136927798779998
vn 0 0.7064064313569401 -0.7078064380447192
vn 0 -0.0004999999612487284 -0.9999998750000115
vn 0 0.7064064313569401 -0.7078064380447192
vn -0.5812948477156714 0.0005999946896005283 -0.8136927798779998
vn -0.5813101580189913 0.5756100664319558 -0.5751100343465888
vn 0 0.012200311994002134 -0.9999255734239669
vn 0 0.7066066061811734 -0.7076066026409901
vn 0 -0.009399584599936778 -0.9999558229288675
vn 0 -0.009399584599936778 -0.9999558229288675
vn 0 -0.36638550247788765 -0.9304631446618538
vn 0 0.012200311994002134 -0.9999255734239669
vn 0 0.7066066061811734 -0.7076066026409901
vn 0 0.012200311994002134 -0.9999255734239669
vn 0 0.7079063195437101 -0.7063063377530168
vn 0 -0.36638550247788765 -0.9304631446618538
vn 0 -0.009399584599936778 -0.9999558229288675
vn 0 -0.4041054868543278 -0.9147123894942205
vn 0 0 -1
vn 0 0 -1
vn 0 0 -1
vn 0 0 -1
vn 0 0 -1
vn 0 0 -1
vn 0 0.3853820762012234 -0.9227570944418875
vn 0 0.3862053782765908 -0.9224128174468498
vn 0 0.3872835002038452 -0.9219606772904463
vn 0 0.3862053782765908 -0.9224128174468498
vn 0 0.3853820762012234 -0.9227570944418875
vn 0 0.3843881656487993 -0.923171564829177
vn 0 0 -1
vn 0 0 -1
vn 0 0 -1
vn 0 0 -1
vn 0 0 -1
vn 0 0 -1
vn 0 0 -1
vn 0 0 -1
vn 0 0 -1
vn 0 0 -1
vn 0 0 -1
vn 0 0 -1
vn 0 0 -1
vn 0 0 -1
vn 0 0 -1
vn 0 0 -1
vn 0 0 -1
vn 0 0 -1
vn 0 0 -1
vn 0 0 -1
vn 0 0 -1
vn 0 0 -1
vn 0 0 -1
vn 0 0 -1
vn 0 0 -1
vn 0 0 -1
vn 0 0 -1
vn 0 0 -1
vn 0 0 -1
vn 0 0 -1
vn 0 0 -1
vn 0 0 -1
vn 0 0 -1
vn 0 0 -1
vn 0 0 -1
vn 0 0 -1
vn 0 0.15040374667009454 -0.9886246572828324
vn 0 0.14679508840669478 -0.9891669232337232
vn 0 0.15110275571286166 -0.9885180611480902
vn 0 0.14679508840669478 -0.9891669232337232
vn 0 0.15040374667009454 -0.9886246572828324
vn 0 0.14520032899855398 -0.9894022763561401
vn 0 0.7065065109233095 -0.7077065423061819
vn 0.00010000095442805897 0.7072067583300493 -0.7070067828331721
vn 0 0 -1
vn 0 0.0004999999612487284 -0.9999998750000115
vn 0 0 -1
vn 0.00010000095442805897 0.7072067583300493 -0.7070067828331721
vn 0 0 -1
vn 0 0.0004999999612487284 -0.9999998750000115
vn 0.00020000190585603214 -0.7072067477217457 -0.7070067722278682
vn 0 -0.7065065109233095 -0.7077065423061819
vn 0.00020000190585603214 -0.7072067477217457 -0.7070067722278682
vn 0 0.0004999999612487284 -0.9999998750000115
vn 0 0 -1
vn 0 -0.7071067811865476 -0.7071067811865476
vn 0 -0.7065065109233095 -0.7077065423061819
vn 0 0 -1
vn 0 0 -1
vn 0 -0.7071067811865476 -0.7071067811865476
vn 0 0.7071067811865476 -0.7071067811865476
vn 0 0 -1
vn 0 0 -1
vn 0 0.7071067811865476 -0.7071067811865476
vn 0 0.7065065109233095 -0.7077065423061819
vn 0 0 -1
vn 0 0 -1
vn 0 0 -1
vn 0 0 -1
vn 0 0 -1
vn 0 0 -1
vn 0 0 -1
vn 0 0 -1
vn 0 0 -1
vn 0 0 -1
vn 0 0 -1
vn 0 0 -1
vn 0 0 -1
vn 0 -0.0006999998035406364 -0.9999997550001075
vn 0 0 -1
vn 0 0 -1
vn 0 0 -1
vn 0 -0.0006999998035406364 -0.9999997550001075
vn 0 0 -1
vn 0 0 -1
vn 0 0 -1
vn 0 0 -1
vn 0 0 -1
vn 0 0 -1
vn 0 0 -1
vn 0 -0.49608509035188336 -0.8682739101980225
vn 0 -0.49351964668763043 -0.8697346482308936
vn 0 -0.49449039696437264 -0.8691830919374911
vn 0 -0.49608509035188336 -0.8682739101980225
vn 0 -0.49449039696437264 -0.8691830919374911
vn 0 -0.4972155123109856 -0.86762707099152
vn 0 -0.3862053782765908 -0.9224128174468498
vn 0 -0.3854176448490836 -0.9227422386771864
vn 0 -0.3843029246442132 -0.9232070526755655
vn 0 -0.3854176448490836 -0.9227422386771864
vn 0 -0.3862053782765908 -0.9224128174468498
vn 0 -0.3872835002038452 -0.9219606772904463
vn 0 -0.7072067618661506 -0.7070067863682735
vn 0 -0.2442059047562666 -0.9697234018431099
vn 0 -0.7072067618661506 -0.7070067863682735
vn 0 -0.2442059047562666 -0.9697234018431099
vn 0 -0.7072067618661506 -0.7070067863682735
vn 0 -0.24429992751010635 -0.9696997192010303
vn 0 -0.24429992751010635 -0.9696997192010303
vn 0 -0.2442059047562666 -0.9697234018431099
vn 0 -0.24429992751010635 -0.9696997192010303
vn 0 -0.24429992751010635 -0.9696997192010303
vn 0 -0.24429992751010635 -0.9696997192010303
vn 0 -0.2442059047562666 -0.9697234018431099
vn 0 0 -1
vn 0 -0.24429992751010635 -0.9696997192010303
vn 0 -0.24429992751010635 -0.9696997192010303
vn 0 0 -1
vn 0 -0.24429992751010635 -0.9696997192010303
vn 0 0 -1
vn 0 0 -1
vn -0.6620019151191726 0 -0.7495021443455301
vn -0.6621076902646773 0 -0.7494087045747294
vn -0.6620019151191726 0 -0.7495021443455301
vn 0 0 -1
vn 0 0 -1
vn 0.6621076902646773 0 -0.7494087045747294
vn 0 0 -1
vn 0 0 -1
vn 0 0 -1
vn 0.6621076902646773 0 -0.7494087045747294
vn 0.6621076902646773 0 -0.7494087045747294
vn 0 0.4632220755507645 0.8862422404300316
vn 0 0.46330060599324285 0.886201189621349
vn 0 0.46349873161066435 0.8860975825468126
vn 0 0.4632220755507645 0.8862422404300316
vn 0 0.4625864982808297 0.8865741546020163
vn 0 0.46330060599324285 0.886201189621349
vn 0.00010000170468601965 0.4625079018173393 0.8866151536919394
vn 0 0.4625864982808297 0.8865741546020163
vn 0 0.4632220755507645 0.8862422404300316
vn 0 0.4625864982808297 0.8865741546020163
vn 0.00010000170468601965 0.4625079018173393 0.8866151536919394
vn 0 0.46282573720813286 0.8864492861849168
vn 1 0 0
vn 1 0 0
vn 1 0 0
vn 1 0 0
vn 1 0 0
vn 1 0 0
vn 1 0 0
vn 1 0 0
vn 1 0 0
vn 0.7900893335948409 0.6129917168605628 0
vn 0.7900033258782417 0.6131025567564667 0
vn 0.7898312098467531 0.6133242698214496 0
vn 0.7898312098467531 0.6133242698214496 0
vn 0.7900033258782417 0.6131025567564667 0
vn 0.7900893335948409 0.6129917168605628 0
vn 0.7900893335948409 -0.6129917168605628 0
vn 0.7899172771622323 -0.6132134173683786 0
vn 0.7900033258782417 -0.6131025567564667 0
vn 0.7899172771622323 -0.6132134173683786 0
vn 0.7900893335948409 -0.6129917168605628 0
vn 0.7892553091785999 -0.61406518948186 0
vn 0.7900893335948409 0.6129917168605628 0
vn 0.7900033258782417 0.6131025567564667 0
vn 0.7900893335948409 0.6129917168605628 0
vn 0.7898688297840482 0.6132758202763079 0
vn 0.7900033258782417 0.6131025567564667 0
vn 0.7900893335948409 0.6129917168605628 0
vn 0.7900033258782417 -0.6131025567564667 0
vn 0.7898312098467531 -0.6133242698214496 0
vn 0.7898688297840482 -0.6132758202763079 0
vn 0.7898312098467531 -0.6133242698214496 0
vn 0.7900033258782417 -0.6131025567564667 0
vn 0.7900893335948409 -0.6129917168605628 0
vn 0 1 0
vn 0 1 0
vn 0 1 0
vn 0 1 0
vn 0 1 0
vn 0 1 0
vn 0 1 0
vn 0 1 0
vn 0 1 0
vn 0 1 0
vn 0 1 0
vn 0 1 0
vn 0 1 0
vn 0 1 0
vn 0 1 0
vn 0 1 0
vn 0 1 0
vn 0 1 0
vn 0 0.5182995007944331 0.8551991741554956
vn 0 0.5182995007944331 0.8551991741554956
vn 0 0.5182995007944331 0.8551991741554956
vn 0 0.5182995007944331 0.8551991741554956
vn 0 0.5182995007944331 0.8551991741554956
vn 0 0.5182995007944331 0.8551991741554956
vn 1 0 0
vn 1 0 0
vn 1 0 0
vn 1 0 0
vn 1 0 0
vn 1 0 0
vn 1 0 0
vn 1 0 0
vn 1 0 0
vn 1 0 0
vn 1 0 0
vn 1 0 0
vn 0 1 0
vn 0 1 0
vn 0 1 0
vn 0 1 0
vn 0 1 0
vn 0 1 0
vn 0 1 0
vn 0 1 0
vn 0 1 0
vn 0 1 0
vn 0 1 0
vn 0 1 0
vn 0 0 1
vn 0 0 1
vn 0 0 1
vn 0 0 1
vn 0 0 1
vn 0 0 1
vn -1 0 0
vn -1 0 0
vn -1 0 0
vn -1 0 0
vn -1 0 0
vn -1 0 0
vn 0 -1 0
vn 0 -1 0
vn 0 -1 0
vn 0 -1 0
vn 0 -1 0
vn 0 -1 0
vn 0 -1 0
vn 0 -1 0
vn 0 -1 0
vn 0 -1 0
vn 0 -1 0
vn 0 -1 0
vn 0 0 -1
vn 0 0 -1
vn 0 0 -1
vn 0 0 -1
vn 0 0 -1
vn 0 0 -1
vn 0 0.5182995007944331 -0.8551991741554956
vn 0 0.5182995007944331 -0.8551991741554956
vn 0 0.5182995007944331 -0.8551991741554956
vn 0 0.5182995007944331 -0.8551991741554956
vn 0 0.5182995007944331 -0.8551991741554956
vn 0 0.5182995007944331 -0.8551991741554956
vn 0 0.46310245562032587 0.8863047532301879
vn 0 0.4627847041057022 0.8864707088481817
vn 0 0.46318101722734994 0.8862636996290875
vn 0 0.46310245562032587 0.8863047532301879
vn 0 0.46318101722734994 0.8862636996290875
vn 0 0.4629043283948776 0.8864082483558505
vn 0 0.4627061285964407 0.8865117249982055
vn 0 0.4627847041057022 0.8864707088481817
vn 0 0.46310245562032587 0.8863047532301879
vn 0 0.4627847041057022 0.8864707088481817
vn 0 0.4627061285964407 0.8865117249982055
vn 0 0.46349873161066435 0.8860975825468126
vn -1 0 0
vn -1 0 0
vn -1 0 0
vn -1 0 0
vn -1 0 0
vn -1 0 0
vn -1 0 0
vn -1 0 0
vn -1 0 0
vn -0.7896106103897538 0.6136082495859394 0
vn -0.7900033258782417 0.6131025567564667 0
vn -0.7902237516046081 0.6128184253104164 0
vn -0.7900033258782417 0.6131025567564667 0
vn -0.7896106103897538 0.6136082495859394 0
vn -0.7899548828371938 0.6131649721581258 0
vn -0.7901753162459626 -0.6128808771658594 0
vn -0.7897827870103037 -0.613386623054528 0
vn -0.7900033258782417 -0.6131025567564667 0
vn -0.7900033258782417 -0.6131025567564667 0
vn -0.7897827870103037 -0.613386623054528 0
vn -0.7897827870103037 -0.613386623054528 0
vn -0.7900893335948409 0.6129917168605628 0
vn -0.7897451528126421 0.6134350769306698 0
vn -0.790261309155038 0.6127699921280132 0
vn -0.7897451528126421 0.6134350769306698 0
vn -0.7900893335948409 0.6129917168605628 0
vn -0.7897451528126421 0.6134350769306698 0
vn -0.7900033258782417 -0.6131025567564667 0
vn -0.7898688297840482 -0.6132758202763079 0
vn -0.7900033258782417 -0.6131025567564667 0
vn -0.7900033258782417 -0.6131025567564667 0
vn -0.7898688297840482 -0.6132758202763079 0
vn -0.7898312098467531 -0.6133242698214496 0
vn -1 0 0
vn -1 0 0
vn -1 0 0
vn -1 0 0
vn -1 0 0
vn -1 0 0
vn 0 -1 0
vn 0 -1 0
vn 0 -1 0
vn 0 -1 0
vn 0 -1 0
vn 0 -1 0
vn 0 -1 0
vn 0 -1 0
vn 0 -1 0
vn 0 -1 0
vn 0 -1 0
vn 0 -1 0
vn 0 -1 0
vn 0 -1 0
vn 0 -1 0
vn 0 -1 0
vn 0 -1 0
vn 0 -1 0
vn 0 0.4632220755507645 -0.8862422404300316
vn 0 0.46330060599324285 -0.886201189621349
vn 0 0.4629043283948776 -0.8864082483558505
vn 0 0.46330060599324285 -0.886201189621349
vn 0 0.4632220755507645 -0.8862422404300316
vn 0 0.4627061285964407 -0.8865117249982055
vn 0 0.4632220755507645 -0.8862422404300316
vn 0 0.4627061285964407 -0.8865117249982055
vn 0 0.4627061285964407 -0.8865117249982055
vn 0 0.4627061285964407 -0.8865117249982055
vn 0 0.4627061285964407 -0.8865117249982055
vn 0 0.4629043283948776 -0.8864082483558505
vn 0 0.46310245562032587 -0.8863047532301879
vn 0 0.46318101722734994 -0.8862636996290875
vn 0 0.46302390651023 -0.8863457914380852
vn 0 0.46318101722734994 -0.8862636996290875
vn 0 0.46310245562032587 -0.8863047532301879
vn 0 0.4629043283948776 -0.8864082483558505
vn 0 0.46310245562032587 -0.8863047532301879
vn 0 0.4627061285964407 -0.8865117249982055
vn 0 0.4629043283948776 -0.8864082483558505
vn 0 0.4629043283948776 -0.8864082483558505
vn 0 0.4627061285964407 -0.8865117249982055
vn 0 0.4629043283948776 -0.8864082483558505
vn 0 1 0
vn -0.7424282939090008 0.6699255394470122 0
vn 0 1 0
vn -0.7424282939090008 0.6699255394470122 0
vn 0 1 0
vn -0.7424282939090008 0.6699255394470122 0
vn -0.7419999216834837 0.6703999673491221 0
vn -0.7419999216834837 0.6703999673491221 0
vn -1 0 0
vn -0.7419999216834837 0.6703999673491221 0
vn -1 0 0
vn -1 0 0
vn -1 0 0
vn -0.7419999216834837 0.6703999673491221 0
vn -1 0 0
vn -0.7419999216834837 0.6703999673491221 0
vn -1 0 0
vn -1 0 0
vn 0.006799842879597813 -0.9999768808011577 0
vn 0.006799842879597813 -0.9999768808011577 0
vn 0.006799842879597813 -0.9999768808011577 0
vn 0.006799842879597813 -0.9999768808011577 0
vn 0.006799842879597813 -0.9999768808011577 0
vn 0.006799842879597813 -0.9999768808011577 0
f 1/1/1 2/2/2 3/3/3
f 4/4/4 5/5/5 6/6/6
f 7/7/7 8/8/8 9/9/9
f 10/10/10 11/11/11 12/12/12
f 13/13/13 14/14/14 15/15/15
f 16/16/16 17/17/17 18/18/18
f 19/19/19 20/20/20 21/21/21
f 22/22/22 23/23/23 24/24/24
f 25/25/25 26/26/26 27/27/27
f 28/28/28 29/29/29 30/30/30
f 31/31/31 32/32/32 33/33/33
f 34/34/34 35/35/35 36/36/36
f 37/37/37 38/38/38 39/39/39
f 40/40/40 41/41/41 42/42/42
f 43/43/43 44/44/44 45/45/45
f 46/46/46 47/47/47 48/48/48
f 49/49/49 50/50/50 51/51/51
f 52/52/52 53/53/53 54/54/54
f 55/55/55 56/56/56 57/57/57
f 58/58/58 59/59/59 60/60/60
f 61/61/61 62/62/62 63/63/63
f 64/64/64 65/65/65 66/66/66
f 67/67/67 68/68/68 69/69/69
f 70/70/70 71/71/71 72/72/72
f 73/73/73 74/74/74 75/75/75
f 76/76/76 77/77/77 78/78/78
f 79/79/79 80/80/80 81/81/81
f 82/82/82 83/83/83 84/84/84
f 85/85/85 86/86/86 87/87/87
f 88/88/88 89/89/89 90/90/90
f 91/91/91 92/92/92 93/93/93
f 94/94/94 95/95/95 96/96/96
f 97/97/97 98/98/98 99/99/99
f 100/100/100 101/101/101 102/102/102
f 103/103/103 104/104/104 105/105/105
f 106/106/106 107/107/107 108/108/108
f 109/109/109 110/110/110 111/111/111
f 112/112/112 113/113/113 114/114/114
f 115/115/115 116/116/116 117/117/117
f 118/118/118 119/119/119 120/120/120
f 121/121/121 122/122/122 123/123/123
f 124/124/124 125/125/125 126/126/126
f 127/127/127 128/128/128 129/129/129
f 130/130/130 131/131/131 132/132/132
f 133/133/133 134/134/134 135/135/135
f 136/136/136 137/137/137 138/138/138
f 139/139/139 140/140/140 141/141/141
f 142/142/142 143/143/143 144/144/144
f 145/145/145 146/146/146 147/147/147
f 148/148/148 149/149/149 150/150/150
f 151/151/151 152/152/152 153/153/153
f 154/154/154 155/155/155 156/156/156
f 157/157/157 158/158/158 159/159/159
f 160/160/160 161/161/161 162/162/162
f 163/163/163 164/164/164 165/165/165
f 166/166/166 167/167/167 168/168/168
f 169/169/169 170/170/170 171/171/171
f 172/172/172 173/173/173 174/174/174
f 175/175/175 176/176/176 177/177/177
f 178/178/178 179/179/179 180/180/180
f 181/181/181 182/182/182 183/183/183
f 184/184/184 185/185/185 186/186/186
f 187/187/187 188/188/188 189/189/189
f 190/190/190 191/191/191 192/192/192
f 193/193/193 194/194/194 195/195/195
f 196/196/196 197/197/197 198/198/198
f 199/199/199 200/200/200 201/201/201
f 202/202/202 203/203/203 204/204/204
f 205/205/205 206/206/206 207/207/207
f 208/208/208 209/209/209 210/210/210
f 211/211/211 212/212/212 213/213/213
f 214/214/214 215/215/215 216/216/216
f 217/217/217 218/218/218 219/219/219
f 220/220/220 221/221/221 222/222/222
f 223/223/223 224/224/224 225/225/225
f 226/226/226 227/227/227 228/228/228
f 229/229/229 230/230/230 231/231/231
f 232/232/232 233/233/233 234/234/234
f 235/235/235 236/236/236 237/237/237
f 238/238/238 239/239/239 240/240/240
f 241/241/241 242/242/242 243/243/243
f 244/244/244 245/245/245 246/246/246
f 247/247/247 248/248/248 249/249/249
f 250/250/250 251/251/251 252/252/252
f 253/253/253 254/254/254 255/255/255
f 256/256/256 257/257/257 258/258/258
f 259/259/259 260/260/260 261/261/261
f 262/262/262 263/263/263 264/264/264
f 265/265/265 266/266/266 267/267/267
f 268/268/268 269/269/269 270/270/270
f 271/271/271 272/272/272 273/273/273
f 274/274/274 275/275/275 276/276/276
f 277/277/277 278/278/278 279/279/279
f 280/280/280 281/281/281 282/282/282
f 283/283/283 284/284/284 285/285/285
f 286/286/286 287/287/287 288/288/288
f 289/289/289 290/290/290 291/291/291
f 292/292/292 293/293/293 294/294/294
f 295/295/295 296/296/296 297/297/297
f 298/298/298 299/299/299 300/300/300
f 301/301/301 302/302/302 303/303/303
f 304/304/304 305/305/305 306/306/306
f 307/307/307 308/308/308 309/309/309
f 310/310/310 311/311/311 312/312/312
f 313/313/313 314/314/314 315/315/315
f 316/316/316 317/317/317 318/318/318
f 319/319/319 320/320/320 321/321/321
f 322/322/322 323/323/323 324/324/324
f 325/325/325 326/326/326 327/327/327
f 328/328/328 329/329/329 330/330/330
f 331/331/331 332/332/332 333/333/333
f 334/334/334 335/335/335 336/336/336
f 337/337/337 338/338/338 339/339/339
f 340/340/340 341/341/341 342/342/342
f 343/343/343 344/344/344 345/345/345
f 346/346/346 347/347/347 348/348/348
f 349/349/349 350/350/350 351/351/351
f 352/352/352 353/353/353 354/354/354
f 355/355/355 356/356/356 357/357/357
f 358/358/358 359/359/359 360/360/360
f 361/361/361 362/362/362 363/363/363
f 364/364/364 365/365/365 366/366/366
f 367/367/367 368/368/368 369/369/369
f 370/370/370 371/371/371 372/372/372
f 373/373/373 374/374/374 375/375/375
f 376/376/376 377/377/377 378/378/378
f 379/379/379 380/380/380 381/381/381
f 382/382/382 383/383/383 384/384/384
f 385/385/385 386/386/386 387/387/387
f 388/388/388 389/389/389 390/390/390
f 391/391/391 392/392/392 393/393/393
f 394/394/394 395/395/395 396/396/396
f 397/397/397 398/398/398 399/399/399
f 400/400/400 401/401/401 402/402/402
f 403/403/403 404/404/404 405/405/405
f 406/406/406 407/407/407 408/408/408
f 409/409/409 410/410/410 411/411/411
f 412/412/412 413/413/413 414/414/414
f 415/415/415 416/416/416 417/417/417
f 418/418/418 419/419/419 420/420/420
f 421/421/421 422/422/422 423/423/423
f 424/424/424 425/425/425 426/426/426
f 427/427/427 428/428/428 429/429/429
f 430/430/430 431/431/431 432/432/432
f 433/433/433 434/434/434 435/435/435
f 436/436/436 437/437/437 438/438/438
f 439/439/439 440/440/440 441/441/441
f 442/442/442 443/443/443 444/444/444
f 445/445/445 446/446/446 447/447/447
f 448/448/448 449/449/449 450/450/450
f 451/451/451 452/452/452 453/453/453
f 454/454/454 455/455/455 456/456/456
f 457/457/457 458/458/458 459/459/459
f 460/460/460 461/461/461 462/462/462
f 463/463/463 464/464/464 465/465/465
f 466/466/466 467/467/467 468/468/468
f 469/469/469 470/470/470 471/471/471
f 472/472/472 473/473/473 474/474/474
f 475/475/475 476/476/476 477/477/477
f 478/478/478 479/479/479 480/480/480
f 481/481/481 482/482/482 483/483/483
f 484/484/484 485/485/485 486/486/486
f 487/487/487 488/488/488 489/489/489
f 490/490/490 491/491/491 492/492/492
f 493/493/493 494/494/494 495/495/495
f 496/496/496 497/497/497 498/498/498
f 499/499/499 500/500/500 501/501/501
f 502/502/502 503/503/503 504/504/504
f 505/505/505 506/506/506 507/507/507
f 508/508/508 509/509/509 510/510/510
f 511/511/511 512/512/512 513/513/513
f 514/514/514 515/515/515 516/516/516
f 517/517/517 518/518/518 519/519/519
f 520/520/520 521/521/521 522/522/522
f 523/523/523 524/524/524 525/525/525
f 526/526/526 527/527/527 528/528/528
f 529/529/529 530/530/530 531/531/531
f 532/532/532 533/533/533 534/534/534
f 535/535/535 536/536/536 537/537/537
f 538/538/538 539/539/539 540/540/540
f 541/541/541 542/542/542 543/543/543
f 544/544/544 545/545/545 546/546/546
f 547/547/547 548/548/548 549/549/549
f 550/550/550 551/551/551 552/552/552
f 553/553/553 554/554/554 555/555/555
f 556/556/556 557/557/557 558/558/558
f 559/559/559 560/560/560 561/561/561
f 562/562/562 563/563/563 564/564/564
f 565/565/565 566/566/566 567/567/567
f 568/568/568 569/569/569 570/570/570
f 571/571/571 572/572/572 573/573/573
f 574/574/574 575/575/575 576/576/576
f 577/577/577 578/578/578 579/579/579
f 580/580/580 581/581/581 582/582/582
f 583/583/583 584/584/584 585/585/585
f 586/586/586 587/587/587 588/588/588
f 589/589/589 590/590/590 591/591/591
f 592/592/592 593/593/593 594/594/594
f 595/595/595 596/596/596 597/597/597
f 598/598/598 599/599/599 600/600/600
f 601/601/601 602/602/602 603/603/603
f 604/604/604 605/605/605 606/606/606
f 607/607/607 608/608/608 609/609/609
f 610/610/610 611/611/611 612/612/612
f 613/613/613 614/614/614 615/615/615
f 616/616/616 617/617/617 618/618/618
f 619/619/619 620/620/620 621/621/621
f 622/622/622 623/623/623 624/624/624
f 625/625/625 626/626/626 627/627/627
f 628/628/628 629/629/629 630/630/630
f 631/631/631 632/632/632 633/633/633
f 634/634/634 635/635/635 636/636/636
f 637/637/637 638/638/638 639/639/639
f 640/640/640 641/641/641 642/642/642
f 643/643/643 644/644/644 645/645/645
f 646/646/646 647/647/647 648/648/648
f 649/649/649 650/650/650 651/651/651
f 652/652/652 653/653/653 654/654/654
f 655/655/655 656/656/656 657/657/657
f 658/658/658 659/659/659 660/660/660
f 661/661/661 662/662/662 663/663/663
f 664/664/664 665/665/665 666/666/666
f 667/667/667 668/668/668 669/669/669
f 670/670/670 671/671/671 672/672/672
f 673/673/673 674/674/674 675/675/675
f 676/676/676 677/677/677 678/678/678
f 679/679/679 680/680/680 681/681/681
f 682/682/682 683/683/683 684/684/684
f 685/685/685 686/686/686 687/687/687
f 688/688/688 689/689/689 690/690/690
f 691/691/691 692/692/692 693/693/693
f 694/694/694 695/695/695 696/696/696
f 697/697/697 698/698/698 699/699/699
f 700/700/700 701/701/701 702/702/702
f 703/703/703 704/704/704 705/705/705
f 706/706/706 707/707/707 708/708/708
f 709/709/709 710/710/710 711/711/711
f 712/712/712 713/713/713 714/714/714
f 715/715/715 716/716/716 717/717/717
f 718/718/718 719/719/719 720/720/720
f 721/721/721 722/722/722 723/723/723
f 724/724/724 725/725/725 726/726/726
f 727/727/727 728/728/728 729/729/729
f 730/730/730 731/731/731 732/732/732
f 733/733/733 734/734/734 735/735/735
f 736/736/736 737/737/737 738/738/738
f 739/739/739 740/740/740 741/741/741
f 742/742/742 743/743/743 744/744/744
f 745/745/745 746/746/746 747/747/747
f 748/748/748 749/749/749 750/750/750
f 751/751/751 752/752/752 753/753/753
f 754/754/754 755/755/755 756/756/756
f 757/757/757 758/758/758 759/759/759
f 760/760/760 761/761/761 762/762/762
f 763/763/763 764/764/764 765/765/765
f 766/766/766 767/767/767 768/768/768
f 769/769/769 770/770/770 771/771/771
f 772/772/772 773/773/773 774/774/774
f 775/775/775 776/776/776 777/777/777
f 778/778/778 779/779/779 780/780/780
f 781/781/781 782/782/782 783/783/783
f 784/784/784 785/785/785 786/786/786
f 787/787/787 788/788/788 789/789/789
f 790/790/790 791/791/791 792/792/792
f 793/793/793 794/794/794 795/795/795
f 796/796/796 797/797/797 798/798/798
f 799/799/799 800/800/800 801/801/801
f 802/802/802 803/803/803 804/804/804
f 805/805/805 806/806/806 807/807/807
f 808/808/808 809/809/809 810/810/810
f 811/811/811 812/812/812 813/813/813
f 814/814/814 815/815/815 816/816/816
f 817/817/817 818/818/818 819/819/819
f 820/820/820 821/821/821 822/822/822
f 823/823/823 824/824/824 825/825/825
f 826/826/826 827/827/827 828/828/828
f 829/829/829 830/830/830 831/831/831
f 832/832/832 833/833/833 834/834/834
f 835/835/835 836/836/836 837/837/837
f 838/838/838 839/839/839 840/840/840
f 841/841/841 842/842/842 843/843/843
f 844/844/844 845/845/845 846/846/846
f 847/847/847 848/848/848 849/849/849
f 850/850/850 851/851/851 852/852/852
f 853/853/853 854/854/854 855/855/855
f 856/856/856 857/857/857 858/858/858
f 859/859/859 860/860/860 861/861/861
f 862/862/862 863/863/863 864/864/864
f 865/865/865 866/866/866 867/867/867
f 868/868/868 869/869/869 870/870/870
f 871/871/871 872/872/872 873/873/873
f 874/874/874 875/875/875 876/876/876
f 877/877/877 878/878/878 879/879/879
f 880/880/880 881/881/881 882/882/882
f 883/883/883 884/884/884 885/885/885
f 886/886/886 887/887/887 888/888/888
f 889/889/889 890/890/890 891/891/891
f 892/892/892 893/893/893 894/894/894
f 895/895/895 896/896/896 897/897/897
f 898/898/898 899/899/899 900/900/900
f 901/901/901 902/902/902 903/903/903
f 904/904/904 905/905/905 906/906/906
f 907/907/907 908/908/908 909/909/909
f 910/910/910 911/911/911 912/912/912
f 913/913/913 914/914/914 915/915/915
f 916/916/916 917/917/917 918/918/918
f 919/919/919 920/920/920 921/921/921
f 922/922/922 923/923/923 924/924/924
f 925/925/925 926/926/926 927/927/927
f 928/928/928 929/929/929 930/930/930
f 931/931/931 932/932/932 933/933/933
f 934/934/934 935/935/935 936/936/936
f 937/937/937 938/938/938 939/939/939
f 940/940/940 941/941/941 942/942/942
f 943/943/943 944/944/944 945/945/945
f 946/946/946 947/947/947 948/948/948
f 949/949/949 950/950/950 951/951/951
f 952/952/952 953/953/953 954/954/954
f 955/955/955 956/956/956 957/957/957
f 958/958/958 959/959/959 960/960/960
f 961/961/961 962/962/962 963/963/963
f 964/964/964 965/965/965 966/966/966
f 967/967/967 968/968/968 969/969/969
f 970/970/970 971/971/971 972/972/972
f 973/973/973 974/974/974 975/975/975
f 976/976/976 977/977/977 978/978/978
f 979/979/979 980/980/980 981/981/981
f 982/982/982 983/983/983 984/984/984
f 985/985/985 986/986/986 987/987/987
f 988/988/988 989/989/989 990/990/990
f 991/991/991 992/992/992 993/993/993
f 994/994/994 995/995/995 996/996/996
f 997/997/997 998/998/998 999/999/999
f 1000/1000/1000 1001/1001/1001 1002/1002/1002
f 1003/1003/1003 1004/1004/1004 1005/1005/1005
f 1006/1006/1006 1007/1007/1007 1008/1008/1008
f 1009/1009/1009 1010/1010/1010 1011/1011/1011
f 1012/1012/1012 1013/1013/1013 1014/1014/1014
f 1015/1015/1015 1016/1016/1016 1017/1017/1017
f 1018/1018/1018 1019/1019/1019 1020/1020/1020
f 1021/1021/1021 1022/1022/1022 1023/1023/1023
f 1024/1024/1024 1025/1025/1025 1026/1026/1026
f 1027/1027/1027 1028/1028/1028 1029/1029/1029
f 1030/1030/1030 1031/1031/1031 1032/1032/1032
f 1033/1033/1033 1034/1034/1034 1035/1035/1035
f 1036/1036/1036 1037/1037/1037 1038/1038/1038
f 1039/1039/1039 1040/1040/1040 1041/1041/1041
f 1042/1042/1042 1043/1043/1043 1044/1044/1044
f 1045/1045/1045 1046/1046/1046 1047/1047/1047
f 1048/1048/1048 1049/1049/1049 1050/1050/1050
f 1051/1051/1051 1052/1052/1052 1053/1053/1053
f 1054/1054/1054 1055/1055/1055 1056/1056/1056
f 1057/1057/1057 1058/1058/1058 1059/1059/1059
f 1060/1060/1060 1061/1061/1061 1062/1062/1062
f 1063/1063/1063 1064/1064/1064 1065/1065/1065
f 1066/1066/1066 1067/1067/1067 1068/1068/1068
f 1069/1069/1069 1070/1070/1070 1071/1071/1071
f 1072/1072/1072 1073/1073/1073 1074/1074/1074
f 1075/1075/1075 1076/1076/1076 1077/1077/1077
f 1078/1078/1078 1079/1079/1079 1080/1080/1080
f 1081/1081/1081 1082/1082/1082 1083/1083/1083
f 1084/1084/1084 1085/1085/1085 1086/1086/1086
f 1087/1087/1087 1088/1088/1088 1089/1089/1089
f 1090/1090/1090 1091/1091/1091 1092/1092/1092
f 1093/1093/1093 1094/1094/1094 1095/1095/1095
f 1096/1096/1096 1097/1097/1097 1098/1098/1098
f 1099/1099/1099 1100/1100/1100 1101/1101/1101
f 1102/1102/1102 1103/1103/1103 1104/1104/1104
f 1105/1105/1105 1106/1106/1106 1107/1107/1107
f 1108/1108/1108 1109/1109/1109 1110/1110/1110
f 1111/1111/1111 1112/1112/1112 1113/1113/1113
f 1114/1114/1114 1115/1115/1115 1116/1116/1116
f 1117/1117/1117 1118/1118/1118 1119/1119/1119
f 1120/1120/1120 1121/1121/1121 1122/1122/1122
f 1123/1123/1123 1124/1124/1124 1125/1125/1125
f 1126/1126/1126 1127/1127/1127 1128/1128/1128
f 1129/1129/1129 1130/1130/1130 1131/1131/1131
f 1132/1132/1132 1133/1133/1133 1134/1134/1134
f 1135/1135/1135 1136/1136/1136 1137/1137/1137
f 1138/1138/1138 1139/1139/1139 1140/1140/1140
f 1141/1141/1141 1142/1142/1142 1143/1143/1143
f 1144/1144/1144 1145/1145/1145 1146/1146/1146
f 1147/1147/1147 1148/1148/1148 1149/1149/1149
f 1150/1150/1150 1151/1151/1151 1152/1152/1152
f 1153/1153/1153 1154/1154/1154 1155/1155/1155
f 1156/1156/1156 1157/1157/1157 1158/1158/1158
f 1159/1159/1159 1160/1160/1160 1161/1161/1161
f 1162/1162/1162 1163/1163/1163 1164/1164/1164
f 1165/1165/1165 1166/1166/1166 1167/1167/1167
f 1168/1168/1168 1169/1169/1169 1170/1170/1170
f 1171/1171/1171 1172/1172/1172 1173/1173/1173
f 1174/1174/1174 1175/1175/1175 1176/1176/1176
f 1177/1177/1177 1178/1178/1178 1179/1179/1179
f 1180/1180/1180 1181/1181/1181 1182/1182/1182
f 1183/1183/1183 1184/1184/1184 1185/1185/1185
f 1186/1186/1186 1187/1187/1187 1188/1188/1188
f 1189/1189/1189 1190/1190/1190 1191/1191/1191
f 1192/1192/1192 1193/1193/1193 1194/1194/1194
f 1195/1195/1195 1196/1196/1196 1197/1197/1197
f 1198/1198/1198 1199/1199/1199 1200/1200/1200
f 1201/1201/1201 1202/1202/1202 1203/1203/1203
f 1204/1204/1204 1205/1205/1205 1206/1206/1206
f 1207/1207/1207 1208/1208/1208 1209/1209/1209
f 1210/1210/1210 1211/1211/1211 1212/1212/1212
f 1213/1213/1213 1214/1214/1214 1215/1215/1215
f 1216/1216/1216 1217/1217/1217 1218/1218/1218
f 1219/1219/1219 1220/1220/1220 1221/1221/1221
f 1222/1222/1222 1223/1223/1223 1224/1224/1224
f 1225/1225/1225 1226/1226/1226 1227/1227/1227
f 1228/1228/1228 1229/1229/1229 1230/1230/1230
f 1231/1231/1231 1232/1232/1232 1233/1233/1233
f 1234/1234/1234 1235/1235/1235 1236/1236/1236
f 1237/1237/1237 1238/1238/1238 1239/1239/1239
f 1240/1240/1240 1241/1241/1241 1242/1242/1242
f 1243/1243/1243 1244/1244/1244 1245/1245/1245
f 1246/1246/1246 1247/1247/1247 1248/1248/1248
f 1249/1249/1249 1250/1250/1250 1251/1251/1251
f 1252/1252/1252 1253/1253/1253 1254/1254/1254
f 1255/1255/1255 1256/1256/1256 1257/1257/1257
f 1258/1258/1258 1259/1259/1259 1260/1260/1260
f 1261/1261/1261 1262/1262/1262 1263/1263/1263
f 1264/1264/1264 1265/1265/1265 1266/1266/1266
f 1267/1267/1267 1268/1268/1268 1269/1269/1269
f 1270/1270/1270 1271/1271/1271 1272/1272/1272
f 1273/1273/1273 1274/1274/1274 1275/1275/1275
f 1276/1276/1276 1277/1277/1277 1278/1278/1278
f 1279/1279/1279 1280/1280/1280 1281/1281/1281
f 1282/1282/1282 1283/1283/1283 1284/1284/1284
f 1285/1285/1285 1286/1286/1286 1287/1287/1287
f 1288/1288/1288 1289/1289/1289 1290/1290/1290
f 1291/1291/1291 1292/1292/1292 1293/1293/1293
f 1294/1294/1294 1295/1295/1295 1296/1296/1296
f 1297/1297/1297 1298/1298/1298 1299/1299/1299
f 1300/1300/1300 1301/1301/1301 1302/1302/1302
f 1303/1303/1303 1304/1304/1304 1305/1305/1305
f 1306/1306/1306 1307/1307/1307 1308/1308/1308
f 1309/1309/1309 1310/1310/1310 1311/1311/1311
f 1312/1312/1312 1313/1313/1313 1314/1314/1314
f 1315/1315/1315 1316/1316/1316 1317/1317/1317
f 1318/1318/1318 1319/1319/1319 1320/1320/1320
f 1321/1321/1321 1322/1322/1322 1323/1323/1323
f 1324/1324/1324 1325/1325/1325 1326/1326/1326
f 1327/1327/1327 1328/1328/1328 1329/1329/1329
f 1330/1330/1330 1331/1331/1331 1332/1332/1332
f 1333/1333/1333 1334/1334/1334 1335/1335/1335
f 1336/1336/1336 1337/1337/1337 1338/1338/1338
f 1339/1339/1339 1340/1340/1340 1341/1341/1341
f 1342/1342/1342 1343/1343/1343 1344/1344/1344
f 1345/1345/1345 1346/1346/1346 1347/1347/1347
f 1348/1348/1348 1349/1349/1349 1350/1350/1350
f 1351/1351/1351 1352/1352/1352 1353/1353/1353
f 1354/1354/1354 1355/1355/1355 1356/1356/1356
f 1357/1357/1357 1358/1358/1358 1359/1359/1359
f 1360/1360/1360 1361/1361/1361 1362/1362/1362
f 1363/1363/1363 1364/1364/1364 1365/1365/1365
f 1366/1366/1366 1367/1367/1367 1368/1368/1368
f 1369/1369/1369 1370/1370/1370 1371/1371/1371
f 1372/1372/1372 1373/1373/1373 1374/1374/1374
f 1375/1375/1375 1376/1376/1376 1377/1377/1377
f 1378/1378/1378 1379/1379/1379 1380/1380/1380
f 1381/1381/1381 1382/1382/1382 1383/1383/1383
f 1384/1384/1384 1385/1385/1385 1386/1386/1386
f 1387/1387/1387 1388/1388/1388 1389/1389/1389
f 1390/1390/1390 1391/1391/1391 1392/1392/1392
f 1393/1393/1393 1394/1394/1394 1395/1395/1395
f 1396/1396/1396 1397/1397/1397 1398/1398/1398
f 1399/1399/1399 1400/1400/1400 1401/1401/1401
f 1402/1402/1402 1403/1403/1403 1404/1404/1404
f 1405/1405/1405 1406/1406/1406 1407/1407/1407
f 1408/1408/1408 1409/1409/1409 1410/1410/1410
f 1411/1411/1411 1412/1412/1412 1413/1413/1413
f 1414/1414/1414 1415/1415/1415 1416/1416/1416
f 1417/1417/1417 1418/1418/1418 1419/1419/1419
f 1420/1420/1420 1421/1421/1421 1422/1422/1422
f 1423/1423/1423 1424/1424/1424 1425/1425/1425
f 1426/1426/1426 1427/1427/1427 1428/1428/1428
f 1429/1429/1429 1430/1430/1430 1431/1431/1431
f 1432/1432/1432 1433/1433/1433 1434/1434/1434
f 1435/1435/1435 1436/1436/1436 1437/1437/1437
f 1438/1438/1438 1439/1439/1439 1440/1440/1440
f 1441/1441/1441 1442/1442/1442 1443/1443/1443
f 1444/1444/1444 1445/1445/1445 1446/1446/1446
f 1447/1447/1447 1448/1448/1448 1449/1449/1449
f 1450/1450/1450 1451/1451/1451 1452/1452/1452
f 1453/1453/1453 1454/1454/1454 1455/1455/1455
f 1456/1456/1456 1457/1457/1457 1458/1458/1458
f 1459/1459/1459 1460/1460/1460 1461/1461/1461
f 1462/1462/1462 1463/1463/1463 1464/1464/1464
f 1465/1465/1465 1466/1466/1466 1467/1467/1467
f 1468/1468/1468 1469/1469/1469 1470/1470/1470
f 1471/1471/1471 1472/1472/1472 1473/1473/1473
f 1474/1474/1474 1475/1475/1475 1476/1476/1476
f 1477/1477/1477 1478/1478/1478 1479/1479/1479
f 1480/1480/1480 1481/1481/1481 1482/1482/1482
f 1483/1483/1483 1484/1484/1484 1485/1485/1485
f 1486/1486/1486 1487/1487/1487 1488/1488/1488
f 1489/1489/1489 1490/1490/1490 1491/1491/1491
f 1492/1492/1492 1493/1493/1493 1494/1494/1494
f 1495/1495/1495 1496/1496/1496 1497/1497/1497
f 1498/1498/1498 1499/1499/1499 1500/1500/1500
o Boneclaw_Aug_Body.001
v 0.971373051410908 0.20130353192228306 -0.05042899540033108
v 1.0652841031610911 0.0783585287107848 0.13159199664030308
v 1.0652841031610911 0.0783585287107848 -0.1283359914120651
v 1.0652841031610911 0.0783585287107848 0.13159199664030308
v 0.971373051410908 0.20130353192228306 -0.05042899540033108
v 0.971373051410908 0.20130353192228306 0.05368500435385937
v 1.0652841031610911 0.0783585287107848 -0.1283359914120651
v 1.0652841031610911 0.0783585287107848 0.13159199664030308
v 1.0652841031610911 0.020644532091798673 0.10575400152836079
v 1.0652841031610911 0.020644532091798673 0.10575400152836079
v 1.0652841031610911 0.020644532091798673 -0.10247599473562008
v 1.0652841031610911 0.0783585287107848 -0.1283359914120651
v 1.0652841031610911 0.020644532091798673 0.10575400152836079
v 0.9947220981180613 -0.42351747532945644 0.10575400152836079
v 1.0652841031610911 0.020644532091798673 -0.10247599473562008
v 0.9947220981180613 -0.42351747532945644 -0.10247499635782009
v 1.0652841031610911 0.020644532091798673 -0.10247599473562008
v 0.9947220981180613 -0.42351747532945644 0.10575400152836079
v 0.9947220981180613 -0.42351747532945644 -0.10247499635782009
v 0.9947220981180613 -0.42351747532945644 0.10575400152836079
v 0.9924851357996409 -0.4673034646139718 0.10575400152836079
v 0.9924851357996409 -0.4673034646139718 0.10575400152836079
v 0.9924851357996409 -0.4673034646139718 -0.10247499635782009
v 0.9947220981180613 -0.42351747532945644 -0.10247499635782009
v 0.9924851357996409 -0.4673034646139718 -0.10247499635782009
v 0.9924851357996409 -0.4673034646139718 0.10575400152836079
v 0.9857771098673289 -0.5103344716654397 0.10575400152836079
v 0.9857771098673289 -0.5103344716654397 0.10575400152836079
v 0.9857771098673289 -0.5103344716654397 -0.10247499635782009
v 0.9924851357996409 -0.4673034646139718 -0.10247499635782009
v 0.8931561410486644 0.20130353192228306 -0.05042899540033108
v 0.8931561410486644 0.20130353192228306 0.05368500435385937
v 0.971373051410908 0.20130353192228306 -0.05042899540033108
v 0.971373051410908 0.20130353192228306 -0.05042899540033108
v 0.8931561410486644 0.20130353192228306 0.05368500435385937
v 0.971373051410908 0.20130353192228306 0.05368500435385937
v 0.9857771098673289 -0.5103344716654397 0.10575400152836079
v 0.914312094455952 -0.4673034646139718 0.10575400152836079
v 0.90760406852364 -0.5103344716654397 0.10575400152836079
v 0.914312094455952 -0.4673034646139718 0.10575400152836079
v 0.9857771098673289 -0.5103344716654397 0.10575400152836079
v 0.9924851357996409 -0.4673034646139718 0.10575400152836079
v 0.9924851357996409 -0.4673034646139718 0.10575400152836079
v 0.9165471494257396 -0.42351747532945644 0.10575400152836079
v 0.914312094455952 -0.4673034646139718 0.10575400152836079
v 0.9165471494257396 -0.42351747532945644 0.10575400152836079
v 0.9924851357996409 -0.4673034646139718 0.10575400152836079
v 0.9947220981180613 -0.42351747532945644 0.10575400152836079
v 0.9947220981180613 -0.42351747532945644 0.10575400152836079
v 0.9871110618174022 0.020644532091798673 0.10575400152836079
v 0.9165471494257396 -0.42351747532945644 0.10575400152836079
v 0.9871110618174022 0.020644532091798673 0.10575400152836079
v 0.9947220981180613 -0.42351747532945644 0.10575400152836079
v 1.0652841031610911 0.020644532091798673 0.10575400152836079
v 0.9871110618174022 0.020644532091798673 0.10575400152836079
v 1.0652841031610911 0.020644532091798673 0.10575400152836079
v 1.0652841031610911 0.0783585287107848 0.13159199664030308
v 0.9871110618174022 0.020644532091798673 0.10575400152836079
v 1.0652841031610911 0.0783585287107848 0.13159199664030308
v 0.9871110618174022 0.0783585287107848 0.13159199664030308
v 1.0652841031610911 0.0783585287107848 0.13159199664030308
v 0.971373051410908 0.20130353192228306 0.05368500435385937
v 0.9871110618174022 0.0783585287107848 0.13159199664030308
v 0.8931561410486644 0.20130353192228306 0.05368500435385937
v 0.9871110618174022 0.0783585287107848 0.13159199664030308
v 0.971373051410908 0.20130353192228306 0.05368500435385937
v 0.8931561410486644 0.20130353192228306 -0.05042899540033108
v 0.9871110618174022 0.0783585287107848 0.13159199664030308
v 0.8931561410486644 0.20130353192228306 0.05368500435385937
v 0.9871110618174022 0.0783585287107848 0.13159199664030308
v 0.8931561410486644 0.20130353192228306 -0.05042899540033108
v 0.9871110618174022 0.0783585287107848 -0.1283359914120651
v 0.9871110618174022 0.0783585287107848 0.13159199664030308
v 0.9871110618174022 0.0783585287107848 -0.1283359914120651
v 0.9871110618174022 0.020644532091798673 0.10575400152836079
v 0.9871110618174022 0.020644532091798673 0.10575400152836079
v 0.9871110618174022 0.0783585287107848 -0.1283359914120651
v 0.9871110618174022 0.020644532091798673 -0.10247499635782009
v 0.9871110618174022 0.020644532091798673 -0.10247499635782009
v 0.9165471494257396 -0.42351747532945644 0.10575400152836079
v 0.9871110618174022 0.020644532091798673 0.10575400152836079
v 0.9871110618174022 0.020644532091798673 -0.10247499635782009
v 0.9165471494257396 -0.42351747532945644 -0.10247499635782009
v 0.9165471494257396 -0.42351747532945644 0.10575400152836079
v 0.9165471494257396 -0.42351747532945644 -0.10247499635782009
v 0.914312094455952 -0.4673034646139718 0.10575400152836079
v 0.9165471494257396 -0.42351747532945644 0.10575400152836079
v 0.914312094455952 -0.4673034646139718 0.10575400152836079
v 0.9165471494257396 -0.42351747532945644 -0.10247499635782009
v 0.914312094455952 -0.4673034646139718 -0.10247499635782009
v 0.914312094455952 -0.4673034646139718 -0.10247499635782009
v 0.90760406852364 -0.5103344716654397 0.10575400152836079
v 0.914312094455952 -0.4673034646139718 0.10575400152836079
v 0.90760406852364 -0.5103344716654397 -0.10247499635782009
v 0.90760406852364 -0.5103344716654397 0.10575400152836079
v 0.914312094455952 -0.4673034646139718 -0.10247499635782009
v 0.9857771098673289 -0.5103344716654397 -0.10247499635782009
v 0.9857771098673289 -0.5103344716654397 0.10575400152836079
v 0.90760406852364 -0.5103344716654397 -0.10247499635782009
v 0.90760406852364 -0.5103344716654397 -0.10247499635782009
v 0.9857771098673289 -0.5103344716654397 0.10575400152836079
v 0.90760406852364 -0.5103344716654397 0.10575400152836079
v 0.914312094455952 -0.4673034646139718 -0.10247499635782009
v 0.9857771098673289 -0.5103344716654397 -0.10247499635782009
v 0.90760406852364 -0.5103344716654397 -0.10247499635782009
v 0.914312094455952 -0.4673034646139718 -0.10247499635782009
v 0.9924851357996409 -0.4673034646139718 -0.10247499635782009
v 0.9857771098673289 -0.5103344716654397 -0.10247499635782009
v 0.9165471494257396 -0.42351747532945644 -0.10247499635782009
v 0.9924851357996409 -0.4673034646139718 -0.10247499635782009
v 0.914312094455952 -0.4673034646139718 -0.10247499635782009
v 0.9165471494257396 -0.42351747532945644 -0.10247499635782009
v 0.9947220981180613 -0.42351747532945644 -0.10247499635782009
v 0.9924851357996409 -0.4673034646139718 -0.10247499635782009
v 0.9947220981180613 -0.42351747532945644 -0.10247499635782009
v 0.9165471494257396 -0.42351747532945644 -0.10247499635782009
v 0.9871110618174022 0.020644532091798673 -0.10247499635782009
v 1.0652841031610911 0.020644532091798673 -0.10247599473562008
v 0.9947220981180613 -0.42351747532945644 -0.10247499635782009
v 0.9871110618174022 0.020644532091798673 -0.10247499635782009
v 0.9871110618174022 0.0783585287107848 -0.1283359914120651
v 1.0652841031610911 0.020644532091798673 -0.10247599473562008
v 0.9871110618174022 0.020644532091798673 -0.10247499635782009
v 0.9871110618174022 0.0783585287107848 -0.1283359914120651
v 1.0652841031610911 0.0783585287107848 -0.1283359914120651
v 1.0652841031610911 0.020644532091798673 -0.10247599473562008
v 0.9871110618174022 0.0783585287107848 -0.1283359914120651
v 0.971373051410908 0.20130353192228306 -0.05042899540033108
v 1.0652841031610911 0.0783585287107848 -0.1283359914120651
v 0.971373051410908 0.20130353192228306 -0.05042899540033108
v 0.9871110618174022 0.0783585287107848 -0.1283359914120651
v 0.8931561410486644 0.20130353192228306 -0.05042899540033108
v 0.9339190423548167 -0.1599544682131387 0.1008140058222794
v 0.9246741235315745 -0.1402284674869157 -0.09829999646510845
v 0.9246741235315745 -0.1402284674869157 0.1008140058222794
v 0.9246741235315745 -0.1402284674869157 -0.09829999646510845
v 0.9339190423548167 -0.1599544682131387 0.1008140058222794
v 0.9339190423548167 -0.1599544682131387 -0.09829999646510845
v 0.9246741235315745 -0.17968446990114223 0.1008140058222794
v 0.9339190423548167 -0.1599544682131387 -0.09829999646510845
v 0.9339190423548167 -0.1599544682131387 0.1008140058222794
v 0.9339190423548167 -0.1599544682131387 -0.09829999646510845
v 0.9246741235315745 -0.17968446990114223 0.1008140058222794
v 0.9246741235315745 -0.17968446990114223 -0.09829999646510845
v 0.3308020532190745 -0.2191774644480325 0.1008140058222794
v 0.32155713439583233 -0.1994514711723901 -0.09829999646510845
v 0.32155713439583233 -0.1994514711723901 0.1008140058222794
v 0.32155713439583233 -0.1994514711723901 -0.09829999646510845
v 0.3308020532190745 -0.2191774644480325 0.1008140058222794
v 0.3308020532190745 -0.2191774644480325 -0.09829999646510845
v 0.32155713439583233 -0.23890347262483608 0.1008140058222794
v 0.3308020532190745 -0.2191774644480325 -0.09829999646510845
v 0.3308020532190745 -0.2191774644480325 0.1008140058222794
v 0.3308020532190745 -0.2191774644480325 -0.09829999646510845
v 0.32155713439583233 -0.23890347262483608 0.1008140058222794
v 0.32155713439583233 -0.23890347262483608 -0.09829999646510845
v 0.900422066456074 -0.45606247564416896 0.1008140058222794
v 0.8911771476328318 -0.4363354839907266 -0.09829999646510845
v 0.8911771476328318 -0.4363354839907266 0.1008140058222794
v 0.8911771476328318 -0.4363354839907266 -0.09829999646510845
v 0.900422066456074 -0.45606247564416896 0.1008140058222794
v 0.900422066456074 -0.45606247564416896 -0.09829999646510845
v 0.8911771476328318 -0.4757904805765725 0.1008140058222794
v 0.900422066456074 -0.45606247564416896 -0.09829999646510845
v 0.900422066456074 -0.45606247564416896 0.1008140058222794
v 0.900422066456074 -0.45606247564416896 -0.09829999646510845
v 0.8911771476328318 -0.4757904805765725 0.1008140058222794
v 0.8911771476328318 -0.4757904805765725 -0.09829999646510845
v 0.8800410926401561 -0.1402284674869157 -0.09829999646510845
v 0.9023570716440623 -0.1320584662781335 0.1008140058222794
v 0.9023570716440623 -0.1320584662781335 -0.09829999646510845
v 0.9023570716440623 -0.1320584662781335 0.1008140058222794
v 0.8800410926401561 -0.1402284674869157 -0.09829999646510845
v 0.8800410926401561 -0.1402284674869157 0.1008140058222794
v 0.9246741235315745 -0.1402284674869157 0.1008140058222794
v 0.9023570716440623 -0.1320584662781335 -0.09829999646510845
v 0.9023570716440623 -0.1320584662781335 0.1008140058222794
v 0.9023570716440623 -0.1320584662781335 -0.09829999646510845
v 0.9246741235315745 -0.1402284674869157 0.1008140058222794
v 0.9246741235315745 -0.1402284674869157 -0.09829999646510845
v 0.2768790423929637 -0.1994514711723901 -0.09829999646510845
v 0.2992391288340037 -0.19127846737962734 0.1008140058222794
v 0.2992391288340037 -0.19127846737962734 -0.09829999646510845
v 0.2992391288340037 -0.19127846737962734 0.1008140058222794
v 0.2768790423929637 -0.1994514711723901 -0.09829999646510845
v 0.2768790423929637 -0.1994514711723901 0.1008140058222794
v 0.32155713439583233 -0.1994514711723901 0.1008140058222794
v 0.2992391288340037 -0.19127846737962734 -0.09829999646510845
v 0.2992391288340037 -0.19127846737962734 0.1008140058222794
v 0.2992391288340037 -0.19127846737962734 -0.09829999646510845
v 0.32155713439583233 -0.1994514711723901 0.1008140058222794
v 0.32155713439583233 -0.1994514711723901 -0.09829999646510845
v 0.8465001285135692 -0.4363354839907266 -0.09829999646510845
v 0.8688170611917918 -0.4281644620524026 0.1008140058222794
v 0.8688170611917918 -0.4281644620524026 -0.09829999646510845
v 0.8688170611917918 -0.4281644620524026 0.1008140058222794
v 0.8465001285135692 -0.4363354839907266 -0.09829999646510845
v 0.8465001285135692 -0.4363354839907266 0.1008140058222794
v 0.8911771476328318 -0.4363354839907266 0.1008140058222794
v 0.8688170611917918 -0.4281644620524026 -0.09829999646510845
v 0.8688170611917918 -0.4281644620524026 0.1008140058222794
v 0.8688170611917918 -0.4281644620524026 -0.09829999646510845
v 0.8911771476328318 -0.4363354839907266 0.1008140058222794
v 0.8911771476328318 -0.4363354839907266 -0.09829999646510845
v 0.8465001285135692 -0.4757904805765725 0.1008140058222794
v 0.8688170611917918 -0.4281644620524026 0.1008140058222794
v 0.8372550904810374 -0.45606247564416896 0.1008140058222794
v 0.8465001285135692 -0.4757904805765725 0.1008140058222794
v 0.900422066456074 -0.45606247564416896 0.1008140058222794
v 0.8688170611917918 -0.4281644620524026 0.1008140058222794
v 0.8688170611917918 -0.4839614727125741 0.1008140058222794
v 0.900422066456074 -0.45606247564416896 0.1008140058222794
v 0.8465001285135692 -0.4757904805765725 0.1008140058222794
v 0.900422066456074 -0.45606247564416896 0.1008140058222794
v 0.8688170611917918 -0.4839614727125741 0.1008140058222794
v 0.8911771476328318 -0.4757904805765725 0.1008140058222794
v 0.8688170611917918 -0.4281644620524026 0.1008140058222794
v 0.900422066456074 -0.45606247564416896 0.1008140058222794
v 0.8911771476328318 -0.4363354839907266 0.1008140058222794
v 0.8372550904810374 -0.45606247564416896 0.1008140058222794
v 0.8688170611917918 -0.4281644620524026 0.1008140058222794
v 0.8465001285135692 -0.4363354839907266 0.1008140058222794
v 0.2768790423929637 -0.23890347262483608 0.1008140058222794
v 0.2768790423929637 -0.1994514711723901 0.1008140058222794
v 0.2676350772440379 -0.2191774644480325 0.1008140058222794
v 0.2768790423929637 -0.23890347262483608 0.1008140058222794
v 0.3308020532190745 -0.2191774644480325 0.1008140058222794
v 0.2768790423929637 -0.1994514711723901 0.1008140058222794
v 0.2992391288340037 -0.24707747479539882 0.1008140058222794
v 0.3308020532190745 -0.2191774644480325 0.1008140058222794
v 0.2768790423929637 -0.23890347262483608 0.1008140058222794
v 0.3308020532190745 -0.2191774644480325 0.1008140058222794
v 0.2992391288340037 -0.24707747479539882 0.1008140058222794
v 0.32155713439583233 -0.23890347262483608 0.1008140058222794
v 0.2768790423929637 -0.1994514711723901 0.1008140058222794
v 0.3308020532190745 -0.2191774644480325 0.1008140058222794
v 0.2992391288340037 -0.19127846737962734 0.1008140058222794
v 0.2992391288340037 -0.19127846737962734 0.1008140058222794
v 0.3308020532190745 -0.2191774644480325 0.1008140058222794
v 0.32155713439583233 -0.1994514711723901 0.1008140058222794
v 0.8800410926401561 -0.17968446990114223 0.1008140058222794
v 0.9023570716440623 -0.1320584662781335 0.1008140058222794
v 0.8707960546076243 -0.1599544682131387 0.1008140058222794
v 0.9023570716440623 -0.1320584662781335 0.1008140058222794
v 0.8800410926401561 -0.17968446990114223 0.1008140058222794
v 0.9246741235315745 -0.17968446990114223 0.1008140058222794
v 0.9246741235315745 -0.17968446990114223 0.1008140058222794
v 0.8800410926401561 -0.17968446990114223 0.1008140058222794
v 0.9023570716440623 -0.18785446365934383 0.1008140058222794
v 0.9023570716440623 -0.1320584662781335 0.1008140058222794
v 0.9246741235315745 -0.17968446990114223 0.1008140058222794
v 0.9339190423548167 -0.1599544682131387 0.1008140058222794
v 0.9023570716440623 -0.1320584662781335 0.1008140058222794
v 0.9339190423548167 -0.1599544682131387 0.1008140058222794
v 0.9246741235315745 -0.1402284674869157 0.1008140058222794
v 0.8707960546076243 -0.1599544682131387 0.1008140058222794
v 0.9023570716440623 -0.1320584662781335 0.1008140058222794
v 0.8800410926401561 -0.1402284674869157 0.1008140058222794
v 0.8707960546076243 -0.1599544682131387 -0.09829999646510845
v 0.8800410926401561 -0.1402284674869157 0.1008140058222794
v 0.8800410926401561 -0.1402284674869157 -0.09829999646510845
v 0.8800410926401561 -0.1402284674869157 0.1008140058222794
v 0.8707960546076243 -0.1599544682131387 -0.09829999646510845
v 0.8707960546076243 -0.1599544682131387 0.1008140058222794
v 0.8800410926401561 -0.17968446990114223 -0.09829999646510845
v 0.8707960546076243 -0.1599544682131387 0.1008140058222794
v 0.8707960546076243 -0.1599544682131387 -0.09829999646510845
v 0.8707960546076243 -0.1599544682131387 0.1008140058222794
v 0.8800410926401561 -0.17968446990114223 -0.09829999646510845
v 0.8800410926401561 -0.17968446990114223 0.1008140058222794
v 0.2676350772440379 -0.2191774644480325 -0.09829999646510845
v 0.2768790423929637 -0.1994514711723901 0.1008140058222794
v 0.2768790423929637 -0.1994514711723901 -0.09829999646510845
v 0.2768790423929637 -0.1994514711723901 0.1008140058222794
v 0.2676350772440379 -0.2191774644480325 -0.09829999646510845
v 0.2676350772440379 -0.2191774644480325 0.1008140058222794
v 0.2768790423929637 -0.23890347262483608 -0.09829999646510845
v 0.2676350772440379 -0.2191774644480325 0.1008140058222794
v 0.2676350772440379 -0.2191774644480325 -0.09829999646510845
v 0.2676350772440379 -0.2191774644480325 0.1008140058222794
v 0.2768790423929637 -0.23890347262483608 -0.09829999646510845
v 0.2768790423929637 -0.23890347262483608 0.1008140058222794
v 0.8372550904810374 -0.45606247564416896 -0.09829999646510845
v 0.8465001285135692 -0.4363354839907266 0.1008140058222794
v 0.8465001285135692 -0.4363354839907266 -0.09829999646510845
v 0.8465001285135692 -0.4363354839907266 0.1008140058222794
v 0.8372550904810374 -0.45606247564416896 -0.09829999646510845
v 0.8372550904810374 -0.45606247564416896 0.1008140058222794
v 0.8465001285135692 -0.4757904805765725 -0.09829999646510845
v 0.8372550904810374 -0.45606247564416896 0.1008140058222794
v 0.8372550904810374 -0.45606247564416896 -0.09829999646510845
v 0.8372550904810374 -0.45606247564416896 0.1008140058222794
v 0.8465001285135692 -0.4757904805765725 -0.09829999646510845
v 0.8465001285135692 -0.4757904805765725 0.1008140058222794
v 0.9023570716440623 -0.18785446365934383 -0.09829999646510845
v 0.8800410926401561 -0.17968446990114223 0.1008140058222794
v 0.8800410926401561 -0.17968446990114223 -0.09829999646510845
v 0.8800410926401561 -0.17968446990114223 0.1008140058222794
v 0.9023570716440623 -0.18785446365934383 -0.09829999646510845
v 0.9023570716440623 -0.18785446365934383 0.1008140058222794
v 0.9023570716440623 -0.18785446365934383 0.1008140058222794
v 0.9246741235315745 -0.17968446990114223 -0.09829999646510845
v 0.9246741235315745 -0.17968446990114223 0.1008140058222794
v 0.9246741235315745 -0.17968446990114223 -0.09829999646510845
v 0.9023570716440623 -0.18785446365934383 0.1008140058222794
v 0.9023570716440623 -0.18785446365934383 -0.09829999646510845
v 0.2992391288340037 -0.24707747479539882 -0.09829999646510845
v 0.2768790423929637 -0.23890347262483608 0.1008140058222794
v 0.2768790423929637 -0.23890347262483608 -0.09829999646510845
v 0.2768790423929637 -0.23890347262483608 0.1008140058222794
v 0.2992391288340037 -0.24707747479539882 -0.09829999646510845
v 0.2992391288340037 -0.24707747479539882 0.1008140058222794
v 0.2992391288340037 -0.24707747479539882 0.1008140058222794
v 0.32155713439583233 -0.23890347262483608 -0.09829999646510845
v 0.32155713439583233 -0.23890347262483608 0.1008140058222794
v 0.32155713439583233 -0.23890347262483608 -0.09829999646510845
v 0.2992391288340037 -0.24707747479539882 0.1008140058222794
v 0.2992391288340037 -0.24707747479539882 -0.09829999646510845
v 0.8688170611917918 -0.4839614727125741 -0.09829999646510845
v 0.8465001285135692 -0.4757904805765725 0.1008140058222794
v 0.8465001285135692 -0.4757904805765725 -0.09829999646510845
v 0.8465001285135692 -0.4757904805765725 0.1008140058222794
v 0.8688170611917918 -0.4839614727125741 -0.09829999646510845
v 0.8688170611917918 -0.4839614727125741 0.1008140058222794
v 0.8688170611917918 -0.4839614727125741 0.1008140058222794
v 0.8911771476328318 -0.4757904805765725 -0.09829999646510845
v 0.8911771476328318 -0.4757904805765725 0.1008140058222794
v 0.8911771476328318 -0.4757904805765725 -0.09829999646510845
v 0.8688170611917918 -0.4839614727125741 0.1008140058222794
v 0.8688170611917918 -0.4839614727125741 -0.09829999646510845
v 0.900422066456074 -0.45606247564416896 -0.09829999646510845
v 0.8688170611917918 -0.4281644620524026 -0.09829999646510845
v 0.8911771476328318 -0.4363354839907266 -0.09829999646510845
v 0.900422066456074 -0.45606247564416896 -0.09829999646510845
v 0.8465001285135692 -0.4757904805765725 -0.09829999646510845
v 0.8688170611917918 -0.4281644620524026 -0.09829999646510845
v 0.8465001285135692 -0.4757904805765725 -0.09829999646510845
v 0.900422066456074 -0.45606247564416896 -0.09829999646510845
v 0.8688170611917918 -0.4839614727125741 -0.09829999646510845
v 0.8688170611917918 -0.4839614727125741 -0.09829999646510845
v 0.900422066456074 -0.45606247564416896 -0.09829999646510845
v 0.8911771476328318 -0.4757904805765725 -0.09829999646510845
v 0.8372550904810374 -0.45606247564416896 -0.09829999646510845
v 0.8688170611917918 -0.4281644620524026 -0.09829999646510845
v 0.8465001285135692 -0.4757904805765725 -0.09829999646510845
v 0.8688170611917918 -0.4281644620524026 -0.09829999646510845
v 0.8372550904810374 -0.45606247564416896 -0.09829999646510845
v 0.8465001285135692 -0.4363354839907266 -0.09829999646510845
v 0.3308020532190745 -0.2191774644480325 -0.09829999646510845
v 0.2992391288340037 -0.19127846737962734 -0.09829999646510845
v 0.32155713439583233 -0.1994514711723901 -0.09829999646510845
v 0.2992391288340037 -0.19127846737962734 -0.09829999646510845
v 0.3308020532190745 -0.2191774644480325 -0.09829999646510845
v 0.2768790423929637 -0.1994514711723901 -0.09829999646510845
v 0.3308020532190745 -0.2191774644480325 -0.09829999646510845
v 0.2768790423929637 -0.23890347262483608 -0.09829999646510845
v 0.2768790423929637 -0.1994514711723901 -0.09829999646510845
v 0.2768790423929637 -0.23890347262483608 -0.09829999646510845
v 0.3308020532190745 -0.2191774644480325 -0.09829999646510845
v 0.2992391288340037 -0.24707747479539882 -0.09829999646510845
v 0.2992391288340037 -0.24707747479539882 -0.09829999646510845
v 0.3308020532190745 -0.2191774644480325 -0.09829999646510845
v 0.32155713439583233 -0.23890347262483608 -0.09829999646510845
v 0.2768790423929637 -0.1994514711723901 -0.09829999646510845
v 0.2768790423929637 -0.23890347262483608 -0.09829999646510845
v 0.2676350772440379 -0.2191774644480325 -0.09829999646510845
v 0.9339190423548167 -0.1599544682131387 -0.09829999646510845
v 0.9023570716440623 -0.1320584662781335 -0.09829999646510845
v 0.9246741235315745 -0.1402284674869157 -0.09829999646510845
v 0.9246741235315745 -0.17968446990114223 -0.09829999646510845
v 0.9023570716440623 -0.1320584662781335 -0.09829999646510845
v 0.9339190423548167 -0.1599544682131387 -0.09829999646510845
v 0.8800410926401561 -0.17968446990114223 -0.09829999646510845
v 0.9023570716440623 -0.1320584662781335 -0.09829999646510845
v 0.9246741235315745 -0.17968446990114223 -0.09829999646510845
v 0.8800410926401561 -0.17968446990114223 -0.09829999646510845
v 0.9246741235315745 -0.17968446990114223 -0.09829999646510845
v 0.9023570716440623 -0.18785446365934383 -0.09829999646510845
v 0.8707960546076243 -0.1599544682131387 -0.09829999646510845
v 0.9023570716440623 -0.1320584662781335 -0.09829999646510845
v 0.8800410926401561 -0.17968446990114223 -0.09829999646510845
v 0.9023570716440623 -0.1320584662781335 -0.09829999646510845
v 0.8707960546076243 -0.1599544682131387 -0.09829999646510845
v 0.8800410926401561 -0.1402284674869157 -0.09829999646510845
v 0.9394230544626658 0.18720953682798375 0.04914000490341419
v 1.0333780944406932 0.0687675304188155 -0.11768999835815197
v 0.9394230544626658 0.18720953682798375 -0.046254997610709725
v 1.0333780944406932 0.0687675304188155 0.12057500192556614
v 1.0333780944406932 0.0687675304188155 -0.11768999835815197
v 0.9394230544626658 0.18720953682798375 0.04914000490341419
v 1.0333780944406932 0.0687675304188155 -0.11768999835815197
v 1.0333780944406932 0.0687675304188155 0.12057500192556614
v 1.0333780944406932 0.013165531255187879 0.09664000430736774
v 1.0333780944406932 0.013165531255187879 0.09664000430736774
v 1.0333780944406932 0.013165531255187879 -0.0941259949501968
v 1.0333780944406932 0.0687675304188155 -0.11768999835815197
v 1.0333780944406932 0.013165531255187879 0.09664000430736774
v 0.9627730548441356 -0.4147304691897012 0.09664000430736774
v 1.0333780944406932 0.013165531255187879 -0.0941259949501968
v 0.9627730548441356 -0.4147304691897012 -0.0941259949501968
v 1.0333780944406932 0.013165531255187879 -0.0941259949501968
v 0.9627730548441356 -0.4147304691897012 0.09664000430736774
v 0.9627730548441356 -0.4147304691897012 -0.0941259949501968
v 0.9627730548441356 -0.4147304691897012 0.09664000430736774
v 0.960579127079243 -0.4569134809599496 0.09664000430736774
v 0.960579127079243 -0.4569134809599496 0.09664000430736774
v 0.960579127079243 -0.4569134809599496 -0.0941259949501968
v 0.9627730548441356 -0.4147304691897012 -0.0941259949501968
v 0.960579127079243 -0.4569134809599496 -0.0941259949501968
v 0.960579127079243 -0.4569134809599496 0.09664000430736774
v 0.953871101146931 -0.4983684815989114 0.09664000430736774
v 0.953871101146931 -0.4983684815989114 0.09664000430736774
v 0.953871101146931 -0.4983684815989114 -0.0941259949501968
v 0.960579127079243 -0.4569134809599496 -0.0941259949501968
vt 24.017099380493164 -30.882999420166016
vt 23.957199096679688 -30.92340087890625
vt 24.042800903320312 -30.92340087890625
vt 23.957199096679688 -30.92340087890625
vt 24.017099380493164 -30.882999420166016
vt 23.982900619506836 -30.882999420166016
vt 24.042800903320312 -30.92340087890625
vt 23.957199096679688 -30.92340087890625
vt 23.96579933166504 -30.942399978637695
vt 23.96579933166504 -30.942399978637695
vt 24.03420066833496 -30.942399978637695
vt 24.042800903320312 -30.92340087890625
vt 23.96579933166504 -30.942399978637695
vt 23.96579933166504 -31.088499069213867
vt 24.03420066833496 -30.942399978637695
vt 24.03420066833496 -31.088499069213867
vt 24.03420066833496 -30.942399978637695
vt 23.96579933166504 -31.088499069213867
vt 24.03420066833496 -31.088499069213867
vt 23.96579933166504 -31.088499069213867
vt 23.96579933166504 -31.1028995513916
vt 23.96579933166504 -31.1028995513916
vt 24.03420066833496 -31.1028995513916
vt 24.03420066833496 -31.088499069213867
vt 24.03420066833496 -31.1028995513916
vt 23.96579933166504 -31.1028995513916
vt 23.96579933166504 -31.117000579833984
vt 23.96579933166504 -31.117000579833984
vt 24.03420066833496 -31.117000579833984
vt 24.03420066833496 -31.1028995513916
vt 24.024999618530273 -31.017099380493164
vt 24.024999618530273 -30.982900619506836
vt 24.002300262451172 -31.017099380493164
vt 24.002300262451172 -31.017099380493164
vt 24.024999618530273 -30.982900619506836
vt 24.002300262451172 -30.982900619506836
vt 24.00189971923828 -31.117000579833984
vt 23.98110008239746 -31.1028995513916
vt 23.97920036315918 -31.117000579833984
vt 23.98110008239746 -31.1028995513916
vt 24.00189971923828 -31.117000579833984
vt 24.0039005279541 -31.1028995513916
vt 24.0039005279541 -31.1028995513916
vt 23.981800079345703 -31.088499069213867
vt 23.98110008239746 -31.1028995513916
vt 23.981800079345703 -31.088499069213867
vt 24.0039005279541 -31.1028995513916
vt 24.004499435424805 -31.088499069213867
vt 24.004499435424805 -31.088499069213867
vt 24.002300262451172 -30.942399978637695
vt 23.981800079345703 -31.088499069213867
vt 24.002300262451172 -30.942399978637695
vt 24.004499435424805 -31.088499069213867
vt 24.024999618530273 -30.942399978637695
vt 24.002300262451172 -30.942399978637695
vt 24.024999618530273 -30.942399978637695
vt 24.024999618530273 -30.92340087890625
vt 24.002300262451172 -30.942399978637695
vt 24.024999618530273 -30.92340087890625
vt 24.002300262451172 -30.92340087890625
vt 24.024999618530273 -30.92340087890625
vt 23.997699737548828 -30.882999420166016
vt 24.002300262451172 -30.92340087890625
vt 23.975000381469727 -30.882999420166016
vt 24.002300262451172 -30.92340087890625
vt 23.997699737548828 -30.882999420166016
vt 23.982900619506836 -30.882999420166016
vt 24.042800903320312 -30.92340087890625
vt 24.017099380493164 -30.882999420166016
vt 24.042800903320312 -30.92340087890625
vt 23.982900619506836 -30.882999420166016
vt 23.957199096679688 -30.92340087890625
vt 24.042800903320312 -30.92340087890625
vt 23.957199096679688 -30.92340087890625
vt 24.03420066833496 -30.942399978637695
vt 24.03420066833496 -30.942399978637695
vt 23.957199096679688 -30.92340087890625
vt 23.96579933166504 -30.942399978637695
vt 23.96579933166504 -30.942399978637695
vt 24.03420066833496 -31.088499069213867
vt 24.03420066833496 -30.942399978637695
vt 23.96579933166504 -30.942399978637695
vt 23.96579933166504 -31.088499069213867
vt 24.03420066833496 -31.088499069213867
vt 23.96579933166504 -31.088499069213867
vt 24.03420066833496 -31.1028995513916
vt 24.03420066833496 -31.088499069213867
vt 24.03420066833496 -31.1028995513916
vt 23.96579933166504 -31.088499069213867
vt 23.96579933166504 -31.1028995513916
vt 23.96579933166504 -31.1028995513916
vt 24.03420066833496 -31.117000579833984
vt 24.03420066833496 -31.1028995513916
vt 23.96579933166504 -31.117000579833984
vt 24.03420066833496 -31.117000579833984
vt 23.96579933166504 -31.1028995513916
vt 24.00189971923828 -31.03420066833496
vt 24.00189971923828 -30.96579933166504
vt 23.97920036315918 -31.03420066833496
vt 23.97920036315918 -31.03420066833496
vt 24.00189971923828 -30.96579933166504
vt 23.97920036315918 -30.96579933166504
vt 24.01889991760254 -31.1028995513916
vt 23.99810028076172 -31.117000579833984
vt 24.02079963684082 -31.117000579833984
vt 24.01889991760254 -31.1028995513916
vt 23.9960994720459 -31.1028995513916
vt 23.99810028076172 -31.117000579833984
vt 24.018199920654297 -31.088499069213867
vt 23.9960994720459 -31.1028995513916
vt 24.01889991760254 -31.1028995513916
vt 24.018199920654297 -31.088499069213867
vt 23.995500564575195 -31.088499069213867
vt 23.9960994720459 -31.1028995513916
vt 23.995500564575195 -31.088499069213867
vt 24.018199920654297 -31.088499069213867
vt 23.997699737548828 -30.942399978637695
vt 23.975000381469727 -30.942399978637695
vt 23.995500564575195 -31.088499069213867
vt 23.997699737548828 -30.942399978637695
vt 23.997699737548828 -30.92340087890625
vt 23.975000381469727 -30.942399978637695
vt 23.997699737548828 -30.942399978637695
vt 23.997699737548828 -30.92340087890625
vt 23.975000381469727 -30.92340087890625
vt 23.975000381469727 -30.942399978637695
vt 23.997699737548828 -30.92340087890625
vt 24.002300262451172 -30.882999420166016
vt 23.975000381469727 -30.92340087890625
vt 24.002300262451172 -30.882999420166016
vt 23.997699737548828 -30.92340087890625
vt 24.024999618530273 -30.882999420166016
vt 5.9672698974609375 -10.951299667358398
vt 6.0327301025390625 -10.94480037689209
vt 5.9672698974609375 -10.94480037689209
vt 6.0327301025390625 -10.94480037689209
vt 5.9672698974609375 -10.951299667358398
vt 6.0327301025390625 -10.951299667358398
vt 5.9672698974609375 -10.957799911499023
vt 6.0327301025390625 -10.951299667358398
vt 5.9672698974609375 -10.951299667358398
vt 6.0327301025390625 -10.951299667358398
vt 5.9672698974609375 -10.957799911499023
vt 6.0327301025390625 -10.957799911499023
vt 5.9672698974609375 -10.970800399780273
vt 6.0327301025390625 -10.964300155639648
vt 5.9672698974609375 -10.964300155639648
vt 6.0327301025390625 -10.964300155639648
vt 5.9672698974609375 -10.970800399780273
vt 6.0327301025390625 -10.970800399780273
vt 5.9672698974609375 -10.977299690246582
vt 6.0327301025390625 -10.970800399780273
vt 5.9672698974609375 -10.970800399780273
vt 6.0327301025390625 -10.970800399780273
vt 5.9672698974609375 -10.977299690246582
vt 6.0327301025390625 -10.977299690246582
vt 5.9672698974609375 -11.048700332641602
vt 6.0327301025390625 -11.042200088500977
vt 5.9672698974609375 -11.042200088500977
vt 6.0327301025390625 -11.042200088500977
vt 5.9672698974609375 -11.048700332641602
vt 6.0327301025390625 -11.048700332641602
vt 5.9672698974609375 -11.05519962310791
vt 6.0327301025390625 -11.048700332641602
vt 5.9672698974609375 -11.048700332641602
vt 6.0327301025390625 -11.048700332641602
vt 5.9672698974609375 -11.05519962310791
vt 6.0327301025390625 -11.05519962310791
vt 5.918829917907715 -11.032699584960938
vt 5.91234016418457 -10.967300415039062
vt 5.91234016418457 -11.032699584960938
vt 5.91234016418457 -10.967300415039062
vt 5.918829917907715 -11.032699584960938
vt 5.918829917907715 -10.967300415039062
vt 5.905849933624268 -10.967300415039062
vt 5.91234016418457 -11.032699584960938
vt 5.91234016418457 -10.967300415039062
vt 5.91234016418457 -11.032699584960938
vt 5.905849933624268 -10.967300415039062
vt 5.905849933624268 -11.032699584960938
vt 6.094150066375732 -11.032699584960938
vt 6.08765983581543 -10.967300415039062
vt 6.08765983581543 -11.032699584960938
vt 6.08765983581543 -10.967300415039062
vt 6.094150066375732 -11.032699584960938
vt 6.094150066375732 -10.967300415039062
vt 6.081170082092285 -10.967300415039062
vt 6.08765983581543 -11.032699584960938
vt 6.08765983581543 -10.967300415039062
vt 6.08765983581543 -11.032699584960938
vt 6.081170082092285 -10.967300415039062
vt 6.081170082092285 -11.032699584960938
vt 5.928569793701172 -11.032699584960938
vt 5.922080039978027 -10.967300415039062
vt 5.922080039978027 -11.032699584960938
vt 5.922080039978027 -10.967300415039062
vt 5.928569793701172 -11.032699584960938
vt 5.928569793701172 -10.967300415039062
vt 5.915589809417725 -10.967300415039062
vt 5.922080039978027 -11.032699584960938
vt 5.922080039978027 -10.967300415039062
vt 5.922080039978027 -11.032699584960938
vt 5.915589809417725 -10.967300415039062
vt 5.915589809417725 -11.032699584960938
vt 6.071430206298828 -11.05519962310791
vt 6.077919960021973 -11.03950023651123
vt 6.068749904632568 -11.048700332641602
vt 6.071430206298828 -11.05519962310791
vt 6.087100028991699 -11.048700332641602
vt 6.077919960021973 -11.03950023651123
vt 6.077919960021973 -11.057900428771973
vt 6.087100028991699 -11.048700332641602
vt 6.071430206298828 -11.05519962310791
vt 6.087100028991699 -11.048700332641602
vt 6.077919960021973 -11.057900428771973
vt 6.084410190582275 -11.05519962310791
vt 6.077919960021973 -11.03950023651123
vt 6.087100028991699 -11.048700332641602
vt 6.084410190582275 -11.042200088500977
vt 6.068749904632568 -11.048700332641602
vt 6.077919960021973 -11.03950023651123
vt 6.071430206298828 -11.042200088500977
vt 5.905849933624268 -10.977299690246582
vt 5.905849933624268 -10.964300155639648
vt 5.903160095214844 -10.970800399780273
vt 5.905849933624268 -10.977299690246582
vt 5.921510219573975 -10.970800399780273
vt 5.905849933624268 -10.964300155639648
vt 5.91234016418457 -10.979999542236328
vt 5.921510219573975 -10.970800399780273
vt 5.905849933624268 -10.977299690246582
vt 5.921510219573975 -10.970800399780273
vt 5.91234016418457 -10.979999542236328
vt 5.918829917907715 -10.977299690246582
vt 5.905849933624268 -10.964300155639648
vt 5.921510219573975 -10.970800399780273
vt 5.91234016418457 -10.961600303649902
vt 5.91234016418457 -10.961600303649902
vt 5.921510219573975 -10.970800399780273
vt 5.918829917907715 -10.964300155639648
vt 6.081170082092285 -10.957799911499023
vt 6.08765983581543 -10.942099571228027
vt 6.078489780426025 -10.951299667358398
vt 6.08765983581543 -10.942099571228027
vt 6.081170082092285 -10.957799911499023
vt 6.094150066375732 -10.957799911499023
vt 6.094150066375732 -10.957799911499023
vt 6.081170082092285 -10.957799911499023
vt 6.08765983581543 -10.96049976348877
vt 6.08765983581543 -10.942099571228027
vt 6.094150066375732 -10.957799911499023
vt 6.096839904785156 -10.951299667358398
vt 6.08765983581543 -10.942099571228027
vt 6.096839904785156 -10.951299667358398
vt 6.094150066375732 -10.94480037689209
vt 6.078489780426025 -10.951299667358398
vt 6.08765983581543 -10.942099571228027
vt 6.081170082092285 -10.94480037689209
vt 5.9672698974609375 -10.951299667358398
vt 6.0327301025390625 -10.94480037689209
vt 5.9672698974609375 -10.94480037689209
vt 6.0327301025390625 -10.94480037689209
vt 5.9672698974609375 -10.951299667358398
vt 6.0327301025390625 -10.951299667358398
vt 5.9672698974609375 -10.957799911499023
vt 6.0327301025390625 -10.951299667358398
vt 5.9672698974609375 -10.951299667358398
vt 6.0327301025390625 -10.951299667358398
vt 5.9672698974609375 -10.957799911499023
vt 6.0327301025390625 -10.957799911499023
vt 5.9672698974609375 -10.970800399780273
vt 6.0327301025390625 -10.964300155639648
vt 5.9672698974609375 -10.964300155639648
vt 6.0327301025390625 -10.964300155639648
vt 5.9672698974609375 -10.970800399780273
vt 6.0327301025390625 -10.970800399780273
vt 5.9672698974609375 -10.977299690246582
vt 6.0327301025390625 -10.970800399780273
vt 5.9672698974609375 -10.970800399780273
vt 6.0327301025390625 -10.970800399780273
vt 5.9672698974609375 -10.977299690246582
vt 6.0327301025390625 -10.977299690246582
vt 5.9672698974609375 -11.048700332641602
vt 6.0327301025390625 -11.042200088500977
vt 5.9672698974609375 -11.042200088500977
vt 6.0327301025390625 -11.042200088500977
vt 5.9672698974609375 -11.048700332641602
vt 6.0327301025390625 -11.048700332641602
vt 5.9672698974609375 -11.05519962310791
vt 6.0327301025390625 -11.048700332641602
vt 5.9672698974609375 -11.048700332641602
vt 6.0327301025390625 -11.048700332641602
vt 5.9672698974609375 -11.05519962310791
vt 6.0327301025390625 -11.05519962310791
vt 6.08765983581543 -11.032699584960938
vt 6.081170082092285 -10.967300415039062
vt 6.081170082092285 -11.032699584960938
vt 6.081170082092285 -10.967300415039062
vt 6.08765983581543 -11.032699584960938
vt 6.08765983581543 -10.967300415039062
vt 6.08765983581543 -10.967300415039062
vt 6.094150066375732 -11.032699584960938
vt 6.094150066375732 -10.967300415039062
vt 6.094150066375732 -11.032699584960938
vt 6.08765983581543 -10.967300415039062
vt 6.08765983581543 -11.032699584960938
vt 5.91234016418457 -11.032699584960938
vt 5.905849933624268 -10.967300415039062
vt 5.905849933624268 -11.032699584960938
vt 5.905849933624268 -10.967300415039062
vt 5.91234016418457 -11.032699584960938
vt 5.91234016418457 -10.967300415039062
vt 5.91234016418457 -10.967300415039062
vt 5.918829917907715 -11.032699584960938
vt 5.918829917907715 -10.967300415039062
vt 5.918829917907715 -11.032699584960938
vt 5.91234016418457 -10.967300415039062
vt 5.91234016418457 -11.032699584960938
vt 6.077919960021973 -11.032699584960938
vt 6.071430206298828 -10.967300415039062
vt 6.071430206298828 -11.032699584960938
vt 6.071430206298828 -10.967300415039062
vt 6.077919960021973 -11.032699584960938
vt 6.077919960021973 -10.967300415039062
vt 6.077919960021973 -10.967300415039062
vt 6.084410190582275 -11.032699584960938
vt 6.084410190582275 -10.967300415039062
vt 6.084410190582275 -11.032699584960938
vt 6.077919960021973 -10.967300415039062
vt 6.077919960021973 -11.032699584960938
vt 5.912899971008301 -11.048700332641602
vt 5.922080039978027 -11.03950023651123
vt 5.915589809417725 -11.042200088500977
vt 5.912899971008301 -11.048700332641602
vt 5.928569793701172 -11.05519962310791
vt 5.922080039978027 -11.03950023651123
vt 5.928569793701172 -11.05519962310791
vt 5.912899971008301 -11.048700332641602
vt 5.922080039978027 -11.057900428771973
vt 5.922080039978027 -11.057900428771973
vt 5.912899971008301 -11.048700332641602
vt 5.915589809417725 -11.05519962310791
vt 5.931250095367432 -11.048700332641602
vt 5.922080039978027 -11.03950023651123
vt 5.928569793701172 -11.05519962310791
vt 5.922080039978027 -11.03950023651123
vt 5.931250095367432 -11.048700332641602
vt 5.928569793701172 -11.042200088500977
vt 6.078489780426025 -10.970800399780273
vt 6.08765983581543 -10.961600303649902
vt 6.081170082092285 -10.964300155639648
vt 6.08765983581543 -10.961600303649902
vt 6.078489780426025 -10.970800399780273
vt 6.094150066375732 -10.964300155639648
vt 6.078489780426025 -10.970800399780273
vt 6.094150066375732 -10.977299690246582
vt 6.094150066375732 -10.964300155639648
vt 6.094150066375732 -10.977299690246582
vt 6.078489780426025 -10.970800399780273
vt 6.08765983581543 -10.979999542236328
vt 6.08765983581543 -10.979999542236328
vt 6.078489780426025 -10.970800399780273
vt 6.081170082092285 -10.977299690246582
vt 6.094150066375732 -10.964300155639648
vt 6.094150066375732 -10.977299690246582
vt 6.096839904785156 -10.970800399780273
vt 5.903160095214844 -10.951299667358398
vt 5.91234016418457 -10.942099571228027
vt 5.905849933624268 -10.94480037689209
vt 5.905849933624268 -10.957799911499023
vt 5.91234016418457 -10.942099571228027
vt 5.903160095214844 -10.951299667358398
vt 5.918829917907715 -10.957799911499023
vt 5.91234016418457 -10.942099571228027
vt 5.905849933624268 -10.957799911499023
vt 5.918829917907715 -10.957799911499023
vt 5.905849933624268 -10.957799911499023
vt 5.91234016418457 -10.96049976348877
vt 5.921510219573975 -10.951299667358398
vt 5.91234016418457 -10.942099571228027
vt 5.918829917907715 -10.957799911499023
vt 5.91234016418457 -10.942099571228027
vt 5.921510219573975 -10.951299667358398
vt 5.918829917907715 -10.94480037689209
vt 35.98429870605469 -2.872770071029663
vt 36.03919982910156 -2.9117400646209717
vt 36.01570129394531 -2.872770071029663
vt 35.96080017089844 -2.9117400646209717
vt 36.03919982910156 -2.9117400646209717
vt 35.98429870605469 -2.872770071029663
vt 36.03919982910156 -2.9117400646209717
vt 35.96080017089844 -2.9117400646209717
vt 35.96860122680664 -2.9300200939178467
vt 35.96860122680664 -2.9300200939178467
vt 36.03139877319336 -2.9300200939178467
vt 36.03919982910156 -2.9117400646209717
vt 35.96860122680664 -2.9300200939178467
vt 35.96860122680664 -3.070780038833618
vt 36.03139877319336 -2.9300200939178467
vt 36.03139877319336 -3.070780038833618
vt 36.03139877319336 -2.9300200939178467
vt 35.96860122680664 -3.070780038833618
vt 36.03139877319336 -3.070780038833618
vt 35.96860122680664 -3.070780038833618
vt 35.96860122680664 -3.084660053253174
vt 35.96860122680664 -3.084660053253174
vt 36.03139877319336 -3.084660053253174
vt 36.03139877319336 -3.070780038833618
vt 36.03139877319336 -3.084660053253174
vt 35.96860122680664 -3.084660053253174
vt 35.96860122680664 -3.098289966583252
vt 35.96860122680664 -3.098289966583252
vt 36.03139877319336 -3.098289966583252
vt 36.03139877319336 -3.084660053253174
vn 0.7941789881879361 0.6076839102039696 0
vn 0.9483226775231762 0.3173075783766814 0
vn 0.9484931264587803 0.3167977099987438 0
vn 0.9483226775231762 0.3173075783766814 0
vn 0.7941789881879361 0.6076839102039696 0
vn 0.7947011692797069 0.6070008661818093 0
vn 0.9484931264587803 0.3167977099987438 0
vn 0.9483226775231762 0.3173075783766814 0
vn 0.9975187485796768 -0.07040132265828192 0
vn 0.9975187485796768 -0.07040132265828192 0
vn 0.9974835117011286 -0.07089882851207352 0
vn 0.9484931264587803 0.3167977099987438 0
vn 0.9975187485796768 -0.07040132265828192 0
vn 0.9942594897294645 -0.10699564048551266 0
vn 0.9974835117011286 -0.07089882851207352 0
vn 0.9942594897294645 -0.10699564048551266 0
vn 0.9974835117011286 -0.07089882851207352 0
vn 0.9942594897294645 -0.10699564048551266 0
vn 0.9942594897294645 -0.10699564048551266 0
vn 0.9942594897294645 -0.10699564048551266 0
vn 0.9942594897294645 -0.10699564048551266 0
vn 0.9942594897294645 -0.10699564048551266 0
vn 0.9942594897294645 -0.10699564048551266 0
vn 0.9942594897294645 -0.10699564048551266 0
vn 0.9942594897294645 -0.10699564048551266 0
vn 0.9942594897294645 -0.10699564048551266 0
vn 0.9885329938495983 -0.15100503326296877 0
vn 0.9885329938495983 -0.15100503326296877 0
vn 0.9885329938495983 -0.15100503326296877 0
vn 0.9942594897294645 -0.10699564048551266 0
vn 0 0.9224633554631056 -0.3860846511164978
vn 0 0.9224633554631056 0.3860846511164978
vn 0 0.8344576663331587 -0.5510720489172164
vn 0 0.8344576663331587 -0.5510720489172164
vn 0 0.9224633554631056 0.3860846511164978
vn 0 0.8344576663331587 0.5510720489172164
vn 0 -0.6790190959942575 0.7341206081259
vn 0 0 1
vn 0 -0.7385266284313857 0.6742243091863197
vn 0 0 1
vn 0 -0.6790190959942575 0.7341206081259
vn 0 0 1
vn 0 0 1
vn 0 0 1
vn 0 0 1
vn 0 0 1
vn 0 0 1
vn 0 0 1
vn 0 0 1
vn 0 -0.20520403433258236 0.9787192162687072
vn 0 0 1
vn 0 -0.20520403433258236 0.9787192162687072
vn 0 0 1
vn 0 -0.21990480928500344 0.9755213349042275
vn 0 -0.20520403433258236 0.9787192162687072
vn 0 -0.21990480928500344 0.9755213349042275
vn 0 -0.031400216053578074 0.9995068916379658
vn 0 -0.20520403433258236 0.9787192162687072
vn 0 -0.031400216053578074 0.9995068916379658
vn 0 0.1490054859569601 0.9888363692516221
vn 0 -0.031400216053578074 0.9995068916379658
vn 0 0.8342285359091564 0.5514188515773338
vn 0 0.1490054859569601 0.9888363692516221
vn 0 0.9222909861004415 0.3864962314924625
vn 0 0.1490054859569601 0.9888363692516221
vn 0 0.8342285359091564 0.5514188515773338
vn -0.7945678115211462 -0.6071754218465174 0
vn -0.9483628254578889 -0.3171875648406316 0
vn -0.7945678115211462 -0.6071754218465174 0
vn -0.9483628254578889 -0.3171875648406316 0
vn -0.7945678115211462 -0.6071754218465174 0
vn -0.9485632353506304 -0.31658772645373406 0
vn -0.9483628254578889 -0.3171875648406316 0
vn -0.9485632353506304 -0.31658772645373406 0
vn -0.9974764347449819 0.07099832482840646 0
vn -0.9974764347449819 0.07099832482840646 0
vn -0.9485632353506304 -0.31658772645373406 0
vn -0.9975187485796768 0.07040132265828192 0
vn -0.9975187485796768 0.07040132265828192 0
vn -0.9942594897294645 0.10699564048551266 0
vn -0.9974764347449819 0.07099832482840646 0
vn -0.9975187485796768 0.07040132265828192 0
vn -0.9942701228186297 0.106896786061262 0
vn -0.9942594897294645 0.10699564048551266 0
vn -0.9942701228186297 0.106896786061262 0
vn -0.9942807463061893 0.10679792846683608 0
vn -0.9942594897294645 0.10699564048551266 0
vn -0.9942807463061893 0.10679792846683608 0
vn -0.9942701228186297 0.106896786061262 0
vn -0.9942476998142096 0.10710514186608235 0
vn -0.9942476998142096 0.10710514186608235 0
vn -0.9885329938495983 0.15100503326296877 0
vn -0.9942807463061893 0.10679792846683608 0
vn -0.9885329938495983 0.15100503326296877 0
vn -0.9885329938495983 0.15100503326296877 0
vn -0.9942476998142096 0.10710514186608235 0
vn 0 -0.678811547905061 -0.7343125236782598
vn 0 -0.678811547905061 0.7343125236782598
vn 0 -0.7373782539561614 -0.6754800593596844
vn 0 -0.7373782539561614 -0.6754800593596844
vn 0 -0.678811547905061 0.7343125236782598
vn 0 -0.7373782539561614 0.6754800593596844
vn 0 0 -1
vn 0 -0.6792265325764907 -0.7339286868927508
vn 0 -0.7379050212334751 -0.6749045707642115
vn 0 0 -1
vn 0 0 -1
vn 0 -0.6792265325764907 -0.7339286868927508
vn 0 0 -1
vn 0 0 -1
vn 0 0 -1
vn 0 0 -1
vn 0 0 -1
vn 0 0 -1
vn 0 0 -1
vn 0 0 -1
vn 0 -0.2053956078038418 -0.9786790302723823
vn 0 -0.22009513248681267 -0.9754784121935312
vn 0 0 -1
vn 0 -0.2053956078038418 -0.9786790302723823
vn 0 0.1487951899534754 -0.9888680354054878
vn 0 -0.22009513248681267 -0.9754784121935312
vn 0 -0.2053956078038418 -0.9786790302723823
vn 0 0.1487951899534754 -0.9888680354054878
vn 0 -0.03120041032717886 -0.9995131486856067
vn 0 -0.22009513248681267 -0.9754784121935312
vn 0 0.1487951899534754 -0.9888680354054878
vn 0 0.8345036558878478 -0.5510024031797105
vn 0 -0.03120041032717886 -0.9995131486856067
vn 0 0.8345036558878478 -0.5510024031797105
vn 0 0.1487951899534754 -0.9888680354054878
vn 0 0.9226206440770811 -0.3857086298267025
vn 1 0 0
vn 0.6624810984382113 0.7490786301931868 0
vn 0.6625867975113547 0.7489851105097086 -0.00019999601567807917
vn 0.6624810984382113 0.7490786301931868 0
vn 1 0 0
vn 1 0 0
vn 0.6623192321918198 -0.7492217526666177 0
vn 1 0 0
vn 1 0 0
vn 1 0 0
vn 0.6623192321918198 -0.7492217526666177 0
vn 0.6624249600234933 -0.7491282482558388 0.0002000075289978966
vn 1 0 0
vn 0.6624810984382113 0.7490786301931868 0
vn 0.6624249732729903 0.7491282632395322 0
vn 0.6624810984382113 0.7490786301931868 0
vn 1 0 0
vn 1 0 0
vn 0.6623192321918198 -0.7492217526666177 0
vn 1 0 0
vn 1 0 0
vn 1 0 0
vn 0.6623192321918198 -0.7492217526666177 0
vn 0.6624810984382113 -0.7490786301931868 0
vn 1 0 0
vn 0.6623753708825354 0.7491721217772478 0
vn 0.6624249732729903 0.7491282632395322 0
vn 0.6623753708825354 0.7491721217772478 0
vn 1 0 0
vn 1 0 0
vn 0.6623192321918198 -0.7492217526666177 0
vn 1 0 0
vn 1 0 0
vn 1 0 0
vn 0.6623192321918198 -0.7492217526666177 0
vn 0.6623192321918198 -0.7492217526666177 0
vn -0.6621076902646773 0.7494087045747294 0
vn 0 1 0
vn 0 1 0
vn 0 1 0
vn -0.6621076902646773 0.7494087045747294 0
vn -0.6620019151191726 0.7495021443455301 0
vn 0.6618960990563314 0.7495955936730225 0
vn 0 1 0
vn 0 1 0
vn 0 1 0
vn 0.6618960990563314 0.7495955936730225 0
vn 0.6620019151191726 0.7495021443455301 0
vn -0.6621076902646773 0.7494087045747294 0
vn 0.00030000000074923436 0.9999999549999987 0
vn 0.00030000000074923436 0.9999999549999987 0
vn 0.00030000000074923436 0.9999999549999987 0
vn -0.6621076902646773 0.7494087045747294 0
vn -0.6620019151191726 0.7495021443455301 0
vn 0.6620019151191726 0.7495021443455301 0
vn 0.00030000000074923436 0.9999999549999987 0
vn 0.00030000000074923436 0.9999999549999987 0
vn 0.00030000000074923436 0.9999999549999987 0
vn 0.6620019151191726 0.7495021443455301 0
vn 0.6621076902646773 0.7494087045747294 0
vn -0.6621076902646773 0.7494087045747294 0
vn -0.00030000000074923436 0.9999999549999987 0
vn -0.00030000000074923436 0.9999999549999987 0
vn -0.00030000000074923436 0.9999999549999987 0
vn -0.6621076902646773 0.7494087045747294 0
vn -0.6620019018790588 0.7495021293554017 -0.0002000005693893189
vn 0.6620019151191726 0.7495021443455301 0
vn -0.00030000000074923436 0.9999999549999987 0
vn -0.00030000000074923436 0.9999999549999987 0
vn -0.00030000000074923436 0.9999999549999987 0
vn 0.6620019151191726 0.7495021443455301 0
vn 0.6621076902646773 0.7494087045747294 0
vn 0 0.0006999998035406364 0.9999997550001075
vn 0 0 1
vn 0 0 1
vn 0 0.0006999998035406364 0.9999997550001075
vn 0 0 1
vn 0 0 1
vn 0 0.002399993202022758 0.9999971200121679
vn 0 0 1
vn 0 0.0006999998035406364 0.9999997550001075
vn 0 0 1
vn 0 0.002399993202022758 0.9999971200121679
vn 0 0 1
vn 0 0 1
vn 0 0 1
vn 0 0 1
vn 0 0 1
vn 0 0 1
vn 0 0 1
vn 0 0.0006999998035406364 0.9999997550001075
vn 0 -0.0004999999612487284 0.9999998750000115
vn 0 0 1
vn 0 0.0006999998035406364 0.9999997550001075
vn 0 0 1
vn 0 -0.0004999999612487284 0.9999998750000115
vn 0 0.002399993202022758 0.9999971200121679
vn 0 0 1
vn 0 0.0006999998035406364 0.9999997550001075
vn 0 0 1
vn 0 0.002399993202022758 0.9999971200121679
vn 0 0 1
vn 0 -0.0004999999612487284 0.9999998750000115
vn 0 0 1
vn 0 -0.0011999991929977517 0.9999992800007093
vn 0 -0.0011999991929977517 0.9999992800007093
vn 0 0 1
vn 0 0 1
vn 0 0 1
vn 0 0 1
vn 0 0 1
vn 0 0 1
vn 0 0 1
vn 0 0 1
vn 0 0 1
vn 0 0 1
vn 0 0 1
vn 0 0 1
vn 0 0 1
vn 0 0 1
vn 0 0 1
vn 0 0 1
vn 0 0 1
vn 0 0 1
vn 0 0 1
vn 0 0 1
vn -1 0 0
vn -0.6624810984382113 0.7490786301931868 0
vn -0.6624810984382113 0.7490786301931868 0
vn -0.6624810984382113 0.7490786301931868 0
vn -1 0 0
vn -1 0 0
vn -0.6624249732729903 -0.7491282632395322 0
vn -1 0 0
vn -1 0 0
vn -1 0 0
vn -0.6624249732729903 -0.7491282632395322 0
vn -0.6623192321918198 -0.7492217526666177 0
vn -1 0 0
vn -0.6623192321918198 0.7492217526666177 0
vn -0.6624249732729903 0.7491282632395322 0
vn -0.6623192321918198 0.7492217526666177 0
vn -1 0 0
vn -1 0 0
vn -0.6625868107625632 -0.7489851254888145 0
vn -1 0 0
vn -1 0 0
vn -1 0 0
vn -0.6625868107625632 -0.7489851254888145 0
vn -0.6623192321918198 -0.7492217526666177 0
vn -1 0 0
vn -0.6624810984382113 0.7490786301931868 0
vn -0.6624249732729903 0.7491282632395322 0
vn -0.6624810984382113 0.7490786301931868 0
vn -1 0 0
vn -1 0 0
vn -0.6623192321918198 -0.7492217526666177 0
vn -1 0 0
vn -1 0 0
vn -1 0 0
vn -0.6623192321918198 -0.7492217526666177 0
vn -0.6623192321918198 -0.7492217526666177 0
vn 0 -1 0
vn -0.6620019151191726 -0.7495021443455301 0
vn -0.6621076902646773 -0.7494087045747294 0
vn -0.6620019151191726 -0.7495021443455301 0
vn 0 -1 0
vn 0 -1 0
vn 0 -1 0
vn 0.6620019151191726 -0.7495021443455301 0
vn 0.6620019151191726 -0.7495021443455301 0
vn 0.6620019151191726 -0.7495021443455301 0
vn 0 -1 0
vn 0 -1 0
vn 0.00030000000074923436 -0.9999999549999987 0
vn -0.6620019151191726 -0.7495021443455301 0
vn -0.6621076902646773 -0.7494087045747294 0
vn -0.6620019151191726 -0.7495021443455301 0
vn 0.00030000000074923436 -0.9999999549999987 0
vn 0 -1 0
vn 0 -1 0
vn 0.6620019151191726 -0.7495021443455301 0
vn 0.6620019151191726 -0.7495021443455301 0
vn 0.6620019151191726 -0.7495021443455301 0
vn 0 -1 0
vn 0.00030000000074923436 -0.9999999549999987 0
vn -0.00030000000074923436 -0.9999999549999987 0
vn -0.6620019151191726 -0.7495021443455301 0
vn -0.6621076902646773 -0.7494087045747294 0
vn -0.6620019151191726 -0.7495021443455301 0
vn -0.00030000000074923436 -0.9999999549999987 0
vn -0.00030000000074923436 -0.9999999549999987 0
vn -0.00030000000074923436 -0.9999999549999987 0
vn 0.6621076902646773 -0.7494087045747294 0
vn 0.6620019151191726 -0.7495021443455301 0
vn 0.6621076902646773 -0.7494087045747294 0
vn -0.00030000000074923436 -0.9999999549999987 0
vn -0.00030000000074923436 -0.9999999549999987 0
vn 0 0 -1
vn 0 0 -1
vn 0 0 -1
vn 0 0 -1
vn 0 0 -1
vn 0 0 -1
vn 0 0 -1
vn 0 0 -1
vn 0 0 -1
vn 0 0 -1
vn 0 0 -1
vn 0 -0.0006999998035406364 -0.9999997550001075
vn 0 0 -1
vn 0 0 -1
vn 0 0 -1
vn 0 0 -1
vn 0 0 -1
vn 0 0.0008999996200402855 -0.9999995950002599
vn 0 0 -1
vn 0 0 -1
vn 0 0 -1
vn 0 0 -1
vn 0 0 -1
vn 0 0 -1
vn 0 0 -1
vn 0 0 -1
vn 0 0 -1
vn 0 0 -1
vn 0 0 -1
vn 0 0 -1
vn 0 0 -1
vn 0 0 -1
vn 0 -0.0008999996200402855 -0.9999995950002599
vn 0 0 -1
vn 0 0 -1
vn 0 0 -1
vn 0 0 -1
vn 0 0 -1
vn 0 0 -1
vn 0 0 -1
vn 0 0 -1
vn 0 0 -1
vn 0 0 -1
vn 0 0 -1
vn 0 0 -1
vn 0 0 -1
vn 0 0 -1
vn 0 0 -1
vn 0 0 -1
vn 0 0 -1
vn 0 0 -1
vn 0 0 -1
vn 0 0 -1
vn 0 0.0006999998035406364 -0.9999997550001075
vn 0.7834086842066199 0.6215069054400381 0
vn 0.9449182780557667 0.32730635159758925 0
vn 0.7834086842066199 0.6215069054400381 0
vn 0.9449908254459984 0.32709683554398766 0
vn 0.9449182780557667 0.32730635159758925 0
vn 0.7834086842066199 0.6215069054400381 0
vn 0.9449182780557667 0.32730635159758925 0
vn 0.9449908254459984 0.32709683554398766 0
vn 0.9973830194816653 -0.0722987721170716 0
vn 0.9973830194816653 -0.0722987721170716 0
vn 0.997375803616895 -0.0723982483182625 0
vn 0.9449182780557667 0.32730635159758925 0
vn 0.9973830194816653 -0.0722987721170716 0
vn 0.9942050254266007 -0.10750054612183202 0
vn 0.997375803616895 -0.0723982483182625 0
vn 0.9942050254266007 -0.10750054612183202 0
vn 0.997375803616895 -0.0723982483182625 0
vn 0.9942050254266007 -0.10750054612183202 0
vn 0.9942050254266007 -0.10750054612183202 0
vn 0.9942050254266007 -0.10750054612183202 0
vn 0.9943665107061024 -0.10599642628961924 0
vn 0.9943665107061024 -0.10599642628961924 0
vn 0.994333718899542 -0.10630360040660303 0
vn 0.9942050254266007 -0.10750054612183202 0
vn 0.994333718899542 -0.10630360040660303 0
vn 0.9943665107061024 -0.10599642628961924 0
vn 0.6067148969762239 -0.7949195140309048 0
vn 0.6067148969762239 -0.7949195140309048 0
vn 0.6066034532344029 -0.7950045600649707 0
vn 0.994333718899542 -0.10630360040660303 0
f 1501/1501/1501 1502/1502/1502 1503/1503/1503
f 1504/1504/1504 1505/1505/1505 1506/1506/1506
f 1507/1507/1507 1508/1508/1508 1509/1509/1509
f 1510/1510/1510 1511/1511/1511 1512/1512/1512
f 1513/1513/1513 1514/1514/1514 1515/1515/1515
f 1516/1516/1516 1517/1517/1517 1518/1518/1518
f 1519/1519/1519 1520/1520/1520 1521/1521/1521
f 1522/1522/1522 1523/1523/1523 1524/1524/1524
f 1525/1525/1525 1526/1526/1526 1527/1527/1527
f 1528/1528/1528 1529/1529/1529 1530/1530/1530
f 1531/1531/1531 1532/1532/1532 1533/1533/1533
f 1534/1534/1534 1535/1535/1535 1536/1536/1536
f 1537/1537/1537 1538/1538/1538 1539/1539/1539
f 1540/1540/1540 1541/1541/1541 1542/1542/1542
f 1543/1543/1543 1544/1544/1544 1545/1545/1545
f 1546/1546/1546 1547/1547/1547 1548/1548/1548
f 1549/1549/1549 1550/1550/1550 1551/1551/1551
f 1552/1552/1552 1553/1553/1553 1554/1554/1554
f 1555/1555/1555 1556/1556/1556 1557/1557/1557
f 1558/1558/1558 1559/1559/1559 1560/1560/1560
f 1561/1561/1561 1562/1562/1562 1563/1563/1563
f 1564/1564/1564 1565/1565/1565 1566/1566/1566
f 1567/1567/1567 1568/1568/1568 1569/1569/1569
f 1570/1570/1570 1571/1571/1571 1572/1572/1572
f 1573/1573/1573 1574/1574/1574 1575/1575/1575
f 1576/1576/1576 1577/1577/1577 1578/1578/1578
f 1579/1579/1579 1580/1580/1580 1581/1581/1581
f 1582/1582/1582 1583/1583/1583 1584/1584/1584
f 1585/1585/1585 1586/1586/1586 1587/1587/1587
f 1588/1588/1588 1589/1589/1589 1590/1590/1590
f 1591/1591/1591 1592/1592/1592 1593/1593/1593
f 1594/1594/1594 1595/1595/1595 1596/1596/1596
f 1597/1597/1597 1598/1598/1598 1599/1599/1599
f 1600/1600/1600 1601/1601/1601 1602/1602/1602
f 1603/1603/1603 1604/1604/1604 1605/1605/1605
f 1606/1606/1606 1607/1607/1607 1608/1608/1608
f 1609/1609/1609 1610/1610/1610 1611/1611/1611
f 1612/1612/1612 1613/1613/1613 1614/1614/1614
f 1615/1615/1615 1616/1616/1616 1617/1617/1617
f 1618/1618/1618 1619/1619/1619 1620/1620/1620
f 1621/1621/1621 1622/1622/1622 1623/1623/1623
f 1624/1624/1624 1625/1625/1625 1626/1626/1626
f 1627/1627/1627 1628/1628/1628 1629/1629/1629
f 1630/1630/1630 1631/1631/1631 1632/1632/1632
f 1633/1633/1633 1634/1634/1634 1635/1635/1635
f 1636/1636/1636 1637/1637/1637 1638/1638/1638
f 1639/1639/1639 1640/1640/1640 1641/1641/1641
f 1642/1642/1642 1643/1643/1643 1644/1644/1644
f 1645/1645/1645 1646/1646/1646 1647/1647/1647
f 1648/1648/1648 1649/1649/1649 1650/1650/1650
f 1651/1651/1651 1652/1652/1652 1653/1653/1653
f 1654/1654/1654 1655/1655/1655 1656/1656/1656
f 1657/1657/1657 1658/1658/1658 1659/1659/1659
f 1660/1660/1660 1661/1661/1661 1662/1662/1662
f 1663/1663/1663 1664/1664/1664 1665/1665/1665
f 1666/1666/1666 1667/1667/1667 1668/1668/1668
f 1669/1669/1669 1670/1670/1670 1671/1671/1671
f 1672/1672/1672 1673/1673/1673 1674/1674/1674
f 1675/1675/1675 1676/1676/1676 1677/1677/1677
f 1678/1678/1678 1679/1679/1679 1680/1680/1680
f 1681/1681/1681 1682/1682/1682 1683/1683/1683
f 1684/1684/1684 1685/1685/1685 1686/1686/1686
f 1687/1687/1687 1688/1688/1688 1689/1689/1689
f 1690/1690/1690 1691/1691/1691 1692/1692/1692
f 1693/1693/1693 1694/1694/1694 1695/1695/1695
f 1696/1696/1696 1697/1697/1697 1698/1698/1698
f 1699/1699/1699 1700/1700/1700 1701/1701/1701
f 1702/1702/1702 1703/1703/1703 1704/1704/1704
f 1705/1705/1705 1706/1706/1706 1707/1707/1707
f 1708/1708/1708 1709/1709/1709 1710/1710/1710
f 1711/1711/1711 1712/1712/1712 1713/1713/1713
f 1714/1714/1714 1715/1715/1715 1716/1716/1716
f 1717/1717/1717 1718/1718/1718 1719/1719/1719
f 1720/1720/1720 1721/1721/1721 1722/1722/1722
f 1723/1723/1723 1724/1724/1724 1725/1725/1725
f 1726/1726/1726 1727/1727/1727 1728/1728/1728
f 1729/1729/1729 1730/1730/1730 1731/1731/1731
f 1732/1732/1732 1733/1733/1733 1734/1734/1734
f 1735/1735/1735 1736/1736/1736 1737/1737/1737
f 1738/1738/1738 1739/1739/1739 1740/1740/1740
f 1741/1741/1741 1742/1742/1742 1743/1743/1743
f 1744/1744/1744 1745/1745/1745 1746/1746/1746
f 1747/1747/1747 1748/1748/1748 1749/1749/1749
f 1750/1750/1750 1751/1751/1751 1752/1752/1752
f 1753/1753/1753 1754/1754/1754 1755/1755/1755
f 1756/1756/1756 1757/1757/1757 1758/1758/1758
f 1759/1759/1759 1760/1760/1760 1761/1761/1761
f 1762/1762/1762 1763/1763/1763 1764/1764/1764
f 1765/1765/1765 1766/1766/1766 1767/1767/1767
f 1768/1768/1768 1769/1769/1769 1770/1770/1770
f 1771/1771/1771 1772/1772/1772 1773/1773/1773
f 1774/1774/1774 1775/1775/1775 1776/1776/1776
f 1777/1777/1777 1778/1778/1778 1779/1779/1779
f 1780/1780/1780 1781/1781/1781 1782/1782/1782
f 1783/1783/1783 1784/1784/1784 1785/1785/1785
f 1786/1786/1786 1787/1787/1787 1788/1788/1788
f 1789/1789/1789 1790/1790/1790 1791/1791/1791
f 1792/1792/1792 1793/1793/1793 1794/1794/1794
f 1795/1795/1795 1796/1796/1796 1797/1797/1797
f 1798/1798/1798 1799/1799/1799 1800/1800/1800
f 1801/1801/1801 1802/1802/1802 1803/1803/1803
f 1804/1804/1804 1805/1805/1805 1806/1806/1806
f 1807/1807/1807 1808/1808/1808 1809/1809/1809
f 1810/1810/1810 1811/1811/1811 1812/1812/1812
f 1813/1813/1813 1814/1814/1814 1815/1815/1815
f 1816/1816/1816 1817/1817/1817 1818/1818/1818
f 1819/1819/1819 1820/1820/1820 1821/1821/1821
f 1822/1822/1822 1823/1823/1823 1824/1824/1824
f 1825/1825/1825 1826/1826/1826 1827/1827/1827
f 1828/1828/1828 1829/1829/1829 1830/1830/1830
f 1831/1831/1831 1832/1832/1832 1833/1833/1833
f 1834/1834/1834 1835/1835/1835 1836/1836/1836
f 1837/1837/1837 1838/1838/1838 1839/1839/1839
f 1840/1840/1840 1841/1841/1841 1842/1842/1842
f 1843/1843/1843 1844/1844/1844 1845/1845/1845
f 1846/1846/1846 1847/1847/1847 1848/1848/1848
f 1849/1849/1849 1850/1850/1850 1851/1851/1851
f 1852/1852/1852 1853/1853/1853 1854/1854/1854
f 1855/1855/1855 1856/1856/1856 1857/1857/1857
f 1858/1858/1858 1859/1859/1859 1860/1860/1860
f 1861/1861/1861 1862/1862/1862 1863/1863/1863
f 1864/1864/1864 1865/1865/1865 1866/1866/1866
f 1867/1867/1867 1868/1868/1868 1869/1869/1869
f 1870/1870/1870 1871/1871/1871 1872/1872/1872
f 1873/1873/1873 1874/1874/1874 1875/1875/1875
f 1876/1876/1876 1877/1877/1877 1878/1878/1878
f 1879/1879/1879 1880/1880/1880 1881/1881/1881
f 1882/1882/1882 1883/1883/1883 1884/1884/1884
f 1885/1885/1885 1886/1886/1886 1887/1887/1887
f 1888/1888/1888 1889/1889/1889 1890/1890/1890
f 1891/1891/1891 1892/1892/1892 1893/1893/1893
f 1894/1894/1894 1895/1895/1895 1896/1896/1896
f 1897/1897/1897 1898/1898/1898 1899/1899/1899
f 1900/1900/1900 1901/1901/1901 1902/1902/1902
f 1903/1903/1903 1904/1904/1904 1905/1905/1905
f 1906/1906/1906 1907/1907/1907 1908/1908/1908
f 1909/1909/1909 1910/1910/1910 1911/1911/1911
f 1912/1912/1912 1913/1913/1913 1914/1914/1914
