o Mesh
usemtl material14
v -3.1096747046571744 -0.2660354695509801 -0.135453999042511
v -3.0321645861726774 -0.13058147050846913 -0.2758469879627228
v -3.0321645861726774 -0.3256344667862783 -0.19505299627780914
v -3.0321645861726774 -0.4064284584711919 -3.3781513586183815e-17
v -3.1096747046571744 -0.2660354695509801 -0.135453999042511
v -3.0321645861726774 -0.3256344667862783 -0.19505299627780914
v -3.0321645861726774 -0.13058147050846913 -0.2758469879627228
v -3.1096747046571744 -0.2660354695509801 -0.135453999042511
v -3.1096747046571744 -0.13058147050846913 -0.19156000018119812
v -3.1096747046571744 -0.2660354695509801 -0.135453999042511
v -3.0321645861726774 -0.4064284584711919 -3.3781513586183815e-17
v -3.1096747046571744 -0.32214147068966725 -2.345933351728772e-17
v -3.1096747046571744 0.004872528534041853 -0.135453999042511
v -3.0321645861726774 -0.13058147050846913 -0.2758469879627228
v -3.1096747046571744 -0.13058147050846913 -0.19156000018119812
v -3.0321645861726774 -0.4064284584711919 -3.3781513586183815e-17
v -3.1096747046571744 -0.2660354695509801 0.135453999042511
v -3.1096747046571744 -0.32214147068966725 -2.345933351728772e-17
v -3.0321645861726774 -0.13058147050846913 -0.2758469879627228
v -3.1096747046571744 0.004872528534041853 -0.135453999042511
v -3.0321645861726774 0.06447151086817882 -0.19505299627780914
v -3.0321645861726774 -0.4064284584711919 -3.3781513586183815e-17
v -3.0321645861726774 -0.3256344667862783 0.19505299627780914
v -3.1096747046571744 -0.2660354695509801 0.135453999042511
v -3.1096747046571744 0.06097951314936778 2.345945594001838e-17
v -3.0321645861726774 0.06447151086817882 -0.19505299627780914
v -3.1096747046571744 0.004872528534041853 -0.135453999042511
v -3.0321645861726774 -0.13058147050846913 0.2758469879627228
v -3.1096747046571744 -0.2660354695509801 0.135453999042511
v -3.0321645861726774 -0.3256344667862783 0.19505299627780914
v -3.0321645861726774 0.06447151086817882 -0.19505299627780914
v -3.1096747046571744 0.06097951314936778 2.345945594001838e-17
v -3.0321645861726774 0.14526548765193126 3.3781513586183815e-17
v -3.1096747046571744 -0.2660354695509801 0.135453999042511
v -3.0321645861726774 -0.13058147050846913 0.2758469879627228
v -3.1096747046571744 -0.13058147050846913 0.19156000018119812
v -3.1096747046571744 0.06097951314936778 2.345945594001838e-17
v -3.0321645861726774 0.06447151086817882 0.19505299627780914
v -3.0321645861726774 0.14526548765193126 3.3781513586183815e-17
v -3.1096747046571744 0.004872528534041853 0.135453999042511
v -3.1096747046571744 -0.13058147050846913 0.19156000018119812
v -3.0321645861726774 -0.13058147050846913 0.2758469879627228
v -3.0321645861726774 0.06447151086817882 0.19505299627780914
v -3.1096747046571744 0.06097951314936778 2.345945594001838e-17
v -3.1096747046571744 0.004872528534041853 0.135453999042511
v -3.0321645861726774 -0.13058147050846913 0.2758469879627228
v -3.0321645861726774 0.06447151086817882 0.19505299627780914
v -3.1096747046571744 0.004872528534041853 0.135453999042511
v 2.205239521874808 0.052711514453994246 -0.18329299986362457
v 2.205239521874808 -0.13058147050846913 -0.32325300574302673
v 2.205239521874808 0.09799352071772716 -0.22857500612735748
v 2.205239521874808 0.19267156503688 3.958707409794234e-17
v 2.205239521874808 0.052711514453994246 -0.18329299986362457
v 2.205239521874808 0.09799352071772716 -0.22857500612735748
v 2.205239521874808 -0.13058147050846913 -0.32325300574302673
v 2.205239521874808 0.052711514453994246 -0.18329299986362457
v 2.205239521874808 -0.13058147050846913 -0.2592160105705261
v 2.205239521874808 0.052711514453994246 -0.18329299986362457
v 2.205239521874808 0.19267156503688 3.958707409794234e-17
v 2.205239521874808 0.128634540062057 3.174480301217615e-17
v 2.205239521874808 -0.3138744703720937 -0.18329299986362457
v 2.205239521874808 -0.13058147050846913 -0.32325300574302673
v 2.205239521874808 -0.13058147050846913 -0.2592160105705261
v 2.205239521874808 0.19267156503688 3.958707409794234e-17
v 2.205239521874808 0.052711514453994246 0.18329299986362457
v 2.205239521874808 0.128634540062057 3.174480301217615e-17
v 2.205239521874808 -0.13058147050846913 -0.32325300574302673
v 2.205239521874808 -0.3138744703720937 -0.18329299986362457
v 2.205239521874808 -0.3591564766358266 -0.22857500612735748
v 2.205239521874808 0.19267156503688 3.958707409794234e-17
v 2.205239521874808 0.09799352071772716 0.22857500612735748
v 2.205239521874808 0.052711514453994246 0.18329299986362457
v 2.205239521874808 -0.45383447625149587 -3.958707409794234e-17
v 2.205239521874808 -0.3591564766358266 -0.22857500612735748
v 2.205239521874808 -0.3138744703720937 -0.18329299986362457
v 2.205239521874808 -0.13058147050846913 0.32325300574302673
v 2.205239521874808 0.052711514453994246 0.18329299986362457
v 2.205239521874808 0.09799352071772716 0.22857500612735748
v 2.205239521874808 -0.45383447625149587 -3.958707409794234e-17
v 2.205239521874808 -0.3138744703720937 -0.18329299986362457
v 2.205239521874808 -0.38979748107899526 -3.174480301217615e-17
v 2.205239521874808 0.052711514453994246 0.18329299986362457
v 2.205239521874808 -0.13058147050846913 0.32325300574302673
v 2.205239521874808 -0.13058147050846913 0.2592160105705261
v 2.205239521874808 -0.3138744703720937 0.18329299986362457
v 2.205239521874808 -0.45383447625149587 -3.958707409794234e-17
v 2.205239521874808 -0.38979748107899526 -3.174480301217615e-17
v 2.205239521874808 -0.3138744703720937 0.18329299986362457
v 2.205239521874808 -0.13058147050846913 0.2592160105705261
v 2.205239521874808 -0.13058147050846913 0.32325300574302673
v 2.205239521874808 -0.45383447625149587 -3.958707409794234e-17
v 2.205239521874808 -0.3138744703720937 0.18329299986362457
v 2.205239521874808 -0.3591564766358266 0.22857500612735748
v 2.205239521874808 -0.13058147050846913 0.32325300574302673
v 2.205239521874808 -0.3591564766358266 0.22857500612735748
v 2.205239521874808 -0.3138744703720937 0.18329299986362457
v 2.0874943608182894 0.052711514453994246 0.18329299986362457
v 2.205239521874808 0.052711514453994246 0.18329299986362457
v 2.0874943608182894 -0.13058147050846913 0.2592160105705261
v 2.205239521874808 0.052711514453994246 0.18329299986362457
v 2.205239521874808 -0.13058147050846913 0.2592160105705261
v 2.0874943608182894 -0.13058147050846913 0.2592160105705261
v 2.205239521874808 0.128634540062057 3.174480301217615e-17
v 2.205239521874808 0.052711514453994246 0.18329299986362457
v 2.0874943608182894 0.052711514453994246 0.18329299986362457
v 2.0874943608182894 -0.13058147050846913 0.2592160105705261
v 2.205239521874808 -0.13058147050846913 0.2592160105705261
v 2.0874943608182894 -0.3138744703720937 0.18329299986362457
v 2.0874943608182894 -0.3138744703720937 0.18329299986362457
v 2.0874943608182894 0.052711514453994246 0.18329299986362457
v 2.0874943608182894 -0.13058147050846913 0.2592160105705261
v 2.0874943608182894 0.128634540062057 3.174480301217615e-17
v 2.205239521874808 0.128634540062057 3.174480301217615e-17
v 2.0874943608182894 0.052711514453994246 0.18329299986362457
v 2.205239521874808 -0.13058147050846913 0.2592160105705261
v 2.205239521874808 -0.3138744703720937 0.18329299986362457
v 2.0874943608182894 -0.3138744703720937 0.18329299986362457
v 2.205239521874808 0.052711514453994246 -0.18329299986362457
v 2.205239521874808 0.128634540062057 3.174480301217615e-17
v 2.0874943608182894 0.128634540062057 3.174480301217615e-17
v 2.0874943608182894 0.052711514453994246 0.18329299986362457
v 2.0874943608182894 0.052711514453994246 -0.18329299986362457
v 2.0874943608182894 0.128634540062057 3.174480301217615e-17
v 2.0874943608182894 0.052711514453994246 -0.18329299986362457
v 2.205239521874808 0.052711514453994246 -0.18329299986362457
v 2.0874943608182894 0.128634540062057 3.174480301217615e-17
v 2.0874943608182894 0.052711514453994246 -0.18329299986362457
v 2.0874943608182894 0.052711514453994246 0.18329299986362457
v 2.0874943608182894 -0.3138744703720937 0.18329299986362457
v 2.205239521874808 -0.13058147050846913 -0.2592160105705261
v 2.205239521874808 0.052711514453994246 -0.18329299986362457
v 2.0874943608182894 0.052711514453994246 -0.18329299986362457
v 2.205239521874808 -0.3138744703720937 0.18329299986362457
v 2.0874943608182894 -0.38979748107899526 -3.174480301217615e-17
v 2.0874943608182894 -0.3138744703720937 0.18329299986362457
v 2.0874943608182894 -0.38979748107899526 -3.174480301217615e-17
v 2.205239521874808 -0.3138744703720937 0.18329299986362457
v 2.205239521874808 -0.38979748107899526 -3.174480301217615e-17
v 2.0874943608182894 -0.13058147050846913 -0.2592160105705261
v 2.205239521874808 -0.13058147050846913 -0.2592160105705261
v 2.0874943608182894 0.052711514453994246 -0.18329299986362457
v 2.205239521874808 -0.3138744703720937 -0.18329299986362457
v 2.205239521874808 -0.13058147050846913 -0.2592160105705261
v 2.0874943608182894 -0.13058147050846913 -0.2592160105705261
v 2.0874943608182894 -0.3138744703720937 0.18329299986362457
v 2.0874943608182894 -0.3138744703720937 -0.18329299986362457
v 2.0874943608182894 0.052711514453994246 -0.18329299986362457
v 2.0874943608182894 -0.3138744703720937 -0.18329299986362457
v 2.0874943608182894 -0.3138744703720937 0.18329299986362457
v 2.0874943608182894 -0.38979748107899526 -3.174480301217615e-17
v 2.0874943608182894 0.052711514453994246 -0.18329299986362457
v 2.0874943608182894 -0.3138744703720937 -0.18329299986362457
v 2.0874943608182894 -0.13058147050846913 -0.2592160105705261
v 2.205239521874808 -0.38979748107899526 -3.174480301217615e-17
v 2.0874943608182894 -0.3138744703720937 -0.18329299986362457
v 2.0874943608182894 -0.38979748107899526 -3.174480301217615e-17
v 2.0874943608182894 -0.3138744703720937 -0.18329299986362457
v 2.205239521874808 -0.3138744703720937 -0.18329299986362457
v 2.0874943608182894 -0.13058147050846913 -0.2592160105705261
v 2.0874943608182894 -0.3138744703720937 -0.18329299986362457
v 2.205239521874808 -0.38979748107899526 -3.174480301217615e-17
v 2.205239521874808 -0.3138744703720937 -0.18329299986362457
v 1.9982313984769808 -0.13058147050846913 0.3163290023803711
v 2.0330412262815463 -0.30699745037068227 0.17641599476337433
v 2.0330412262815463 -0.13058147050846913 0.24948999285697937
v 2.0330412262815463 0.045834509353744 0.17641599476337433
v 1.9982313984769808 -0.13058147050846913 0.3163290023803711
v 2.0330412262815463 -0.13058147050846913 0.24948999285697937
v 2.0330412262815463 -0.30699745037068227 0.17641599476337433
v 1.9982313984769808 -0.13058147050846913 0.3163290023803711
v 1.9982313984769808 -0.35426047660817006 0.22367900609970093
v 1.9982313984769808 -0.13058147050846913 0.3163290023803711
v 2.0330412262815463 0.045834509353744 0.17641599476337433
v 1.9982313984769808 0.0930975355912318 0.22367900609970093
v 1.9982313984769808 -0.4469104728888402 -3.873913125201423e-17
v 2.0330412262815463 -0.30699745037068227 0.17641599476337433
v 1.9982313984769808 -0.35426047660817006 0.22367900609970093
v 1.9982313984769808 0.18574753187190196 3.873913125201423e-17
v 1.9982313984769808 0.0930975355912318 0.22367900609970093
v 2.0330412262815463 0.045834509353744 0.17641599476337433
v 2.0330412262815463 -0.30699745037068227 0.17641599476337433
v 1.9982313984769808 -0.4469104728888402 -3.873913125201423e-17
v 2.0330412262815463 -0.3800714633654485 -3.055371256093654e-17
v 1.9982313984769808 0.18574753187190196 3.873913125201423e-17
v 2.0330412262815463 0.045834509353744 0.17641599476337433
v 2.0330412262815463 0.11890855215083262 3.055371256093654e-17
v 2.0330412262815463 -0.30699745037068227 -0.17641599476337433
v 2.0330412262815463 -0.3800714633654485 -3.055371256093654e-17
v 1.9982313984769808 -0.4469104728888402 -3.873913125201423e-17
v 2.0330412262815463 0.045834509353744 -0.17641599476337433
v 1.9982313984769808 0.18574753187190196 3.873913125201423e-17
v 2.0330412262815463 0.11890855215083262 3.055371256093654e-17
v 2.0330412262815463 -0.30699745037068227 -0.17641599476337433
v 1.9982313984769808 -0.4469104728888402 -3.873913125201423e-17
v 1.9982313984769808 -0.35426047660817006 -0.22367900609970093
v 1.9982313984769808 0.18574753187190196 3.873913125201423e-17
v 2.0330412262815463 0.045834509353744 -0.17641599476337433
v 1.9982313984769808 0.0930975355912318 -0.22367900609970093
v 1.9982313984769808 -0.13058147050846913 -0.3163290023803711
v 2.0330412262815463 -0.30699745037068227 -0.17641599476337433
v 1.9982313984769808 -0.35426047660817006 -0.22367900609970093
v 1.9982313984769808 -0.13058147050846913 -0.3163290023803711
v 1.9982313984769808 0.0930975355912318 -0.22367900609970093
v 2.0330412262815463 0.045834509353744 -0.17641599476337433
v 2.0330412262815463 -0.30699745037068227 -0.17641599476337433
v 1.9982313984769808 -0.13058147050846913 -0.3163290023803711
v 2.0330412262815463 -0.13058147050846913 -0.24948999285697937
v 1.9982313984769808 -0.13058147050846913 -0.3163290023803711
v 2.0330412262815463 0.045834509353744 -0.17641599476337433
v 2.0330412262815463 -0.13058147050846913 -0.24948999285697937
v -1.6470626717668546 -0.13058147050846913 -0.19156000018119812
v -1.5744347697359098 -0.13058147050846913 -0.25286000967025757
v -1.6470626717668546 -0.2660354695509801 -0.135453999042511
v -1.6470626717668546 0.004872528534041853 -0.135453999042511
v -1.5744347697359098 -0.13058147050846913 -0.25286000967025757
v -1.6470626717668546 -0.13058147050846913 -0.19156000018119812
v -1.5744347697359098 -0.13058147050846913 -0.25286000967025757
v -1.5744347697359098 -0.3093804738711248 -0.17879900336265564
v -1.6470626717668546 -0.2660354695509801 -0.135453999042511
v -1.5744347697359098 -0.13058147050846913 -0.25286000967025757
v -1.6470626717668546 0.004872528534041853 -0.135453999042511
v -1.5744347697359098 0.048217562656508894 -0.17879900336265564
v -1.5744347697359098 -0.3834414801787267 -3.096641943831885e-17
v -1.6470626717668546 -0.2660354695509801 -0.135453999042511
v -1.5744347697359098 -0.3093804738711248 -0.17879900336265564
v -1.6470626717668546 0.004872528534041853 -0.135453999042511
v -1.5744347697359098 0.12227853916178844 3.096641943831885e-17
v -1.5744347697359098 0.048217562656508894 -0.17879900336265564
v -1.6470626717668546 -0.2660354695509801 -0.135453999042511
v -1.5744347697359098 -0.3834414801787267 -3.096641943831885e-17
v -1.6470626717668546 -0.32214147068966725 -2.345933351728772e-17
v -1.5744347697359098 0.12227853916178844 3.096641943831885e-17
v -1.6470626717668546 0.004872528534041853 -0.135453999042511
v -1.6470626717668546 0.06097951314936778 2.345945594001838e-17
v -1.6470626717668546 -0.32214147068966725 -2.345933351728772e-17
v -1.5744347697359098 -0.3834414801787267 -3.096641943831885e-17
v -1.6470626717668546 -0.2660354695509801 0.135453999042511
v -1.6470626717668546 0.004872528534041853 0.135453999042511
v -1.5744347697359098 0.12227853916178844 3.096641943831885e-17
v -1.6470626717668546 0.06097951314936778 2.345945594001838e-17
v -1.5744347697359098 -0.3834414801787267 -3.096641943831885e-17
v -1.5744347697359098 -0.3093804738711248 0.17879900336265564
v -1.6470626717668546 -0.2660354695509801 0.135453999042511
v -1.5744347697359098 0.12227853916178844 3.096641943831885e-17
v -1.6470626717668546 0.004872528534041853 0.135453999042511
v -1.5744347697359098 0.048217562656508894 0.17879900336265564
v -1.5744347697359098 -0.13058147050846913 0.25286000967025757
v -1.6470626717668546 -0.2660354695509801 0.135453999042511
v -1.5744347697359098 -0.3093804738711248 0.17879900336265564
v -1.5744347697359098 -0.13058147050846913 0.25286000967025757
v -1.5744347697359098 0.048217562656508894 0.17879900336265564
v -1.6470626717668546 0.004872528534041853 0.135453999042511
v -1.6470626717668546 -0.2660354695509801 0.135453999042511
v -1.5744347697359098 -0.13058147050846913 0.25286000967025757
v -1.6470626717668546 -0.13058147050846913 0.19156000018119812
v -1.6470626717668546 -0.13058147050846913 0.19156000018119812
v -1.5744347697359098 -0.13058147050846913 0.25286000967025757
v -1.6470626717668546 0.004872528534041853 0.135453999042511
v -1.2348576909166349 -0.23058146454800466 -0.11564400047063828
v -1.1853566890817655 -0.529741468210114 -0.11564400047063828
v -1.1853566890817655 -0.529741468210114 0.11564400047063828
v -1.2348576909166349 -0.23058146454800466 -0.11564400047063828
v -1.1853566890817655 -0.529741468210114 0.11564400047063828
v -1.2348576909166349 -0.23058146454800466 0.11564400047063828
v -0.845484686480142 -0.32214147068966725 -2.345933351728772e-17
v -0.7612667208772672 -0.37961046614159444 -3.0497255829768573e-17
v -0.845484686480142 -0.2660354695509801 0.135453999042511
v -0.845484686480142 -0.2660354695509801 -0.135453999042511
v -0.7612667208772672 -0.37961046614159444 -3.0497255829768573e-17
v -0.845484686480142 -0.32214147068966725 -2.345933351728772e-17
v -0.7612667208772672 -0.37961046614159444 -3.0497255829768573e-17
v -0.7612667208772672 -0.30667147256840566 0.17609000205993652
v -0.845484686480142 -0.2660354695509801 0.135453999042511
v -0.7612667208772672 -0.37961046614159444 -3.0497255829768573e-17
v -0.845484686480142 -0.2660354695509801 -0.135453999042511
v -0.7612667208772672 -0.30667147256840566 -0.17609000205993652
v -0.7612667208772672 -0.13058147050846913 0.2490289956331253
v -0.845484686480142 -0.2660354695509801 0.135453999042511
v -0.7612667208772672 -0.30667147256840566 0.17609000205993652
v -0.7612667208772672 -0.13058147050846913 -0.2490289956331253
v -0.7612667208772672 -0.30667147256840566 -0.17609000205993652
v -0.845484686480142 -0.2660354695509801 -0.135453999042511
v -0.845484686480142 -0.2660354695509801 0.135453999042511
v -0.7612667208772672 -0.13058147050846913 0.2490289956331253
v -0.845484686480142 -0.13058147050846913 0.19156000018119812
v -0.845484686480142 -0.13058147050846913 -0.19156000018119812
v -0.7612667208772672 -0.13058147050846913 -0.2490289956331253
v -0.845484686480142 -0.2660354695509801 -0.135453999042511
v -0.845484686480142 -0.13058147050846913 0.19156000018119812
v -0.7612667208772672 -0.13058147050846913 0.2490289956331253
v -0.845484686480142 0.004872528534041853 0.135453999042511
v -0.845484686480142 0.004872528534041853 -0.135453999042511
v -0.7612667208772672 -0.13058147050846913 -0.2490289956331253
v -0.845484686480142 -0.13058147050846913 -0.19156000018119812
v -0.7612667208772672 -0.13058147050846913 0.2490289956331253
v -0.7612667208772672 0.04550853155146739 0.17609000205993652
v -0.845484686480142 0.004872528534041853 0.135453999042511
v -0.7612667208772672 -0.13058147050846913 -0.2490289956331253
v -0.845484686480142 0.004872528534041853 -0.135453999042511
v -0.7612667208772672 0.04550853155146739 -0.17609000205993652
v -0.7612667208772672 0.11844751022349498 3.0497255829768573e-17
v -0.845484686480142 0.004872528534041853 0.135453999042511
v -0.7612667208772672 0.04550853155146739 0.17609000205993652
v -0.845484686480142 0.004872528534041853 -0.135453999042511
v -0.7612667208772672 0.11844751022349498 3.0497255829768573e-17
v -0.7612667208772672 0.04550853155146739 -0.17609000205993652
v -0.845484686480142 0.004872528534041853 0.135453999042511
v -0.7612667208772672 0.11844751022349498 3.0497255829768573e-17
v -0.845484686480142 0.060978559475051375 2.345933351728772e-17
v -0.7612667208772672 0.11844751022349498 3.0497255829768573e-17
v -0.845484686480142 0.004872528534041853 -0.135453999042511
v -0.845484686480142 0.060978559475051375 2.345933351728772e-17
v -1.871556771383859 -0.5405814669321904 0.07999999821186066
v -1.8343566781145109 -1.2424344740103612 -0.10000000149011612
v -1.871556771383859 -0.5405814669321904 -0.07999999821186066
v -1.8343566781145109 -1.2424344740103612 -0.10000000149011612
v -1.871556771383859 -0.5405814669321904 0.07999999821186066
v -1.8343566781145109 -1.2424344740103612 0.10000000149011612
v -1.8343566781145109 -1.2424344740103612 -0.10000000149011612
v -1.8343566781145109 -1.2424344740103612 0.10000000149011612
v -1.902503741369821 -1.3105814180563817 -0.10000000149011612
v -1.902503741369821 -1.3105814180563817 -0.10000000149011612
v -1.8343566781145109 -1.2424344740103612 0.10000000149011612
v -1.902503741369821 -1.3105814180563817 0.10000000149011612
v -2.1382097130876554 -1.3105814180563817 -0.10000000149011612
v -1.902503741369821 -1.3105814180563817 -0.10000000149011612
v -1.902503741369821 -1.3105814180563817 0.10000000149011612
v -2.1382097130876554 -1.3105814180563817 -0.10000000149011612
v -1.902503741369821 -1.3105814180563817 0.10000000149011612
v -2.1382097130876554 -1.3105814180563817 0.10000000149011612
v -2.1382097130876554 -1.3105814180563817 -0.10000000149011612
v -2.1382097130876554 -1.3105814180563817 0.10000000149011612
v -2.2063567763429655 -1.2424344740103612 -0.10000000149011612
v -2.2063567763429655 -1.2424344740103612 -0.10000000149011612
v -2.1382097130876554 -1.3105814180563817 0.10000000149011612
v -2.2063567763429655 -1.2424344740103612 0.10000000149011612
v -2.2063567763429655 -1.2424344740103612 0.10000000149011612
v -2.1691566830736173 -0.5405814669321904 0.07999999821186066
v -2.2063567763429655 -1.2424344740103612 -0.10000000149011612
v -2.1691566830736173 -0.5405814669321904 -0.07999999821186066
v -2.2063567763429655 -1.2424344740103612 -0.10000000149011612
v -2.1691566830736173 -0.5405814669321904 0.07999999821186066
v -0.8675757175546659 -0.5305814764689336 0.07999999821186066
v -0.8303756838899625 -1.0624344668578038 -0.10000000149011612
v -0.8675757175546659 -0.5305814764689336 -0.07999999821186066
v -0.8303756838899625 -1.0624344668578038 -0.10000000149011612
v -0.8675757175546659 -0.5305814764689336 0.07999999821186066
v -0.8303756838899625 -1.0624344668578038 0.10000000149011612
v -0.8303756838899625 -1.0624344668578038 -0.10000000149011612
v -0.8303756838899625 -1.0624344668578038 0.10000000149011612
v -0.8985226875406278 -1.1305814705084691 -0.10000000149011612
v -0.8985226875406278 -1.1305814705084691 -0.10000000149011612
v -0.8303756838899625 -1.0624344668578038 0.10000000149011612
v -0.8985226875406278 -1.1305814705084691 0.10000000149011612
v -1.134228718863107 -1.1305814705084691 -0.10000000149011612
v -0.8985226875406278 -1.1305814705084691 -0.10000000149011612
v -0.8985226875406278 -1.1305814705084691 0.10000000149011612
v -1.134228718863107 -1.1305814705084691 -0.10000000149011612
v -0.8985226875406278 -1.1305814705084691 0.10000000149011612
v -1.134228718863107 -1.1305814705084691 0.10000000149011612
v -1.134228718863107 -1.1305814705084691 -0.10000000149011612
v -1.134228718863107 -1.1305814705084691 0.10000000149011612
v -1.2023757225137723 -1.0624344668578038 -0.10000000149011612
v -1.2023757225137723 -1.0624344668578038 -0.10000000149011612
v -1.134228718863107 -1.1305814705084691 0.10000000149011612
v -1.2023757225137723 -1.0624344668578038 0.10000000149011612
v -1.2023757225137723 -1.0624344668578038 0.10000000149011612
v -1.165175688849069 -0.5305814764689336 0.07999999821186066
v -1.2023757225137723 -1.0624344668578038 -0.10000000149011612
v -1.165175688849069 -0.5305814764689336 -0.07999999821186066
v -1.2023757225137723 -1.0624344668578038 -0.10000000149011612
v -1.165175688849069 -0.5305814764689336 0.07999999821186066
v 0.5695202225584017 -0.28967946984280446 -0.1648000031709671
v 0.5695202225584017 -0.28967946984280446 0.16490699350833893
v 0.5695202225584017 -0.35796447314728597 0.00005400000009103678
v 0.5695202225584017 -0.28967946984280446 0.16490699350833893
v 0.5695202225584017 -0.28967946984280446 -0.1648000031709671
v 0.5695202225584017 0.04002752683650157 -0.1648000031709671
v 0.5695202225584017 0.04002752683650157 -0.1648000031709671
v 0.5695202225584017 -0.28967946984280446 -0.1648000031709671
v 0.5695202225584017 -0.12482547976483205 -0.2330850064754486
v 0.5695202225584017 0.04002752683650157 -0.1648000031709671
v 0.5695202225584017 0.04002752683650157 0.16490699350833893
v 0.5695202225584017 -0.28967946984280446 0.16490699350833893
v 0.5695202225584017 -0.28967946984280446 0.16490699350833893
v 0.5695202225584017 0.04002752683650157 0.16490699350833893
v 0.5695202225584017 -0.12482547976483205 0.23319199681282043
v 0.5695202225584017 0.04002752683650157 0.16490699350833893
v 0.5695202225584017 0.04002752683650157 -0.1648000031709671
v 0.5695202225584017 0.10831251523982188 0.00005400000009103678
v -0.39790667353687414 -0.29521045305241445 -0.17033100128173828
v -0.39790667353687414 0.04555853984843394 -0.17033100128173828
v -0.39790667353687414 -0.12482547976483205 -0.2409069985151291
v -0.39790667353687414 0.04555853984843394 -0.17033100128173828
v -0.39790667353687414 -0.29521045305241445 -0.17033100128173828
v -0.39790667353687414 -0.29521045305241445 0.1704380065202713
v -0.39790667353687414 -0.29521045305241445 0.1704380065202713
v -0.39790667353687414 -0.29521045305241445 -0.17033100128173828
v -0.39790667353687414 -0.36578646518696645 0.00005400000009103678
v -0.39790667353687414 0.04555853984843394 -0.17033100128173828
v -0.39790667353687414 -0.29521045305241445 0.1704380065202713
v -0.39790667353687414 0.04555853984843394 0.1704380065202713
v -0.39790667353687414 0.04555853984843394 0.1704380065202713
v -0.39790667353687414 -0.29521045305241445 0.1704380065202713
v -0.39790667353687414 -0.12482547976483205 0.2410140037536621
v -0.39790667353687414 0.04555853984843394 -0.17033100128173828
v -0.39790667353687414 0.04555853984843394 0.1704380065202713
v -0.39790667353687414 0.11613455198298595 0.00005400000009103678
v 0.1696293229001986 -0.30388447858799794 0.17330299317836761
v 0.32532428444805017 -0.2828364691923986 0.15225499868392944
v 0.1696293229001986 -0.13058147050846913 0.24508699774742126
v 0.1696293229001986 -0.3756684682558904 -3.0014499989392825e-17
v 0.32532428444805017 -0.2828364691923986 0.15225499868392944
v 0.1696293229001986 -0.30388447858799794 0.17330299317836761
v 0.32532428444805017 -0.2828364691923986 0.15225499868392944
v 0.32532428444805017 -0.13058147050846913 0.21532100439071655
v 0.1696293229001986 -0.13058147050846913 0.24508699774742126
v 0.32532428444805017 -0.2828364691923986 0.15225499868392944
v 0.1696293229001986 -0.3756684682558904 -3.0014499989392825e-17
v 0.32532428444805017 -0.3459024748991857 -2.636921760026759e-17
v 0.32532428444805017 0.02167352817546031 0.15225499868392944
v 0.1696293229001986 -0.13058147050846913 0.24508699774742126
v 0.32532428444805017 -0.13058147050846913 0.21532100439071655
v 0.32532428444805017 -0.2828364691923986 -0.15225499868392944
v 0.32532428444805017 -0.3459024748991857 -2.636921760026759e-17
v 0.1696293229001986 -0.3756684682558904 -3.0014499989392825e-17
v 0.1696293229001986 -0.13058147050846913 0.24508699774742126
v 0.32532428444805017 0.02167352817546031 0.15225499868392944
v 0.1696293229001986 0.042721537571059676 0.17330299317836761
v 0.1696293229001986 -0.30388447858799794 -0.17330299317836761
v 0.32532428444805017 -0.2828364691923986 -0.15225499868392944
v 0.1696293229001986 -0.3756684682558904 -3.0014499989392825e-17
v 0.32532428444805017 0.02167352817546031 0.15225499868392944
v 0.1696293229001986 0.11450555704127452 3.0014499989392825e-17
v 0.1696293229001986 0.042721537571059676 0.17330299317836761
v 0.1696293229001986 -0.13058147050846913 -0.24508699774742126
v 0.32532428444805017 -0.2828364691923986 -0.15225499868392944
v 0.1696293229001986 -0.30388447858799794 -0.17330299317836761
v 0.1696293229001986 0.11450555704127452 3.0014499989392825e-17
v 0.32532428444805017 0.02167352817546031 0.15225499868392944
v 0.32532428444805017 0.08473953388224742 2.636921760026759e-17
v 0.32532428444805017 -0.2828364691923986 -0.15225499868392944
v 0.1696293229001986 -0.13058147050846913 -0.24508699774742126
v 0.32532428444805017 -0.13058147050846913 -0.21532100439071655
v 0.32532428444805017 0.02167352817546031 -0.15225499868392944
v 0.1696293229001986 0.11450555704127452 3.0014499989392825e-17
v 0.32532428444805017 0.08473953388224742 2.636921760026759e-17
v 0.32532428444805017 0.02167352817546031 -0.15225499868392944
v 0.32532428444805017 -0.13058147050846913 -0.21532100439071655
v 0.1696293229001986 -0.13058147050846913 -0.24508699774742126
v 0.1696293229001986 0.11450555704127452 3.0014499989392825e-17
v 0.32532428444805017 0.02167352817546031 -0.15225499868392944
v 0.1696293229001986 0.042721537571059676 -0.17330299317836761
v 0.1696293229001986 0.042721537571059676 -0.17330299317836761
v 0.32532428444805017 0.02167352817546031 -0.15225499868392944
v 0.1696293229001986 -0.13058147050846913 -0.24508699774742126
v -1.871556771383859 -0.5405814669321904 -0.07999999821186066
v -1.8343566781145109 -1.2424344740103612 -0.10000000149011612
v -2.1691566830736173 -0.5405814669321904 -0.07999999821186066
v -2.1691566830736173 -0.5405814669321904 -0.07999999821186066
v -1.8343566781145109 -1.2424344740103612 -0.10000000149011612
v -2.2063567763429655 -1.2424344740103612 -0.10000000149011612
v -2.2063567763429655 -1.2424344740103612 -0.10000000149011612
v -1.8343566781145109 -1.2424344740103612 -0.10000000149011612
v -2.1382097130876554 -1.3105814180563817 -0.10000000149011612
v -2.1382097130876554 -1.3105814180563817 -0.10000000149011612
v -1.8343566781145109 -1.2424344740103612 -0.10000000149011612
v -1.902503741369821 -1.3105814180563817 -0.10000000149011612
v -2.1691566830736173 -0.5405814669321904 0.07999999821186066
v -2.2063567763429655 -1.2424344740103612 0.10000000149011612
v -1.8343566781145109 -1.2424344740103612 0.10000000149011612
v -1.8343566781145109 -1.2424344740103612 0.10000000149011612
v -1.871556771383859 -0.5405814669321904 0.07999999821186066
v -2.1691566830736173 -0.5405814669321904 0.07999999821186066
v -1.8343566781145109 -1.2424344740103612 0.10000000149011612
v -2.2063567763429655 -1.2424344740103612 0.10000000149011612
v -2.1382097130876554 -1.3105814180563817 0.10000000149011612
v -1.8343566781145109 -1.2424344740103612 0.10000000149011612
v -2.1382097130876554 -1.3105814180563817 0.10000000149011612
v -1.902503741369821 -1.3105814180563817 0.10000000149011612
v -1.165175688849069 -0.5305814764689336 -0.07999999821186066
v -0.8675757175546659 -0.5305814764689336 -0.07999999821186066
v -0.8303756838899625 -1.0624344668578038 -0.10000000149011612
v -1.165175688849069 -0.5305814764689336 -0.07999999821186066
v -0.8303756838899625 -1.0624344668578038 -0.10000000149011612
v -1.2023757225137723 -1.0624344668578038 -0.10000000149011612
v -1.2023757225137723 -1.0624344668578038 -0.10000000149011612
v -0.8303756838899625 -1.0624344668578038 -0.10000000149011612
v -1.134228718863107 -1.1305814705084691 -0.10000000149011612
v -1.134228718863107 -1.1305814705084691 -0.10000000149011612
v -0.8303756838899625 -1.0624344668578038 -0.10000000149011612
v -0.8985226875406278 -1.1305814705084691 -0.10000000149011612
v -0.8303756838899625 -1.0624344668578038 0.10000000149011612
v -1.2023757225137723 -1.0624344668578038 0.10000000149011612
v -1.134228718863107 -1.1305814705084691 0.10000000149011612
v -0.8303756838899625 -1.0624344668578038 0.10000000149011612
v -1.134228718863107 -1.1305814705084691 0.10000000149011612
v -0.8985226875406278 -1.1305814705084691 0.10000000149011612
v -1.2023757225137723 -1.0624344668578038 0.10000000149011612
v -0.8303756838899625 -1.0624344668578038 0.10000000149011612
v -1.165175688849069 -0.5305814764689336 0.07999999821186066
v -0.8303756838899625 -1.0624344668578038 0.10000000149011612
v -0.8675757175546659 -0.5305814764689336 0.07999999821186066
v -1.165175688849069 -0.5305814764689336 0.07999999821186066
v 0.4295282238859164 -0.28967946984280446 0.16490699350833893
v 0.5695202225584017 -0.28967946984280446 0.16490699350833893
v 0.5695202225584017 -0.12482547976483205 0.23319199681282043
v 0.4295282238859164 -0.35796447314728597 0.00005400000009103678
v 0.5695202225584017 -0.28967946984280446 0.16490699350833893
v 0.4295282238859164 -0.28967946984280446 0.16490699350833893
v 0.4295282238859164 -0.28967946984280446 0.16490699350833893
v 0.5695202225584017 -0.12482547976483205 0.23319199681282043
v 0.4295282238859164 -0.12482547976483205 0.23319199681282043
v 0.4295282238859164 -0.35796447314728597 0.00005400000009103678
v 0.5695202225584017 -0.35796447314728597 0.00005400000009103678
v 0.5695202225584017 -0.28967946984280446 0.16490699350833893
v 0.4295282238859164 -0.12482547976483205 0.23319199681282043
v 0.5695202225584017 -0.12482547976483205 0.23319199681282043
v 0.5695202225584017 0.04002752683650157 0.16490699350833893
v 0.4295282238859164 -0.28967946984280446 -0.1648000031709671
v 0.5695202225584017 -0.35796447314728597 0.00005400000009103678
v 0.4295282238859164 -0.35796447314728597 0.00005400000009103678
v 0.4295282238859164 -0.12482547976483205 0.23319199681282043
v 0.5695202225584017 0.04002752683650157 0.16490699350833893
v 0.4295282238859164 0.04002752683650157 0.16490699350833893
v 0.4295282238859164 -0.28967946984280446 -0.1648000031709671
v 0.5695202225584017 -0.28967946984280446 -0.1648000031709671
v 0.5695202225584017 -0.35796447314728597 0.00005400000009103678
v 0.5695202225584017 0.10831251523982188 0.00005400000009103678
v 0.4295282238859164 0.04002752683650157 0.16490699350833893
v 0.5695202225584017 0.04002752683650157 0.16490699350833893
v 0.4295282238859164 -0.12482547976483205 -0.2330850064754486
v 0.5695202225584017 -0.28967946984280446 -0.1648000031709671
v 0.4295282238859164 -0.28967946984280446 -0.1648000031709671
v 0.4295282238859164 0.10831251523982188 0.00005400000009103678
v 0.4295282238859164 0.04002752683650157 0.16490699350833893
v 0.5695202225584017 0.10831251523982188 0.00005400000009103678
v 0.4295282238859164 -0.12482547976483205 -0.2330850064754486
v 0.5695202225584017 -0.12482547976483205 -0.2330850064754486
v 0.5695202225584017 -0.28967946984280446 -0.1648000031709671
v 0.5695202225584017 0.04002752683650157 -0.1648000031709671
v 0.4295282238859164 0.10831251523982188 0.00005400000009103678
v 0.5695202225584017 0.10831251523982188 0.00005400000009103678
v 0.4295282238859164 0.04002752683650157 -0.1648000031709671
v 0.5695202225584017 -0.12482547976483205 -0.2330850064754486
v 0.4295282238859164 -0.12482547976483205 -0.2330850064754486
v 0.4295282238859164 0.04002752683650157 -0.1648000031709671
v 0.4295282238859164 0.10831251523982188 0.00005400000009103678
v 0.5695202225584017 0.04002752683650157 -0.1648000031709671
v 0.4295282238859164 0.04002752683650157 -0.1648000031709671
v 0.5695202225584017 0.04002752683650157 -0.1648000031709671
v 0.5695202225584017 -0.12482547976483205 -0.2330850064754486
v 2.205239521874808 -0.3591564766358266 0.22857500612735748
v 2.205239521874808 -0.13058147050846913 0.32325300574302673
v 2.1252872818845736 -0.3591564766358266 0.22857500612735748
v 2.1252872818845736 -0.3591564766358266 0.22857500612735748
v 2.205239521874808 -0.13058147050846913 0.32325300574302673
v 2.1252872818845736 -0.13058147050846913 0.32325300574302673
v 2.1252872818845736 -0.45383447625149587 -3.958707409794234e-17
v 2.205239521874808 -0.3591564766358266 0.22857500612735748
v 2.1252872818845736 -0.3591564766358266 0.22857500612735748
v 2.205239521874808 -0.13058147050846913 0.32325300574302673
v 2.205239521874808 0.09799352071772716 0.22857500612735748
v 2.1252872818845736 -0.13058147050846913 0.32325300574302673
v 2.205239521874808 -0.45383447625149587 -3.958707409794234e-17
v 2.205239521874808 -0.3591564766358266 0.22857500612735748
v 2.1252872818845736 -0.45383447625149587 -3.958707409794234e-17
v 2.1252872818845736 -0.13058147050846913 0.32325300574302673
v 2.205239521874808 0.09799352071772716 0.22857500612735748
v 2.1252872818845736 0.09799352071772716 0.22857500612735748
v 2.1252872818845736 -0.3591564766358266 -0.22857500612735748
v 2.205239521874808 -0.45383447625149587 -3.958707409794234e-17
v 2.1252872818845736 -0.45383447625149587 -3.958707409794234e-17
v 2.205239521874808 0.19267156503688 3.958707409794234e-17
v 2.1252872818845736 0.09799352071772716 0.22857500612735748
v 2.205239521874808 0.09799352071772716 0.22857500612735748
v 2.205239521874808 -0.3591564766358266 -0.22857500612735748
v 2.205239521874808 -0.45383447625149587 -3.958707409794234e-17
v 2.1252872818845736 -0.3591564766358266 -0.22857500612735748
v 2.1252872818845736 0.09799352071772716 0.22857500612735748
v 2.205239521874808 0.19267156503688 3.958707409794234e-17
v 2.1252872818845736 0.19267156503688 3.958707409794234e-17
v 2.1252872818845736 -0.13058147050846913 -0.32325300574302673
v 2.205239521874808 -0.3591564766358266 -0.22857500612735748
v 2.1252872818845736 -0.3591564766358266 -0.22857500612735748
v 2.205239521874808 0.09799352071772716 -0.22857500612735748
v 2.1252872818845736 0.19267156503688 3.958707409794234e-17
v 2.205239521874808 0.19267156503688 3.958707409794234e-17
v 2.205239521874808 -0.13058147050846913 -0.32325300574302673
v 2.205239521874808 -0.3591564766358266 -0.22857500612735748
v 2.1252872818845736 -0.13058147050846913 -0.32325300574302673
v 2.1252872818845736 0.19267156503688 3.958707409794234e-17
v 2.205239521874808 0.09799352071772716 -0.22857500612735748
v 2.1252872818845736 0.09799352071772716 -0.22857500612735748
v 2.205239521874808 0.09799352071772716 -0.22857500612735748
v 2.205239521874808 -0.13058147050846913 -0.32325300574302673
v 2.1252872818845736 0.09799352071772716 -0.22857500612735748
v 2.1252872818845736 0.09799352071772716 -0.22857500612735748
v 2.205239521874808 -0.13058147050846913 -0.32325300574302673
v 2.1252872818845736 -0.13058147050846913 -0.32325300574302673
v 0.1696293229001986 0.11450555704127452 3.0014499989392825e-17
v 0.09670029820384851 0.004872528534041853 0.135453999042511
v 0.1696293229001986 0.042721537571059676 0.17330299317836761
v 0.1696293229001986 -0.13058147050846913 0.24508699774742126
v 0.1696293229001986 0.042721537571059676 0.17330299317836761
v 0.09670029820384851 0.004872528534041853 0.135453999042511
v 0.09670029820384851 0.004872528534041853 0.135453999042511
v 0.1696293229001986 0.11450555704127452 3.0014499989392825e-17
v 0.09670029820384851 0.060978559475051375 2.345933351728772e-17
v 0.09670029820384851 -0.13058147050846913 0.19156000018119812
v 0.1696293229001986 -0.13058147050846913 0.24508699774742126
v 0.09670029820384851 0.004872528534041853 0.135453999042511
v 0.1696293229001986 0.11450555704127452 3.0014499989392825e-17
v 0.09670029820384851 0.004872528534041853 -0.135453999042511
v 0.09670029820384851 0.060978559475051375 2.345933351728772e-17
v 0.09670029820384851 -0.2660354695509801 0.135453999042511
v 0.1696293229001986 -0.13058147050846913 0.24508699774742126
v 0.09670029820384851 -0.13058147050846913 0.19156000018119812
v 0.09670029820384851 0.004872528534041853 -0.135453999042511
v 0.1696293229001986 0.11450555704127452 3.0014499989392825e-17
v 0.1696293229001986 0.042721537571059676 -0.17330299317836761
v 0.1696293229001986 -0.13058147050846913 0.24508699774742126
v 0.09670029820384851 -0.2660354695509801 0.135453999042511
v 0.1696293229001986 -0.30388447858799794 0.17330299317836761
v 0.1696293229001986 -0.13058147050846913 -0.24508699774742126
v 0.09670029820384851 0.004872528534041853 -0.135453999042511
v 0.1696293229001986 0.042721537571059676 -0.17330299317836761
v 0.1696293229001986 -0.3756684682558904 -3.0014499989392825e-17
v 0.1696293229001986 -0.30388447858799794 0.17330299317836761
v 0.09670029820384851 -0.2660354695509801 0.135453999042511
v 0.09670029820384851 0.004872528534041853 -0.135453999042511
v 0.1696293229001986 -0.13058147050846913 -0.24508699774742126
v 0.09670029820384851 -0.13058147050846913 -0.19156000018119812
v 0.09670029820384851 -0.32214147068966725 -2.345933351728772e-17
v 0.1696293229001986 -0.3756684682558904 -3.0014499989392825e-17
v 0.09670029820384851 -0.2660354695509801 0.135453999042511
v 0.09670029820384851 -0.13058147050846913 -0.19156000018119812
v 0.1696293229001986 -0.13058147050846913 -0.24508699774742126
v 0.09670029820384851 -0.2660354695509801 -0.135453999042511
v 0.09670029820384851 -0.2660354695509801 -0.135453999042511
v 0.1696293229001986 -0.3756684682558904 -3.0014499989392825e-17
v 0.09670029820384851 -0.32214147068966725 -2.345933351728772e-17
v 0.1696293229001986 -0.13058147050846913 -0.24508699774742126
v 0.1696293229001986 -0.30388447858799794 -0.17330299317836761
v 0.09670029820384851 -0.2660354695509801 -0.135453999042511
v 0.1696293229001986 -0.3756684682558904 -3.0014499989392825e-17
v 0.09670029820384851 -0.2660354695509801 -0.135453999042511
v 0.1696293229001986 -0.30388447858799794 -0.17330299317836761
v 1.8816182488340365 0.18574753187190196 3.873913125201423e-17
v 1.9982313984769808 0.0930975355912318 0.22367900609970093
v 1.9982313984769808 0.18574753187190196 3.873913125201423e-17
v 1.9982313984769808 0.0930975355912318 0.22367900609970093
v 1.8816182488340365 0.18574753187190196 3.873913125201423e-17
v 1.8816182488340365 0.0930975355912318 0.22367900609970093
v 1.9982313984769808 0.18574753187190196 3.873913125201423e-17
v 1.8816182488340365 0.0930975355912318 -0.22367900609970093
v 1.8816182488340365 0.18574753187190196 3.873913125201423e-17
v 1.9982313984769808 -0.13058147050846913 0.3163290023803711
v 1.9982313984769808 0.0930975355912318 0.22367900609970093
v 1.8816182488340365 0.0930975355912318 0.22367900609970093
v 1.8816182488340365 0.0930975355912318 -0.22367900609970093
v 1.9982313984769808 0.18574753187190196 3.873913125201423e-17
v 1.9982313984769808 0.0930975355912318 -0.22367900609970093
v 1.8816182488340365 0.0930975355912318 0.22367900609970093
v 1.8816182488340365 -0.13058147050846913 0.3163290023803711
v 1.9982313984769808 -0.13058147050846913 0.3163290023803711
v 1.8816182488340365 -0.13058147050846913 -0.3163290023803711
v 1.8816182488340365 0.0930975355912318 -0.22367900609970093
v 1.9982313984769808 0.0930975355912318 -0.22367900609970093
v 1.9982313984769808 -0.35426047660817006 0.22367900609970093
v 1.9982313984769808 -0.13058147050846913 0.3163290023803711
v 1.8816182488340365 -0.13058147050846913 0.3163290023803711
v 1.9982313984769808 0.0930975355912318 -0.22367900609970093
v 1.9982313984769808 -0.13058147050846913 -0.3163290023803711
v 1.8816182488340365 -0.13058147050846913 -0.3163290023803711
v 1.8816182488340365 -0.13058147050846913 0.3163290023803711
v 1.8816182488340365 -0.35426047660817006 0.22367900609970093
v 1.9982313984769808 -0.35426047660817006 0.22367900609970093
v 1.8816182488340365 -0.35426047660817006 -0.22367900609970093
v 1.8816182488340365 -0.13058147050846913 -0.3163290023803711
v 1.9982313984769808 -0.13058147050846913 -0.3163290023803711
v 1.9982313984769808 -0.4469104728888402 -3.873913125201423e-17
v 1.9982313984769808 -0.35426047660817006 0.22367900609970093
v 1.8816182488340365 -0.35426047660817006 0.22367900609970093
v 1.9982313984769808 -0.13058147050846913 -0.3163290023803711
v 1.9982313984769808 -0.35426047660817006 -0.22367900609970093
v 1.8816182488340365 -0.35426047660817006 -0.22367900609970093
v 1.8816182488340365 -0.35426047660817006 0.22367900609970093
v 1.8816182488340365 -0.4469104728888402 -3.873913125201423e-17
v 1.9982313984769808 -0.4469104728888402 -3.873913125201423e-17
v 1.8816182488340365 -0.4469104728888402 -3.873913125201423e-17
v 1.8816182488340365 -0.35426047660817006 -0.22367900609970093
v 1.9982313984769808 -0.35426047660817006 -0.22367900609970093
v 1.9982313984769808 -0.35426047660817006 -0.22367900609970093
v 1.9982313984769808 -0.4469104728888402 -3.873913125201423e-17
v 1.8816182488340365 -0.4469104728888402 -3.873913125201423e-17
v -0.244104755507089 0.038177517871962996 -0.16294999420642853
v -0.244104755507089 -0.35534747161377767 0.00005400000009103678
v -0.244104755507089 -0.2878294906805883 -0.16294999420642853
v -0.244104755507089 0.038177517871962996 -0.16294999420642853
v -0.244104755507089 -0.2878294906805883 -0.16294999420642853
v -0.244104755507089 -0.12482547976483205 -0.2304690033197403
v -0.244104755507089 -0.35534747161377767 0.00005400000009103678
v -0.244104755507089 0.038177517871962996 -0.16294999420642853
v -0.244104755507089 -0.2878294906805883 0.16305699944496155
v -0.244104755507089 0.038177517871962996 -0.16294999420642853
v -0.244104755507089 0.03817853115092418 0.16305699944496155
v -0.244104755507089 -0.2878294906805883 0.16305699944496155
v -0.244104755507089 -0.2878294906805883 0.16305699944496155
v -0.244104755507089 0.03817853115092418 0.16305699944496155
v -0.244104755507089 -0.12482547976483205 0.23057599365711212
v -0.244104755507089 0.03817853115092418 0.16305699944496155
v -0.244104755507089 0.038177517871962996 -0.16294999420642853
v -0.244104755507089 0.10569652698527476 0.00005400000009103678
v 0.4295282238859164 -0.28967946984280446 -0.1648000031709671
v 0.4295282238859164 0.04002752683650157 -0.1648000031709671
v 0.4295282238859164 -0.12482547976483205 -0.2330850064754486
v 0.4295282238859164 0.04002752683650157 -0.1648000031709671
v 0.4295282238859164 -0.28967946984280446 -0.1648000031709671
v 0.4295282238859164 -0.28967946984280446 0.16490699350833893
v 0.4295282238859164 -0.28967946984280446 0.16490699350833893
v 0.4295282238859164 -0.28967946984280446 -0.1648000031709671
v 0.4295282238859164 -0.35796447314728597 0.00005400000009103678
v 0.4295282238859164 0.04002752683650157 -0.1648000031709671
v 0.4295282238859164 -0.28967946984280446 0.16490699350833893
v 0.4295282238859164 0.04002752683650157 0.16490699350833893
v 0.4295282238859164 0.04002752683650157 0.16490699350833893
v 0.4295282238859164 -0.28967946984280446 0.16490699350833893
v 0.4295282238859164 -0.12482547976483205 0.23319199681282043
v 0.4295282238859164 0.04002752683650157 -0.1648000031709671
v 0.4295282238859164 0.04002752683650157 0.16490699350833893
v 0.4295282238859164 0.10831251523982188 0.00005400000009103678
v -0.244104755507089 -0.2878294906805883 0.16305699944496155
v -0.39790667353687414 -0.12482547976483205 0.2410140037536621
v -0.39790667353687414 -0.29521045305241445 0.1704380065202713
v -0.39790667353687414 -0.36578646518696645 0.00005400000009103678
v -0.244104755507089 -0.2878294906805883 0.16305699944496155
v -0.39790667353687414 -0.29521045305241445 0.1704380065202713
v -0.39790667353687414 -0.12482547976483205 0.2410140037536621
v -0.244104755507089 -0.2878294906805883 0.16305699944496155
v -0.244104755507089 -0.12482547976483205 0.23057599365711212
v -0.39790667353687414 -0.36578646518696645 0.00005400000009103678
v -0.244104755507089 -0.35534747161377767 0.00005400000009103678
v -0.244104755507089 -0.2878294906805883 0.16305699944496155
v -0.39790667353687414 -0.12482547976483205 0.2410140037536621
v -0.244104755507089 -0.12482547976483205 0.23057599365711212
v -0.244104755507089 0.03817853115092418 0.16305699944496155
v -0.39790667353687414 -0.36578646518696645 0.00005400000009103678
v -0.244104755507089 -0.2878294906805883 -0.16294999420642853
v -0.244104755507089 -0.35534747161377767 0.00005400000009103678
v -0.39790667353687414 -0.12482547976483205 0.2410140037536621
v -0.244104755507089 0.03817853115092418 0.16305699944496155
v -0.39790667353687414 0.04555853984843394 0.1704380065202713
v -0.244104755507089 -0.2878294906805883 -0.16294999420642853
v -0.39790667353687414 -0.36578646518696645 0.00005400000009103678
v -0.39790667353687414 -0.29521045305241445 -0.17033100128173828
v -0.244104755507089 0.03817853115092418 0.16305699944496155
v -0.39790667353687414 0.11613455198298595 0.00005400000009103678
v -0.39790667353687414 0.04555853984843394 0.1704380065202713
v -0.39790667353687414 -0.12482547976483205 -0.2409069985151291
v -0.244104755507089 -0.2878294906805883 -0.16294999420642853
v -0.39790667353687414 -0.29521045305241445 -0.17033100128173828
v -0.39790667353687414 0.11613455198298595 0.00005400000009103678
v -0.244104755507089 0.03817853115092418 0.16305699944496155
v -0.244104755507089 0.10569652698527476 0.00005400000009103678
v -0.39790667353687414 -0.12482547976483205 -0.2409069985151291
v -0.244104755507089 -0.12482547976483205 -0.2304690033197403
v -0.244104755507089 -0.2878294906805883 -0.16294999420642853
v -0.244104755507089 0.038177517871962996 -0.16294999420642853
v -0.39790667353687414 0.11613455198298595 0.00005400000009103678
v -0.244104755507089 0.10569652698527476 0.00005400000009103678
v -0.39790667353687414 -0.12482547976483205 -0.2409069985151291
v -0.244104755507089 0.038177517871962996 -0.16294999420642853
v -0.244104755507089 -0.12482547976483205 -0.2304690033197403
v -0.39790667353687414 0.04555853984843394 -0.17033100128173828
v -0.39790667353687414 0.11613455198298595 0.00005400000009103678
v -0.244104755507089 0.038177517871962996 -0.16294999420642853
v -0.244104755507089 0.038177517871962996 -0.16294999420642853
v -0.39790667353687414 -0.12482547976483205 -0.2409069985151291
v -0.39790667353687414 0.04555853984843394 -0.17033100128173828
v -1.2715957289796842 -0.3834414801787267 -3.096641943831885e-17
v -1.1989697342973722 -0.2660354695509801 0.135453999042511
v -1.2715967422586454 -0.3093804738711248 0.17879900336265564
v -1.2715957289796842 -0.13058147050846913 0.25286000967025757
v -1.2715967422586454 -0.3093804738711248 0.17879900336265564
v -1.1989697342973722 -0.2660354695509801 0.135453999042511
v -1.1989697342973722 -0.2660354695509801 0.135453999042511
v -1.2715957289796842 -0.3834414801787267 -3.096641943831885e-17
v -1.1989697342973722 -0.32214147068966725 -2.345933351728772e-17
v -1.1989697342973722 -0.2660354695509801 0.135453999042511
v -1.1989697342973722 -0.13058147050846913 0.19156000018119812
v -1.2715957289796842 -0.13058147050846913 0.25286000967025757
v -1.1989697342973722 -0.2660354695509801 -0.135453999042511
v -1.1989697342973722 -0.32214147068966725 -2.345933351728772e-17
v -1.2715957289796842 -0.3834414801787267 -3.096641943831885e-17
v -1.1989697342973722 0.004872528534041853 0.135453999042511
v -1.2715957289796842 -0.13058147050846913 0.25286000967025757
v -1.1989697342973722 -0.13058147050846913 0.19156000018119812
v -1.2715957289796842 -0.3834414801787267 -3.096641943831885e-17
v -1.2715957289796842 -0.3093804738711248 -0.17879900336265564
v -1.1989697342973722 -0.2660354695509801 -0.135453999042511
v -1.2715957289796842 -0.13058147050846913 0.25286000967025757
v -1.1989697342973722 0.004872528534041853 0.135453999042511
v -1.2715957289796842 0.048217562656508894 0.17879900336265564
v -1.2715957289796842 -0.13058147050846913 -0.25286000967025757
v -1.1989697342973722 -0.2660354695509801 -0.135453999042511
v -1.2715957289796842 -0.3093804738711248 -0.17879900336265564
v -1.2715957289796842 0.12227853916178844 3.096641943831885e-17
v -1.2715957289796842 0.048217562656508894 0.17879900336265564
v -1.1989697342973722 0.004872528534041853 0.135453999042511
v -1.1989697342973722 -0.2660354695509801 -0.135453999042511
v -1.2715957289796842 -0.13058147050846913 -0.25286000967025757
v -1.1989697342973722 -0.13058147050846913 -0.19156000018119812
v -1.2715957289796842 0.12227853916178844 3.096641943831885e-17
v -1.1989697342973722 0.004872528534041853 0.135453999042511
v -1.1989697342973722 0.06097951314936778 2.345945594001838e-17
v -1.1989697342973722 0.004872528534041853 -0.135453999042511
v -1.1989697342973722 -0.13058147050846913 -0.19156000018119812
v -1.2715957289796842 -0.13058147050846913 -0.25286000967025757
v -1.1989697342973722 0.004872528534041853 -0.135453999042511
v -1.2715957289796842 0.12227853916178844 3.096641943831885e-17
v -1.1989697342973722 0.06097951314936778 2.345945594001838e-17
v -1.2715957289796842 -0.13058147050846913 -0.25286000967025757
v -1.2715957289796842 0.048217562656508894 -0.17879900336265564
v -1.1989697342973722 0.004872528534041853 -0.135453999042511
v -1.2715957289796842 0.12227853916178844 3.096641943831885e-17
v -1.1989697342973722 0.004872528534041853 -0.135453999042511
v -1.2715957289796842 0.048217562656508894 -0.17879900336265564
v 2.0330412262815463 -0.13058147050846913 -0.24948999285697937
v 2.1252872818845736 -0.13058147050846913 -0.32325300574302673
v 2.0330412262815463 -0.30699745037068227 -0.17641599476337433
v 2.0330412262815463 0.045834509353744 -0.17641599476337433
v 2.1252872818845736 -0.13058147050846913 -0.32325300574302673
v 2.0330412262815463 -0.13058147050846913 -0.24948999285697937
v 2.1252872818845736 -0.13058147050846913 -0.32325300574302673
v 2.1252872818845736 -0.3591564766358266 -0.22857500612735748
v 2.0330412262815463 -0.30699745037068227 -0.17641599476337433
v 2.1252872818845736 -0.13058147050846913 -0.32325300574302673
v 2.0330412262815463 0.045834509353744 -0.17641599476337433
v 2.1252872818845736 0.09799352071772716 -0.22857500612735748
v 2.1252872818845736 -0.45383447625149587 -3.958707409794234e-17
v 2.0330412262815463 -0.30699745037068227 -0.17641599476337433
v 2.1252872818845736 -0.3591564766358266 -0.22857500612735748
v 2.0330412262815463 0.045834509353744 -0.17641599476337433
v 2.1252872818845736 0.19267156503688 3.958707409794234e-17
v 2.1252872818845736 0.09799352071772716 -0.22857500612735748
v 2.0330412262815463 -0.30699745037068227 -0.17641599476337433
v 2.1252872818845736 -0.45383447625149587 -3.958707409794234e-17
v 2.0330412262815463 -0.3800714633654485 -3.055371256093654e-17
v 2.1252872818845736 0.19267156503688 3.958707409794234e-17
v 2.0330412262815463 0.045834509353744 -0.17641599476337433
v 2.0330412262815463 0.11890855215083262 3.055371256093654e-17
v 2.0330412262815463 -0.3800714633654485 -3.055371256093654e-17
v 2.1252872818845736 -0.45383447625149587 -3.958707409794234e-17
v 2.0330412262815463 -0.30699745037068227 0.17641599476337433
v 2.0330412262815463 0.045834509353744 0.17641599476337433
v 2.1252872818845736 0.19267156503688 3.958707409794234e-17
v 2.0330412262815463 0.11890855215083262 3.055371256093654e-17
v 2.1252872818845736 -0.45383447625149587 -3.958707409794234e-17
v 2.1252872818845736 -0.3591564766358266 0.22857500612735748
v 2.0330412262815463 -0.30699745037068227 0.17641599476337433
v 2.1252872818845736 0.19267156503688 3.958707409794234e-17
v 2.0330412262815463 0.045834509353744 0.17641599476337433
v 2.1252872818845736 0.09799352071772716 0.22857500612735748
v 2.1252872818845736 -0.13058147050846913 0.32325300574302673
v 2.0330412262815463 -0.30699745037068227 0.17641599476337433
v 2.1252872818845736 -0.3591564766358266 0.22857500612735748
v 2.1252872818845736 -0.13058147050846913 0.32325300574302673
v 2.1252872818845736 0.09799352071772716 0.22857500612735748
v 2.0330412262815463 0.045834509353744 0.17641599476337433
v 2.0330412262815463 -0.30699745037068227 0.17641599476337433
v 2.1252872818845736 -0.13058147050846913 0.32325300574302673
v 2.0330412262815463 -0.13058147050846913 0.24948999285697937
v 2.0330412262815463 -0.13058147050846913 0.24948999285697937
v 2.1252872818845736 -0.13058147050846913 0.32325300574302673
v 2.0330412262815463 0.045834509353744 0.17641599476337433
v -2.4720566397768033 -0.4064284584711919 -3.3781513586183815e-17
v -2.394547713385202 -0.2660354695509801 0.135453999042511
v -2.472055686102487 -0.3256344667862783 0.19505299627780914
v -2.394547713385202 -0.2660354695509801 0.135453999042511
v -2.472055686102487 -0.13058147050846913 0.2758469879627228
v -2.472055686102487 -0.3256344667862783 0.19505299627780914
v -2.394547713385202 -0.2660354695509801 0.135453999042511
v -2.4720566397768033 -0.4064284584711919 -3.3781513586183815e-17
v -2.394547713385202 -0.32214147068966725 -2.345933351728772e-17
v -2.472055686102487 -0.13058147050846913 0.2758469879627228
v -2.394547713385202 -0.2660354695509801 0.135453999042511
v -2.394547713385202 -0.13058147050846913 0.19156000018119812
v -2.394547713385202 -0.2660354695509801 -0.135453999042511
v -2.394547713385202 -0.32214147068966725 -2.345933351728772e-17
v -2.4720566397768033 -0.4064284584711919 -3.3781513586183815e-17
v -2.394547713385202 0.004872528534041853 0.135453999042511
v -2.472055686102487 -0.13058147050846913 0.2758469879627228
v -2.394547713385202 -0.13058147050846913 0.19156000018119812
v -2.394547713385202 -0.2660354695509801 -0.135453999042511
v -2.4720566397768033 -0.4064284584711919 -3.3781513586183815e-17
v -2.4720566397768033 -0.3256344667862783 -0.19505299627780914
v -2.472055686102487 -0.13058147050846913 0.2758469879627228
v -2.394547713385202 0.004872528534041853 0.135453999042511
v -2.4720566397768033 0.06447151086817882 0.19505299627780914
v -2.472055686102487 -0.13058147050846913 -0.2758469879627228
v -2.394547713385202 -0.2660354695509801 -0.135453999042511
v -2.4720566397768033 -0.3256344667862783 -0.19505299627780914
v -2.472055686102487 0.14526548765193126 3.3781513586183815e-17
v -2.4720566397768033 0.06447151086817882 0.19505299627780914
v -2.394547713385202 0.004872528534041853 0.135453999042511
v -2.394547713385202 -0.2660354695509801 -0.135453999042511
v -2.472055686102487 -0.13058147050846913 -0.2758469879627228
v -2.394547713385202 -0.13058147050846913 -0.19156000018119812
v -2.472055686102487 0.14526548765193126 3.3781513586183815e-17
v -2.394547713385202 0.004872528534041853 0.135453999042511
v -2.394547713385202 0.060978559475051375 2.345933351728772e-17
v -2.472055686102487 -0.13058147050846913 -0.2758469879627228
v -2.394547713385202 0.004872528534041853 -0.135453999042511
v -2.394547713385202 -0.13058147050846913 -0.19156000018119812
v -2.394547713385202 0.004872528534041853 -0.135453999042511
v -2.472055686102487 0.14526548765193126 3.3781513586183815e-17
v -2.394547713385202 0.060978559475051375 2.345933351728772e-17
v -2.472055686102487 -0.13058147050846913 -0.2758469879627228
v -2.4720566397768033 0.06447151086817882 -0.19505299627780914
v -2.394547713385202 0.004872528534041853 -0.135453999042511
v -2.472055686102487 0.14526548765193126 3.3781513586183815e-17
v -2.394547713385202 0.004872528534041853 -0.135453999042511
v -2.4720566397768033 0.06447151086817882 -0.19505299627780914
vn -0.7360761694546643 -0.4786396877036503 -0.4786396579013282
vn -0.7360758002273919 1.4473955007510744e-9 -0.6768991182736203
vn -0.7360734326983046 -0.4786417771547603 -0.4786417771547603
vn -0.73607582992535 -0.6768990859793705 1.4473954481258687e-9
vn -0.7360761694546643 -0.4786396877036503 -0.4786396579013282
vn -0.7360734326983046 -0.4786417771547603 -0.4786417771547603
vn -0.7360758002273919 1.4473955007510744e-9 -0.6768991182736203
vn -0.7360761694546643 -0.4786396877036503 -0.4786396579013282
vn -0.7360785710953613 -8.555051236829807e-10 -0.6768961051551492
vn -0.7360761694546643 -0.4786396877036503 -0.4786396579013282
vn -0.73607582992535 -0.6768990859793705 1.4473954481258687e-9
vn -0.7360785710953613 -0.6768961051551492 -8.555051236829807e-10
vn -0.7310572141716535 0.39295046850444865 -0.5578039789296197
vn -0.7360758002273919 1.4473955007510744e-9 -0.6768991182736203
vn -0.7360785710953613 -8.555051236829807e-10 -0.6768961051551492
vn -0.73607582992535 -0.6768990859793705 1.4473954481258687e-9
vn -0.7360761799544766 -0.478639634926596 0.47863969453124106
vn -0.7360785710953613 -0.6768961051551492 -8.555051236829807e-10
vn -0.7360758002273919 1.4473955007510744e-9 -0.6768991182736203
vn -0.7310572141716535 0.39295046850444865 -0.5578039789296197
vn -0.7341592408802627 0.5283618043096207 -0.4264317211193351
vn -0.73607582992535 -0.6768990859793705 1.4473954481258687e-9
vn -0.7360734326983046 -0.4786417771547603 0.4786417771547603
vn -0.7360761799544766 -0.478639634926596 0.47863969453124106
vn -0.736074087586846 0.6769009806339419 -2.1878321304945176e-9
vn -0.7341592408802627 0.5283618043096207 -0.4264317211193351
vn -0.7310572141716535 0.39295046850444865 -0.5578039789296197
vn -0.7360758002273919 1.4473955007510744e-9 0.6768991182736203
vn -0.7360761799544766 -0.478639634926596 0.47863969453124106
vn -0.7360734326983046 -0.4786417771547603 0.4786417771547603
vn -0.7341592408802627 0.5283618043096207 -0.4264317211193351
vn -0.736074087586846 0.6769009806339419 -2.1878321304945176e-9
vn -0.7360744593358158 0.6769005763873204 -2.5545805877175453e-9
vn -0.7360761799544766 -0.478639634926596 0.47863969453124106
vn -0.7360758002273919 1.4473955007510744e-9 0.6768991182736203
vn -0.7360785710953613 -8.555051236829807e-10 0.6768961051551492
vn -0.736074087586846 0.6769009806339419 -2.1878321304945176e-9
vn -0.7341592315500856 0.5283617975948524 0.42643174550228347
vn -0.7360744593358158 0.6769005763873204 -2.5545805877175453e-9
vn -0.7310572141716535 0.39295046850444865 0.5578039789296197
vn -0.7360785710953613 -8.555051236829807e-10 0.6768961051551492
vn -0.7360758002273919 1.4473955007510744e-9 0.6768991182736203
vn -0.7341592315500856 0.5283617975948524 0.42643174550228347
vn -0.736074087586846 0.6769009806339419 -2.1878321304945176e-9
vn -0.7310572141716535 0.39295046850444865 0.5578039789296197
vn -0.7360758002273919 1.4473955007510744e-9 0.6768991182736203
vn -0.7341592315500856 0.5283617975948524 0.42643174550228347
vn -0.7310572141716535 0.39295046850444865 0.5578039789296197
vn 1 0 0
vn 1 0 0
vn 1 0 0
vn 1 0 0
vn 1 0 0
vn 1 0 0
vn 1 0 0
vn 1 0 0
vn 1 0 0
vn 1 0 0
vn 1 0 0
vn 1 0 0
vn 1 0 0
vn 1 0 0
vn 1 0 0
vn 1 0 0
vn 1 0 0
vn 1 0 0
vn 1 0 0
vn 1 0 0
vn 1 0 0
vn 1 0 0
vn 1 0 0
vn 1 0 0
vn 1 0 0
vn 1 0 0
vn 1 0 0
vn 1 0 0
vn 1 0 0
vn 1 0 0
vn 1 0 0
vn 1 0 0
vn 1 0 0
vn 1 0 0
vn 1 0 0
vn 1 0 0
vn 1 0 0
vn 1 0 0
vn 1 0 0
vn 1 0 0
vn 1 0 0
vn 1 0 0
vn 1 0 0
vn 1 0 0
vn 1 0 0
vn 1 0 0
vn 1 0 0
vn 1 0 0
vn 0.9456402506656305 -0.2592527824483511 -0.19634793381604815
vn 0 -0.6037488630297138 -0.797174579618748
vn 0.39178898723976674 -0.12584020131041557 -0.9114085983859227
vn 0 -0.6037488630297138 -0.797174579618748
vn 0 0.13677464339594447 -0.9906021890365033
vn 0.39178898723976674 -0.12584020131041557 -0.9114085983859227
vn 0 -0.9906021870175559 -0.13677465801834499
vn 0 -0.6037488630297138 -0.797174579618748
vn 0.9456402506656305 -0.2592527824483511 -0.19634793381604815
vn 0.39178898723976674 -0.12584020131041557 -0.9114085983859227
vn 0 0.13677464339594447 -0.9906021890365033
vn 0.9803049146490147 0.11923431821814605 -0.15743395972293214
vn 0.9803049146490147 0.11923431821814605 -0.15743395972293214
vn 0.9456402506656305 -0.2592527824483511 -0.19634793381604815
vn 0.39178898723976674 -0.12584020131041557 -0.9114085983859227
vn 0.39178905750946114 -0.9114085635911029 0.12584023453828622
vn 0 -0.9906021870175559 -0.13677465801834499
vn 0.9456402506656305 -0.2592527824483511 -0.19634793381604815
vn 0 0.13677464339594447 -0.9906021890365033
vn 0 0.797174579618748 -0.6037488630297138
vn 0.9803049146490147 0.11923431821814605 -0.15743395972293214
vn 0 -0.797174579618748 0.6037488630297138
vn 0 -0.9906021870175559 -0.13677465801834499
vn 0.39178905750946114 -0.9114085635911029 0.12584023453828622
vn 0.9456402506656305 -0.2592527824483511 -0.19634793381604815
vn 0.9803049169487598 -0.11923431849786365 0.15743394519110263
vn 0.39178905750946114 -0.9114085635911029 0.12584023453828622
vn 0.9803049169487598 -0.11923431849786365 0.15743394519110263
vn 0 -0.797174579618748 0.6037488630297138
vn 0.39178905750946114 -0.9114085635911029 0.12584023453828622
vn 0.9803049169487598 -0.11923431849786365 0.15743394519110263
vn 0.9456402506656305 -0.2592527824483511 -0.19634793381604815
vn 0.9803049146490147 0.11923431821814605 -0.15743395972293214
vn 0 -0.13677464339594447 0.9906021890365033
vn 0 -0.797174579618748 0.6037488630297138
vn 0.9803049169487598 -0.11923431849786365 0.15743394519110263
vn 0 0.797174579618748 -0.6037488630297138
vn 0.39178898723976674 0.9114085983859227 -0.12584020131041557
vn 0.9803049146490147 0.11923431821814605 -0.15743395972293214
vn 0.39178898723976674 0.9114085983859227 -0.12584020131041557
vn 0 0.797174579618748 -0.6037488630297138
vn 0 0.9906021890365033 0.13677464339594447
vn 0.39178898723976674 0.12584020131041557 0.9114085983859227
vn 0 -0.13677464339594447 0.9906021890365033
vn 0.9803049169487598 -0.11923431849786365 0.15743394519110263
vn 0 0.6037488630297138 0.797174579618748
vn 0 -0.13677464339594447 0.9906021890365033
vn 0.39178898723976674 0.12584020131041557 0.9114085983859227
vn 0.9803049146490147 0.11923431821814605 -0.15743395972293214
vn 0.9456402433592971 0.2592528102475989 0.1963479322989982
vn 0.9803049169487598 -0.11923431849786365 0.15743394519110263
vn 0.9456402433592971 0.2592528102475989 0.1963479322989982
vn 0.9803049146490147 0.11923431821814605 -0.15743395972293214
vn 0.39178898723976674 0.9114085983859227 -0.12584020131041557
vn 0.9803049169487598 -0.11923431849786365 0.15743394519110263
vn 0.9456402433592971 0.2592528102475989 0.1963479322989982
vn 0.39178898723976674 0.12584020131041557 0.9114085983859227
vn 0 0.9906021890365033 0.13677464339594447
vn 0.9456402433592971 0.2592528102475989 0.1963479322989982
vn 0.39178898723976674 0.9114085983859227 -0.12584020131041557
vn 0.9456402433592971 0.2592528102475989 0.1963479322989982
vn 0 0.6037488630297138 0.797174579618748
vn 0.39178898723976674 0.12584020131041557 0.9114085983859227
vn 0.9456402433592971 0.2592528102475989 0.1963479322989982
vn 0 0.9906021890365033 0.13677464339594447
vn 0 0.6037488630297138 0.797174579618748
vn 0.8869270868469029 2.566550803567923e-9 0.4619094528338497
vn 0.8869273589503154 -0.32661893694749117 0.32661893694749117
vn 0.8869258186088619 4.3284016472266336e-9 0.4619118880100405
vn 0.8869273203330126 0.32661897447859084 0.3266190042809137
vn 0.8869270868469029 2.566550803567923e-9 0.4619094528338497
vn 0.8869258186088619 4.3284016472266336e-9 0.4619118880100405
vn 0.8869273589503154 -0.32661893694749117 0.32661893694749117
vn 0.8869270868469029 2.566550803567923e-9 0.4619094528338497
vn 0.8869286102113549 -0.32661723805438864 0.32661723805438864
vn 0.8869270868469029 2.566550803567923e-9 0.4619094528338497
vn 0.8869273203330126 0.32661897447859084 0.3266190042809137
vn 0.8869286102113549 0.32661723805438864 0.32661723805438864
vn 0.8869270868469029 -0.4619094528338497 1.2944690036200532e-9
vn 0.8869273589503154 -0.32661893694749117 0.32661893694749117
vn 0.8869286102113549 -0.32661723805438864 0.32661723805438864
vn 0.886927050218654 0.46190952316491285 1.2944691722057691e-9
vn 0.8869286102113549 0.32661723805438864 0.32661723805438864
vn 0.8869273203330126 0.32661897447859084 0.3266190042809137
vn 0.8869273589503154 -0.32661893694749117 0.32661893694749117
vn 0.8869270868469029 -0.4619094528338497 1.2944690036200532e-9
vn 0.8869258186088619 -0.4619118880100405 2.433097284895201e-9
vn 0.886927050218654 0.46190952316491285 1.2944691722057691e-9
vn 0.8869273203330126 0.32661897447859084 0.3266190042809137
vn 0.886925719917261 0.46191207750961455 -1.5568622343725174e-9
vn 0.8869273289663672 -0.32661897765790143 -0.32661897765790143
vn 0.8869258186088619 -0.4619118880100405 2.433097284895201e-9
vn 0.8869270868469029 -0.4619094528338497 1.2944690036200532e-9
vn 0.8869272944329482 0.32661902454530284 -0.32661902454530284
vn 0.886927050218654 0.46190952316491285 1.2944691722057691e-9
vn 0.886925719917261 0.46191207750961455 -1.5568622343725174e-9
vn 0.8869273289663672 -0.32661897765790143 -0.32661897765790143
vn 0.8869270868469029 -0.4619094528338497 1.2944690036200532e-9
vn 0.8869286102113549 -0.32661723805438864 -0.32661723805438864
vn 0.886927050218654 0.46190952316491285 1.2944691722057691e-9
vn 0.8869272944329482 0.32661902454530284 -0.32661902454530284
vn 0.8869286102113549 0.32661723805438864 -0.32661723805438864
vn 0.8869270624280705 -1.952485049737364e-9 -0.4619094997212261
vn 0.8869273289663672 -0.32661897765790143 -0.32661897765790143
vn 0.8869286102113549 -0.32661723805438864 -0.32661723805438864
vn 0.8869270624280705 -1.952485049737364e-9 -0.4619094997212261
vn 0.8869286102113549 0.32661723805438864 -0.32661723805438864
vn 0.8869272944329482 0.32661902454530284 -0.32661902454530284
vn 0.8869273289663672 -0.32661897765790143 -0.32661897765790143
vn 0.8869270624280705 -1.952485049737364e-9 -0.4619094997212261
vn 0.8869258186088619 4.3284016472266336e-9 -0.4619118880100405
vn 0.8869270624280705 -1.952485049737364e-9 -0.4619094997212261
vn 0.8869272944329482 0.32661902454530284 -0.32661902454530284
vn 0.8869258186088619 4.3284016472266336e-9 -0.4619118880100405
vn -0.6449951727500205 -5.494731505271641e-9 -0.764186644170893
vn -0.6449920058687998 1.1922141273324769e-9 -0.7641893170971068
vn -0.6449927194426068 -0.5403630223590576 -0.5403630223590576
vn -0.6449911148513685 0.540363383953167 -0.5403645760460902
vn -0.6449920058687998 1.1922141273324769e-9 -0.7641893170971068
vn -0.6449951727500205 -5.494731505271641e-9 -0.764186644170893
vn -0.6449920058687998 1.1922141273324769e-9 -0.7641893170971068
vn -0.6449895450661495 -0.5403649168642249 -0.5403649168642249
vn -0.6449927194426068 -0.5403630223590576 -0.5403630223590576
vn -0.6449920058687998 1.1922141273324769e-9 -0.7641893170971068
vn -0.6449911148513685 0.540363383953167 -0.5403645760460902
vn -0.644989697778957 0.5403648257237926 -0.5403648257237926
vn -0.6449920406770354 -0.7641892877182156 1.1922141925206774e-9
vn -0.6449927194426068 -0.5403630223590576 -0.5403630223590576
vn -0.6449895450661495 -0.5403649168642249 -0.5403649168642249
vn -0.6449911148513685 0.540363383953167 -0.5403645760460902
vn -0.6449894862792755 0.7641914436770384 -1.16566693310575e-8
vn -0.644989697778957 0.5403648257237926 -0.5403648257237926
vn -0.6449927194426068 -0.5403630223590576 -0.5403630223590576
vn -0.6449920406770354 -0.7641892877182156 1.1922141925206774e-9
vn -0.6449951727500205 -0.764186644170893 -5.494731505271641e-9
vn -0.6449894862792755 0.7641914436770384 -1.16566693310575e-8
vn -0.6449911148513685 0.540363383953167 -0.5403645760460902
vn -0.6449891305343319 0.7641917439311723 1.5611814006927255e-9
vn -0.6449951727500205 -0.764186644170893 -5.494731505271641e-9
vn -0.6449920406770354 -0.7641892877182156 1.1922141925206774e-9
vn -0.6449927194426068 -0.5403630223590576 0.5403630223590576
vn -0.6449911148513685 0.540363383953167 0.5403645760460902
vn -0.6449894862792755 0.7641914436770384 -1.16566693310575e-8
vn -0.6449891305343319 0.7641917439311723 1.5611814006927255e-9
vn -0.6449920406770354 -0.7641892877182156 1.1922141925206774e-9
vn -0.6449895450661495 -0.5403649168642249 0.5403649168642249
vn -0.6449927194426068 -0.5403630223590576 0.5403630223590576
vn -0.6449894862792755 0.7641914436770384 -1.16566693310575e-8
vn -0.6449911148513685 0.540363383953167 0.5403645760460902
vn -0.644989697778957 0.5403648257237926 0.5403648257237926
vn -0.6449920700559271 -2.368429069231899e-9 0.7641892629218039
vn -0.6449927194426068 -0.5403630223590576 0.5403630223590576
vn -0.6449895450661495 -0.5403649168642249 0.5403649168642249
vn -0.6449920700559271 -2.368429069231899e-9 0.7641892629218039
vn -0.644989697778957 0.5403648257237926 0.5403648257237926
vn -0.6449911148513685 0.540363383953167 0.5403645760460902
vn -0.6449927194426068 -0.5403630223590576 0.5403630223590576
vn -0.6449920700559271 -2.368429069231899e-9 0.7641892629218039
vn -0.6449951727500205 -5.494731505271641e-9 0.764186644170893
vn -0.6449951727500205 -5.494731505271641e-9 0.764186644170893
vn -0.6449920700559271 -2.368429069231899e-9 0.7641892629218039
vn -0.6449911148513685 0.540363383953167 0.5403645760460902
vn -0.986585240177783 -0.16324694135984882 0
vn -0.986585240177783 -0.16324694135984882 0
vn -0.986585240177783 -0.16324694135984882 0
vn -0.986585240177783 -0.16324694135984882 0
vn -0.986585240177783 -0.16324694135984882 0
vn -0.986585240177783 -0.16324694135984882 0
vn -0.5636558452035245 -0.8260097385430152 -7.427402142481056e-9
vn -0.5636521582519559 -0.8260122544477848 2.1459158079455362e-10
vn -0.5636528134277353 -0.5840785503316308 0.5840785503316308
vn -0.5636528134277353 -0.5840785503316308 -0.5840785503316308
vn -0.5636521582519559 -0.8260122544477848 2.1459158079455362e-10
vn -0.5636558452035245 -0.8260097385430152 -7.427402142481056e-9
vn -0.5636521582519559 -0.8260122544477848 2.1459158079455362e-10
vn -0.5636491146336743 -0.5840803350450496 0.5840803350450496
vn -0.5636528134277353 -0.5840785503316308 0.5840785503316308
vn -0.5636521582519559 -0.8260122544477848 2.1459158079455362e-10
vn -0.5636528134277353 -0.5840785503316308 -0.5840785503316308
vn -0.5636491146336743 -0.5840803350450496 -0.5840803350450496
vn -0.5636521582519559 -2.1459158079455362e-10 0.8260122544477848
vn -0.5636528134277353 -0.5840785503316308 0.5840785503316308
vn -0.5636491146336743 -0.5840803350450496 0.5840803350450496
vn -0.5636521582519559 -2.1459158079455362e-10 -0.8260122544477848
vn -0.5636491146336743 -0.5840803350450496 -0.5840803350450496
vn -0.5636528134277353 -0.5840785503316308 -0.5840785503316308
vn -0.5636528134277353 -0.5840785503316308 0.5840785503316308
vn -0.5636521582519559 -2.1459158079455362e-10 0.8260122544477848
vn -0.5636558452035245 7.427402142481056e-9 0.8260097385430152
vn -0.5636558452035245 7.427402142481056e-9 -0.8260097385430152
vn -0.5636521582519559 -2.1459158079455362e-10 -0.8260122544477848
vn -0.5636528134277353 -0.5840785503316308 -0.5840785503316308
vn -0.5636558452035245 7.427402142481056e-9 0.8260097385430152
vn -0.5636521582519559 -2.1459158079455362e-10 0.8260122544477848
vn -0.5636527335139678 0.5840785888911834 0.5840785888911834
vn -0.5636527335139678 0.5840785888911834 -0.5840785888911834
vn -0.5636521582519559 -2.1459158079455362e-10 -0.8260122544477848
vn -0.5636558452035245 7.427402142481056e-9 -0.8260097385430152
vn -0.5636521582519559 -2.1459158079455362e-10 0.8260122544477848
vn -0.56364909501085 0.5840803743155774 0.584080314710935
vn -0.5636527335139678 0.5840785888911834 0.5840785888911834
vn -0.5636521582519559 -2.1459158079455362e-10 -0.8260122544477848
vn -0.5636527335139678 0.5840785888911834 -0.5840785888911834
vn -0.56364909501085 0.5840803743155774 -0.584080314710935
vn -0.5636519807459774 0.8260123755738386 1.2423356826903045e-9
vn -0.5636527335139678 0.5840785888911834 0.5840785888911834
vn -0.56364909501085 0.5840803743155774 0.584080314710935
vn -0.5636527335139678 0.5840785888911834 -0.5840785888911834
vn -0.5636519807459774 0.8260123755738386 1.2423356826903045e-9
vn -0.56364909501085 0.5840803743155774 -0.584080314710935
vn -0.5636527335139678 0.5840785888911834 0.5840785888911834
vn -0.5636519807459774 0.8260123755738386 1.2423356826903045e-9
vn -0.5636555586114766 0.8260099341087758 2.8573616976464233e-9
vn -0.5636519807459774 0.8260123755738386 1.2423356826903045e-9
vn -0.5636527335139678 0.5840785888911834 -0.5840785888911834
vn -0.5636555586114766 0.8260099341087758 2.8573616976464233e-9
vn 0.9985983103766765 0.05292839042373265 0
vn 0.999999602692672 -0.000891411520141471 0
vn 0.9985983105735736 0.05292838670887853 0
vn 0.999999602692672 -0.000891411520141471 0
vn 0.9985983103766765 0.05292839042373265 0
vn 0.9930832741874337 -0.11741213961582614 0
vn 0.999999602692672 -0.000891411520141471 0
vn 0.9930832741874337 -0.11741213961582614 0
vn 0.3440184620110959 -0.9389628841416043 0
vn 0.3440184620110959 -0.9389628841416043 0
vn 0.9930832741874337 -0.11741213961582614 0
vn 0.1253057119598061 -0.9921181777138478 0
vn -0.1253057119598061 -0.9921181777138478 0
vn 0.3440184620110959 -0.9389628841416043 0
vn 0.1253057119598061 -0.9921181777138478 0
vn -0.1253057119598061 -0.9921181777138478 0
vn 0.1253057119598061 -0.9921181777138478 0
vn -0.3440184620110959 -0.9389628841416043 0
vn -0.1253057119598061 -0.9921181777138478 0
vn -0.3440184620110959 -0.9389628841416043 0
vn -0.9987752778971543 -0.04947670422999206 0
vn -0.9987752778971543 -0.04947670422999206 0
vn -0.3440184620110959 -0.9389628841416043 0
vn -0.999193324038043 -0.04015845113804111 0
vn -0.999193324038043 -0.04015845113804111 0
vn -0.9985983105735736 0.05292838670887853 0
vn -0.9987752778971543 -0.04947670422999206 0
vn -0.9985983105735736 0.05292838670887853 0
vn -0.9987752778971543 -0.04947670422999206 0
vn -0.9985983105735736 0.05292838670887853 0
vn 0.9975628425781775 0.06977374224840092 0
vn 0.9999993301585579 -0.0011574465151543167 0
vn 0.9975628430967654 0.06977373483409241 0
vn 0.9999993301585579 -0.0011574465151543167 0
vn 0.9975628425781775 0.06977374224840092 0
vn 0.9891800057898933 -0.1467069055822069 0
vn 0.9999993301585579 -0.0011574465151543167 0
vn 0.9891800057898933 -0.1467069055822069 0
vn 0.34401878954594795 -0.9389627641388878 0
vn 0.34401878954594795 -0.9389627641388878 0
vn 0.9891800057898933 -0.1467069055822069 0
vn 0.1253057999629462 -0.992118166598942 0
vn -0.1253057999629462 -0.992118166598942 0
vn 0.34401878954594795 -0.9389627641388878 0
vn 0.1253057999629462 -0.992118166598942 0
vn -0.1253057999629462 -0.992118166598942 0
vn 0.1253057999629462 -0.992118166598942 0
vn -0.34401878954594795 -0.9389627641388878 0
vn -0.1253057999629462 -0.992118166598942 0
vn -0.34401878954594795 -0.9389627641388878 0
vn -0.9979963825339395 -0.06327100796708117 0
vn -0.9979963825339395 -0.06327100796708117 0
vn -0.34401878954594795 -0.9389627641388878 0
vn -0.9986724882660998 -0.05150981634986793 0
vn -0.9986724882660998 -0.05150981634986793 0
vn -0.9975628430967654 0.06977373483409241 0
vn -0.9979963825339395 -0.06327100796708117 0
vn -0.9975628430967654 0.06977373483409241 0
vn -0.9979963825339395 -0.06327100796708117 0
vn -0.9975628430967654 0.06977373483409241 0
vn 1 0 0
vn 1 0 0
vn 1 0 0
vn 1 0 0
vn 1 0 0
vn 1 0 0
vn 1 0 0
vn 1 0 0
vn 1 0 0
vn 1 0 0
vn 1 0 0
vn 1 0 0
vn 1 0 0
vn 1 0 0
vn 1 0 0
vn 1 0 0
vn 1 0 0
vn 1 0 0
vn -1 0 0
vn -1 0 0
vn -1 0 0
vn -1 0 0
vn -1 0 0
vn -1 0 0
vn -1 0 0
vn -1 0 0
vn -1 0 0
vn -1 0 0
vn -1 0 0
vn -1 0 0
vn -1 0 0
vn -1 0 0
vn -1 0 0
vn -1 0 0
vn -1 0 0
vn -1 0 0
vn 0.18778284152863897 -0.6945277548188518 0.6945277548188518
vn 0.18778178858686512 -0.6945278971629283 0.6945278971629283
vn 0.1877815863494395 -4.237721264827177e-9 0.9822108102785716
vn 0.1877816151008743 -0.982210804781798 -9.377566181949106e-9
vn 0.18778178858686512 -0.6945278971629283 0.6945278971629283
vn 0.18778284152863897 -0.6945277548188518 0.6945277548188518
vn 0.18778178858686512 -0.6945278971629283 0.6945278971629283
vn 0.18778057581989538 -6.199044894273915e-9 0.9822110034736673
vn 0.1877815863494395 -4.237721264827177e-9 0.9822108102785716
vn 0.18778178858686512 -0.6945278971629283 0.6945278971629283
vn 0.1877816151008743 -0.982210804781798 -9.377566181949106e-9
vn 0.18778057581989538 -0.9822110034736673 6.199044894273915e-9
vn 0.18778183948763305 0.6945278604795004 0.6945279200841449
vn 0.1877815863494395 -4.237721264827177e-9 0.9822108102785716
vn 0.18778057581989538 -6.199044894273915e-9 0.9822110034736673
vn 0.18778178858686512 -0.6945278971629283 -0.6945278971629283
vn 0.18778057581989538 -0.9822110034736673 6.199044894273915e-9
vn 0.1877816151008743 -0.982210804781798 -9.377566181949106e-9
vn 0.1877815863494395 -4.237721264827177e-9 0.9822108102785716
vn 0.18778183948763305 0.6945278604795004 0.6945279200841449
vn 0.1877828481306878 0.6945277241240155 0.6945277837286585
vn 0.18778284152863897 -0.6945277548188518 -0.6945277548188518
vn 0.18778178858686512 -0.6945278971629283 -0.6945278971629283
vn 0.1877816151008743 -0.982210804781798 -9.377566181949106e-9
vn 0.18778183948763305 0.6945278604795004 0.6945279200841449
vn 0.18778170135517572 0.9822107882914723 -1.938628649391374e-10
vn 0.1877828481306878 0.6945277241240155 0.6945277837286585
vn 0.1877815863494395 -4.237721264827177e-9 -0.9822108102785716
vn 0.18778178858686512 -0.6945278971629283 -0.6945278971629283
vn 0.18778284152863897 -0.6945277548188518 -0.6945277548188518
vn 0.18778170135517572 0.9822107882914723 -1.938628649391374e-10
vn 0.18778183948763305 0.6945278604795004 0.6945279200841449
vn 0.1877807339528452 0.9822109732415591 6.1990442593803e-9
vn 0.18778178858686512 -0.6945278971629283 -0.6945278971629283
vn 0.1877815863494395 -4.237721264827177e-9 -0.9822108102785716
vn 0.18778057581989538 -6.199044894273915e-9 -0.9822110034736673
vn 0.18778183948763305 0.6945278604795004 -0.6945279200841449
vn 0.18778170135517572 0.9822107882914723 -1.938628649391374e-10
vn 0.1877807339528452 0.9822109732415591 6.1990442593803e-9
vn 0.18778183948763305 0.6945278604795004 -0.6945279200841449
vn 0.18778057581989538 -6.199044894273915e-9 -0.9822110034736673
vn 0.1877815863494395 -4.237721264827177e-9 -0.9822108102785716
vn 0.18778170135517572 0.9822107882914723 -1.938628649391374e-10
vn 0.18778183948763305 0.6945278604795004 -0.6945279200841449
vn 0.1877828481306878 0.6945277241240155 -0.6945277837286585
vn 0.1877828481306878 0.6945277241240155 -0.6945277837286585
vn 0.18778183948763305 0.6945278604795004 -0.6945279200841449
vn 0.1877815863494395 -4.237721264827177e-9 -0.9822108102785716
vn 0 0.02848443831244546 -0.9995942360648268
vn 0 0.026179294777508706 -0.9996572635283316
vn 0 0.02848443831244546 -0.9995942360648268
vn 0 0.02848443831244546 -0.9995942360648268
vn 0 0.026179294777508706 -0.9996572635283316
vn 0 0.025965275992540292 -0.9996628453846983
vn 0 0.025965275992540292 -0.9996628453846983
vn 0 0.026179294777508706 -0.9996572635283316
vn 0 0 -1
vn 0 0 -1
vn 0 0.026179294777508706 -0.9996572635283316
vn 0 0 -1
vn 0 0.02848443831244546 0.9995942360648268
vn 0 0.025965275992540292 0.9996628453846983
vn 0 0.026179294777508706 0.9996572635283316
vn 0 0.026179294777508706 0.9996572635283316
vn 0 0.02848443831244546 0.9995942360648268
vn 0 0.02848443831244546 0.9995942360648268
vn 0 0.026179294777508706 0.9996572635283316
vn 0 0.025965275992540292 0.9996628453846983
vn 0 0 1
vn 0 0.026179294777508706 0.9996572635283316
vn 0 0 1
vn 0 0 1
vn 0 0.03757782352657497 -0.9992937041625979
vn 0 0.03757782352657497 -0.9992937041625979
vn 0 0.03366790628059777 -0.9994330753415563
vn 0 0.03757782352657497 -0.9992937041625979
vn 0 0.03366790628059777 -0.9994330753415563
vn 0 0.033314835442256455 -0.9994449068055005
vn 0 0.033314835442256455 -0.9994449068055005
vn 0 0.03366790628059777 -0.9994330753415563
vn 0 0 -1
vn 0 0 -1
vn 0 0.03366790628059777 -0.9994330753415563
vn 0 0 -1
vn 0 0.033667902559530276 0.9994330754669078
vn 0 0.033314835442256455 0.9994449068055005
vn 0 0 1
vn 0 0.033667902559530276 0.9994330754669078
vn 0 0 1
vn 0 0 1
vn 0 0.033314835442256455 0.9994449068055005
vn 0 0.033667902559530276 0.9994330754669078
vn 0 0.03757782352657497 0.9992937041625979
vn 0 0.033667902559530276 0.9994330754669078
vn 0 0.03757782352657497 0.9992937041625979
vn 0 0.03757782352657497 0.9992937041625979
vn 0 -0.6037471713236477 0.797175860847965
vn 0 -0.7971734209408331 0.6037503929153911
vn 0 -0.136774394815122 0.9906022233585776
vn 0 -0.9906021890365033 0.13677464339594447
vn 0 -0.7971734209408331 0.6037503929153911
vn 0 -0.6037471713236477 0.797175860847965
vn 0 -0.6037471713236477 0.797175860847965
vn 0 -0.136774394815122 0.9906022233585776
vn 0 0.13677465801834499 0.9906021870175559
vn 0 -0.9906021890365033 0.13677464339594447
vn 0 -0.9906022233585776 -0.136774394815122
vn 0 -0.7971734209408331 0.6037503929153911
vn 0 0.13677465801834499 0.9906021870175559
vn 0 -0.136774394815122 0.9906022233585776
vn 0 0.6037490340383113 0.7971744501034927
vn 0 -0.7971749394770106 -0.6037483878817603
vn 0 -0.9906022233585776 -0.136774394815122
vn 0 -0.9906021890365033 0.13677464339594447
vn 0 0.13677465801834499 0.9906021870175559
vn 0 0.6037490340383113 0.7971744501034927
vn 0 0.7971743996895114 0.6037491006036091
vn 0 -0.7971749394770106 -0.6037483878817603
vn 0 -0.6037484923251163 -0.7971748603757829
vn 0 -0.9906022233585776 -0.136774394815122
vn 0 0.9906021930743976 0.13677461415114317
vn 0 0.7971743996895114 0.6037491006036091
vn 0 0.6037490340383113 0.7971744501034927
vn 0 -0.136774394815122 -0.9906022233585776
vn 0 -0.6037484923251163 -0.7971748603757829
vn 0 -0.7971749394770106 -0.6037483878817603
vn 0 0.9906022305304453 -0.13677434287214318
vn 0 0.7971743996895114 0.6037491006036091
vn 0 0.9906021930743976 0.13677461415114317
vn 0 -0.136774394815122 -0.9906022233585776
vn 0 0.13677465801834499 -0.9906021870175559
vn 0 -0.6037484923251163 -0.7971748603757829
vn 0 0.7971758895352429 -0.6037471334455297
vn 0 0.9906022305304453 -0.13677434287214318
vn 0 0.9906021930743976 0.13677461415114317
vn 0 0.6037503929153911 -0.7971734209408331
vn 0 0.13677465801834499 -0.9906021870175559
vn 0 -0.136774394815122 -0.9906022233585776
vn 0 0.6037503929153911 -0.7971734209408331
vn 0 0.9906022305304453 -0.13677434287214318
vn 0 0.7971758895352429 -0.6037471334455297
vn 0 0.6037503929153911 -0.7971734209408331
vn 0 0.7971758895352429 -0.6037471334455297
vn 0 0.13677465801834499 -0.9906021870175559
vn 0 -0.7971759399490427 0.60374706688013
vn 0 -0.13677240965654267 0.990602497451295
vn 0 -0.60374706688013 0.7971759399490427
vn 0 -0.60374706688013 0.7971759399490427
vn 0 -0.13677240965654267 0.990602497451295
vn 0 0.13677240965654267 0.990602497451295
vn 0 -0.990602497451295 0.13677240965654267
vn 0 -0.7971759399490427 0.60374706688013
vn 0 -0.60374706688013 0.7971759399490427
vn 0 -0.13677240965654267 0.990602497451295
vn 0 0.60374706688013 0.7971759399490427
vn 0 0.13677240965654267 0.990602497451295
vn 0 -0.990602497451295 -0.13677240965654267
vn 0 -0.7971759399490427 0.60374706688013
vn 0 -0.990602497451295 0.13677240965654267
vn 0 0.13677240965654267 0.990602497451295
vn 0 0.60374706688013 0.7971759399490427
vn 0 0.7971758895352429 0.6037471334455297
vn 0 -0.7971759399490427 -0.60374706688013
vn 0 -0.990602497451295 -0.13677240965654267
vn 0 -0.990602497451295 0.13677240965654267
vn 0 0.9906024873567174 0.13677248276859064
vn 0 0.7971758895352429 0.6037471334455297
vn 0 0.60374706688013 0.7971759399490427
vn 0 -0.60374706688013 -0.7971759399490427
vn 0 -0.990602497451295 -0.13677240965654267
vn 0 -0.7971759399490427 -0.60374706688013
vn 0 0.7971758895352429 0.6037471334455297
vn 0 0.9906024873567174 0.13677248276859064
vn 0 0.9906024893756334 -0.13677246814618124
vn 0 -0.13677240965654267 -0.990602497451295
vn 0 -0.60374706688013 -0.7971759399490427
vn 0 -0.7971759399490427 -0.60374706688013
vn 0 0.7971758895352429 -0.6037471334455297
vn 0 0.9906024893756334 -0.13677246814618124
vn 0 0.9906024873567174 0.13677248276859064
vn 0 0.13677240965654267 -0.990602497451295
vn 0 -0.60374706688013 -0.7971759399490427
vn 0 -0.13677240965654267 -0.990602497451295
vn 0 0.9906024893756334 -0.13677246814618124
vn 0 0.7971758895352429 -0.6037471334455297
vn 0 0.60374706688013 -0.7971759399490427
vn 0 0.7971758895352429 -0.6037471334455297
vn 0 0.13677240965654267 -0.990602497451295
vn 0 0.60374706688013 -0.7971759399490427
vn 0 0.60374706688013 -0.7971759399490427
vn 0 0.13677240965654267 -0.990602497451295
vn 0 -0.13677240965654267 -0.990602497451295
vn -0.591690139221325 0.8061654787624245 -3.2134336069339515e-9
vn -0.5916912621178985 0.5700444642213134 0.5700445238259588
vn -0.59168918256924 0.5700455434769292 0.5700456030815753
vn -0.5916900720526722 -8.767335429271574e-9 0.8061655280612682
vn -0.59168918256924 0.5700455434769292 0.5700456030815753
vn -0.5916912621178985 0.5700444642213134 0.5700445238259588
vn -0.5916912621178985 0.5700444642213134 0.5700445238259588
vn -0.591690139221325 0.8061654787624245 -3.2134336069339515e-9
vn -0.5916922058078529 0.8061639619743849 6.72779739120471e-9
vn -0.5916922058078529 4.092344772605215e-10 0.8061639619743849
vn -0.5916900720526722 -8.767335429271574e-9 0.8061655280612682
vn -0.5916912621178985 0.5700444642213134 0.5700445238259588
vn -0.591690139221325 0.8061654787624245 -3.2134336069339515e-9
vn -0.5916913008550418 0.570044444117243 -0.5700445037218863
vn -0.5916922058078529 0.8061639619743849 6.72779739120471e-9
vn -0.5916912420138281 -0.570044504457386 0.570044504457386
vn -0.5916900720526722 -8.767335429271574e-9 0.8061655280612682
vn -0.5916922058078529 4.092344772605215e-10 0.8061639619743849
vn -0.5916913008550418 0.570044444117243 -0.5700445037218863
vn -0.591690139221325 0.8061654787624245 -3.2134336069339515e-9
vn -0.59168918256924 0.5700455434769292 -0.5700456030815753
vn -0.5916900720526722 -8.767335429271574e-9 0.8061655280612682
vn -0.5916912420138281 -0.570044504457386 0.570044504457386
vn -0.591689123727907 -0.5700456038169671 0.5700456038169671
vn -0.5916900720526722 -8.767335429271574e-9 -0.8061655280612682
vn -0.5916913008550418 0.570044444117243 -0.5700445037218863
vn -0.59168918256924 0.5700455434769292 -0.5700456030815753
vn -0.5916901107898999 -0.8061654996298441 -5.985439575092823e-9
vn -0.591689123727907 -0.5700456038169671 0.5700456038169671
vn -0.5916912420138281 -0.570044504457386 0.570044504457386
vn -0.5916913008550418 0.570044444117243 -0.5700445037218863
vn -0.5916900720526722 -8.767335429271574e-9 -0.8061655280612682
vn -0.5916922058078529 4.092344772605215e-10 -0.8061639619743849
vn -0.5916922058078529 -0.8061639619743849 4.092344772605215e-10
vn -0.5916901107898999 -0.8061654996298441 -5.985439575092823e-9
vn -0.5916912420138281 -0.570044504457386 0.570044504457386
vn -0.5916922058078529 4.092344772605215e-10 -0.8061639619743849
vn -0.5916900720526722 -8.767335429271574e-9 -0.8061655280612682
vn -0.5916912420138281 -0.570044504457386 -0.570044504457386
vn -0.5916912420138281 -0.570044504457386 -0.570044504457386
vn -0.5916901107898999 -0.8061654996298441 -5.985439575092823e-9
vn -0.5916922058078529 -0.8061639619743849 4.092344772605215e-10
vn -0.5916900720526722 -8.767335429271574e-9 -0.8061655280612682
vn -0.591689123727907 -0.5700456038169671 -0.5700456038169671
vn -0.5916912420138281 -0.570044504457386 -0.570044504457386
vn -0.5916901107898999 -0.8061654996298441 -5.985439575092823e-9
vn -0.5916912420138281 -0.570044504457386 -0.570044504457386
vn -0.591689123727907 -0.5700456038169671 -0.5700456038169671
vn 0 0.9906025035080388 0.13677236578931276
vn 0 0.7971759399490427 0.60374706688013
vn 0 0.9906025035080388 -0.13677236578931276
vn 0 0.7971759399490427 0.60374706688013
vn 0 0.9906025035080388 0.13677236578931276
vn 0 0.603746962436597 0.7971760190501107
vn 0 0.9906025035080388 -0.13677236578931276
vn 0 0.7971759399490427 -0.60374706688013
vn 0 0.9906025035080388 0.13677236578931276
vn 0 0.13677236578931276 0.9906025035080388
vn 0 0.7971759399490427 0.60374706688013
vn 0 0.603746962436597 0.7971760190501107
vn 0 0.7971759399490427 -0.60374706688013
vn 0 0.9906025035080388 -0.13677236578931276
vn 0 0.603746962436597 -0.7971760190501107
vn 0 0.603746962436597 0.7971760190501107
vn 0 -0.13677236578931276 0.9906025035080388
vn 0 0.13677236578931276 0.9906025035080388
vn 0 0.13677236578931276 -0.9906025035080388
vn 0 0.7971759399490427 -0.60374706688013
vn 0 0.603746962436597 -0.7971760190501107
vn 0 -0.60374706688013 0.7971759399490427
vn 0 0.13677236578931276 0.9906025035080388
vn 0 -0.13677236578931276 0.9906025035080388
vn 0 0.603746962436597 -0.7971760190501107
vn 0 -0.13677236578931276 -0.9906025035080388
vn 0 0.13677236578931276 -0.9906025035080388
vn 0 -0.13677236578931276 0.9906025035080388
vn 0 -0.7971760190501107 0.603746962436597
vn 0 -0.60374706688013 0.7971759399490427
vn 0 -0.60374706688013 -0.7971759399490427
vn 0 0.13677236578931276 -0.9906025035080388
vn 0 -0.13677236578931276 -0.9906025035080388
vn 0 -0.9906025035080388 0.13677236578931276
vn 0 -0.60374706688013 0.7971759399490427
vn 0 -0.7971760190501107 0.603746962436597
vn 0 -0.13677236578931276 -0.9906025035080388
vn 0 -0.7971760190501107 -0.603746962436597
vn 0 -0.60374706688013 -0.7971759399490427
vn 0 -0.7971760190501107 0.603746962436597
vn 0 -0.9906025035080388 -0.13677236578931276
vn 0 -0.9906025035080388 0.13677236578931276
vn 0 -0.9906025035080388 -0.13677236578931276
vn 0 -0.60374706688013 -0.7971759399490427
vn 0 -0.7971760190501107 -0.603746962436597
vn 0 -0.7971760190501107 -0.603746962436597
vn 0 -0.9906025035080388 0.13677236578931276
vn 0 -0.9906025035080388 -0.13677236578931276
vn 1 0 0
vn 1 0 0
vn 1 0 0
vn 1 0 0
vn 1 0 0
vn 1 0 0
vn 1 0 0
vn 1 0 0
vn 1 0 0
vn 1 0 0
vn 1 0 0
vn 1 0 0
vn 1 0 0
vn 1 0 0
vn 1 0 0
vn 1 0 0
vn 1 0 0
vn 1 0 0
vn -1 0 0
vn -1 0 0
vn -1 0 0
vn -1 0 0
vn -1 0 0
vn -1 0 0
vn -1 0 0
vn -1 0 0
vn -1 0 0
vn -1 0 0
vn -1 0 0
vn -1 0 0
vn -1 0 0
vn -1 0 0
vn -1 0 0
vn -1 0 0
vn -1 0 0
vn -1 0 0
vn 0.06771327018100842 -0.7054831602299553 0.7054845311368272
vn 0.06771119552632196 -1.186363650952652e-9 0.997704963403709
vn 0.06771262667416109 -0.7054824758553662 0.7054852772736426
vn 0.067714871954783 -0.9977047138889078 -2.989070856023032e-9
vn 0.06771327018100842 -0.7054831602299553 0.7054845311368272
vn 0.06771262667416109 -0.7054824758553662 0.7054852772736426
vn 0.06771119552632196 -1.186363650952652e-9 0.997704963403709
vn 0.06771327018100842 -0.7054831602299553 0.7054845311368272
vn 0.0677108247052586 -8.679038871521423e-9 0.9977049885701352
vn 0.067714871954783 -0.9977047138889078 -2.989070856023032e-9
vn 0.06771717909769705 -0.9977045572989284 -3.6169122953778185e-9
vn 0.06771327018100842 -0.7054831602299553 0.7054845311368272
vn 0.06771119552632196 -1.186363650952652e-9 0.997704963403709
vn 0.0677108247052586 -8.679038871521423e-9 0.9977049885701352
vn 0.0677095123739454 0.7054840260183368 0.7054840260183368
vn 0.067714871954783 -0.9977047138889078 -2.989070856023032e-9
vn 0.06771326733364888 -0.7054846206803187 -0.7054830709595721
vn 0.06771717909769705 -0.9977045572989284 -3.6169122953778185e-9
vn 0.06771119552632196 -1.186363650952652e-9 0.997704963403709
vn 0.0677095123739454 0.7054840260183368 0.7054840260183368
vn 0.06770827098404637 0.7054840557872629 0.7054841153919096
vn 0.06771326733364888 -0.7054846206803187 -0.7054830709595721
vn 0.067714871954783 -0.9977047138889078 -2.989070856023032e-9
vn 0.06771261925787427 -0.7054839067241255 -0.7054838471194813
vn 0.0677095123739454 0.7054840260183368 0.7054840260183368
vn 0.06771033119474505 0.9977050220617174 -0.0000015251824523863045
vn 0.06770827098404637 0.7054840557872629 0.7054841153919096
vn 0.0677118447815827 -1.1863654457897163e-9 -0.9977049193405207
vn 0.06771326733364888 -0.7054846206803187 -0.7054830709595721
vn 0.06771261925787427 -0.7054839067241255 -0.7054838471194813
vn 0.06771033119474505 0.9977050220617174 -0.0000015251824523863045
vn 0.0677095123739454 0.7054840260183368 0.7054840260183368
vn 0.06771092111841355 0.9977049820221002 -0.0000030946430319925116
vn 0.0677118447815827 -1.1863654457897163e-9 -0.9977049193405207
vn 0.06771072829177753 -1.391229509949175e-10 -0.9977049951133837
vn 0.06771326733364888 -0.7054846206803187 -0.7054830709595721
vn 0.06771177835494645 0.7054854073912025 -0.7054824271589475
vn 0.06771033119474505 0.9977050220617174 -0.0000015251824523863045
vn 0.06771092111841355 0.9977049820221002 -0.0000030946430319925116
vn 0.0677118447815827 -1.1863654457897163e-9 -0.9977049193405207
vn 0.06771177835494645 0.7054854073912025 -0.7054824271589475
vn 0.06771072829177753 -1.391229509949175e-10 -0.9977049951133837
vn 0.06771289651258915 0.7054852941263126 -0.7054824331033236
vn 0.06771033119474505 0.9977050220617174 -0.0000015251824523863045
vn 0.06771177835494645 0.7054854073912025 -0.7054824271589475
vn 0.06771177835494645 0.7054854073912025 -0.7054824271589475
vn 0.0677118447815827 -1.1863654457897163e-9 -0.9977049193405207
vn 0.06771289651258915 0.7054852941263126 -0.7054824331033236
vn 0.6450008004261837 -0.7641818942147375 0.000001989510973767831
vn 0.6449996587877908 -0.540358880820716 0.540358880820716
vn 0.6449942128665526 -0.540362131060577 0.540362131060577
vn 0.64500082980519 -0.00000198951106438765 0.7641818694176524
vn 0.6449942128665526 -0.540362131060577 0.540362131060577
vn 0.6449996587877908 -0.540358880820716 0.540358880820716
vn 0.6449996587877908 -0.540358880820716 0.540358880820716
vn 0.6450008004261837 -0.7641818942147375 0.000001989510973767831
vn 0.6450050986809664 -0.764178266293642 2.0616770249474676e-9
vn 0.6449996587877908 -0.540358880820716 0.540358880820716
vn 0.6450050986809664 -2.0616770249474676e-9 0.764178266293642
vn 0.64500082980519 -0.00000198951106438765 0.7641818694176524
vn 0.6450026108028337 -0.5403571189766673 -0.5403571189766673
vn 0.6450050986809664 -0.764178266293642 2.0616770249474676e-9
vn 0.6450008004261837 -0.7641818942147375 0.000001989510973767831
vn 0.6450009854550857 0.5403574631816446 0.5403587148791679
vn 0.64500082980519 -0.00000198951106438765 0.7641818694176524
vn 0.6450050986809664 -2.0616770249474676e-9 0.764178266293642
vn 0.6450008004261837 -0.7641818942147375 0.000001989510973767831
vn 0.6449994364608357 -0.5403590135110194 -0.5403590135110194
vn 0.6450026108028337 -0.5403571189766673 -0.5403571189766673
vn 0.64500082980519 -0.00000198951106438765 0.7641818694176524
vn 0.6450009854550857 0.5403574631816446 0.5403587148791679
vn 0.6449995891724881 0.5403589223688834 0.5403589223688834
vn 0.645001961213503 6.229288325153992e-9 -0.7641809144638035
vn 0.6450026108028337 -0.5403571189766673 -0.5403571189766673
vn 0.6449994364608357 -0.5403590135110194 -0.5403590135110194
vn 0.6449993774647723 0.7641830952527385 6.618826743865682e-9
vn 0.6449995891724881 0.5403589223688834 0.5403589223688834
vn 0.6450009854550857 0.5403574631816446 0.5403587148791679
vn 0.6450026108028337 -0.5403571189766673 -0.5403571189766673
vn 0.645001961213503 6.229288325153992e-9 -0.7641809144638035
vn 0.6450050986809664 -2.0616770249474676e-9 -0.764178266293642
vn 0.6449993774647723 0.7641830952527385 6.618826743865682e-9
vn 0.6450009854550857 0.5403574631816446 0.5403587148791679
vn 0.6449990217237458 0.7641833955114511 -4.921508935944975e-9
vn 0.6450010062292056 0.5403574805854177 -0.5403586726783354
vn 0.6450050986809664 -2.0616770249474676e-9 -0.764178266293642
vn 0.645001961213503 6.229288325153992e-9 -0.7641809144638035
vn 0.6450010062292056 0.5403574805854177 -0.5403586726783354
vn 0.6449993774647723 0.7641830952527385 6.618826743865682e-9
vn 0.6449990217237458 0.7641833955114511 -4.921508935944975e-9
vn 0.645001961213503 6.229288325153992e-9 -0.7641809144638035
vn 0.6449995891724881 0.5403589223688834 -0.5403589223688834
vn 0.6450010062292056 0.5403574805854177 -0.5403586726783354
vn 0.6449993774647723 0.7641830952527385 6.618826743865682e-9
vn 0.6450010062292056 0.5403574805854177 -0.5403586726783354
vn 0.6449995891724881 0.5403589223688834 -0.5403589223688834
vn -0.6245203539730522 2.24210514144512e-9 -0.7810085322666926
vn -0.6245226367956492 -7.624705993601334e-10 -0.7810067068404788
vn -0.6245231733862506 -0.5522548649570571 -0.5522548053524113
vn -0.624523095914355 0.5522548491573606 -0.5522549087620047
vn -0.6245226367956492 -7.624705993601334e-10 -0.7810067068404788
vn -0.6245203539730522 2.24210514144512e-9 -0.7810085322666926
vn -0.6245226367956492 -7.624705993601334e-10 -0.7810067068404788
vn -0.6245254389214109 -0.5522535541488253 -0.5522535541488253
vn -0.6245231733862506 -0.5522548649570571 -0.5522548053524113
vn -0.6245226367956492 -7.624705993601334e-10 -0.7810067068404788
vn -0.624523095914355 0.5522548491573606 -0.5522549087620047
vn -0.6245253820070559 0.5522535565277881 -0.5522536161324342
vn -0.6245226367956492 -0.7810067068404788 -7.624704883378291e-10
vn -0.6245231733862506 -0.5522548649570571 -0.5522548053524113
vn -0.6245254389214109 -0.5522535541488253 -0.5522535541488253
vn -0.624523095914355 0.5522548491573606 -0.5522549087620047
vn -0.6245226367956492 0.7810067068404788 3.40222566898046e-9
vn -0.6245253820070559 0.5522535565277881 -0.5522536161324342
vn -0.6245231733862506 -0.5522548649570571 -0.5522548053524113
vn -0.6245226367956492 -0.7810067068404788 -7.624704883378291e-10
vn -0.6245203830455596 -0.7810085090193497 1.704341060670097e-9
vn -0.6245226367956492 0.7810067068404788 3.40222566898046e-9
vn -0.624523095914355 0.5522548491573606 -0.5522549087620047
vn -0.6245203830455596 0.7810085090193497 6.288124683276593e-10
vn -0.6245203830455596 -0.7810085090193497 1.704341060670097e-9
vn -0.6245226367956492 -0.7810067068404788 -7.624704883378291e-10
vn -0.6245231528288512 -0.5522548467785101 0.5522548467785101
vn -0.624523095914355 0.5522548491573606 0.5522549087620047
vn -0.6245226367956492 0.7810067068404788 3.40222566898046e-9
vn -0.6245203830455596 0.7810085090193497 6.288124683276593e-10
vn -0.6245226367956492 -0.7810067068404788 -7.624704883378291e-10
vn -0.6245254389214109 -0.5522535541488253 0.5522535541488253
vn -0.6245231528288512 -0.5522548467785101 0.5522548467785101
vn -0.6245226367956492 0.7810067068404788 3.40222566898046e-9
vn -0.624523095914355 0.5522548491573606 0.5522549087620047
vn -0.6245253820070559 0.5522535565277881 0.5522536161324342
vn -0.6245226367956492 9.766694282690952e-10 0.7810067068404788
vn -0.6245231528288512 -0.5522548467785101 0.5522548467785101
vn -0.6245254389214109 -0.5522535541488253 0.5522535541488253
vn -0.6245226367956492 9.766694282690952e-10 0.7810067068404788
vn -0.6245253820070559 0.5522535565277881 0.5522536161324342
vn -0.624523095914355 0.5522548491573606 0.5522549087620047
vn -0.6245231528288512 -0.5522548467785101 0.5522548467785101
vn -0.6245226367956492 9.766694282690952e-10 0.7810067068404788
vn -0.6245203539730522 2.24210514144512e-9 0.7810085322666926
vn -0.6245203539730522 2.24210514144512e-9 0.7810085322666926
vn -0.6245226367956492 9.766694282690952e-10 0.7810067068404788
vn -0.624523095914355 0.5522548491573606 0.5522549087620047
vn 0.7360818550203111 -0.6768925340899626 -0.0000017681509628782206
vn 0.7360846463855895 -0.47863439138993763 0.4786319177971581
vn 0.736082781304869 -0.4786358404305942 0.478633337035551
vn 0.7360846463855895 -0.47863439138993763 0.4786319177971581
vn 0.736084311126145 0.0000017623663785582424 0.676889863205856
vn 0.736082781304869 -0.4786358404305942 0.478633337035551
vn 0.7360846463855895 -0.47863439138993763 0.4786319177971581
vn 0.7360818550203111 -0.6768925340899626 -0.0000017681509628782206
vn 0.7360837386633348 -0.6768904857326681 -4.678168472883212e-9
vn 0.736084311126145 0.0000017623663785582424 0.676889863205856
vn 0.7360846463855895 -0.47863439138993763 0.4786319177971581
vn 0.7360879073686716 6.102909642651201e-9 0.6768859524510831
vn 0.736082214212482 -0.4786362764904271 -0.47863377309528543
vn 0.7360837386633348 -0.6768904857326681 -4.678168472883212e-9
vn 0.7360818550203111 -0.6768925340899626 -0.0000017681509628782206
vn 0.7360829682333009 0.478634444997878 0.478634444997878
vn 0.736084311126145 0.0000017623663785582424 0.676889863205856
vn 0.7360879073686716 6.102909642651201e-9 0.6768859524510831
vn 0.736082214212482 -0.4786362764904271 -0.47863377309528543
vn 0.7360818550203111 -0.6768925340899626 -0.0000017681509628782206
vn 0.7360786121500027 -0.4786390611428074 -0.4786365279454313
vn 0.736084311126145 0.0000017623663785582424 0.676889863205856
vn 0.7360829682333009 0.478634444997878 0.478634444997878
vn 0.7360786121511834 0.47863780944604817 0.47863777964372606
vn 0.7360834536252702 2.8385900516473594e-9 -0.6768907956968351
vn 0.736082214212482 -0.4786362764904271 -0.47863377309528543
vn 0.7360786121500027 -0.4786390611428074 -0.4786365279454313
vn 0.7360833396100049 0.6768909196824713 6.2685932927837086e-9
vn 0.7360786121511834 0.47863780944604817 0.47863777964372606
vn 0.7360829682333009 0.478634444997878 0.478634444997878
vn 0.736082214212482 -0.4786362764904271 -0.47863377309528543
vn 0.7360834536252702 2.8385900516473594e-9 -0.6768907956968351
vn 0.7360879073686716 6.102909642651201e-9 -0.6768859524510831
vn 0.7360833396100049 0.6768909196824713 6.2685932927837086e-9
vn 0.7360829682333009 0.478634444997878 0.478634444997878
vn 0.736087622332591 0.6768862624169241 -5.510120375513359e-9
vn 0.7360834536252702 2.8385900516473594e-9 -0.6768907956968351
vn 0.7360830165426556 0.4786344078508484 -0.4786344078508484
vn 0.7360879073686716 6.102909642651201e-9 -0.6768859524510831
vn 0.7360830165426556 0.4786344078508484 -0.4786344078508484
vn 0.7360833396100049 0.6768909196824713 6.2685932927837086e-9
vn 0.736087622332591 0.6768862624169241 -5.510120375513359e-9
vn 0.7360834536252702 2.8385900516473594e-9 -0.6768907956968351
vn 0.7360786121511834 0.47863780944604817 -0.47863777964372606
vn 0.7360830165426556 0.4786344078508484 -0.4786344078508484
vn 0.7360833396100049 0.6768909196824713 6.2685932927837086e-9
vn 0.7360830165426556 0.4786344078508484 -0.4786344078508484
vn 0.7360786121511834 0.47863780944604817 -0.47863777964372606
f 1//1 2//2 3//3
f 4//4 5//5 6//6
f 7//7 8//8 9//9
f 10//10 11//11 12//12
f 13//13 14//14 15//15
f 16//16 17//17 18//18
f 19//19 20//20 21//21
f 22//22 23//23 24//24
f 25//25 26//26 27//27
f 28//28 29//29 30//30
f 31//31 32//32 33//33
f 34//34 35//35 36//36
f 37//37 38//38 39//39
f 40//40 41//41 42//42
f 43//43 44//44 45//45
f 46//46 47//47 48//48
f 49//49 50//50 51//51
f 52//52 53//53 54//54
f 55//55 56//56 57//57
f 58//58 59//59 60//60
f 61//61 62//62 63//63
f 64//64 65//65 66//66
f 67//67 68//68 69//69
f 70//70 71//71 72//72
f 73//73 74//74 75//75
f 76//76 77//77 78//78
f 79//79 80//80 81//81
f 82//82 83//83 84//84
f 85//85 86//86 87//87
f 88//88 89//89 90//90
f 91//91 92//92 93//93
f 94//94 95//95 96//96
f 97//97 98//98 99//99
f 100//100 101//101 102//102
f 103//103 104//104 105//105
f 106//106 107//107 108//108
f 109//109 110//110 111//111
f 112//112 113//113 114//114
f 115//115 116//116 117//117
f 118//118 119//119 120//120
f 121//121 122//122 123//123
f 124//124 125//125 126//126
f 127//127 128//128 129//129
f 130//130 131//131 132//132
f 133//133 134//134 135//135
f 136//136 137//137 138//138
f 139//139 140//140 141//141
f 142//142 143//143 144//144
f 145//145 146//146 147//147
f 148//148 149//149 150//150
f 151//151 152//152 153//153
f 154//154 155//155 156//156
f 157//157 158//158 159//159
f 160//160 161//161 162//162
f 163//163 164//164 165//165
f 166//166 167//167 168//168
f 169//169 170//170 171//171
f 172//172 173//173 174//174
f 175//175 176//176 177//177
f 178//178 179//179 180//180
f 181//181 182//182 183//183
f 184//184 185//185 186//186
f 187//187 188//188 189//189
f 190//190 191//191 192//192
f 193//193 194//194 195//195
f 196//196 197//197 198//198
f 199//199 200//200 201//201
f 202//202 203//203 204//204
f 205//205 206//206 207//207
f 208//208 209//209 210//210
f 211//211 212//212 213//213
f 214//214 215//215 216//216
f 217//217 218//218 219//219
f 220//220 221//221 222//222
f 223//223 224//224 225//225
f 226//226 227//227 228//228
f 229//229 230//230 231//231
f 232//232 233//233 234//234
f 235//235 236//236 237//237
f 238//238 239//239 240//240
f 241//241 242//242 243//243
f 244//244 245//245 246//246
f 247//247 248//248 249//249
f 250//250 251//251 252//252
f 253//253 254//254 255//255
f 256//256 257//257 258//258
f 259//259 260//260 261//261
f 262//262 263//263 264//264
f 265//265 266//266 267//267
f 268//268 269//269 270//270
f 271//271 272//272 273//273
f 274//274 275//275 276//276
f 277//277 278//278 279//279
f 280//280 281//281 282//282
f 283//283 284//284 285//285
f 286//286 287//287 288//288
f 289//289 290//290 291//291
f 292//292 293//293 294//294
f 295//295 296//296 297//297
f 298//298 299//299 300//300
f 301//301 302//302 303//303
f 304//304 305//305 306//306
f 307//307 308//308 309//309
f 310//310 311//311 312//312
f 313//313 314//314 315//315
f 316//316 317//317 318//318
f 319//319 320//320 321//321
f 322//322 323//323 324//324
f 325//325 326//326 327//327
f 328//328 329//329 330//330
f 331//331 332//332 333//333
f 334//334 335//335 336//336
f 337//337 338//338 339//339
f 340//340 341//341 342//342
f 343//343 344//344 345//345
f 346//346 347//347 348//348
f 349//349 350//350 351//351
f 352//352 353//353 354//354
f 355//355 356//356 357//357
f 358//358 359//359 360//360
f 361//361 362//362 363//363
f 364//364 365//365 366//366
f 367//367 368//368 369//369
f 370//370 371//371 372//372
f 373//373 374//374 375//375
f 376//376 377//377 378//378
f 379//379 380//380 381//381
f 382//382 383//383 384//384
f 385//385 386//386 387//387
f 388//388 389//389 390//390
f 391//391 392//392 393//393
f 394//394 395//395 396//396
f 397//397 398//398 399//399
f 400//400 401//401 402//402
f 403//403 404//404 405//405
f 406//406 407//407 408//408
f 409//409 410//410 411//411
f 412//412 413//413 414//414
f 415//415 416//416 417//417
f 418//418 419//419 420//420
f 421//421 422//422 423//423
f 424//424 425//425 426//426
f 427//427 428//428 429//429
f 430//430 431//431 432//432
f 433//433 434//434 435//435
f 436//436 437//437 438//438
f 439//439 440//440 441//441
f 442//442 443//443 444//444
f 445//445 446//446 447//447
f 448//448 449//449 450//450
f 451//451 452//452 453//453
f 454//454 455//455 456//456
f 457//457 458//458 459//459
f 460//460 461//461 462//462
f 463//463 464//464 465//465
f 466//466 467//467 468//468
f 469//469 470//470 471//471
f 472//472 473//473 474//474
f 475//475 476//476 477//477
f 478//478 479//479 480//480
f 481//481 482//482 483//483
f 484//484 485//485 486//486
f 487//487 488//488 489//489
f 490//490 491//491 492//492
f 493//493 494//494 495//495
f 496//496 497//497 498//498
f 499//499 500//500 501//501
f 502//502 503//503 504//504
f 505//505 506//506 507//507
f 508//508 509//509 510//510
f 511//511 512//512 513//513
f 514//514 515//515 516//516
f 517//517 518//518 519//519
f 520//520 521//521 522//522
f 523//523 524//524 525//525
f 526//526 527//527 528//528
f 529//529 530//530 531//531
f 532//532 533//533 534//534
f 535//535 536//536 537//537
f 538//538 539//539 540//540
f 541//541 542//542 543//543
f 544//544 545//545 546//546
f 547//547 548//548 549//549
f 550//550 551//551 552//552
f 553//553 554//554 555//555
f 556//556 557//557 558//558
f 559//559 560//560 561//561
f 562//562 563//563 564//564
f 565//565 566//566 567//567
f 568//568 569//569 570//570
f 571//571 572//572 573//573
f 574//574 575//575 576//576
f 577//577 578//578 579//579
f 580//580 581//581 582//582
f 583//583 584//584 585//585
f 586//586 587//587 588//588
f 589//589 590//590 591//591
f 592//592 593//593 594//594
f 595//595 596//596 597//597
f 598//598 599//599 600//600
f 601//601 602//602 603//603
f 604//604 605//605 606//606
f 607//607 608//608 609//609
f 610//610 611//611 612//612
f 613//613 614//614 615//615
f 616//616 617//617 618//618
f 619//619 620//620 621//621
f 622//622 623//623 624//624
f 625//625 626//626 627//627
f 628//628 629//629 630//630
f 631//631 632//632 633//633
f 634//634 635//635 636//636
f 637//637 638//638 639//639
f 640//640 641//641 642//642
f 643//643 644//644 645//645
f 646//646 647//647 648//648
f 649//649 650//650 651//651
f 652//652 653//653 654//654
f 655//655 656//656 657//657
f 658//658 659//659 660//660
f 661//661 662//662 663//663
f 664//664 665//665 666//666
f 667//667 668//668 669//669
f 670//670 671//671 672//672
f 673//673 674//674 675//675
f 676//676 677//677 678//678
f 679//679 680//680 681//681
f 682//682 683//683 684//684
f 685//685 686//686 687//687
f 688//688 689//689 690//690
f 691//691 692//692 693//693
f 694//694 695//695 696//696
f 697//697 698//698 699//699
f 700//700 701//701 702//702
f 703//703 704//704 705//705
f 706//706 707//707 708//708
f 709//709 710//710 711//711
f 712//712 713//713 714//714
f 715//715 716//716 717//717
f 718//718 719//719 720//720
f 721//721 722//722 723//723
f 724//724 725//725 726//726
f 727//727 728//728 729//729
f 730//730 731//731 732//732
f 733//733 734//734 735//735
f 736//736 737//737 738//738
f 739//739 740//740 741//741
f 742//742 743//743 744//744
f 745//745 746//746 747//747
f 748//748 749//749 750//750
f 751//751 752//752 753//753
f 754//754 755//755 756//756
f 757//757 758//758 759//759
f 760//760 761//761 762//762
f 763//763 764//764 765//765
f 766//766 767//767 768//768
f 769//769 770//770 771//771
f 772//772 773//773 774//774
f 775//775 776//776 777//777
f 778//778 779//779 780//780
f 781//781 782//782 783//783
f 784//784 785//785 786//786
f 787//787 788//788 789//789
f 790//790 791//791 792//792
f 793//793 794//794 795//795
f 796//796 797//797 798//798
f 799//799 800//800 801//801
f 802//802 803//803 804//804
f 805//805 806//806 807//807
f 808//808 809//809 810//810
f 811//811 812//812 813//813
f 814//814 815//815 816//816
f 817//817 818//818 819//819
f 820//820 821//821 822//822
f 823//823 824//824 825//825
f 826//826 827//827 828//828
f 829//829 830//830 831//831
f 832//832 833//833 834//834
f 835//835 836//836 837//837
f 838//838 839//839 840//840
f 841//841 842//842 843//843
f 844//844 845//845 846//846
f 847//847 848//848 849//849
f 850//850 851//851 852//852
f 853//853 854//854 855//855
f 856//856 857//857 858//858
f 859//859 860//860 861//861
f 862//862 863//863 864//864
f 865//865 866//866 867//867
f 868//868 869//869 870//870
f 871//871 872//872 873//873
f 874//874 875//875 876//876
f 877//877 878//878 879//879
f 880//880 881//881 882//882
f 883//883 884//884 885//885
f 886//886 887//887 888//888
f 889//889 890//890 891//891
f 892//892 893//893 894//894
f 895//895 896//896 897//897
f 898//898 899//899 900//900
f 901//901 902//902 903//903
f 904//904 905//905 906//906
f 907//907 908//908 909//909
f 910//910 911//911 912//912
f 913//913 914//914 915//915
f 916//916 917//917 918//918
f 919//919 920//920 921//921
f 922//922 923//923 924//924
o Mesh
usemtl material10
v 1.2944162093189462 0.6447531415395859 -0.04670250788331032
v 0.7742753230121835 0.23769111766148832 -0.04670250788331032
v 0.7742753230121835 0.23769111766148832 0.046702492982149124
v 1.2944162093189462 0.6447531415395859 -0.04670250788331032
v 0.7742753230121835 0.23769111766148832 0.046702492982149124
v 1.2944162093189462 0.6447531415395859 0.046702492982149124
v 1.8602392874744638 0.6448671056203964 -0.04670250788331032
v 1.2944162093189462 0.6447531415395859 -0.04670250788331032
v 1.2944162093189462 0.6447531415395859 0.046702492982149124
v 1.8602392874744638 0.6448671056203964 -0.04670250788331032
v 1.2944162093189462 0.6447531415395859 0.046702492982149124
v 1.8602392874744638 0.6448671056203964 0.046702492982149124
v 1.8602392874744638 0.6448671056203964 0.046702492982149124
v 2.05618431196482 0.6032960845403793 -0.04670250788331032
v 1.8602392874744638 0.6448671056203964 -0.04670250788331032
v 2.05618431196482 0.6032960845403793 -0.04670250788331032
v 1.8602392874744638 0.6448671056203964 0.046702492982149124
v 2.05618431196482 0.6032960845403793 0.046702492982149124
v 0.7742762766864999 -0.5219358967370865 -0.04670250788331032
v 1.2944162093189462 -0.9289968775339005 -0.04670250788331032
v 1.2944162093189462 -0.9289968775339005 0.046702492982149124
v 0.7742762766864999 -0.5219358967370865 -0.04670250788331032
v 1.2944162093189462 -0.9289968775339005 0.046702492982149124
v 0.7742762766864999 -0.5219358967370865 0.046702492982149124
v 1.2944162093189462 -0.9289968775339005 -0.04670250788331032
v 1.8602392874744638 -0.929110841614711 0.046702492982149124
v 1.2944162093189462 -0.9289968775339005 0.046702492982149124
v 1.2944162093189462 -0.9289968775339005 -0.04670250788331032
v 1.8602392874744638 -0.929110841614711 -0.04670250788331032
v 1.8602392874744638 -0.929110841614711 0.046702492982149124
v 1.8602392874744638 -0.929110841614711 -0.04670250788331032
v 2.0561852656391366 -0.8875388668603775 0.046702492982149124
v 1.8602392874744638 -0.929110841614711 0.046702492982149124
v 1.8602392874744638 -0.929110841614711 -0.04670250788331032
v 2.0561852656391366 -0.8875388668603775 -0.04670250788331032
v 2.0561852656391366 -0.8875388668603775 0.046702492982149124
v 0.7742753230121835 -0.09541889072726939 -0.3798135221004486
v 1.2944162093189462 -0.09541889072726939 -0.786874532699585
v 1.2944162093189462 -0.18882388786743853 -0.786874532699585
v 0.7742753230121835 -0.09541889072726939 -0.3798135221004486
v 1.2944162093189462 -0.18882388786743853 -0.786874532699585
v 0.7742753230121835 -0.18882388786743853 -0.3798135221004486
v 1.8602392874744638 -0.09541889072726939 -0.7869895100593567
v 1.2944162093189462 -0.18882388786743853 -0.786874532699585
v 1.2944162093189462 -0.09541889072726939 -0.786874532699585
v 1.2944162093189462 -0.18882388786743853 -0.786874532699585
v 1.8602392874744638 -0.09541889072726939 -0.7869895100593567
v 1.8602392874744638 -0.18882488997052882 -0.7869895100593567
v 1.8602392874744638 -0.09541889072726939 -0.7869895100593567
v 2.05618431196482 -0.18882488997052882 -0.7454175353050232
v 1.8602392874744638 -0.18882488997052882 -0.7869895100593567
v 1.8602392874744638 -0.09541889072726939 -0.7869895100593567
v 2.05618431196482 -0.09541889072726939 -0.7454175353050232
v 2.05618431196482 -0.18882488997052882 -0.7454175353050232
v 0.7742753230121835 -0.18882388786743853 0.3798134922981262
v 1.2944162093189462 -0.18882388786743853 0.7868744730949402
v 1.2944162093189462 -0.09541889072726939 0.7868744730949402
v 0.7742753230121835 -0.18882388786743853 0.3798134922981262
v 1.2944162093189462 -0.09541889072726939 0.7868744730949402
v 0.7742753230121835 -0.09541889072726939 0.3798134922981262
v 1.2944162093189462 -0.18882388786743853 0.7868744730949402
v 1.8602392874744638 -0.09541889072726939 0.7869895100593567
v 1.2944162093189462 -0.09541889072726939 0.7868744730949402
v 1.2944162093189462 -0.18882388786743853 0.7868744730949402
v 1.8602392874744638 -0.18882388786743853 0.7869895100593567
v 1.8602392874744638 -0.09541889072726939 0.7869895100593567
v 1.8602392874744638 -0.18882388786743853 0.7869895100593567
v 2.05618431196482 -0.09541889072726939 0.7454174757003784
v 1.8602392874744638 -0.09541889072726939 0.7869895100593567
v 1.8602392874744638 -0.18882388786743853 0.7869895100593567
v 2.05618431196482 -0.18882388786743853 0.7454174757003784
v 2.05618431196482 -0.09541889072726939 0.7454174757003784
v 1.9220552645710214 0.48220805658627774 0.046702492982149124
v 1.8602392874744638 0.6448671056203964 0.046702492982149124
v 1.7732973300007089 0.45812408460904386 0.046702492982149124
v 1.8602392874744638 0.6448671056203964 0.046702492982149124
v 1.9220552645710214 0.48220805658627774 0.046702492982149124
v 2.05618431196482 0.6032960845403793 0.046702492982149124
v 1.8602392874744638 0.6448671056203964 0.046702492982149124
v 1.5901582442310556 0.38192610277463224 0.046702492982149124
v 1.7732973300007089 0.45812408460904386 0.046702492982149124
v 1.5901582442310556 0.38192610277463224 0.046702492982149124
v 1.8602392874744638 0.6448671056203964 0.046702492982149124
v 1.2944162093189462 0.6447531415395859 0.046702492982149124
v 1.5901582442310556 0.38192610277463224 0.046702492982149124
v 1.2944162093189462 0.6447531415395859 0.046702492982149124
v 1.481690188505958 0.28548709883023526 0.046702492982149124
v 1.2944162093189462 0.6447531415395859 0.046702492982149124
v 1.3995881281879647 0.193698121445668 0.046702492982149124
v 1.481690188505958 0.28548709883023526 0.046702492982149124
v 1.3995881281879647 0.193698121445668 0.046702492982149124
v 1.2944162093189462 0.6447531415395859 0.046702492982149124
v 0.7742753230121835 0.23769111766148832 0.046702492982149124
v 1.2944162093189462 0.6447531415395859 -0.04670250788331032
v 1.8602392874744638 0.6448671056203964 -0.04670250788331032
v 1.5901582442310556 0.38192610277463224 -0.04670250788331032
v 1.5901582442310556 0.38192610277463224 -0.04670250788331032
v 1.8602392874744638 0.6448671056203964 -0.04670250788331032
v 1.7732973300007089 0.45812408460904386 -0.04670250788331032
v 1.8602392874744638 0.6448671056203964 -0.04670250788331032
v 1.9220552645710214 0.48220805658627774 -0.04670250788331032
v 1.7732973300007089 0.45812408460904386 -0.04670250788331032
v 1.9220552645710214 0.48220805658627774 -0.04670250788331032
v 1.8602392874744638 0.6448671056203964 -0.04670250788331032
v 2.05618431196482 0.6032960845403793 -0.04670250788331032
v 1.481690188505958 0.28548709883023526 -0.04670250788331032
v 1.2944162093189462 0.6447531415395859 -0.04670250788331032
v 1.5901582442310556 0.38192610277463224 -0.04670250788331032
v 1.3995881281879647 0.193698121445668 -0.04670250788331032
v 1.2944162093189462 0.6447531415395859 -0.04670250788331032
v 1.481690188505958 0.28548709883023526 -0.04670250788331032
v 1.2944162093189462 0.6447531415395859 -0.04670250788331032
v 1.3995881281879647 0.193698121445668 -0.04670250788331032
v 0.7742753230121835 0.23769111766148832 -0.04670250788331032
v 1.9220562182453378 -0.7664519117898819 -0.04670250788331032
v 1.8602392874744638 -0.929110841614711 -0.04670250788331032
v 1.7732973300007089 -0.742367939812648 -0.04670250788331032
v 1.8602392874744638 -0.929110841614711 -0.04670250788331032
v 1.9220562182453378 -0.7664519117898819 -0.04670250788331032
v 2.0561852656391366 -0.8875388668603775 -0.04670250788331032
v 1.8602392874744638 -0.929110841614711 -0.04670250788331032
v 1.590159197905372 -0.6661698387689469 -0.04670250788331032
v 1.7732973300007089 -0.742367939812648 -0.04670250788331032
v 1.590159197905372 -0.6661698387689469 -0.04670250788331032
v 1.8602392874744638 -0.929110841614711 -0.04670250788331032
v 1.2944162093189462 -0.9289968775339005 -0.04670250788331032
v 1.590159197905372 -0.6661698387689469 -0.04670250788331032
v 1.2944162093189462 -0.9289968775339005 -0.04670250788331032
v 1.481690188505958 -0.5697308944291947 -0.04670250788331032
v 1.2944162093189462 -0.9289968775339005 -0.04670250788331032
v 1.3995881281879647 -0.4779409037656662 -0.04670250788331032
v 1.481690188505958 -0.5697308944291947 -0.04670250788331032
v 1.3995881281879647 -0.4779409037656662 -0.04670250788331032
v 1.2944162093189462 -0.9289968775339005 -0.04670250788331032
v 0.7742762766864999 -0.5219358967370865 -0.04670250788331032
v 1.2944162093189462 -0.9289968775339005 0.046702492982149124
v 1.8602392874744638 -0.929110841614711 0.046702492982149124
v 1.590159197905372 -0.6661698387689469 0.046702492982149124
v 1.590159197905372 -0.6661698387689469 0.046702492982149124
v 1.8602392874744638 -0.929110841614711 0.046702492982149124
v 1.7732973300007089 -0.742367939812648 0.046702492982149124
v 1.8602392874744638 -0.929110841614711 0.046702492982149124
v 1.9220562182453378 -0.7664519117898819 0.046702492982149124
v 1.7732973300007089 -0.742367939812648 0.046702492982149124
v 1.9220562182453378 -0.7664519117898819 0.046702492982149124
v 1.8602392874744638 -0.929110841614711 0.046702492982149124
v 2.0561852656391366 -0.8875388668603775 0.046702492982149124
v 1.481690188505958 -0.5697308944291947 0.046702492982149124
v 1.2944162093189462 -0.9289968775339005 0.046702492982149124
v 1.590159197905372 -0.6661698387689469 0.046702492982149124
v 1.3995881281879647 -0.4779409037656662 0.046702492982149124
v 1.2944162093189462 -0.9289968775339005 0.046702492982149124
v 1.481690188505958 -0.5697308944291947 0.046702492982149124
v 1.2944162093189462 -0.9289968775339005 0.046702492982149124
v 1.3995881281879647 -0.4779409037656662 0.046702492982149124
v 0.7742762766864999 -0.5219358967370865 0.046702492982149124
v 1.8602392874744638 -0.09541889072726939 -0.7869895100593567
v 1.2944162093189462 -0.09541889072726939 -0.786874532699585
v 1.590159197905372 -0.09541889072726939 -0.5240474939346313
v 1.590159197905372 -0.09541889072726939 -0.5240474939346313
v 1.2944162093189462 -0.09541889072726939 -0.786874532699585
v 1.481690188505958 -0.09541889072726939 -0.42760851979255676
v 1.2944162093189462 -0.09541889072726939 -0.786874532699585
v 1.3995881281879647 -0.09541889072726939 -0.3358195126056671
v 1.481690188505958 -0.09541889072726939 -0.42760851979255676
v 1.3995881281879647 -0.09541889072726939 -0.3358195126056671
v 1.2944162093189462 -0.09541889072726939 -0.786874532699585
v 0.7742753230121835 -0.09541889072726939 -0.3798135221004486
v 1.8602392874744638 -0.09541889072726939 -0.7869895100593567
v 1.590159197905372 -0.09541889072726939 -0.5240474939346313
v 1.7732973300007089 -0.09541889072726939 -0.6002464890480042
v 1.8602392874744638 -0.09541889072726939 -0.7869895100593567
v 1.7732973300007089 -0.09541889072726939 -0.6002464890480042
v 1.9220562182453378 -0.09541889072726939 -0.6243305206298828
v 1.9220562182453378 -0.09541889072726939 -0.6243305206298828
v 2.05618431196482 -0.09541889072726939 -0.7454175353050232
v 1.8602392874744638 -0.09541889072726939 -0.7869895100593567
v 1.2944162093189462 -0.18882388786743853 -0.786874532699585
v 1.8602392874744638 -0.18882488997052882 -0.7869895100593567
v 1.590159197905372 -0.18882388786743853 -0.5240474939346313
v 1.590159197905372 -0.18882388786743853 -0.5240474939346313
v 1.8602392874744638 -0.18882488997052882 -0.7869895100593567
v 1.7732973300007089 -0.18882488997052882 -0.6002464890480042
v 1.8602392874744638 -0.18882488997052882 -0.7869895100593567
v 1.9220562182453378 -0.18882488997052882 -0.6243305206298828
v 1.7732973300007089 -0.18882488997052882 -0.6002464890480042
v 1.9220562182453378 -0.18882488997052882 -0.6243305206298828
v 1.8602392874744638 -0.18882488997052882 -0.7869895100593567
v 2.05618431196482 -0.18882488997052882 -0.7454175353050232
v 1.481690188505958 -0.18882388786743853 -0.42760851979255676
v 1.2944162093189462 -0.18882388786743853 -0.786874532699585
v 1.590159197905372 -0.18882388786743853 -0.5240474939346313
v 1.3995881281879647 -0.18882388786743853 -0.3358195126056671
v 1.2944162093189462 -0.18882388786743853 -0.786874532699585
v 1.481690188505958 -0.18882388786743853 -0.42760851979255676
v 1.2944162093189462 -0.18882388786743853 -0.786874532699585
v 1.3995881281879647 -0.18882388786743853 -0.3358195126056671
v 0.7742753230121835 -0.18882388786743853 -0.3798135221004486
v 1.9220562182453378 -0.18882488997052882 0.6243295073509216
v 1.8602392874744638 -0.18882388786743853 0.7869895100593567
v 1.7732973300007089 -0.18882388786743853 0.6002464890480042
v 1.8602392874744638 -0.18882388786743853 0.7869895100593567
v 1.9220562182453378 -0.18882488997052882 0.6243295073509216
v 2.05618431196482 -0.18882388786743853 0.7454174757003784
v 1.8602392874744638 -0.18882388786743853 0.7869895100593567
v 1.590159197905372 -0.18882388786743853 0.5240474939346313
v 1.7732973300007089 -0.18882388786743853 0.6002464890480042
v 1.590159197905372 -0.18882388786743853 0.5240474939346313
v 1.8602392874744638 -0.18882388786743853 0.7869895100593567
v 1.2944162093189462 -0.18882388786743853 0.7868744730949402
v 1.590159197905372 -0.18882388786743853 0.5240474939346313
v 1.2944162093189462 -0.18882388786743853 0.7868744730949402
v 1.481690188505958 -0.18882388786743853 0.4276084899902344
v 1.2944162093189462 -0.18882388786743853 0.7868744730949402
v 1.3995881281879647 -0.18882388786743853 0.3358194828033447
v 1.481690188505958 -0.18882388786743853 0.4276084899902344
v 1.3995881281879647 -0.18882388786743853 0.3358194828033447
v 1.2944162093189462 -0.18882388786743853 0.7868744730949402
v 0.7742753230121835 -0.18882388786743853 0.3798134922981262
v 1.3995881281879647 -0.09541889072726939 0.3358194828033447
v 1.2944162093189462 -0.09541889072726939 0.7868744730949402
v 1.481690188505958 -0.09541889072726939 0.4276084899902344
v 0.7742753230121835 -0.09541889072726939 0.3798134922981262
v 1.2944162093189462 -0.09541889072726939 0.7868744730949402
v 1.3995881281879647 -0.09541889072726939 0.3358194828033447
v 1.2944162093189462 -0.09541889072726939 0.7868744730949402
v 1.590159197905372 -0.09541889072726939 0.5240474939346313
v 1.481690188505958 -0.09541889072726939 0.4276084899902344
v 1.590159197905372 -0.09541889072726939 0.5240474939346313
v 1.2944162093189462 -0.09541889072726939 0.7868744730949402
v 1.8602392874744638 -0.09541889072726939 0.7869895100593567
v 1.590159197905372 -0.09541889072726939 0.5240474939346313
v 1.8602392874744638 -0.09541889072726939 0.7869895100593567
v 1.7732973300007089 -0.09541889072726939 0.6002464890480042
v 1.8602392874744638 -0.09541889072726939 0.7869895100593567
v 1.9220562182453378 -0.09541889072726939 0.6243295073509216
v 1.7732973300007089 -0.09541889072726939 0.6002464890480042
v 1.9220562182453378 -0.09541889072726939 0.6243295073509216
v 1.8602392874744638 -0.09541889072726939 0.7869895100593567
v 2.05618431196482 -0.09541889072726939 0.7454174757003784
v 1.3995881281879647 0.193698121445668 -0.04670250788331032
v 0.7742753230121835 0.23769111766148832 0.046702492982149124
v 0.7742753230121835 0.23769111766148832 -0.04670250788331032
v 0.7742753230121835 0.23769111766148832 0.046702492982149124
v 1.3995881281879647 0.193698121445668 -0.04670250788331032
v 1.3995881281879647 0.193698121445668 0.046702492982149124
v 0.7742762766864999 -0.5219358967370865 0.046702492982149124
v 1.3995881281879647 -0.4779409037656662 0.046702492982149124
v 0.7742762766864999 -0.5219358967370865 -0.04670250788331032
v 1.3995881281879647 -0.4779409037656662 -0.04670250788331032
v 0.7742762766864999 -0.5219358967370865 -0.04670250788331032
v 1.3995881281879647 -0.4779409037656662 0.046702492982149124
v 1.3995881281879647 -0.18882388786743853 -0.3358195126056671
v 0.7742753230121835 -0.09541889072726939 -0.3798135221004486
v 0.7742753230121835 -0.18882388786743853 -0.3798135221004486
v 0.7742753230121835 -0.09541889072726939 -0.3798135221004486
v 1.3995881281879647 -0.18882388786743853 -0.3358195126056671
v 1.3995881281879647 -0.09541889072726939 -0.3358195126056671
v 1.3995881281879647 -0.09541889072726939 0.3358194828033447
v 0.7742753230121835 -0.18882388786743853 0.3798134922981262
v 0.7742753230121835 -0.09541889072726939 0.3798134922981262
v 0.7742753230121835 -0.18882388786743853 0.3798134922981262
v 1.3995881281879647 -0.09541889072726939 0.3358194828033447
v 1.3995881281879647 -0.18882388786743853 0.3358194828033447
v 2.05618431196482 0.6032960845403793 -0.04670250788331032
v 2.05618431196482 0.6032960845403793 0.046702492982149124
v 1.9220552645710214 0.48220805658627774 -0.04670250788331032
v 1.9220552645710214 0.48220805658627774 -0.04670250788331032
v 2.05618431196482 0.6032960845403793 0.046702492982149124
v 1.9220552645710214 0.48220805658627774 0.046702492982149124
v 1.9220552645710214 0.48220805658627774 -0.04670250788331032
v 1.9220552645710214 0.48220805658627774 0.046702492982149124
v 1.7732973300007089 0.45812408460904386 -0.04670250788331032
v 1.7732973300007089 0.45812408460904386 -0.04670250788331032
v 1.9220552645710214 0.48220805658627774 0.046702492982149124
v 1.7732973300007089 0.45812408460904386 0.046702492982149124
v 1.5901582442310556 0.38192610277463224 -0.04670250788331032
v 1.7732973300007089 0.45812408460904386 -0.04670250788331032
v 1.7732973300007089 0.45812408460904386 0.046702492982149124
v 1.5901582442310556 0.38192610277463224 -0.04670250788331032
v 1.7732973300007089 0.45812408460904386 0.046702492982149124
v 1.5901582442310556 0.38192610277463224 0.046702492982149124
v 1.5901582442310556 0.38192610277463224 0.046702492982149124
v 1.481690188505958 0.28548709883023526 -0.04670250788331032
v 1.5901582442310556 0.38192610277463224 -0.04670250788331032
v 1.481690188505958 0.28548709883023526 -0.04670250788331032
v 1.5901582442310556 0.38192610277463224 0.046702492982149124
v 1.481690188505958 0.28548709883023526 0.046702492982149124
v 1.481690188505958 0.28548709883023526 -0.04670250788331032
v 1.481690188505958 0.28548709883023526 0.046702492982149124
v 1.3995881281879647 0.193698121445668 -0.04670250788331032
v 1.3995881281879647 0.193698121445668 -0.04670250788331032
v 1.481690188505958 0.28548709883023526 0.046702492982149124
v 1.3995881281879647 0.193698121445668 0.046702492982149124
v 2.0561852656391366 -0.8875388668603775 -0.04670250788331032
v 1.9220562182453378 -0.7664519117898819 -0.04670250788331032
v 1.9220562182453378 -0.7664519117898819 0.046702492982149124
v 2.0561852656391366 -0.8875388668603775 -0.04670250788331032
v 1.9220562182453378 -0.7664519117898819 0.046702492982149124
v 2.0561852656391366 -0.8875388668603775 0.046702492982149124
v 1.9220562182453378 -0.7664519117898819 -0.04670250788331032
v 1.7732973300007089 -0.742367939812648 0.046702492982149124
v 1.9220562182453378 -0.7664519117898819 0.046702492982149124
v 1.9220562182453378 -0.7664519117898819 -0.04670250788331032
v 1.7732973300007089 -0.742367939812648 -0.04670250788331032
v 1.7732973300007089 -0.742367939812648 0.046702492982149124
v 1.7732973300007089 -0.742367939812648 -0.04670250788331032
v 1.590159197905372 -0.6661698387689469 0.046702492982149124
v 1.7732973300007089 -0.742367939812648 0.046702492982149124
v 1.7732973300007089 -0.742367939812648 -0.04670250788331032
v 1.590159197905372 -0.6661698387689469 -0.04670250788331032
v 1.590159197905372 -0.6661698387689469 0.046702492982149124
v 1.590159197905372 -0.6661698387689469 -0.04670250788331032
v 1.481690188505958 -0.5697308944291947 0.046702492982149124
v 1.590159197905372 -0.6661698387689469 0.046702492982149124
v 1.590159197905372 -0.6661698387689469 -0.04670250788331032
v 1.481690188505958 -0.5697308944291947 -0.04670250788331032
v 1.481690188505958 -0.5697308944291947 0.046702492982149124
v 1.481690188505958 -0.5697308944291947 -0.04670250788331032
v 1.3995881281879647 -0.4779409037656662 0.046702492982149124
v 1.481690188505958 -0.5697308944291947 0.046702492982149124
v 1.481690188505958 -0.5697308944291947 -0.04670250788331032
v 1.3995881281879647 -0.4779409037656662 -0.04670250788331032
v 1.3995881281879647 -0.4779409037656662 0.046702492982149124
v 2.05618431196482 -0.18882488997052882 -0.7454175353050232
v 2.05618431196482 -0.09541889072726939 -0.7454175353050232
v 1.9220562182453378 -0.18882488997052882 -0.6243305206298828
v 1.9220562182453378 -0.18882488997052882 -0.6243305206298828
v 2.05618431196482 -0.09541889072726939 -0.7454175353050232
v 1.9220562182453378 -0.09541889072726939 -0.6243305206298828
v 1.9220562182453378 -0.18882488997052882 -0.6243305206298828
v 1.9220562182453378 -0.09541889072726939 -0.6243305206298828
v 1.7732973300007089 -0.18882488997052882 -0.6002464890480042
v 1.7732973300007089 -0.18882488997052882 -0.6002464890480042
v 1.9220562182453378 -0.09541889072726939 -0.6243305206298828
v 1.7732973300007089 -0.09541889072726939 -0.6002464890480042
v 1.590159197905372 -0.18882388786743853 -0.5240474939346313
v 1.7732973300007089 -0.18882488997052882 -0.6002464890480042
v 1.7732973300007089 -0.09541889072726939 -0.6002464890480042
v 1.590159197905372 -0.18882388786743853 -0.5240474939346313
v 1.7732973300007089 -0.09541889072726939 -0.6002464890480042
v 1.590159197905372 -0.09541889072726939 -0.5240474939346313
v 1.590159197905372 -0.18882388786743853 -0.5240474939346313
v 1.590159197905372 -0.09541889072726939 -0.5240474939346313
v 1.481690188505958 -0.18882388786743853 -0.42760851979255676
v 1.481690188505958 -0.18882388786743853 -0.42760851979255676
v 1.590159197905372 -0.09541889072726939 -0.5240474939346313
v 1.481690188505958 -0.09541889072726939 -0.42760851979255676
v 1.481690188505958 -0.09541889072726939 -0.42760851979255676
v 1.3995881281879647 -0.18882388786743853 -0.3358195126056671
v 1.481690188505958 -0.18882388786743853 -0.42760851979255676
v 1.3995881281879647 -0.18882388786743853 -0.3358195126056671
v 1.481690188505958 -0.09541889072726939 -0.42760851979255676
v 1.3995881281879647 -0.09541889072726939 -0.3358195126056671
v 2.05618431196482 -0.09541889072726939 0.7454174757003784
v 2.05618431196482 -0.18882388786743853 0.7454174757003784
v 1.9220562182453378 -0.09541889072726939 0.6243295073509216
v 1.9220562182453378 -0.09541889072726939 0.6243295073509216
v 2.05618431196482 -0.18882388786743853 0.7454174757003784
v 1.9220562182453378 -0.18882488997052882 0.6243295073509216
v 1.7732973300007089 -0.18882388786743853 0.6002464890480042
v 1.9220562182453378 -0.09541889072726939 0.6243295073509216
v 1.9220562182453378 -0.18882488997052882 0.6243295073509216
v 1.9220562182453378 -0.09541889072726939 0.6243295073509216
v 1.7732973300007089 -0.18882388786743853 0.6002464890480042
v 1.7732973300007089 -0.09541889072726939 0.6002464890480042
v 1.7732973300007089 -0.18882388786743853 0.6002464890480042
v 1.590159197905372 -0.09541889072726939 0.5240474939346313
v 1.7732973300007089 -0.09541889072726939 0.6002464890480042
v 1.590159197905372 -0.09541889072726939 0.5240474939346313
v 1.7732973300007089 -0.18882388786743853 0.6002464890480042
v 1.590159197905372 -0.18882388786743853 0.5240474939346313
v 1.590159197905372 -0.09541889072726939 0.5240474939346313
v 1.590159197905372 -0.18882388786743853 0.5240474939346313
v 1.481690188505958 -0.09541889072726939 0.4276084899902344
v 1.481690188505958 -0.09541889072726939 0.4276084899902344
v 1.590159197905372 -0.18882388786743853 0.5240474939346313
v 1.481690188505958 -0.18882388786743853 0.4276084899902344
v 1.3995881281879647 -0.09541889072726939 0.3358194828033447
v 1.481690188505958 -0.09541889072726939 0.4276084899902344
v 1.481690188505958 -0.18882388786743853 0.4276084899902344
v 1.3995881281879647 -0.18882388786743853 0.3358194828033447
v 1.3995881281879647 -0.09541889072726939 0.3358194828033447
v 1.481690188505958 -0.18882388786743853 0.4276084899902344
vn -0.4521760991690915 0.8919286828778543 0
vn -0.6163038033884954 0.7875084900678054 0
vn -0.6163038033884954 0.7875084900678054 0
vn -0.4521760991690915 0.8919286828778543 0
vn -0.6163038033884954 0.7875084900678054 0
vn -0.23940483881686403 0.9709198335347112 0
vn 0.03112634222107831 0.9995154580195028 0
vn -0.4521760991690915 0.8919286828778543 0
vn -0.23940483881686403 0.9709198335347112 0
vn 0.03112634222107831 0.9995154580195028 0
vn -0.23940483881686403 0.9709198335347112 0
vn 0.08637013041378012 0.9962631181431473 0
vn 0.08637013041378012 0.9962631181431473 0
vn 0.20753729902853482 0.9782271052838091 0
vn 0.03112634222107831 0.9995154580195028 0
vn 0.20753729902853482 0.9782271052838091 0
vn 0.08637013041378012 0.9962631181431473 0
vn 0.20753729902853482 0.9782271052838091 0
vn -0.61630350284836 -0.7875087252702928 0
vn -0.2394044037414252 -0.97091994081346 0
vn -0.45217562367120645 -0.8919289239382 0
vn -0.61630350284836 -0.7875087252702928 0
vn -0.45217562367120645 -0.8919289239382 0
vn -0.61630350284836 -0.7875087252702928 0
vn -0.2394044037414252 -0.97091994081346 0
vn 0.031127040029818826 -0.9995154362884957 0
vn -0.45217562367120645 -0.8919289239382 0
vn -0.2394044037414252 -0.97091994081346 0
vn 0.0863719353902813 -0.9962629616606938 0
vn 0.031127040029818826 -0.9995154362884957 0
vn 0.0863719353902813 -0.9962629616606938 0
vn 0.20754086647950046 -0.9782263484188812 0
vn 0.031127040029818826 -0.9995154362884957 0
vn 0.0863719353902813 -0.9962629616606938 0
vn 0.20754086647950046 -0.9782263484188812 0
vn 0.20754086647950046 -0.9782263484188812 0
vn -0.6163028358740015 0 -0.7875092472432712
vn -0.3510776974633259 0 -0.9363463303414231
vn -0.35107681562326926 0 -0.9363466609818316
vn -0.6163028358740015 0 -0.7875092472432712
vn -0.35107681562326926 0 -0.9363466609818316
vn -0.6163028358740015 0 -0.7875092472432712
vn 0.05434187063965745 0 -0.9985223888803808
vn -0.35107681562326926 0 -0.9363466609818316
vn -0.3510776974633259 0 -0.9363463303414231
vn -0.35107681562326926 0 -0.9363466609818316
vn 0.05434187063965745 0 -0.9985223888803808
vn 0.05434165149658326 0 -0.9985224008066238
vn 0.05434187063965745 0 -0.9985223888803808
vn 0.2075418559987528 0 -0.9782261384815849
vn 0.05434165149658326 0 -0.9985224008066238
vn 0.05434187063965745 0 -0.9985223888803808
vn 0.2075418559987528 0 -0.9782261384815849
vn 0.2075418559987528 0 -0.9782261384815849
vn -0.6163028358740015 0 0.7875092472432712
vn -0.23940548440640153 0 0.9709196743480565
vn -0.4521756710889177 0 0.891928899899138
vn -0.6163028358740015 0 0.7875092472432712
vn -0.4521756710889177 0 0.891928899899138
vn -0.6163028358740015 0 0.7875092472432712
vn -0.23940548440640153 0 0.9709196743480565
vn 0.031125489956096486 0 0.9995154845598907
vn -0.4521756710889177 0 0.891928899899138
vn -0.23940548440640153 0 0.9709196743480565
vn 0.08637111681148998 0 0.9962630326277975
vn 0.031125489956096486 0 0.9995154845598907
vn 0.08637111681148998 0 0.9962630326277975
vn 0.20754213902682378 0 0.9782260784339021
vn 0.031125489956096486 0 0.9995154845598907
vn 0.08637111681148998 0 0.9962630326277975
vn 0.20754213902682378 0 0.9782260784339021
vn 0.20754213902682378 0 0.9782260784339021
vn 0 0 1
vn 0 0 1
vn 0 0 1
vn 0 0 1
vn 0 0 1
vn 0 0 1
vn 0 0 1
vn 0 0 1
vn 0 0 1
vn 0 0 1
vn 0 0 1
vn 0 0 1
vn 0 0 1
vn 0 0 1
vn 0 0 1
vn 0 0 1
vn 0 0 1
vn 0 0 1
vn 0 0 1
vn 0 0 1
vn 0 0 1
vn 0 0 -1
vn 0 0 -1
vn 0 0 -1
vn 0 0 -1
vn 0 0 -1
vn 0 0 -1
vn 0 0 -1
vn 0 0 -1
vn 0 0 -1
vn 0 0 -1
vn 0 0 -1
vn 0 0 -1
vn 0 0 -1
vn 0 0 -1
vn 0 0 -1
vn 0 0 -1
vn 0 0 -1
vn 0 0 -1
vn 0 0 -1
vn 0 0 -1
vn 0 0 -1
vn 0 0 -1
vn 0 0 -1
vn 0 0 -1
vn 0 0 -1
vn 0 0 -1
vn 0 0 -1
vn 0 0 -1
vn 0 0 -1
vn 0 0 -1
vn 0 0 -1
vn 0 0 -1
vn 0 0 -1
vn 0 0 -1
vn 0 0 -1
vn 0 0 -1
vn 0 0 -1
vn 0 0 -1
vn 0 0 -1
vn 0 0 -1
vn 0 0 -1
vn 0 0 -1
vn 0 0 1
vn 0 0 1
vn 0 0 1
vn 0 0 1
vn 0 0 1
vn 0 0 1
vn 0 0 1
vn 0 0 1
vn 0 0 1
vn 0 0 1
vn 0 0 1
vn 0 0 1
vn 0 0 1
vn 0 0 1
vn 0 0 1
vn 0 0 1
vn 0 0 1
vn 0 0 1
vn 0 0 1
vn 0 0 1
vn 0 0 1
vn 0 1 0
vn 0 1 0
vn 0 1 0
vn 0 1 0
vn 0 1 0
vn 0 1 0
vn 0 1 0
vn 0 1 0
vn 0 1 0
vn 0 1 0
vn 0 1 0
vn 0 1 0
vn 0 1 0
vn 0 1 0
vn 0 1 0
vn 0 1 0
vn 0 1 0
vn 0 1 0
vn 0 1 0
vn 0 1 0
vn 0 1 0
vn -4.970488589604857e-7 -0.99999999999972 5.592983143286145e-7
vn -0.0000019476644865745244 -0.9999999999976943 9.045850788404157e-7
vn -0.0000019306244212158987 -0.9999999999977345 8.966708833193174e-7
vn -0.0000019306244212158987 -0.9999999999977345 8.966708833193174e-7
vn -0.0000019476644865745244 -0.9999999999976943 9.045850788404157e-7
vn -0.0000035135838060987094 -0.9999999999924896 -0.0000016358193306464197
vn -0.0000019476644865745244 -0.9999999999976943 9.045850788404157e-7
vn 0 -1 0
vn -0.0000035135838060987094 -0.9999999999924896 -0.0000016358193306464197
vn 0 -1 0
vn -0.0000019476644865745244 -0.9999999999976943 9.045850788404157e-7
vn 0 -1 0
vn 0 -1 0
vn -4.970488589604857e-7 -0.99999999999972 5.592983143286145e-7
vn -0.0000019306244212158987 -0.9999999999977345 8.966708833193174e-7
vn 0 -1 0
vn -4.970488589604857e-7 -0.99999999999972 5.592983143286145e-7
vn 0 -1 0
vn -4.970488589604857e-7 -0.99999999999972 5.592983143286145e-7
vn 0 -1 0
vn 0 -1 0
vn -0.000002645580479976312 -0.9999999999832119 0.000005155302005646117
vn -6.289211000870127e-7 -0.9999999999990514 0.00000122554502013256
vn -0.000003513577894383148 -0.9999999999924896 0.0000016358166021623143
vn -6.289211000870127e-7 -0.9999999999990514 0.00000122554502013256
vn -0.000002645580479976312 -0.9999999999832119 0.000005155302005646117
vn 0.0000014217004035920802 -0.9999999999765377 0.0000067010219025425
vn -6.289211000870127e-7 -0.9999999999990514 0.00000122554502013256
vn 0 -1 0
vn -0.000003513577894383148 -0.9999999999924896 0.0000016358166021623143
vn 0 -1 0
vn -6.289211000870127e-7 -0.9999999999990514 0.00000122554502013256
vn 0 -1 0
vn 0 -1 0
vn 0 -1 0
vn 0 -1 0
vn 0 -1 0
vn 0 -1 0
vn 0 -1 0
vn 0 -1 0
vn 0 -1 0
vn 0 -1 0
vn 0 1 0
vn 0 1 0
vn 0 1 0
vn 0 1 0
vn 0 1 0
vn 0 1 0
vn 0 1 0
vn 0 1 0
vn 0 1 0
vn 0 1 0
vn 0 1 0
vn 0 1 0
vn 0 1 0
vn 0 1 0
vn 0 1 0
vn 0 1 0
vn 0 1 0
vn 0 1 0
vn 0 1 0
vn 0 1 0
vn 0 1 0
vn -0.07018011074730238 -0.9975343362789556 0
vn -0.07018011074730238 -0.9975343362789556 0
vn -0.07018011074730238 -0.9975343362789556 0
vn -0.07018011074730238 -0.9975343362789556 0
vn -0.07018011074730238 -0.9975343362789556 0
vn -0.07018011074730238 -0.9975343362789556 0
vn -0.0701833895471819 0.9975341055982339 0
vn -0.0701833895471819 0.9975341055982339 0
vn -0.0701833895471819 0.9975341055982339 0
vn -0.0701833895471819 0.9975341055982339 0
vn -0.0701833895471819 0.9975341055982339 0
vn -0.0701833895471819 0.9975341055982339 0
vn -0.07018172049179859 0 0.9975342230263636
vn -0.07018172049179859 0 0.9975342230263636
vn -0.07018172049179859 0 0.9975342230263636
vn -0.07018172049179859 0 0.9975342230263636
vn -0.07018172049179859 0 0.9975342230263636
vn -0.07018172049179859 0 0.9975342230263636
vn -0.07018172049179859 0 -0.9975342230263636
vn -0.07018172049179859 0 -0.9975342230263636
vn -0.07018172049179859 0 -0.9975342230263636
vn -0.07018172049179859 0 -0.9975342230263636
vn -0.07018172049179859 0 -0.9975342230263636
vn -0.07018172049179859 0 -0.9975342230263636
vn 0.6701009914842716 -0.7422699382379675 0
vn 0.6701009914842716 -0.7422699382379675 0
vn 0.5381497195345533 -0.8428492625403913 0
vn 0.5381497195345533 -0.8428492625403913 0
vn 0.6701009914842716 -0.7422699382379675 0
vn 0.3650565761687852 -0.9309853361873772 0
vn 0.5381497195345533 -0.8428492625403913 0
vn 0.3650565761687852 -0.9309853361873772 0
vn 0.2504934898961785 -0.9681182838473992 0
vn 0.2504934898961785 -0.9681182838473992 0
vn 0.3650565761687852 -0.9309853361873772 0
vn 0.3241536057218524 -0.946004460823268 0
vn 0.46423882345341233 -0.8857100624914405 0
vn 0.2504934898961785 -0.9681182838473992 0
vn 0.3241536057218524 -0.946004460823268 0
vn 0.46423882345341233 -0.8857100624914405 0
vn 0.3241536057218524 -0.946004460823268 0
vn 0.5580831600102809 -0.829785024276131 0
vn 0.5580831600102809 -0.829785024276131 0
vn 0.6894884238504305 -0.7242967025855146 0
vn 0.46423882345341233 -0.8857100624914405 0
vn 0.6894884238504305 -0.7242967025855146 0
vn 0.5580831600102809 -0.829785024276131 0
vn 0.7164403678636148 -0.6976483349764754 0
vn 0.6894884238504305 -0.7242967025855146 0
vn 0.7164403678636148 -0.6976483349764754 0
vn 0.7453418690854532 -0.6666824567874898 0
vn 0.7453418690854532 -0.6666824567874898 0
vn 0.7164403678636148 -0.6976483349764754 0
vn 0.7453418690854532 -0.6666824567874898 0
vn 0.6700977029197502 0.7422729070508193 0
vn 0.3650532116376483 0.9309866554752749 0
vn 0.5381457894138925 0.8428517718650763 0
vn 0.6700977029197502 0.7422729070508193 0
vn 0.5381457894138925 0.8428517718650763 0
vn 0.6700977029197502 0.7422729070508193 0
vn 0.3650532116376483 0.9309866554752749 0
vn 0.25049322405076285 0.9681183526329075 0
vn 0.5381457894138925 0.8428517718650763 0
vn 0.3650532116376483 0.9309866554752749 0
vn 0.3241544972355586 0.946004155340748 0
vn 0.25049322405076285 0.9681183526329075 0
vn 0.3241544972355586 0.946004155340748 0
vn 0.4642398389272147 0.8857095302371052 0
vn 0.25049322405076285 0.9681183526329075 0
vn 0.3241544972355586 0.946004155340748 0
vn 0.5580822273413859 0.8297856515544707 0
vn 0.4642398389272147 0.8857095302371052 0
vn 0.5580822273413859 0.8297856515544707 0
vn 0.6894872329126754 0.7242978362872707 0
vn 0.4642398389272147 0.8857095302371052 0
vn 0.5580822273413859 0.8297856515544707 0
vn 0.7164416324997097 0.697647036273466 0
vn 0.6894872329126754 0.7242978362872707 0
vn 0.7164416324997097 0.697647036273466 0
vn 0.7453455287358197 0.6666783653258302 0
vn 0.6894872329126754 0.7242978362872707 0
vn 0.7164416324997097 0.697647036273466 0
vn 0.7453455287358197 0.6666783653258302 0
vn 0.7453455287358197 0.6666783653258302 0
vn 0.6701005212339972 0 0.7422703627667787
vn 0.6701005212339972 0 0.7422703627667787
vn 0.5381477544756924 0 0.8428505172050201
vn 0.5381477544756924 0 0.8428505172050201
vn 0.6701005212339972 0 0.7422703627667787
vn 0.36505421142621175 0 0.9309862634432297
vn 0.5381477544756924 0 0.8428505172050201
vn 0.36505421142621175 0 0.9309862634432297
vn 0.250495169742053 0 0.9681178491980716
vn 0.250495169742053 0 0.9681178491980716
vn 0.36505421142621175 0 0.9309862634432297
vn 0.3241573500773895 0 0.946003177791071
vn 0.4642421526829228 0 0.8857083174907673
vn 0.250495169742053 0 0.9681178491980716
vn 0.3241573500773895 0 0.946003177791071
vn 0.4642421526829228 0 0.8857083174907673
vn 0.3241573500773895 0 0.946003177791071
vn 0.5580835853040966 0 0.8297847382388551
vn 0.4642421526829228 0 0.8857083174907673
vn 0.5580835853040966 0 0.8297847382388551
vn 0.6894861030083881 0 0.724298911885353
vn 0.6894861030083881 0 0.724298911885353
vn 0.5580835853040966 0 0.8297847382388551
vn 0.7164392208297492 0 0.6976495129051993
vn 0.7164392208297492 0 0.6976495129051993
vn 0.7453419548135077 0 0.6666823609446848
vn 0.6894861030083881 0 0.724298911885353
vn 0.7453419548135077 0 0.6666823609446848
vn 0.7164392208297492 0 0.6976495129051993
vn 0.7453419548135077 0 0.6666823609446848
vn 0.6701034348655721 0 -0.742267732412882
vn 0.6701034348655721 0 -0.742267732412882
vn 0.45656749121378776 0 -0.8896887803983748
vn 0.45656749121378776 0 -0.8896887803983748
vn 0.6701034348655721 0 -0.742267732412882
vn 0.45656749121378776 0 -0.8896887803983748
vn 0.2892334217928312 0 -0.9572586002319387
vn 0.45656749121378776 0 -0.8896887803983748
vn 0.45656749121378776 0 -0.8896887803983748
vn 0.45656749121378776 0 -0.8896887803983748
vn 0.2892334217928312 0 -0.9572586002319387
vn 0.28923371138742465 0 -0.9572585127315693
vn 0.2892334217928312 0 -0.9572586002319387
vn 0.4642425067597842 0 -0.8857081319020343
vn 0.28923371138742465 0 -0.9572585127315693
vn 0.4642425067597842 0 -0.8857081319020343
vn 0.2892334217928312 0 -0.9572586002319387
vn 0.5580836539467082 0 -0.8297846920722814
vn 0.4642425067597842 0 -0.8857081319020343
vn 0.5580836539467082 0 -0.8297846920722814
vn 0.6894861953128409 0 -0.7242988240174235
vn 0.6894861953128409 0 -0.7242988240174235
vn 0.5580836539467082 0 -0.8297846920722814
vn 0.7164392506215492 0 -0.697649482311019
vn 0.7453419548135077 0 -0.6666823609446848
vn 0.6894861953128409 0 -0.7242988240174235
vn 0.7164392506215492 0 -0.697649482311019
vn 0.7453419548135077 0 -0.6666823609446848
vn 0.7453419548135077 0 -0.6666823609446848
vn 0.7164392506215492 0 -0.697649482311019
f 925//925 926//926 927//927
f 928//928 929//929 930//930
f 931//931 932//932 933//933
f 934//934 935//935 936//936
f 937//937 938//938 939//939
f 940//940 941//941 942//942
f 943//943 944//944 945//945
f 946//946 947//947 948//948
f 949//949 950//950 951//951
f 952//952 953//953 954//954
f 955//955 956//956 957//957
f 958//958 959//959 960//960
f 961//961 962//962 963//963
f 964//964 965//965 966//966
f 967//967 968//968 969//969
f 970//970 971//971 972//972
f 973//973 974//974 975//975
f 976//976 977//977 978//978
f 979//979 980//980 981//981
f 982//982 983//983 984//984
f 985//985 986//986 987//987
f 988//988 989//989 990//990
f 991//991 992//992 993//993
f 994//994 995//995 996//996
f 997//997 998//998 999//999
f 1000//1000 1001//1001 1002//1002
f 1003//1003 1004//1004 1005//1005
f 1006//1006 1007//1007 1008//1008
f 1009//1009 1010//1010 1011//1011
f 1012//1012 1013//1013 1014//1014
f 1015//1015 1016//1016 1017//1017
f 1018//1018 1019//1019 1020//1020
f 1021//1021 1022//1022 1023//1023
f 1024//1024 1025//1025 1026//1026
f 1027//1027 1028//1028 1029//1029
f 1030//1030 1031//1031 1032//1032
f 1033//1033 1034//1034 1035//1035
f 1036//1036 1037//1037 1038//1038
f 1039//1039 1040//1040 1041//1041
f 1042//1042 1043//1043 1044//1044
f 1045//1045 1046//1046 1047//1047
f 1048//1048 1049//1049 1050//1050
f 1051//1051 1052//1052 1053//1053
f 1054//1054 1055//1055 1056//1056
f 1057//1057 1058//1058 1059//1059
f 1060//1060 1061//1061 1062//1062
f 1063//1063 1064//1064 1065//1065
f 1066//1066 1067//1067 1068//1068
f 1069//1069 1070//1070 1071//1071
f 1072//1072 1073//1073 1074//1074
f 1075//1075 1076//1076 1077//1077
f 1078//1078 1079//1079 1080//1080
f 1081//1081 1082//1082 1083//1083
f 1084//1084 1085//1085 1086//1086
f 1087//1087 1088//1088 1089//1089
f 1090//1090 1091//1091 1092//1092
f 1093//1093 1094//1094 1095//1095
f 1096//1096 1097//1097 1098//1098
f 1099//1099 1100//1100 1101//1101
f 1102//1102 1103//1103 1104//1104
f 1105//1105 1106//1106 1107//1107
f 1108//1108 1109//1109 1110//1110
f 1111//1111 1112//1112 1113//1113
f 1114//1114 1115//1115 1116//1116
f 1117//1117 1118//1118 1119//1119
f 1120//1120 1121//1121 1122//1122
f 1123//1123 1124//1124 1125//1125
f 1126//1126 1127//1127 1128//1128
f 1129//1129 1130//1130 1131//1131
f 1132//1132 1133//1133 1134//1134
f 1135//1135 1136//1136 1137//1137
f 1138//1138 1139//1139 1140//1140
f 1141//1141 1142//1142 1143//1143
f 1144//1144 1145//1145 1146//1146
f 1147//1147 1148//1148 1149//1149
f 1150//1150 1151//1151 1152//1152
f 1153//1153 1154//1154 1155//1155
f 1156//1156 1157//1157 1158//1158
f 1159//1159 1160//1160 1161//1161
f 1162//1162 1163//1163 1164//1164
f 1165//1165 1166//1166 1167//1167
f 1168//1168 1169//1169 1170//1170
f 1171//1171 1172//1172 1173//1173
f 1174//1174 1175//1175 1176//1176
f 1177//1177 1178//1178 1179//1179
f 1180//1180 1181//1181 1182//1182
f 1183//1183 1184//1184 1185//1185
f 1186//1186 1187//1187 1188//1188
f 1189//1189 1190//1190 1191//1191
f 1192//1192 1193//1193 1194//1194
f 1195//1195 1196//1196 1197//1197
f 1198//1198 1199//1199 1200//1200
f 1201//1201 1202//1202 1203//1203
f 1204//1204 1205//1205 1206//1206
f 1207//1207 1208//1208 1209//1209
f 1210//1210 1211//1211 1212//1212
f 1213//1213 1214//1214 1215//1215
f 1216//1216 1217//1217 1218//1218
f 1219//1219 1220//1220 1221//1221
f 1222//1222 1223//1223 1224//1224
f 1225//1225 1226//1226 1227//1227
f 1228//1228 1229//1229 1230//1230
f 1231//1231 1232//1232 1233//1233
f 1234//1234 1235//1235 1236//1236
f 1237//1237 1238//1238 1239//1239
f 1240//1240 1241//1241 1242//1242
f 1243//1243 1244//1244 1245//1245
f 1246//1246 1247//1247 1248//1248
f 1249//1249 1250//1250 1251//1251
f 1252//1252 1253//1253 1254//1254
f 1255//1255 1256//1256 1257//1257
f 1258//1258 1259//1259 1260//1260
f 1261//1261 1262//1262 1263//1263
f 1264//1264 1265//1265 1266//1266
f 1267//1267 1268//1268 1269//1269
f 1270//1270 1271//1271 1272//1272
f 1273//1273 1274//1274 1275//1275
f 1276//1276 1277//1277 1278//1278
f 1279//1279 1280//1280 1281//1281
f 1282//1282 1283//1283 1284//1284
f 1285//1285 1286//1286 1287//1287
f 1288//1288 1289//1289 1290//1290
f 1291//1291 1292//1292 1293//1293
f 1294//1294 1295//1295 1296//1296
f 1297//1297 1298//1298 1299//1299
f 1300//1300 1301//1301 1302//1302
f 1303//1303 1304//1304 1305//1305
f 1306//1306 1307//1307 1308//1308
o Mesh
usemtl material6
v 1.8989243372883964 -0.4620908700870674 -4.041261027543761e-17
v 1.8989243372883964 -0.41913386220208815 0.2870369851589203
v 1.8989243372883964 -0.5380288862632912 -4.9712333895852835e-17
v 1.8989243372883964 -0.41913386220208815 -0.2870369851589203
v 1.8989243372883964 -0.4620908700870674 -4.041261027543761e-17
v 1.8989243372883964 -0.5380288862632912 -4.9712333895852835e-17
v 1.8989243372883964 -0.41913386220208815 0.2870369851589203
v 1.8989243372883964 -0.4620908700870674 -4.041261027543761e-17
v 1.8989243372883964 -0.3654378556656044 0.23334099352359772
v 1.7736403807606864 -0.4620908700870674 -4.041261027543761e-17
v 1.8989243372883964 -0.3654378556656044 0.23334099352359772
v 1.8989243372883964 -0.4620908700870674 -4.041261027543761e-17
v 1.8989243372883964 -0.3654378556656044 0.23334099352359772
v 1.7736403807606864 -0.4620908700870674 -4.041261027543761e-17
v 1.7736403807606864 -0.3654378556656044 0.23334099352359772
v 1.8989243372883964 -0.4620908700870674 -4.041261027543761e-17
v 1.7736403807606864 -0.3654378556656044 -0.23334099352359772
v 1.7736403807606864 -0.4620908700870674 -4.041261027543761e-17
v 1.8989243372883964 -0.13209687704316786 0.32999399304389954
v 1.8989243372883964 -0.41913386220208815 0.2870369851589203
v 1.8989243372883964 -0.3654378556656044 0.23334099352359772
v 1.8989243372883964 -0.13209687704316786 0.32999399304389954
v 1.8989243372883964 -0.3654378556656044 0.23334099352359772
v 1.7736403807606864 -0.3654378556656044 0.23334099352359772
v 1.8989243372883964 -0.41913386220208815 0.2870369851589203
v 1.8989243372883964 -0.13209687704316786 0.32999399304389954
v 1.8989243372883964 -0.13209687704316786 0.4059320092201233
v 1.7736403807606864 -0.3654378556656044 0.23334099352359772
v 1.7736403807606864 -0.13209687704316786 0.32999399304389954
v 1.8989243372883964 -0.13209687704316786 0.32999399304389954
v 1.8989243372883964 -0.13209687704316786 0.32999399304389954
v 1.8989243372883964 0.15494010811575243 0.2870369851589203
v 1.8989243372883964 -0.13209687704316786 0.4059320092201233
v 1.7736403807606864 -0.3654378556656044 -0.23334099352359772
v 1.8989243372883964 -0.4620908700870674 -4.041261027543761e-17
v 1.8989243372883964 -0.3654378556656044 -0.23334099352359772
v 1.8989243372883964 -0.4620908700870674 -4.041261027543761e-17
v 1.8989243372883964 -0.41913386220208815 -0.2870369851589203
v 1.8989243372883964 -0.3654378556656044 -0.23334099352359772
v 1.7736403807606864 -0.13209687704316786 -0.32999399304389954
v 1.7736403807606864 -0.3654378556656044 -0.23334099352359772
v 1.8989243372883964 -0.3654378556656044 -0.23334099352359772
v 1.8989243372883964 -0.13209687704316786 -0.32999399304389954
v 1.8989243372883964 -0.3654378556656044 -0.23334099352359772
v 1.8989243372883964 -0.41913386220208815 -0.2870369851589203
v 1.8989243372883964 -0.3654378556656044 -0.23334099352359772
v 1.8989243372883964 -0.13209687704316786 -0.32999399304389954
v 1.7736403807606864 -0.13209687704316786 -0.32999399304389954
v 1.8989243372883964 -0.41913386220208815 -0.2870369851589203
v 1.8989243372883964 -0.13209687704316786 -0.4059320092201233
v 1.8989243372883964 -0.13209687704316786 -0.32999399304389954
v 1.7736403807606864 0.10124411648042986 -0.23334099352359772
v 1.7736403807606864 -0.13209687704316786 -0.32999399304389954
v 1.8989243372883964 -0.13209687704316786 -0.32999399304389954
v 1.8989243372883964 0.15494010811575243 -0.2870369851589203
v 1.8989243372883964 -0.13209687704316786 -0.32999399304389954
v 1.8989243372883964 -0.13209687704316786 -0.4059320092201233
v 1.8989243372883964 -0.13209687704316786 -0.32999399304389954
v 1.8989243372883964 0.10124411648042986 -0.23334099352359772
v 1.7736403807606864 0.10124411648042986 -0.23334099352359772
v 1.8989243372883964 -0.13209687704316786 -0.32999399304389954
v 1.8989243372883964 0.15494010811575243 -0.2870369851589203
v 1.8989243372883964 0.10124411648042986 -0.23334099352359772
v 1.7736403807606864 0.19789711600073168 4.041261027543761e-17
v 1.7736403807606864 0.10124411648042986 -0.23334099352359772
v 1.8989243372883964 0.10124411648042986 -0.23334099352359772
v 1.8989243372883964 0.15494010811575243 -0.2870369851589203
v 1.8989243372883964 0.19789711600073168 4.041261027543761e-17
v 1.8989243372883964 0.10124411648042986 -0.23334099352359772
v 1.8989243372883964 0.10124411648042986 -0.23334099352359772
v 1.8989243372883964 0.19789711600073168 4.041261027543761e-17
v 1.7736403807606864 0.19789711600073168 4.041261027543761e-17
v 1.8989243372883964 0.15494010811575243 -0.2870369851589203
v 1.8989243372883964 0.27383513217695543 4.9712333895852835e-17
v 1.8989243372883964 0.19789711600073168 4.041261027543761e-17
v 1.8989243372883964 0.15494010811575243 0.2870369851589203
v 1.8989243372883964 0.19789711600073168 4.041261027543761e-17
v 1.8989243372883964 0.27383513217695543 4.9712333895852835e-17
v 1.7736403807606864 0.10124411648042986 0.23334099352359772
v 1.7736403807606864 0.19789711600073168 4.041261027543761e-17
v 1.8989243372883964 0.19789711600073168 4.041261027543761e-17
v 1.8989243372883964 0.19789711600073168 4.041261027543761e-17
v 1.8989243372883964 0.15494010811575243 0.2870369851589203
v 1.8989243372883964 0.10124411648042986 0.23334099352359772
v 1.8989243372883964 0.19789711600073168 4.041261027543761e-17
v 1.8989243372883964 0.10124411648042986 0.23334099352359772
v 1.7736403807606864 0.10124411648042986 0.23334099352359772
v 1.8989243372883964 0.15494010811575243 0.2870369851589203
v 1.8989243372883964 -0.13209687704316786 0.32999399304389954
v 1.8989243372883964 0.10124411648042986 0.23334099352359772
v 1.7736403807606864 -0.13209687704316786 0.32999399304389954
v 1.7736403807606864 0.10124411648042986 0.23334099352359772
v 1.8989243372883964 0.10124411648042986 0.23334099352359772
v 1.8989243372883964 0.10124411648042986 0.23334099352359772
v 1.8989243372883964 -0.13209687704316786 0.32999399304389954
v 1.7736403807606864 -0.13209687704316786 0.32999399304389954
v 1.7736403807606864 -0.13209687704316786 -0.32999399304389954
v 1.7736403807606864 -0.13209687704316786 0.32999399304389954
v 1.7736403807606864 -0.4620908700870674 -4.041261027543761e-17
v 1.7736403807606864 -0.4620908700870674 -4.041261027543761e-17
v 1.7736403807606864 -0.13209687704316786 0.32999399304389954
v 1.7736403807606864 -0.3654378556656044 0.23334099352359772
v 1.7736403807606864 -0.13209687704316786 -0.32999399304389954
v 1.7736403807606864 -0.4620908700870674 -4.041261027543761e-17
v 1.7736403807606864 -0.3654378556656044 -0.23334099352359772
v 1.7736403807606864 -0.13209687704316786 -0.32999399304389954
v 1.7736403807606864 0.19789711600073168 4.041261027543761e-17
v 1.7736403807606864 -0.13209687704316786 0.32999399304389954
v 1.7736403807606864 -0.13209687704316786 0.32999399304389954
v 1.7736403807606864 0.19789711600073168 4.041261027543761e-17
v 1.7736403807606864 0.10124411648042986 0.23334099352359772
v 1.7736403807606864 0.19789711600073168 4.041261027543761e-17
v 1.7736403807606864 -0.13209687704316786 -0.32999399304389954
v 1.7736403807606864 0.10124411648042986 -0.23334099352359772
v 1.5111143454518485 -0.13209687704316786 -0.49344301223754883
v 1.5774621828999686 -0.4047098659919899 -0.272612988948822
v 1.5111143454518485 -0.4810138844894569 -0.34891700744628906
v 1.5774621828999686 -0.4047098659919899 -0.272612988948822
v 1.5111143454518485 -0.6255398892807167 -6.042934216037152e-17
v 1.5111143454518485 -0.4810138844894569 -0.34891700744628906
v 1.5774621828999686 -0.4047098659919899 -0.272612988948822
v 1.5111143454518485 -0.13209687704316786 -0.49344301223754883
v 1.5774621828999686 -0.13209687704316786 -0.38553300499916077
v 1.5774621828999686 -0.4047098659919899 -0.272612988948822
v 1.5774621828999686 -0.5176298522400062 -4.7214175654048787e-17
v 1.5111143454518485 -0.6255398892807167 -6.042934216037152e-17
v 1.5111143454518485 -0.13209687704316786 -0.49344301223754883
v 1.5774621828999686 0.14051611190565416 -0.272612988948822
v 1.5774621828999686 -0.13209687704316786 -0.38553300499916077
v 1.5774621828999686 -0.4047098659919899 0.272612988948822
v 1.5111143454518485 -0.6255398892807167 -6.042934216037152e-17
v 1.5774621828999686 -0.5176298522400062 -4.7214175654048787e-17
v 1.5111143454518485 -0.13209687704316786 -0.49344301223754883
v 1.5111143454518485 0.2168201304031212 -0.34891700744628906
v 1.5774621828999686 0.14051611190565416 -0.272612988948822
v 1.5111143454518485 -0.6255398892807167 -6.042934216037152e-17
v 1.5774621828999686 -0.4047098659919899 0.272612988948822
v 1.5111143454518485 -0.4810138844894569 0.34891700744628906
v 1.5111143454518485 0.36134613519438097 6.042934216037152e-17
v 1.5774621828999686 0.14051611190565416 -0.272612988948822
v 1.5111143454518485 0.2168201304031212 -0.34891700744628906
v 1.5774621828999686 -0.4047098659919899 0.272612988948822
v 1.5111143454518485 -0.13209687704316786 0.49344301223754883
v 1.5111143454518485 -0.4810138844894569 0.34891700744628906
v 1.5774621828999686 0.14051611190565416 -0.272612988948822
v 1.5111143454518485 0.36134613519438097 6.042934216037152e-17
v 1.5774621828999686 0.2534361279559929 4.7214175654048787e-17
v 1.5111143454518485 -0.13209687704316786 0.49344301223754883
v 1.5774621828999686 -0.4047098659919899 0.272612988948822
v 1.5774621828999686 -0.13209687704316786 0.38553300499916077
v 1.5111143454518485 0.36134613519438097 6.042934216037152e-17
v 1.5774621828999686 0.14051611190565416 0.272612988948822
v 1.5774621828999686 0.2534361279559929 4.7214175654048787e-17
v 1.5774621828999686 0.14051611190565416 0.272612988948822
v 1.5111143454518485 -0.13209687704316786 0.49344301223754883
v 1.5774621828999686 -0.13209687704316786 0.38553300499916077
v 1.5111143454518485 0.36134613519438097 6.042934216037152e-17
v 1.5111143454518485 0.2168201304031212 0.34891700744628906
v 1.5774621828999686 0.14051611190565416 0.272612988948822
v 1.5111143454518485 -0.13209687704316786 0.49344301223754883
v 1.5774621828999686 0.14051611190565416 0.272612988948822
v 1.5111143454518485 0.2168201304031212 0.34891700744628906
v -2.9622557297739815 0.46048713689573595 -0.010483999736607075
v -2.949089540580256 0.5125480986190636 0.0008549999911338091
v -2.949089540580256 0.5125480986190636 -0.0007479999912902713
v -2.949089540580256 0.5125480986190636 0.0008549999911338091
v -2.9622557297739815 0.46048713689573595 -0.010483999736607075
v -2.9622557297739815 0.46048713689573595 0.010591000318527222
v -2.9937267437968087 0.09785311883219072 -0.08414699882268906
v -2.9937267437968087 0.18268413310774156 0.045173998922109604
v -2.993727697471125 0.18268413310774156 -0.0453060008585453
v -2.993727697471125 0.18268413310774156 -0.0453060008585453
v -2.9937267437968087 0.27869612937696764 -0.08414699882268906
v -2.9937267437968087 0.09785311883219072 -0.08414699882268906
v -2.9937267437968087 0.27869612937696764 -0.08414699882268906
v -2.993727697471125 0.18268413310774156 -0.0453060008585453
v -2.9937267437968087 0.27869612937696764 -0.0453060008585453
v -2.9937267437968087 0.18268413310774156 0.045173998922109604
v -2.9937267437968087 0.09785311883219072 -0.08414699882268906
v -2.9937267437968087 0.09785311883219072 0.08401499688625336
v -2.9937267437968087 0.27869612937696764 0.08401499688625336
v -2.9937267437968087 0.18268413310774156 0.045173998922109604
v -2.9937267437968087 0.09785311883219072 0.08401499688625336
v -2.9937267437968087 0.18268413310774156 0.045173998922109604
v -2.9937267437968087 0.27869612937696764 0.08401499688625336
v -2.9937267437968087 0.27869612937696764 0.045173998922109604
v -2.9775476590189767 0.17931411629446337 0.059960998594760895
v -2.9775476590189767 0.46677912240751573 0.059960998594760895
v -2.9775476590189767 0.17931411629446337 -0.05985400080680847
v -2.9775476590189767 0.46677912240751573 -0.05985400080680847
v -2.9775476590189767 0.17931411629446337 -0.05985400080680847
v -2.9775476590189767 0.46677912240751573 0.059960998594760895
v -2.9714386597666573 0.4630621171546776 -0.05624699965119362
v -2.9714386597666573 0.5950630999160607 -0.03648899868130684
v -2.9714386597666573 0.6189781523300011 -0.05624699965119362
v -2.9714386597666573 0.5950630999160607 -0.03648899868130684
v -2.9714386597666573 0.4630621171546776 -0.05624699965119362
v -2.9714386597666573 0.4630621171546776 -0.03648899868130684
v -2.9714386597666573 0.5950630999160607 0.03659600019454956
v -2.9714386597666573 0.6189781523300011 -0.05624699965119362
v -2.9714386597666573 0.5950630999160607 -0.03648899868130684
v -2.9714386597666573 0.6189781523300011 -0.05624699965119362
v -2.9714386597666573 0.5950630999160607 0.03659600019454956
v -2.9714386597666573 0.6189781523300011 0.05635400116443634
v -2.9714386597666573 0.5950630999160607 0.03659600019454956
v -2.9714386597666573 0.4630621171546776 0.05635400116443634
v -2.9714386597666573 0.6189781523300011 0.05635400116443634
v -2.9714386597666573 0.4630621171546776 0.05635400116443634
v -2.9714386597666573 0.5950630999160607 0.03659600019454956
v -2.9714386597666573 0.4630621171546776 0.03659600019454956
v 0.09340523328449013 -0.26755087608567885 -0.135453999042511
v -0.7645607129130196 -0.13209687704316786 -0.2490289956331253
v 0.09340523328449013 -0.13209687704316786 -0.19156000018119812
v 0.09340523328449013 -0.13209687704316786 -0.19156000018119812
v -0.7645607129130196 -0.13209687704316786 -0.2490289956331253
v 0.09340523328449013 0.0033571219993431267 -0.135453999042511
v -0.7645607129130196 -0.13209687704316786 -0.2490289956331253
v 0.09340523328449013 -0.26755087608567885 -0.135453999042511
v -0.7645607129130196 -0.3081868791031044 -0.17609000205993652
v -0.7645607129130196 0.043993125016768664 -0.17609000205993652
v 0.09340523328449013 0.0033571219993431267 -0.135453999042511
v -0.7645607129130196 -0.13209687704316786 -0.2490289956331253
v -0.7645607129130196 -0.3081868791031044 -0.17609000205993652
v 0.09340523328449013 -0.26755087608567885 -0.135453999042511
v -0.7645607129130196 -0.38112585777513197 -3.0497255829768573e-17
v -0.7645607129130196 0.11693211858995745 3.0497255829768573e-17
v 0.09340523328449013 0.0033571219993431267 -0.135453999042511
v -0.7645607129130196 0.043993125016768664 -0.17609000205993652
v 0.09340523328449013 -0.323656877224366 -2.345933351728772e-17
v -0.7645607129130196 -0.38112585777513197 -3.0497255829768573e-17
v 0.09340523328449013 -0.26755087608567885 -0.135453999042511
v 0.09340523328449013 0.0033571219993431267 -0.135453999042511
v -0.7645607129130196 0.11693211858995745 3.0497255829768573e-17
v 0.09340523328449013 0.05946312313803026 2.345933351728772e-17
v 0.09340523328449013 -0.26755087608567885 0.135453999042511
v -0.7645607129130196 -0.38112585777513197 -3.0497255829768573e-17
v 0.09340523328449013 -0.323656877224366 -2.345933351728772e-17
v -0.7645607129130196 0.11693211858995745 3.0497255829768573e-17
v 0.09340523328449013 0.0033571219993431267 0.135453999042511
v 0.09340523328449013 0.05946312313803026 2.345933351728772e-17
v -0.7645607129130196 -0.38112585777513197 -3.0497255829768573e-17
v 0.09340523328449013 -0.26755087608567885 0.135453999042511
v -0.7645607129130196 -0.3081868791031044 0.17609000205993652
v 0.09340523328449013 0.0033571219993431267 0.135453999042511
v -0.7645607129130196 0.11693211858995745 3.0497255829768573e-17
v -0.7645607129130196 0.043993125016768664 0.17609000205993652
v -0.7645607129130196 -0.3081868791031044 0.17609000205993652
v 0.09340523328449013 -0.26755087608567885 0.135453999042511
v -0.7645607129130196 -0.13209687704316786 0.2490289956331253
v -0.7645607129130196 -0.13209687704316786 0.2490289956331253
v 0.09340523328449013 0.0033571219993431267 0.135453999042511
v -0.7645607129130196 0.043993125016768664 0.17609000205993652
v 0.09340523328449013 -0.13209687704316786 0.19156000018119812
v -0.7645607129130196 -0.13209687704316786 0.2490289956331253
v 0.09340523328449013 -0.26755087608567885 0.135453999042511
v 0.09340523328449013 0.0033571219993431267 0.135453999042511
v -0.7645607129130196 -0.13209687704316786 0.2490289956331253
v 0.09340523328449013 -0.13209687704316786 0.19156000018119812
v -0.8091507092509103 -0.23209687108270338 -0.11564400047063828
v -0.8091507092509103 -0.23209687108270338 0.11564400047063828
v -0.8586506978068185 -0.5312569045471351 -0.11564400047063828
v -0.8586506978068185 -0.5312569045471351 -0.11564400047063828
v -0.8091507092509103 -0.23209687108270338 0.11564400047063828
v -0.8586506978068185 -0.5312569045471351 0.11564400047063828
v -0.910051716903193 -0.5620968841957252 0.11564400047063828
v -0.8586506978068185 -0.5312569045471351 -0.11564400047063828
v -0.8586506978068185 -0.5312569045471351 0.11564400047063828
v -0.8586506978068185 -0.5312569045471351 -0.11564400047063828
v -0.910051716903193 -0.5620968841957252 0.11564400047063828
v -0.910051716903193 -0.5620968841957252 -0.11564400047063828
v -1.1372507349047494 -0.5620968841957252 -0.11564400047063828
v -0.910051716903193 -0.5620968841957252 -0.11564400047063828
v -0.910051716903193 -0.5620968841957252 0.11564400047063828
v -1.1372507349047494 -0.5620968841957252 -0.11564400047063828
v -0.910051716903193 -0.5620968841957252 0.11564400047063828
v -1.1372507349047494 -0.5620968841957252 0.11564400047063828
v -1.1372507349047494 -0.5620968841957252 -0.11564400047063828
v -1.1372507349047494 -0.5620968841957252 0.11564400047063828
v -1.188650681117518 -0.5312569045471351 0.11564400047063828
v -1.188650681117518 -0.5312569045471351 0.11564400047063828
v -1.188650681117518 -0.5312569045471351 -0.11564400047063828
v -1.1372507349047494 -0.5620968841957252 -0.11564400047063828
v -3.2672877446207833 -0.22691387469045332 -0.09481800347566605
v -3.2672877446207833 -0.13209687704316786 -0.19156000018119812
v -3.2672877446207833 -0.26755087608567885 -0.135453999042511
v -3.2672877446207833 -0.26755087608567885 -0.135453999042511
v -3.2672877446207833 -0.2661888801502388 -1.6421533627537527e-17
v -3.2672877446207833 -0.22691387469045332 -0.09481800347566605
v -3.2672877446207833 -0.26755087608567885 -0.135453999042511
v -3.2672877446207833 -0.323656877224366 -2.345933351728772e-17
v -3.2672877446207833 -0.2661888801502388 -1.6421533627537527e-17
v -3.2672877446207833 -0.26755087608567885 0.135453999042511
v -3.2672877446207833 -0.2661888801502388 -1.6421533627537527e-17
v -3.2672877446207833 -0.323656877224366 -2.345933351728772e-17
v -3.2672877446207833 -0.2661888801502388 -1.6421533627537527e-17
v -1.6672877207789254 -0.2661888801502388 -1.6421533627537527e-17
v -3.2672877446207833 -0.22691387469045332 -0.09481800347566605
v -1.6672877207789254 -0.22691387469045332 -0.09481800347566605
v -3.2672877446207833 -0.22691387469045332 -0.09481800347566605
v -1.6672877207789254 -0.2661888801502388 -1.6421533627537527e-17
v -1.6672877207789254 -0.2661888801502388 -1.6421533627537527e-17
v -3.2672877446207833 -0.2661888801502388 -1.6421533627537527e-17
v -1.6672877207789254 -0.22691387469045332 0.09481800347566605
v -1.6672877207789254 -0.22691387469045332 -0.09481800347566605
v -3.2672877446207833 -0.13209687704316786 -0.13409200310707092
v -3.2672877446207833 -0.22691387469045332 -0.09481800347566605
v -3.2672877446207833 -0.13209687704316786 -0.19156000018119812
v -3.2672877446207833 -0.22691387469045332 -0.09481800347566605
v -3.2672877446207833 -0.13209687704316786 -0.13409200310707092
v -3.2672877446207833 -0.13209687704316786 -0.13409200310707092
v -1.6672877207789254 -0.22691387469045332 -0.09481800347566605
v -1.6672877207789254 -0.13209687704316786 -0.13409200310707092
v -3.2672877446207833 -0.03727887356750181 -0.09481800347566605
v -3.2672877446207833 -0.13209687704316786 -0.19156000018119812
v -3.2672877446207833 -0.13209687704316786 -0.13409200310707092
v -1.6672877207789254 -0.13209687704316786 -0.13409200310707092
v -3.2672877446207833 -0.03727887356750181 -0.09481800347566605
v -3.2672877446207833 -0.13209687704316786 -0.13409200310707092
v -3.2672877446207833 -0.13209687704316786 -0.19156000018119812
v -3.2672877446207833 -0.03727887356750181 -0.09481800347566605
v -3.2672877446207833 0.0033571219993431267 -0.135453999042511
v -3.2672877446207833 -0.03727887356750181 -0.09481800347566605
v -1.6672877207789254 -0.13209687704316786 -0.13409200310707092
v -1.6672877207789254 -0.03727887356750181 -0.09481800347566605
v -3.2672877446207833 0.05946312313803026 2.345933351728772e-17
v -3.2672877446207833 0.0033571219993431267 -0.135453999042511
v -3.2672877446207833 -0.03727887356750181 -0.09481800347566605
v -1.6672877207789254 -0.03727887356750181 -0.09481800347566605
v -3.2672877446207833 0.0019951260639030632 1.6421533627537527e-17
v -3.2672877446207833 -0.03727887356750181 -0.09481800347566605
v -3.2672877446207833 0.05946312313803026 2.345933351728772e-17
v -3.2672877446207833 -0.03727887356750181 -0.09481800347566605
v -3.2672877446207833 0.0019951260639030632 1.6421533627537527e-17
v -3.2672877446207833 0.0019951260639030632 1.6421533627537527e-17
v -1.6672877207789254 -0.03727887356750181 -0.09481800347566605
v -1.6672877207789254 0.0019951260639030632 1.6421533627537527e-17
v -3.2672877446207833 -0.03727887356750181 0.09481800347566605
v -3.2672877446207833 0.05946312313803026 2.345933351728772e-17
v -3.2672877446207833 0.0019951260639030632 1.6421533627537527e-17
v -1.6672877207789254 0.0019951260639030632 1.6421533627537527e-17
v -3.2672877446207833 -0.03727887356750181 0.09481800347566605
v -3.2672877446207833 0.0019951260639030632 1.6421533627537527e-17
v -3.2672877446207833 0.05946312313803026 2.345933351728772e-17
v -3.2672877446207833 -0.03727887356750181 0.09481800347566605
v -3.2672877446207833 0.0033571219993431267 0.135453999042511
v -3.2672877446207833 -0.03727887356750181 0.09481800347566605
v -1.6672877207789254 0.0019951260639030632 1.6421533627537527e-17
v -1.6672877207789254 -0.03727887356750181 0.09481800347566605
v -3.2672877446207833 -0.13209687704316786 0.19156000018119812
v -3.2672877446207833 0.0033571219993431267 0.135453999042511
v -3.2672877446207833 -0.03727887356750181 0.09481800347566605
v -1.6672877207789254 -0.03727887356750181 0.09481800347566605
v -3.2672877446207833 -0.13209687704316786 0.13409200310707092
v -3.2672877446207833 -0.03727887356750181 0.09481800347566605
v -3.2672877446207833 -0.03727887356750181 0.09481800347566605
v -3.2672877446207833 -0.13209687704316786 0.13409200310707092
v -3.2672877446207833 -0.13209687704316786 0.19156000018119812
v -3.2672877446207833 -0.13209687704316786 0.13409200310707092
v -1.6672877207789254 -0.03727887356750181 0.09481800347566605
v -1.6672877207789254 -0.13209687704316786 0.13409200310707092
v -3.2672877446207833 -0.22691387469045332 0.09481800347566605
v -3.2672877446207833 -0.13209687704316786 0.19156000018119812
v -3.2672877446207833 -0.13209687704316786 0.13409200310707092
v -1.6672877207789254 -0.13209687704316786 0.13409200310707092
v -3.2672877446207833 -0.22691387469045332 0.09481800347566605
v -3.2672877446207833 -0.13209687704316786 0.13409200310707092
v -3.2672877446207833 -0.13209687704316786 0.19156000018119812
v -3.2672877446207833 -0.22691387469045332 0.09481800347566605
v -3.2672877446207833 -0.26755087608567885 0.135453999042511
v -3.2672877446207833 -0.22691387469045332 0.09481800347566605
v -1.6672877207789254 -0.13209687704316786 0.13409200310707092
v -1.6672877207789254 -0.22691387469045332 0.09481800347566605
v -3.2672877446207833 -0.2661888801502388 -1.6421533627537527e-17
v -3.2672877446207833 -0.26755087608567885 0.135453999042511
v -3.2672877446207833 -0.22691387469045332 0.09481800347566605
v -3.2672877446207833 -0.22691387469045332 0.09481800347566605
v -1.6672877207789254 -0.22691387469045332 0.09481800347566605
v -3.2672877446207833 -0.2661888801502388 -1.6421533627537527e-17
v -2.9250056878123116 0.6189781523300011 0.05635400116443634
v -2.9250056878123116 0.6189781523300011 -0.05624699965119362
v -2.9714386597666573 0.6189781523300011 -0.05624699965119362
v -2.9714386597666573 0.6189781523300011 -0.05624699965119362
v -2.9714386597666573 0.6189781523300011 0.05635400116443634
v -2.9250056878123116 0.6189781523300011 0.05635400116443634
v -2.3686506882700753 -0.23209687108270338 -0.11564400047063828
v -2.208651675322993 -0.5312569045471351 -0.11564400047063828
v -2.208651675322993 -0.5312569045471351 0.11564400047063828
v -2.3686506882700753 -0.23209687108270338 -0.11564400047063828
v -2.208651675322993 -0.5312569045471351 0.11564400047063828
v -2.3686506882700753 -0.23209687108270338 0.11564400047063828
v -2.208651675322993 -0.5312569045471351 0.11564400047063828
v -2.208651675322993 -0.5312569045471351 -0.11564400047063828
v -2.1572506562266183 -0.5620968841957252 -0.11564400047063828
v -2.1572506562266183 -0.5620968841957252 -0.11564400047063828
v -2.1572506562266183 -0.5620968841957252 0.11564400047063828
v -2.208651675322993 -0.5312569045471351 0.11564400047063828
v -2.1572506562266183 -0.5620968841957252 -0.11564400047063828
v -1.8900517359766793 -0.5620968841957252 0.11564400047063828
v -2.1572506562266183 -0.5620968841957252 0.11564400047063828
v -2.1572506562266183 -0.5620968841957252 -0.11564400047063828
v -1.8900517359766793 -0.5620968841957252 -0.11564400047063828
v -1.8900517359766793 -0.5620968841957252 0.11564400047063828
v -1.8386507168803048 -0.5312569045471351 -0.11564400047063828
v -1.8900517359766793 -0.5620968841957252 0.11564400047063828
v -1.8900517359766793 -0.5620968841957252 -0.11564400047063828
v -1.8900517359766793 -0.5620968841957252 0.11564400047063828
v -1.8386507168803048 -0.5312569045471351 -0.11564400047063828
v -1.8386507168803048 -0.5312569045471351 0.11564400047063828
v -1.8386507168803048 -0.5312569045471351 -0.11564400047063828
v -1.678650690654261 -0.23209687108270338 0.11564400047063828
v -1.8386507168803048 -0.5312569045471351 0.11564400047063828
v -1.678650690654261 -0.23209687108270338 -0.11564400047063828
v -1.678650690654261 -0.23209687108270338 0.11564400047063828
v -1.8386507168803048 -0.5312569045471351 -0.11564400047063828
v -1.3817566767725777 0.6148971415115196 0.05635400116443634
v -1.3817566767725777 0.6148971415115196 -0.05624699965119362
v -1.4281897083315682 0.6148971415115196 -0.05624699965119362
v -1.4281897083315682 0.6148971415115196 -0.05624699965119362
v -1.4281897083315682 0.6148971415115196 0.05635400116443634
v -1.3817566767725777 0.6148971415115196 0.05635400116443634
v -2.949089540580256 0.5125480986190636 -0.0007479999912902713
v -2.946920885184748 0.5125480986190636 0.0008549999911338091
v -2.946920885184748 0.5125480986190636 -0.0007479999912902713
v -2.946920885184748 0.5125480986190636 0.0008549999911338091
v -2.949089540580256 0.5125480986190636 -0.0007479999912902713
v -2.949089540580256 0.5125480986190636 0.0008549999911338091
v -1.4130537048373055 0.5242381191802818 0.04044799879193306
v -1.4034316674265694 0.5186411238265831 0.012365000322461128
v -1.4054837361368966 0.5186411238265831 0.012365000322461128
v -1.4034316674265694 0.5186411238265831 0.012365000322461128
v -1.4130537048373055 0.5242381191802818 0.04044799879193306
v -1.3958616987261605 0.5242381191802818 0.04044799879193306
v -1.4130537048373055 0.5242381191802818 -0.04033999890089035
v -1.4034316674265694 0.5186411238265831 -0.012257999740540981
v -1.3958616987261605 0.5242381191802818 -0.04033999890089035
v -1.4034316674265694 0.5186411238265831 -0.012257999740540981
v -1.4130537048373055 0.5242381191802818 -0.04033999890089035
v -1.4054837361368966 0.5186411238265831 -0.012257999740540981
v -2.919010652640803 0.46677912240751573 0.059960998594760895
v -2.919010652640803 0.46677912240751573 -0.05985400080680847
v -2.9775476590189767 0.46677912240751573 -0.05985400080680847
v -2.9775476590189767 0.46677912240751573 -0.05985400080680847
v -2.9775476590189767 0.46677912240751573 0.059960998594760895
v -2.919010652640803 0.46677912240751573 0.059960998594760895
v -1.3757047191653085 0.4626970983100731 0.059960998594760895
v -1.3757047191653085 0.4626970983100731 -0.05985400080680847
v -1.4342416659388375 0.4626970983100731 -0.05985400080680847
v -1.4342416659388375 0.4626970983100731 -0.05985400080680847
v -1.4342416659388375 0.4626970983100731 0.059960998594760895
v -1.3757047191653085 0.4626970983100731 0.059960998594760895
v -2.9937267437968087 0.27869612937696764 -0.0453060008585453
v -2.5514297619852853 0.31292111640699694 -0.0453060008585453
v -2.9937267437968087 0.27869612937696764 -0.08414699882268906
v -2.5514297619852853 0.31292111640699694 -0.08414699882268906
v -2.9937267437968087 0.27869612937696764 -0.08414699882268906
v -2.5514297619852853 0.31292111640699694 -0.0453060008585453
v -2.9937267437968087 0.27869612937696764 0.08401499688625336
v -2.5514297619852853 0.31292111640699694 0.08401499688625336
v -2.9937267437968087 0.27869612937696764 0.045173998922109604
v -2.5514297619852853 0.31292111640699694 0.045173998922109604
v -2.9937267437968087 0.27869612937696764 0.045173998922109604
v -2.5514297619852853 0.31292111640699694 0.08401499688625336
v -1.3757047191653085 0.4626970983100731 -0.05985400080680847
v -1.3757047191653085 0.0737721270871956 0.059960998594760895
v -1.3757047191653085 0.0737721270871956 -0.05985400080680847
v -1.3757047191653085 0.0737721270871956 0.059960998594760895
v -1.3757047191653085 0.4626970983100731 -0.05985400080680847
v -1.3757047191653085 0.4626970983100731 0.059960998594760895
v -1.3817566767725777 0.45898110633619615 -0.05624699965119362
v -1.3817566767725777 0.6148971415115196 -0.05624699965119362
v -1.3817566767725777 0.5909811354232628 -0.03648899868130684
v -1.3817566767725777 0.45898110633619615 -0.05624699965119362
v -1.3817566767725777 0.5909811354232628 -0.03648899868130684
v -1.3817566767725777 0.45898110633619615 -0.03648899868130684
v -1.3817566767725777 0.6148971415115196 -0.05624699965119362
v -1.3817566767725777 0.5909811354232628 0.03659600019454956
v -1.3817566767725777 0.5909811354232628 -0.03648899868130684
v -1.3817566767725777 0.6148971415115196 -0.05624699965119362
v -1.3817566767725777 0.6148971415115196 0.05635400116443634
v -1.3817566767725777 0.5909811354232628 0.03659600019454956
v -1.3817566767725777 0.6148971415115196 0.05635400116443634
v -1.3817566767725777 0.45898110633619615 0.05635400116443634
v -1.3817566767725777 0.5909811354232628 0.03659600019454956
v -1.3817566767725777 0.45898110633619615 0.03659600019454956
v -1.3817566767725777 0.5909811354232628 0.03659600019454956
v -1.3817566767725777 0.45898110633619615 0.05635400116443634
v -1.3958616987261605 0.5242381191802818 0.04044799879193306
v -1.4034316674265694 0.5171231127334435 0.012365000322461128
v -1.4034316674265694 0.5186411238265831 0.012365000322461128
v -1.4034316674265694 0.5171231127334435 0.012365000322461128
v -1.3958616987261605 0.5242381191802818 0.04044799879193306
v -1.3958616987261605 0.5115261173797447 0.04044799879193306
v -1.3958616987261605 0.5242381191802818 -0.04033999890089035
v -1.4034316674265694 0.5171231127334435 -0.012257999740540981
v -1.3958616987261605 0.5115261173797447 -0.04033999890089035
v -1.4034316674265694 0.5171231127334435 -0.012257999740540981
v -1.3958616987261605 0.5242381191802818 -0.04033999890089035
v -1.4034316674265694 0.5186411238265831 -0.012257999740540981
v 0.32202933873798134 -0.3474178814338844 -2.636921760026759e-17
v 0.6818313464131522 -0.3474178814338844 -2.636921760026759e-17
v 0.6818313464131522 -0.2843518757270973 0.15225499868392944
v 0.32202933873798134 -0.2843518757270973 -0.15225499868392944
v 0.6818313464131522 -0.3474178814338844 -2.636921760026759e-17
v 0.32202933873798134 -0.3474178814338844 -2.636921760026759e-17
v 0.32202933873798134 -0.3474178814338844 -2.636921760026759e-17
v 0.6818313464131522 -0.2843518757270973 0.15225499868392944
v 0.32202933873798134 -0.2843518757270973 0.15225499868392944
v 0.32202933873798134 -0.2843518757270973 -0.15225499868392944
v 0.6818313464131522 -0.2843518757270973 -0.15225499868392944
v 0.6818313464131522 -0.3474178814338844 -2.636921760026759e-17
v 0.32202933873798134 -0.2843518757270973 0.15225499868392944
v 0.6818313464131522 -0.2843518757270973 0.15225499868392944
v 0.6818313464131522 -0.13209687704316786 0.21532100439071655
v 0.32202933873798134 -0.13209687704316786 -0.21532100439071655
v 0.6818313464131522 -0.2843518757270973 -0.15225499868392944
v 0.32202933873798134 -0.2843518757270973 -0.15225499868392944
v 0.32202933873798134 -0.2843518757270973 0.15225499868392944
v 0.6818313464131522 -0.13209687704316786 0.21532100439071655
v 0.32202933873798134 -0.13209687704316786 0.21532100439071655
v 0.32202933873798134 -0.13209687704316786 -0.21532100439071655
v 0.6818313464131522 -0.13209687704316786 -0.21532100439071655
v 0.6818313464131522 -0.2843518757270973 -0.15225499868392944
v 0.32202933873798134 -0.13209687704316786 0.21532100439071655
v 0.6818313464131522 -0.13209687704316786 0.21532100439071655
v 0.6818313464131522 0.020158121640761584 0.15225499868392944
v 0.32202933873798134 0.020158121640761584 -0.15225499868392944
v 0.6818313464131522 -0.13209687704316786 -0.21532100439071655
v 0.32202933873798134 -0.13209687704316786 -0.21532100439071655
v 0.32202933873798134 -0.13209687704316786 0.21532100439071655
v 0.6818313464131522 0.020158121640761584 0.15225499868392944
v 0.32202933873798134 0.020158121640761584 0.15225499868392944
v 0.32202933873798134 0.020158121640761584 -0.15225499868392944
v 0.6818313464131522 0.020158121640761584 -0.15225499868392944
v 0.6818313464131522 -0.13209687704316786 -0.21532100439071655
v 0.6818313464131522 0.0832241273475487 2.636921760026759e-17
v 0.32202933873798134 0.020158121640761584 0.15225499868392944
v 0.6818313464131522 0.020158121640761584 0.15225499868392944
v 0.32202933873798134 0.0832241273475487 2.636921760026759e-17
v 0.6818313464131522 0.020158121640761584 -0.15225499868392944
v 0.32202933873798134 0.020158121640761584 -0.15225499868392944
v 0.32202933873798134 0.020158121640761584 0.15225499868392944
v 0.6818313464131522 0.0832241273475487 2.636921760026759e-17
v 0.32202933873798134 0.0832241273475487 2.636921760026759e-17
v 0.6818313464131522 0.020158121640761584 -0.15225499868392944
v 0.32202933873798134 0.0832241273475487 2.636921760026759e-17
v 0.6818313464131522 0.0832241273475487 2.636921760026759e-17
v -2.3686506882700753 -0.23209687108270338 -0.11564400047063828
v -1.8386507168803048 -0.5312569045471351 -0.11564400047063828
v -2.208651675322993 -0.5312569045471351 -0.11564400047063828
v -1.8386507168803048 -0.5312569045471351 -0.11564400047063828
v -2.3686506882700753 -0.23209687108270338 -0.11564400047063828
v -1.678650690654261 -0.23209687108270338 -0.11564400047063828
v -1.8386507168803048 -0.5312569045471351 -0.11564400047063828
v -2.1572506562266183 -0.5620968841957252 -0.11564400047063828
v -2.208651675322993 -0.5312569045471351 -0.11564400047063828
v -2.1572506562266183 -0.5620968841957252 -0.11564400047063828
v -1.8386507168803048 -0.5312569045471351 -0.11564400047063828
v -1.8900517359766793 -0.5620968841957252 -0.11564400047063828
v -1.8386507168803048 -0.5312569045471351 0.11564400047063828
v -2.208651675322993 -0.5312569045471351 0.11564400047063828
v -2.1572506562266183 -0.5620968841957252 0.11564400047063828
v -1.8386507168803048 -0.5312569045471351 0.11564400047063828
v -2.1572506562266183 -0.5620968841957252 0.11564400047063828
v -1.8900517359766793 -0.5620968841957252 0.11564400047063828
v -2.208651675322993 -0.5312569045471351 0.11564400047063828
v -1.8386507168803048 -0.5312569045471351 0.11564400047063828
v -2.3686506882700753 -0.23209687108270338 0.11564400047063828
v -2.3686506882700753 -0.23209687108270338 0.11564400047063828
v -1.8386507168803048 -0.5312569045471351 0.11564400047063828
v -1.678650690654261 -0.23209687108270338 0.11564400047063828
v -1.2381516829523873 -0.23209687108270338 -0.11564400047063828
v -0.8091507092509103 -0.23209687108270338 -0.11564400047063828
v -0.910051716903193 -0.5620968841957252 -0.11564400047063828
v -0.910051716903193 -0.5620968841957252 -0.11564400047063828
v -0.8091507092509103 -0.23209687108270338 -0.11564400047063828
v -0.8586506978068185 -0.5312569045471351 -0.11564400047063828
v -1.1372507349047494 -0.5620968841957252 -0.11564400047063828
v -1.2381516829523873 -0.23209687108270338 -0.11564400047063828
v -0.910051716903193 -0.5620968841957252 -0.11564400047063828
v -1.2381516829523873 -0.23209687108270338 -0.11564400047063828
v -1.1372507349047494 -0.5620968841957252 -0.11564400047063828
v -1.188650681117518 -0.5312569045471351 -0.11564400047063828
v -0.8091507092509103 -0.23209687108270338 0.11564400047063828
v -0.910051716903193 -0.5620968841957252 0.11564400047063828
v -0.8586506978068185 -0.5312569045471351 0.11564400047063828
v -1.2381516829523873 -0.23209687108270338 0.11564400047063828
v -0.910051716903193 -0.5620968841957252 0.11564400047063828
v -0.8091507092509103 -0.23209687108270338 0.11564400047063828
v -0.910051716903193 -0.5620968841957252 0.11564400047063828
v -1.2381516829523873 -0.23209687108270338 0.11564400047063828
v -1.1372507349047494 -0.5620968841957252 0.11564400047063828
v -1.2381516829523873 -0.23209687108270338 0.11564400047063828
v -1.188650681117518 -0.5312569045471351 0.11564400047063828
v -1.1372507349047494 -0.5620968841957252 0.11564400047063828
v -2.5514297619852853 0.18268413310774156 -0.0453060008585453
v -2.9937267437968087 0.18268413310774156 0.045173998922109604
v -2.5514297619852853 0.18268413310774156 0.045173998922109604
v -2.9937267437968087 0.18268413310774156 0.045173998922109604
v -2.5514297619852853 0.18268413310774156 -0.0453060008585453
v -2.993727697471125 0.18268413310774156 -0.0453060008585453
v -2.8420326844248605 0.27257511978872606 -0.08414699882268906
v -2.70556880388592 0.25710512166746446 -0.08414699882268906
v -2.826563848594172 0.25710512166746446 -0.08414699882268906
v -2.70556880388592 0.25710512166746446 -0.08414699882268906
v -2.8420326844248605 0.27257511978872606 -0.08414699882268906
v -2.690098775962336 0.27257511978872606 -0.08414699882268906
v -2.7112317219767403 0.2359721160484154 -0.08414699882268906
v -2.826563848594172 0.25710512166746446 -0.08414699882268906
v -2.70556880388592 0.25710512166746446 -0.08414699882268906
v -2.8420326844248605 0.27257511978872606 -0.08414699882268906
v -2.668966783622248 0.27823711400755236 -0.08414699882268906
v -2.690098775962336 0.27257511978872606 -0.08414699882268906
v -2.826563848594172 0.25710512166746446 -0.08414699882268906
v -2.7112317219767403 0.2359721160484154 -0.08414699882268906
v -2.8209006920847726 0.2359721160484154 -0.08414699882268906
v -2.7112317219767403 0.2359721160484154 -0.08414699882268906
v -2.826563848594172 0.2148401237083275 -0.08414699882268906
v -2.8209006920847726 0.2359721160484154 -0.08414699882268906
v -2.826563848594172 0.2148401237083275 -0.08414699882268906
v -2.7112317219767403 0.2359721160484154 -0.08414699882268906
v -2.70556880388592 0.2148401237083275 -0.08414699882268906
v -2.668966783622248 0.27823711400755236 -0.08414699882268906
v -2.8420326844248605 0.27257511978872606 -0.08414699882268906
v -2.863165868857844 0.27823711400755236 -0.08414699882268906
v -2.70556880388592 0.2148401237083275 -0.08414699882268906
v -2.8420326844248605 0.1993701255870659 -0.08414699882268906
v -2.826563848594172 0.2148401237083275 -0.08414699882268906
v -2.8420326844248605 0.1993701255870659 -0.08414699882268906
v -2.70556880388592 0.2148401237083275 -0.08414699882268906
v -2.690098775962336 0.1993701255870659 -0.08414699882268906
v -2.5514297619852853 0.09785311883219072 -0.08414699882268906
v -2.8420326844248605 0.1993701255870659 -0.08414699882268906
v -2.690098775962336 0.1993701255870659 -0.08414699882268906
v -2.5514297619852853 0.09785311883219072 -0.08414699882268906
v -2.690098775962336 0.1993701255870659 -0.08414699882268906
v -2.668966783622248 0.1937081313682396 -0.08414699882268906
v -2.6478337183985543 0.1993701255870659 -0.08414699882268906
v -2.5514297619852853 0.09785311883219072 -0.08414699882268906
v -2.668966783622248 0.1937081313682396 -0.08414699882268906
v -2.6323636904749703 0.2148401237083275 -0.08414699882268906
v -2.5514297619852853 0.09785311883219072 -0.08414699882268906
v -2.6478337183985543 0.1993701255870659 -0.08414699882268906
v -2.6267017260584664 0.2359721160484154 -0.08414699882268906
v -2.5514297619852853 0.09785311883219072 -0.08414699882268906
v -2.6323636904749703 0.2148401237083275 -0.08414699882268906
v -2.9937267437968087 0.09785311883219072 -0.08414699882268906
v -2.8420326844248605 0.1993701255870659 -0.08414699882268906
v -2.5514297619852853 0.09785311883219072 -0.08414699882268906
v -2.8420326844248605 0.1993701255870659 -0.08414699882268906
v -2.9937267437968087 0.09785311883219072 -0.08414699882268906
v -2.863165868857844 0.1937081313682396 -0.08414699882268906
v -2.9937267437968087 0.09785311883219072 -0.08414699882268906
v -2.8842978611979317 0.1993701255870659 -0.08414699882268906
v -2.863165868857844 0.1937081313682396 -0.08414699882268906
v -2.8842978611979317 0.1993701255870659 -0.08414699882268906
v -2.9937267437968087 0.09785311883219072 -0.08414699882268906
v -2.8997676507029366 0.2148401237083275 -0.08414699882268906
v -2.9937267437968087 0.27869612937696764 -0.08414699882268906
v -2.8997676507029366 0.2148401237083275 -0.08414699882268906
v -2.9937267437968087 0.09785311883219072 -0.08414699882268906
v -2.5514297619852853 0.09785311883219072 -0.08414699882268906
v -2.6267017260584664 0.2359721160484154 -0.08414699882268906
v -2.5514297619852853 0.31292111640699694 -0.08414699882268906
v -2.8997676507029366 0.2148401237083275 -0.08414699882268906
v -2.9937267437968087 0.27869612937696764 -0.08414699882268906
v -2.905430807212336 0.2359721160484154 -0.08414699882268906
v -2.9937267437968087 0.27869612937696764 -0.08414699882268906
v -2.8997676507029366 0.25710512166746446 -0.08414699882268906
v -2.905430807212336 0.2359721160484154 -0.08414699882268906
v -2.9937267437968087 0.27869612937696764 -0.08414699882268906
v -2.8842978611979317 0.27257511978872606 -0.08414699882268906
v -2.8997676507029366 0.25710512166746446 -0.08414699882268906
v -2.9937267437968087 0.27869612937696764 -0.08414699882268906
v -2.863165868857844 0.27823711400755236 -0.08414699882268906
v -2.8842978611979317 0.27257511978872606 -0.08414699882268906
v -2.5514297619852853 0.31292111640699694 -0.08414699882268906
v -2.863165868857844 0.27823711400755236 -0.08414699882268906
v -2.9937267437968087 0.27869612937696764 -0.08414699882268906
v -2.5514297619852853 0.31292111640699694 -0.08414699882268906
v -2.6267017260584664 0.2359721160484154 -0.08414699882268906
v -2.6323636904749703 0.25710512166746446 -0.08414699882268906
v -2.863165868857844 0.27823711400755236 -0.08414699882268906
v -2.5514297619852853 0.31292111640699694 -0.08414699882268906
v -2.668966783622248 0.27823711400755236 -0.08414699882268906
v -2.6478337183985543 0.27257511978872606 -0.08414699882268906
v -2.5514297619852853 0.31292111640699694 -0.08414699882268906
v -2.6323636904749703 0.25710512166746446 -0.08414699882268906
v -2.668966783622248 0.27823711400755236 -0.08414699882268906
v -2.5514297619852853 0.31292111640699694 -0.08414699882268906
v -2.6478337183985543 0.27257511978872606 -0.08414699882268906
v -2.5514297619852853 0.31292111640699694 0.08401499688625336
v -2.6267017260584664 0.2359721160484154 0.08401499688625336
v -2.5514297619852853 0.09785311883219072 0.08401499688625336
v -2.6267017260584664 0.2359721160484154 0.08401499688625336
v -2.5514297619852853 0.31292111640699694 0.08401499688625336
v -2.6323636904749703 0.25710512166746446 0.08401499688625336
v -2.5514297619852853 0.31292111640699694 0.08401499688625336
v -2.6478337183985543 0.27257511978872606 0.08401499688625336
v -2.6323636904749703 0.25710512166746446 0.08401499688625336
v -2.5514297619852853 0.09785311883219072 0.08401499688625336
v -2.6267017260584664 0.2359721160484154 0.08401499688625336
v -2.6323636904749703 0.2148401237083275 0.08401499688625336
v -2.6478337183985543 0.27257511978872606 0.08401499688625336
v -2.5514297619852853 0.31292111640699694 0.08401499688625336
v -2.668966783622248 0.27823711400755236 0.08401499688625336
v -2.5514297619852853 0.09785311883219072 0.08401499688625336
v -2.6323636904749703 0.2148401237083275 0.08401499688625336
v -2.6478337183985543 0.1993701255870659 0.08401499688625336
v -2.668966783622248 0.1937081313682396 0.08401499688625336
v -2.5514297619852853 0.09785311883219072 0.08401499688625336
v -2.6478337183985543 0.1993701255870659 0.08401499688625336
v -2.690098775962336 0.1993701255870659 0.08401499688625336
v -2.5514297619852853 0.09785311883219072 0.08401499688625336
v -2.668966783622248 0.1937081313682396 0.08401499688625336
v -2.863165868857844 0.27823711400755236 0.08401499688625336
v -2.668966783622248 0.27823711400755236 0.08401499688625336
v -2.5514297619852853 0.31292111640699694 0.08401499688625336
v -2.5514297619852853 0.09785311883219072 0.08401499688625336
v -2.690098775962336 0.1993701255870659 0.08401499688625336
v -2.8420326844248605 0.1993701255870659 0.08401499688625336
v -2.70556880388592 0.2148401237083275 0.08401499688625336
v -2.8420326844248605 0.1993701255870659 0.08401499688625336
v -2.690098775962336 0.1993701255870659 0.08401499688625336
v -2.5514297619852853 0.09785311883219072 0.08401499688625336
v -2.8420326844248605 0.1993701255870659 0.08401499688625336
v -2.9937267437968087 0.09785311883219072 0.08401499688625336
v -2.8420326844248605 0.1993701255870659 0.08401499688625336
v -2.70556880388592 0.2148401237083275 0.08401499688625336
v -2.826563848594172 0.2148401237083275 0.08401499688625336
v -2.7112317219767403 0.2359721160484154 0.08401499688625336
v -2.826563848594172 0.2148401237083275 0.08401499688625336
v -2.70556880388592 0.2148401237083275 0.08401499688625336
v -2.9937267437968087 0.09785311883219072 0.08401499688625336
v -2.8420326844248605 0.1993701255870659 0.08401499688625336
v -2.863165868857844 0.1937081313682396 0.08401499688625336
v -2.826563848594172 0.2148401237083275 0.08401499688625336
v -2.7112317219767403 0.2359721160484154 0.08401499688625336
v -2.8209006920847726 0.2359721160484154 0.08401499688625336
v -2.9937267437968087 0.09785311883219072 0.08401499688625336
v -2.863165868857844 0.1937081313682396 0.08401499688625336
v -2.8842978611979317 0.1993701255870659 0.08401499688625336
v -2.70556880388592 0.25710512166746446 0.08401499688625336
v -2.8209006920847726 0.2359721160484154 0.08401499688625336
v -2.7112317219767403 0.2359721160484154 0.08401499688625336
v -2.8997676507029366 0.2148401237083275 0.08401499688625336
v -2.9937267437968087 0.09785311883219072 0.08401499688625336
v -2.8842978611979317 0.1993701255870659 0.08401499688625336
v -2.8209006920847726 0.2359721160484154 0.08401499688625336
v -2.70556880388592 0.25710512166746446 0.08401499688625336
v -2.826563848594172 0.25710512166746446 0.08401499688625336
v -2.70556880388592 0.25710512166746446 0.08401499688625336
v -2.8420326844248605 0.27257511978872606 0.08401499688625336
v -2.826563848594172 0.25710512166746446 0.08401499688625336
v -2.8420326844248605 0.27257511978872606 0.08401499688625336
v -2.70556880388592 0.25710512166746446 0.08401499688625336
v -2.690098775962336 0.27257511978872606 0.08401499688625336
v -2.668966783622248 0.27823711400755236 0.08401499688625336
v -2.8420326844248605 0.27257511978872606 0.08401499688625336
v -2.690098775962336 0.27257511978872606 0.08401499688625336
v -2.668966783622248 0.27823711400755236 0.08401499688625336
v -2.863165868857844 0.27823711400755236 0.08401499688625336
v -2.8420326844248605 0.27257511978872606 0.08401499688625336
v -2.9937267437968087 0.09785311883219072 0.08401499688625336
v -2.8997676507029366 0.2148401237083275 0.08401499688625336
v -2.9937267437968087 0.27869612937696764 0.08401499688625336
v -2.5514297619852853 0.31292111640699694 0.08401499688625336
v -2.9937267437968087 0.27869612937696764 0.08401499688625336
v -2.863165868857844 0.27823711400755236 0.08401499688625336
v -2.9937267437968087 0.27869612937696764 0.08401499688625336
v -2.8997676507029366 0.2148401237083275 0.08401499688625336
v -2.905430807212336 0.2359721160484154 0.08401499688625336
v -2.863165868857844 0.27823711400755236 0.08401499688625336
v -2.9937267437968087 0.27869612937696764 0.08401499688625336
v -2.8842978611979317 0.27257511978872606 0.08401499688625336
v -2.905430807212336 0.2359721160484154 0.08401499688625336
v -2.8997676507029366 0.25710512166746446 0.08401499688625336
v -2.9937267437968087 0.27869612937696764 0.08401499688625336
v -2.9937267437968087 0.27869612937696764 0.08401499688625336
v -2.8997676507029366 0.25710512166746446 0.08401499688625336
v -2.8842978611979317 0.27257511978872606 0.08401499688625336
v -2.949089540580256 0.5125480986190636 0.0008549999911338091
v -2.9622557297739815 0.46048713689573595 0.010591000318527222
v -2.9337546959910226 0.46048713689573595 0.010591000318527222
v -2.9337546959910226 0.46048713689573595 0.010591000318527222
v -2.946920885184748 0.5125480986190636 0.0008549999911338091
v -2.949089540580256 0.5125480986190636 0.0008549999911338091
v -1.6503557101282906 -0.26755087608567885 -0.135453999042511
v -2.397840751746638 -0.13209687704316786 -0.19156000018119812
v -1.6503557101282906 -0.13209687704316786 -0.19156000018119812
v -1.6503557101282906 -0.13209687704316786 -0.19156000018119812
v -2.397840751746638 -0.13209687704316786 -0.19156000018119812
v -1.6503557101282906 0.0033571219993431267 -0.135453999042511
v -2.397840751746638 -0.13209687704316786 -0.19156000018119812
v -1.6503557101282906 -0.26755087608567885 -0.135453999042511
v -2.397841705420954 -0.26755087608567885 -0.135453999042511
v -2.397841705420954 0.0033571219993431267 -0.135453999042511
v -1.6503557101282906 0.0033571219993431267 -0.135453999042511
v -2.397840751746638 -0.13209687704316786 -0.19156000018119812
v -2.397841705420954 -0.26755087608567885 -0.135453999042511
v -1.6503557101282906 -0.26755087608567885 -0.135453999042511
v -2.397841705420954 -0.323656877224366 -2.345933351728772e-17
v -2.397840751746638 0.05946312313803026 2.345933351728772e-17
v -1.6503557101282906 0.0033571219993431267 -0.135453999042511
v -2.397841705420954 0.0033571219993431267 -0.135453999042511
v -1.6503557101282906 -0.323656877224366 -2.345933351728772e-17
v -2.397841705420954 -0.323656877224366 -2.345933351728772e-17
v -1.6503557101282906 -0.26755087608567885 -0.135453999042511
v -1.6503557101282906 0.0033571219993431267 -0.135453999042511
v -2.397840751746638 0.05946312313803026 2.345933351728772e-17
v -1.6503557101282906 0.05946312313803026 2.345933351728772e-17
v -2.397841705420954 -0.323656877224366 -2.345933351728772e-17
v -1.6503557101282906 -0.323656877224366 -2.345933351728772e-17
v -2.397840751746638 -0.26755087608567885 0.135453999042511
v -2.397840751746638 0.05946312313803026 2.345933351728772e-17
v -1.6503557101282906 0.0033571219993431267 0.135453999042511
v -1.6503557101282906 0.05946312313803026 2.345933351728772e-17
v -1.6503557101282906 -0.26755087608567885 0.135453999042511
v -2.397840751746638 -0.26755087608567885 0.135453999042511
v -1.6503557101282906 -0.323656877224366 -2.345933351728772e-17
v -1.6503557101282906 0.0033571219993431267 0.135453999042511
v -2.397840751746638 0.05946312313803026 2.345933351728772e-17
v -2.397841705420954 0.0033571219993431267 0.135453999042511
v -2.397840751746638 -0.26755087608567885 0.135453999042511
v -1.6503557101282906 -0.26755087608567885 0.135453999042511
v -2.397840751746638 -0.13209687704316786 0.19156000018119812
v -2.397840751746638 -0.13209687704316786 0.19156000018119812
v -1.6503557101282906 0.0033571219993431267 0.135453999042511
v -2.397841705420954 0.0033571219993431267 0.135453999042511
v -1.6503557101282906 -0.13209687704316786 0.19156000018119812
v -2.397840751746638 -0.13209687704316786 0.19156000018119812
v -1.6503557101282906 -0.26755087608567885 0.135453999042511
v -1.6503557101282906 0.0033571219993431267 0.135453999042511
v -2.397840751746638 -0.13209687704316786 0.19156000018119812
v -1.6503557101282906 -0.13209687704316786 0.19156000018119812
v -2.9622557297739815 0.46048713689573595 -0.010483999736607075
v -2.946920885184748 0.5125480986190636 -0.0007479999912902713
v -2.9337546959910226 0.46048713689573595 -0.010483999736607075
v -2.946920885184748 0.5125480986190636 -0.0007479999912902713
v -2.9622557297739815 0.46048713689573595 -0.010483999736607075
v -2.949089540580256 0.5125480986190636 -0.0007479999912902713
v -1.3757047191653085 0.4626970983100731 -0.05985400080680847
v -1.3757047191653085 0.0737721270871956 -0.05985400080680847
v -1.4342416659388375 0.4626970983100731 -0.05985400080680847
v -1.4342416659388375 0.4626970983100731 -0.05985400080680847
v -1.3757047191653085 0.0737721270871956 -0.05985400080680847
v -1.4342416659388375 0.0737721270871956 -0.05985400080680847
v -1.3757047191653085 0.0737721270871956 0.059960998594760895
v -1.3757047191653085 0.4626970983100731 0.059960998594760895
v -1.4342416659388375 0.0737721270871956 0.059960998594760895
v -1.4342416659388375 0.0737721270871956 0.059960998594760895
v -1.3757047191653085 0.4626970983100731 0.059960998594760895
v -1.4342416659388375 0.4626970983100731 0.059960998594760895
v -2.919010652640803 0.46677912240751573 -0.05985400080680847
v -2.919010652640803 0.17931411629446337 -0.05985400080680847
v -2.9775476590189767 0.46677912240751573 -0.05985400080680847
v -2.9775476590189767 0.46677912240751573 -0.05985400080680847
v -2.919010652640803 0.17931411629446337 -0.05985400080680847
v -2.9775476590189767 0.17931411629446337 -0.05985400080680847
v -2.919010652640803 0.17931411629446337 0.059960998594760895
v -2.919010652640803 0.46677912240751573 0.059960998594760895
v -2.9775476590189767 0.17931411629446337 0.059960998594760895
v -2.9775476590189767 0.17931411629446337 0.059960998594760895
v -2.919010652640803 0.46677912240751573 0.059960998594760895
v -2.9775476590189767 0.46677912240751573 0.059960998594760895
v -1.3817566767725777 0.6148971415115196 -0.05624699965119362
v -1.3817566767725777 0.45898110633619615 -0.05624699965119362
v -1.4281897083315682 0.6148971415115196 -0.05624699965119362
v -1.4281897083315682 0.6148971415115196 -0.05624699965119362
v -1.3817566767725777 0.45898110633619615 -0.05624699965119362
v -1.4281897083315682 0.45898110633619615 -0.05624699965119362
v -1.3817566767725777 0.45898110633619615 0.05635400116443634
v -1.3817566767725777 0.6148971415115196 0.05635400116443634
v -1.4281897083315682 0.45898110633619615 0.05635400116443634
v -1.4281897083315682 0.45898110633619615 0.05635400116443634
v -1.3817566767725777 0.6148971415115196 0.05635400116443634
v -1.4281897083315682 0.6148971415115196 0.05635400116443634
v -2.9250056878123116 0.6189781523300011 -0.05624699965119362
v -2.9250056878123116 0.4630621171546776 -0.05624699965119362
v -2.9714386597666573 0.6189781523300011 -0.05624699965119362
v -2.9714386597666573 0.6189781523300011 -0.05624699965119362
v -2.9250056878123116 0.4630621171546776 -0.05624699965119362
v -2.9714386597666573 0.4630621171546776 -0.05624699965119362
v -2.9250056878123116 0.4630621171546776 0.05635400116443634
v -2.9250056878123116 0.6189781523300011 0.05635400116443634
v -2.9714386597666573 0.4630621171546776 0.05635400116443634
v -2.9714386597666573 0.4630621171546776 0.05635400116443634
v -2.9250056878123116 0.6189781523300011 0.05635400116443634
v -2.9714386597666573 0.6189781523300011 0.05635400116443634
v -1.6672877207789254 -0.2661888801502388 -1.6421533627537527e-17
v -1.6672877207789254 -0.13209687704316786 0.13409200310707092
v -1.6672877207789254 -0.13209687704316786 -0.13409200310707092
v -1.6672877207789254 -0.13209687704316786 0.13409200310707092
v -1.6672877207789254 -0.2661888801502388 -1.6421533627537527e-17
v -1.6672877207789254 -0.22691387469045332 0.09481800347566605
v -1.6672877207789254 -0.2661888801502388 -1.6421533627537527e-17
v -1.6672877207789254 -0.13209687704316786 -0.13409200310707092
v -1.6672877207789254 -0.22691387469045332 -0.09481800347566605
v -1.6672877207789254 -0.13209687704316786 0.13409200310707092
v -1.6672877207789254 0.0019951260639030632 1.6421533627537527e-17
v -1.6672877207789254 -0.13209687704316786 -0.13409200310707092
v -1.6672877207789254 -0.13209687704316786 -0.13409200310707092
v -1.6672877207789254 0.0019951260639030632 1.6421533627537527e-17
v -1.6672877207789254 -0.03727887356750181 -0.09481800347566605
v -1.6672877207789254 0.0019951260639030632 1.6421533627537527e-17
v -1.6672877207789254 -0.13209687704316786 0.13409200310707092
v -1.6672877207789254 -0.03727887356750181 0.09481800347566605
v -2.4753496781382394 -0.3271498584198158 0.19505299627780914
v -3.03545857820843 -0.3271498584198158 0.19505299627780914
v -2.4753496781382394 -0.40794386500589064 -3.3781513586183815e-17
v -3.03545857820843 -0.40794386500589064 -3.3781513586183815e-17
v -2.4753496781382394 -0.40794386500589064 -3.3781513586183815e-17
v -3.03545857820843 -0.3271498584198158 0.19505299627780914
v -3.03545857820843 -0.3271498584198158 0.19505299627780914
v -2.4753496781382394 -0.3271498584198158 0.19505299627780914
v -3.03545857820843 -0.13209687704316786 0.2758469879627228
v -2.4753496781382394 -0.40794386500589064 -3.3781513586183815e-17
v -3.03545857820843 -0.40794386500589064 -3.3781513586183815e-17
v -2.4753496781382394 -0.3271498584198158 -0.19505299627780914
v -2.4753496781382394 -0.13209687704316786 0.2758469879627228
v -3.03545857820843 -0.13209687704316786 0.2758469879627228
v -2.4753496781382394 -0.3271498584198158 0.19505299627780914
v -3.03545857820843 -0.3271498584198158 -0.19505299627780914
v -2.4753496781382394 -0.3271498584198158 -0.19505299627780914
v -3.03545857820843 -0.40794386500589064 -3.3781513586183815e-17
v -3.03545857820843 -0.13209687704316786 0.2758469879627228
v -2.4753496781382394 -0.13209687704316786 0.2758469879627228
v -3.03545857820843 0.06295611923464128 0.19505299627780914
v -3.03545857820843 -0.13209687704316786 -0.2758469879627228
v -2.4753496781382394 -0.3271498584198158 -0.19505299627780914
v -3.03545857820843 -0.3271498584198158 -0.19505299627780914
v -2.4753496781382394 0.06295611923464128 0.19505299627780914
v -3.03545857820843 0.06295611923464128 0.19505299627780914
v -2.4753496781382394 -0.13209687704316786 0.2758469879627228
v -2.4753496781382394 -0.3271498584198158 -0.19505299627780914
v -3.03545857820843 -0.13209687704316786 -0.2758469879627228
v -2.475348724463923 -0.13209687704316786 -0.2758469879627228
v -2.4753496781382394 0.06295611923464128 0.19505299627780914
v -3.03545857820843 0.14375011091955492 3.3781513586183815e-17
v -3.03545857820843 0.06295611923464128 0.19505299627780914
v -2.475348724463923 -0.13209687704316786 -0.2758469879627228
v -3.03545857820843 -0.13209687704316786 -0.2758469879627228
v -2.4753496781382394 0.06295611923464128 -0.19505299627780914
v -3.03545857820843 0.14375011091955492 3.3781513586183815e-17
v -2.4753496781382394 0.06295611923464128 0.19505299627780914
v -2.4753496781382394 0.14375011091955492 3.3781513586183815e-17
v -3.03545857820843 0.06295611923464128 -0.19505299627780914
v -2.4753496781382394 0.06295611923464128 -0.19505299627780914
v -3.03545857820843 -0.13209687704316786 -0.2758469879627228
v -2.4753496781382394 0.14375011091955492 3.3781513586183815e-17
v -3.03545857820843 0.06295611923464128 -0.19505299627780914
v -3.03545857820843 0.14375011091955492 3.3781513586183815e-17
v -3.03545857820843 0.06295611923464128 -0.19505299627780914
v -2.4753496781382394 0.14375011091955492 3.3781513586183815e-17
v -2.4753496781382394 0.06295611923464128 -0.19505299627780914
v -3.2672877446207833 -0.323656877224366 -2.345933351728772e-17
v -3.112968696692927 -0.323656877224366 -2.345933351728772e-17
v -3.2672877446207833 -0.26755087608567885 0.135453999042511
v -3.112968696692927 -0.323656877224366 -2.345933351728772e-17
v -3.112968696692927 -0.26755087608567885 0.135453999042511
v -3.2672877446207833 -0.26755087608567885 0.135453999042511
v -3.112968696692927 -0.26755087608567885 -0.135453999042511
v -3.112968696692927 -0.323656877224366 -2.345933351728772e-17
v -3.2672877446207833 -0.323656877224366 -2.345933351728772e-17
v -3.2672877446207833 -0.26755087608567885 0.135453999042511
v -3.112968696692927 -0.26755087608567885 0.135453999042511
v -3.2672877446207833 -0.13209687704316786 0.19156000018119812
v -3.2672877446207833 -0.26755087608567885 -0.135453999042511
v -3.112968696692927 -0.26755087608567885 -0.135453999042511
v -3.2672877446207833 -0.323656877224366 -2.345933351728772e-17
v -3.112968696692927 -0.26755087608567885 0.135453999042511
v -3.112968696692927 -0.13209687704316786 0.19156000018119812
v -3.2672877446207833 -0.13209687704316786 0.19156000018119812
v -3.112968696692927 -0.13209687704316786 -0.19156000018119812
v -3.112968696692927 -0.26755087608567885 -0.135453999042511
v -3.2672877446207833 -0.26755087608567885 -0.135453999042511
v -3.2672877446207833 -0.13209687704316786 0.19156000018119812
v -3.112968696692927 -0.13209687704316786 0.19156000018119812
v -3.2672877446207833 0.0033571219993431267 0.135453999042511
v -3.2672877446207833 -0.13209687704316786 -0.19156000018119812
v -3.112968696692927 -0.13209687704316786 -0.19156000018119812
v -3.2672877446207833 -0.26755087608567885 -0.135453999042511
v -3.112968696692927 -0.13209687704316786 0.19156000018119812
v -3.112968696692927 0.0033571219993431267 0.135453999042511
v -3.2672877446207833 0.0033571219993431267 0.135453999042511
v -3.112968696692927 0.0033571219993431267 -0.135453999042511
v -3.112968696692927 -0.13209687704316786 -0.19156000018119812
v -3.2672877446207833 -0.13209687704316786 -0.19156000018119812
v -3.112968696692927 0.0033571219993431267 0.135453999042511
v -3.2672877446207833 0.05946312313803026 2.345933351728772e-17
v -3.2672877446207833 0.0033571219993431267 0.135453999042511
v -3.2672877446207833 0.0033571219993431267 -0.135453999042511
v -3.112968696692927 0.0033571219993431267 -0.135453999042511
v -3.2672877446207833 -0.13209687704316786 -0.19156000018119812
v -3.2672877446207833 0.05946312313803026 2.345933351728772e-17
v -3.112968696692927 0.0033571219993431267 0.135453999042511
v -3.112968696692927 0.05946312313803026 2.345933351728772e-17
v -3.2672877446207833 0.0033571219993431267 -0.135453999042511
v -3.112968696692927 0.05946312313803026 2.345933351728772e-17
v -3.112968696692927 0.0033571219993431267 -0.135453999042511
v -3.112968696692927 0.05946312313803026 2.345933351728772e-17
v -3.2672877446207833 0.0033571219993431267 -0.135453999042511
v -3.2672877446207833 0.05946312313803026 2.345933351728772e-17
v -1.4034316674265694 0.5186411238265831 0.012365000322461128
v -1.4054837361368966 0.5171231127334435 0.012365000322461128
v -1.4054837361368966 0.5186411238265831 0.012365000322461128
v -1.4054837361368966 0.5171231127334435 0.012365000322461128
v -1.4034316674265694 0.5186411238265831 0.012365000322461128
v -1.4034316674265694 0.5171231127334435 0.012365000322461128
v -1.4034316674265694 0.5171231127334435 -0.012257999740540981
v -1.4034316674265694 0.5186411238265831 -0.012257999740540981
v -1.4054837361368966 0.5171231127334435 -0.012257999740540981
v -1.4054837361368966 0.5171231127334435 -0.012257999740540981
v -1.4034316674265694 0.5186411238265831 -0.012257999740540981
v -1.4054837361368966 0.5186411238265831 -0.012257999740540981
v -1.4281897083315682 0.45898110633619615 0.03659600019454956
v -1.4281897083315682 0.5909811354232628 0.03659600019454956
v -1.3817566767725777 0.5909811354232628 0.03659600019454956
v -1.3817566767725777 0.5909811354232628 0.03659600019454956
v -1.3817566767725777 0.45898110633619615 0.03659600019454956
v -1.4281897083315682 0.45898110633619615 0.03659600019454956
v -1.4281897083315682 0.5909811354232628 -0.03648899868130684
v -1.4281897083315682 0.45898110633619615 -0.03648899868130684
v -1.3817566767725777 0.45898110633619615 -0.03648899868130684
v -1.3817566767725777 0.45898110633619615 -0.03648899868130684
v -1.3817566767725777 0.5909811354232628 -0.03648899868130684
v -1.4281897083315682 0.5909811354232628 -0.03648899868130684
v -2.9714386597666573 0.4630621171546776 0.03659600019454956
v -2.9714386597666573 0.5950630999160607 0.03659600019454956
v -2.9250056878123116 0.5950630999160607 0.03659600019454956
v -2.9250056878123116 0.5950630999160607 0.03659600019454956
v -2.9250056878123116 0.4630621171546776 0.03659600019454956
v -2.9714386597666573 0.4630621171546776 0.03659600019454956
v -2.9714386597666573 0.5950630999160607 -0.03648899868130684
v -2.9714386597666573 0.4630621171546776 -0.03648899868130684
v -2.9250056878123116 0.4630621171546776 -0.03648899868130684
v -2.9250056878123116 0.4630621171546776 -0.03648899868130684
v -2.9250056878123116 0.5950630999160607 -0.03648899868130684
v -2.9714386597666573 0.5950630999160607 -0.03648899868130684
v -2.5514297619852853 0.18268413310774156 -0.0453060008585453
v -2.6267017260584664 0.2359721160484154 -0.0453060008585453
v -2.6323636904749703 0.2148401237083275 -0.0453060008585453
v -2.6478337183985543 0.1993701255870659 -0.0453060008585453
v -2.5514297619852853 0.18268413310774156 -0.0453060008585453
v -2.6323636904749703 0.2148401237083275 -0.0453060008585453
v -2.668966783622248 0.1937081313682396 -0.0453060008585453
v -2.5514297619852853 0.18268413310774156 -0.0453060008585453
v -2.6478337183985543 0.1993701255870659 -0.0453060008585453
v -2.5514297619852853 0.31292111640699694 -0.0453060008585453
v -2.6267017260584664 0.2359721160484154 -0.0453060008585453
v -2.5514297619852853 0.18268413310774156 -0.0453060008585453
v -2.863165868857844 0.1937081313682396 -0.0453060008585453
v -2.5514297619852853 0.18268413310774156 -0.0453060008585453
v -2.668966783622248 0.1937081313682396 -0.0453060008585453
v -2.6267017260584664 0.2359721160484154 -0.0453060008585453
v -2.5514297619852853 0.31292111640699694 -0.0453060008585453
v -2.6323636904749703 0.25710512166746446 -0.0453060008585453
v -2.6478337183985543 0.27257511978872606 -0.0453060008585453
v -2.6323636904749703 0.25710512166746446 -0.0453060008585453
v -2.5514297619852853 0.31292111640699694 -0.0453060008585453
v -2.5514297619852853 0.31292111640699694 -0.0453060008585453
v -2.668966783622248 0.27823711400755236 -0.0453060008585453
v -2.6478337183985543 0.27257511978872606 -0.0453060008585453
v -2.863165868857844 0.1937081313682396 -0.0453060008585453
v -2.668966783622248 0.1937081313682396 -0.0453060008585453
v -2.8420326844248605 0.1993701255870659 -0.0453060008585453
v -2.8420326844248605 0.1993701255870659 -0.0453060008585453
v -2.668966783622248 0.1937081313682396 -0.0453060008585453
v -2.690098775962336 0.1993701255870659 -0.0453060008585453
v -2.70556880388592 0.2148401237083275 -0.0453060008585453
v -2.8420326844248605 0.1993701255870659 -0.0453060008585453
v -2.690098775962336 0.1993701255870659 -0.0453060008585453
v -2.8420326844248605 0.1993701255870659 -0.0453060008585453
v -2.70556880388592 0.2148401237083275 -0.0453060008585453
v -2.826563848594172 0.2148401237083275 -0.0453060008585453
v -2.826563848594172 0.2148401237083275 -0.0453060008585453
v -2.70556880388592 0.2148401237083275 -0.0453060008585453
v -2.8209006920847726 0.2359721160484154 -0.0453060008585453
v -2.7112317219767403 0.2359721160484154 -0.0453060008585453
v -2.8209006920847726 0.2359721160484154 -0.0453060008585453
v -2.70556880388592 0.2148401237083275 -0.0453060008585453
v -2.8209006920847726 0.2359721160484154 -0.0453060008585453
v -2.7112317219767403 0.2359721160484154 -0.0453060008585453
v -2.8211827412638497 0.237026134784301 -0.0453060008585453
v -2.70556880388592 0.25710512166746446 -0.0453060008585453
v -2.8211827412638497 0.237026134784301 -0.0453060008585453
v -2.7112317219767403 0.2359721160484154 -0.0453060008585453
v -2.8211827412638497 0.237026134784301 -0.0453060008585453
v -2.70556880388592 0.25710512166746446 -0.0453060008585453
v -2.826563848594172 0.25710512166746446 -0.0453060008585453
v -2.70556880388592 0.25710512166746446 -0.0453060008585453
v -2.8420326844248605 0.27257511978872606 -0.0453060008585453
v -2.826563848594172 0.25710512166746446 -0.0453060008585453
v -2.690098775962336 0.27257511978872606 -0.0453060008585453
v -2.8420326844248605 0.27257511978872606 -0.0453060008585453
v -2.70556880388592 0.25710512166746446 -0.0453060008585453
v -2.668966783622248 0.27823711400755236 -0.0453060008585453
v -2.8420326844248605 0.27257511978872606 -0.0453060008585453
v -2.690098775962336 0.27257511978872606 -0.0453060008585453
v -2.8420326844248605 0.27257511978872606 -0.0453060008585453
v -2.668966783622248 0.27823711400755236 -0.0453060008585453
v -2.863165868857844 0.27823711400755236 -0.0453060008585453
v -2.863165868857844 0.27823711400755236 -0.0453060008585453
v -2.668966783622248 0.27823711400755236 -0.0453060008585453
v -2.5514297619852853 0.31292111640699694 -0.0453060008585453
v -2.5514297619852853 0.31292111640699694 -0.0453060008585453
v -2.9937267437968087 0.27869612937696764 -0.0453060008585453
v -2.863165868857844 0.27823711400755236 -0.0453060008585453
v -2.863165868857844 0.27823711400755236 -0.0453060008585453
v -2.9937267437968087 0.27869612937696764 -0.0453060008585453
v -2.8842978611979317 0.27257511978872606 -0.0453060008585453
v -2.8842978611979317 0.27257511978872606 -0.0453060008585453
v -2.9937267437968087 0.27869612937696764 -0.0453060008585453
v -2.8997676507029366 0.25710512166746446 -0.0453060008585453
v -2.9937267437968087 0.27869612937696764 -0.0453060008585453
v -2.905430807212336 0.2359721160484154 -0.0453060008585453
v -2.8997676507029366 0.25710512166746446 -0.0453060008585453
v -2.993727697471125 0.18268413310774156 -0.0453060008585453
v -2.905430807212336 0.2359721160484154 -0.0453060008585453
v -2.9937267437968087 0.27869612937696764 -0.0453060008585453
v -2.905430807212336 0.2359721160484154 -0.0453060008585453
v -2.993727697471125 0.18268413310774156 -0.0453060008585453
v -2.8997676507029366 0.2148401237083275 -0.0453060008585453
v -2.8997676507029366 0.2148401237083275 -0.0453060008585453
v -2.993727697471125 0.18268413310774156 -0.0453060008585453
v -2.8842978611979317 0.1993701255870659 -0.0453060008585453
v -2.993727697471125 0.18268413310774156 -0.0453060008585453
v -2.863165868857844 0.1937081313682396 -0.0453060008585453
v -2.8842978611979317 0.1993701255870659 -0.0453060008585453
v -2.5514297619852853 0.18268413310774156 -0.0453060008585453
v -2.863165868857844 0.1937081313682396 -0.0453060008585453
v -2.993727697471125 0.18268413310774156 -0.0453060008585453
v -2.668966783622248 0.1937081313682396 0.045173998922109604
v -2.8420326844248605 0.1993701255870659 0.045173998922109604
v -2.690098775962336 0.1993701255870659 0.045173998922109604
v -2.8420326844248605 0.1993701255870659 0.045173998922109604
v -2.70556880388592 0.2148401237083275 0.045173998922109604
v -2.690098775962336 0.1993701255870659 0.045173998922109604
v -2.70556880388592 0.2148401237083275 0.045173998922109604
v -2.8420326844248605 0.1993701255870659 0.045173998922109604
v -2.826563848594172 0.2148401237083275 0.045173998922109604
v -2.8209006920847726 0.2359721160484154 0.045173998922109604
v -2.70556880388592 0.2148401237083275 0.045173998922109604
v -2.826563848594172 0.2148401237083275 0.045173998922109604
v -2.70556880388592 0.2148401237083275 0.045173998922109604
v -2.8209006920847726 0.2359721160484154 0.045173998922109604
v -2.7112317219767403 0.2359721160484154 0.045173998922109604
v -2.826563848594172 0.25710512166746446 0.045173998922109604
v -2.7112317219767403 0.2359721160484154 0.045173998922109604
v -2.8209006920847726 0.2359721160484154 0.045173998922109604
v -2.7112317219767403 0.2359721160484154 0.045173998922109604
v -2.826563848594172 0.25710512166746446 0.045173998922109604
v -2.70556880388592 0.25710512166746446 0.045173998922109604
v -2.8420326844248605 0.27257511978872606 0.045173998922109604
v -2.70556880388592 0.25710512166746446 0.045173998922109604
v -2.826563848594172 0.25710512166746446 0.045173998922109604
v -2.70556880388592 0.25710512166746446 0.045173998922109604
v -2.8420326844248605 0.27257511978872606 0.045173998922109604
v -2.690098775962336 0.27257511978872606 0.045173998922109604
v -2.8420326844248605 0.27257511978872606 0.045173998922109604
v -2.668966783622248 0.27823711400755236 0.045173998922109604
v -2.690098775962336 0.27257511978872606 0.045173998922109604
v -2.863165868857844 0.27823711400755236 0.045173998922109604
v -2.668966783622248 0.27823711400755236 0.045173998922109604
v -2.8420326844248605 0.27257511978872606 0.045173998922109604
v -2.668966783622248 0.1937081313682396 0.045173998922109604
v -2.863165868857844 0.1937081313682396 0.045173998922109604
v -2.8420326844248605 0.1993701255870659 0.045173998922109604
v -2.863165868857844 0.27823711400755236 0.045173998922109604
v -2.5514297619852853 0.31292111640699694 0.045173998922109604
v -2.668966783622248 0.27823711400755236 0.045173998922109604
v -2.668966783622248 0.27823711400755236 0.045173998922109604
v -2.5514297619852853 0.31292111640699694 0.045173998922109604
v -2.6478337183985543 0.27257511978872606 0.045173998922109604
v -2.5514297619852853 0.31292111640699694 0.045173998922109604
v -2.6323636904749703 0.25710512166746446 0.045173998922109604
v -2.6478337183985543 0.27257511978872606 0.045173998922109604
v -2.5514297619852853 0.31292111640699694 0.045173998922109604
v -2.6267017260584664 0.2359721160484154 0.045173998922109604
v -2.6323636904749703 0.25710512166746446 0.045173998922109604
v -2.5514297619852853 0.31292111640699694 0.045173998922109604
v -2.863165868857844 0.27823711400755236 0.045173998922109604
v -2.9937267437968087 0.27869612937696764 0.045173998922109604
v -2.9937267437968087 0.27869612937696764 0.045173998922109604
v -2.863165868857844 0.27823711400755236 0.045173998922109604
v -2.8842978611979317 0.27257511978872606 0.045173998922109604
v -2.9937267437968087 0.27869612937696764 0.045173998922109604
v -2.8842978611979317 0.27257511978872606 0.045173998922109604
v -2.8997676507029366 0.25710512166746446 0.045173998922109604
v -2.905430807212336 0.2359721160484154 0.045173998922109604
v -2.9937267437968087 0.27869612937696764 0.045173998922109604
v -2.8997676507029366 0.25710512166746446 0.045173998922109604
v -2.9937267437968087 0.27869612937696764 0.045173998922109604
v -2.905430807212336 0.2359721160484154 0.045173998922109604
v -2.9937267437968087 0.18268413310774156 0.045173998922109604
v -2.9937267437968087 0.18268413310774156 0.045173998922109604
v -2.905430807212336 0.2359721160484154 0.045173998922109604
v -2.8997676507029366 0.2148401237083275 0.045173998922109604
v -2.9937267437968087 0.18268413310774156 0.045173998922109604
v -2.8997676507029366 0.2148401237083275 0.045173998922109604
v -2.8842978611979317 0.1993701255870659 0.045173998922109604
v -2.8842978611979317 0.1993701255870659 0.045173998922109604
v -2.863165868857844 0.1937081313682396 0.045173998922109604
v -2.9937267437968087 0.18268413310774156 0.045173998922109604
v -2.5514297619852853 0.18268413310774156 0.045173998922109604
v -2.6267017260584664 0.2359721160484154 0.045173998922109604
v -2.5514297619852853 0.31292111640699694 0.045173998922109604
v -2.863165868857844 0.1937081313682396 0.045173998922109604
v -2.5514297619852853 0.18268413310774156 0.045173998922109604
v -2.9937267437968087 0.18268413310774156 0.045173998922109604
v -2.5514297619852853 0.18268413310774156 0.045173998922109604
v -2.863165868857844 0.1937081313682396 0.045173998922109604
v -2.668966783622248 0.1937081313682396 0.045173998922109604
v -2.6267017260584664 0.2359721160484154 0.045173998922109604
v -2.5514297619852853 0.18268413310774156 0.045173998922109604
v -2.6323636904749703 0.2148401237083275 0.045173998922109604
v -2.5514297619852853 0.18268413310774156 0.045173998922109604
v -2.668966783622248 0.1937081313682396 0.045173998922109604
v -2.6478337183985543 0.1993701255870659 0.045173998922109604
v -2.5514297619852853 0.18268413310774156 0.045173998922109604
v -2.6478337183985543 0.1993701255870659 0.045173998922109604
v -2.6323636904749703 0.2148401237083275 0.045173998922109604
v -2.863165868857844 0.27823711400755236 -0.08414699882268906
v -2.8842978611979317 0.27257511978872606 -0.0453060008585453
v -2.8842978611979317 0.27257511978872606 -0.08414699882268906
v -2.8997676507029366 0.25710512166746446 -0.0453060008585453
v -2.8842978611979317 0.27257511978872606 -0.08414699882268906
v -2.8842978611979317 0.27257511978872606 -0.0453060008585453
v -2.8842978611979317 0.27257511978872606 -0.0453060008585453
v -2.863165868857844 0.27823711400755236 -0.08414699882268906
v -2.863165868857844 0.27823711400755236 -0.0453060008585453
v -2.8842978611979317 0.27257511978872606 -0.08414699882268906
v -2.8997676507029366 0.25710512166746446 -0.0453060008585453
v -2.8997676507029366 0.25710512166746446 -0.08414699882268906
v -2.8420326844248605 0.27257511978872606 -0.08414699882268906
v -2.863165868857844 0.27823711400755236 -0.0453060008585453
v -2.863165868857844 0.27823711400755236 -0.08414699882268906
v -2.905430807212336 0.2359721160484154 -0.0453060008585453
v -2.8997676507029366 0.25710512166746446 -0.08414699882268906
v -2.8997676507029366 0.25710512166746446 -0.0453060008585453
v -2.863165868857844 0.27823711400755236 -0.0453060008585453
v -2.8420326844248605 0.27257511978872606 -0.08414699882268906
v -2.8420326844248605 0.27257511978872606 -0.0453060008585453
v -2.8997676507029366 0.25710512166746446 -0.08414699882268906
v -2.905430807212336 0.2359721160484154 -0.0453060008585453
v -2.905430807212336 0.2359721160484154 -0.08414699882268906
v -2.826563848594172 0.25710512166746446 -0.08414699882268906
v -2.8420326844248605 0.27257511978872606 -0.0453060008585453
v -2.8420326844248605 0.27257511978872606 -0.08414699882268906
v -2.905430807212336 0.2359721160484154 -0.08414699882268906
v -2.905430807212336 0.2359721160484154 -0.0453060008585453
v -2.8997676507029366 0.2148401237083275 -0.0453060008585453
v -2.8420326844248605 0.27257511978872606 -0.0453060008585453
v -2.826563848594172 0.25710512166746446 -0.08414699882268906
v -2.826563848594172 0.25710512166746446 -0.0453060008585453
v -2.8997676507029366 0.2148401237083275 -0.0453060008585453
v -2.8997676507029366 0.2148401237083275 -0.08414699882268906
v -2.905430807212336 0.2359721160484154 -0.08414699882268906
v -2.826563848594172 0.25710512166746446 -0.08414699882268906
v -2.8211827412638497 0.237026134784301 -0.0453060008585453
v -2.826563848594172 0.25710512166746446 -0.0453060008585453
v -2.8842978611979317 0.1993701255870659 -0.0453060008585453
v -2.8997676507029366 0.2148401237083275 -0.08414699882268906
v -2.8997676507029366 0.2148401237083275 -0.0453060008585453
v -2.8211827412638497 0.237026134784301 -0.0453060008585453
v -2.826563848594172 0.25710512166746446 -0.08414699882268906
v -2.8209006920847726 0.2359721160484154 -0.08414699882268906
v -2.8997676507029366 0.2148401237083275 -0.08414699882268906
v -2.8842978611979317 0.1993701255870659 -0.0453060008585453
v -2.8842978611979317 0.1993701255870659 -0.08414699882268906
v -2.8209006920847726 0.2359721160484154 -0.08414699882268906
v -2.8209006920847726 0.2359721160484154 -0.0453060008585453
v -2.8211827412638497 0.237026134784301 -0.0453060008585453
v -2.863165868857844 0.1937081313682396 -0.0453060008585453
v -2.8842978611979317 0.1993701255870659 -0.08414699882268906
v -2.8842978611979317 0.1993701255870659 -0.0453060008585453
v -2.826563848594172 0.2148401237083275 -0.08414699882268906
v -2.8209006920847726 0.2359721160484154 -0.0453060008585453
v -2.8209006920847726 0.2359721160484154 -0.08414699882268906
v -2.8842978611979317 0.1993701255870659 -0.08414699882268906
v -2.863165868857844 0.1937081313682396 -0.0453060008585453
v -2.863165868857844 0.1937081313682396 -0.08414699882268906
v -2.8209006920847726 0.2359721160484154 -0.0453060008585453
v -2.826563848594172 0.2148401237083275 -0.08414699882268906
v -2.826563848594172 0.2148401237083275 -0.0453060008585453
v -2.8420326844248605 0.1993701255870659 -0.0453060008585453
v -2.863165868857844 0.1937081313682396 -0.08414699882268906
v -2.863165868857844 0.1937081313682396 -0.0453060008585453
v -2.8420326844248605 0.1993701255870659 -0.08414699882268906
v -2.826563848594172 0.2148401237083275 -0.0453060008585453
v -2.826563848594172 0.2148401237083275 -0.08414699882268906
v -2.863165868857844 0.1937081313682396 -0.08414699882268906
v -2.8420326844248605 0.1993701255870659 -0.0453060008585453
v -2.8420326844248605 0.1993701255870659 -0.08414699882268906
v -2.826563848594172 0.2148401237083275 -0.0453060008585453
v -2.8420326844248605 0.1993701255870659 -0.08414699882268906
v -2.8420326844248605 0.1993701255870659 -0.0453060008585453
v -1.4342416659388375 0.0737721270871956 0.059960998594760895
v -1.4342416659388375 0.4626970983100731 0.059960998594760895
v -1.4342416659388375 0.0737721270871956 -0.05985400080680847
v -1.4342416659388375 0.4626970983100731 -0.05985400080680847
v -1.4342416659388375 0.0737721270871956 -0.05985400080680847
v -1.4342416659388375 0.4626970983100731 0.059960998594760895
v 1.5111143454518485 -0.4810138844894569 -0.34891700744628906
v 0.8360574110951591 -0.4810138844894569 -0.34891700744628906
v 1.5111143454518485 -0.13209687704316786 -0.49344301223754883
v 0.8360574110951591 -0.13209687704316786 -0.49344301223754883
v 1.5111143454518485 -0.13209687704316786 -0.49344301223754883
v 0.8360574110951591 -0.4810138844894569 -0.34891700744628906
v 0.8360574110951591 -0.4810138844894569 -0.34891700744628906
v 1.5111143454518485 -0.4810138844894569 -0.34891700744628906
v 0.8360574110951591 -0.6255398892807167 -6.042934216037152e-17
v 1.5111143454518485 -0.13209687704316786 -0.49344301223754883
v 0.8360574110951591 -0.13209687704316786 -0.49344301223754883
v 1.5111143454518485 0.2168201304031212 -0.34891700744628906
v 1.5111143454518485 -0.6255398892807167 -6.042934216037152e-17
v 0.8360574110951591 -0.6255398892807167 -6.042934216037152e-17
v 1.5111143454518485 -0.4810138844894569 -0.34891700744628906
v 0.8360574110951591 0.2168201304031212 -0.34891700744628906
v 1.5111143454518485 0.2168201304031212 -0.34891700744628906
v 0.8360574110951591 -0.13209687704316786 -0.49344301223754883
v 0.8360574110951591 -0.6255398892807167 -6.042934216037152e-17
v 1.5111143454518485 -0.6255398892807167 -6.042934216037152e-17
v 0.8360574110951591 -0.4810138844894569 0.34891700744628906
v 0.8360574110951591 0.2168201304031212 -0.34891700744628906
v 1.5111143454518485 0.36134613519438097 6.042934216037152e-17
v 1.5111143454518485 0.2168201304031212 -0.34891700744628906
v 1.5111143454518485 -0.4810138844894569 0.34891700744628906
v 0.8360574110951591 -0.4810138844894569 0.34891700744628906
v 1.5111143454518485 -0.6255398892807167 -6.042934216037152e-17
v 1.5111143454518485 0.36134613519438097 6.042934216037152e-17
v 0.8360574110951591 0.2168201304031212 -0.34891700744628906
v 0.8360574110951591 0.36134613519438097 6.042934216037152e-17
v 0.8360574110951591 -0.4810138844894569 0.34891700744628906
v 1.5111143454518485 -0.4810138844894569 0.34891700744628906
v 0.8360574110951591 -0.13209687704316786 0.49344301223754883
v 0.8360574110951591 0.36134613519438097 6.042934216037152e-17
v 1.5111143454518485 0.2168201304031212 0.34891700744628906
v 1.5111143454518485 0.36134613519438097 6.042934216037152e-17
v 1.5111143454518485 -0.13209687704316786 0.49344301223754883
v 0.8360574110951591 -0.13209687704316786 0.49344301223754883
v 1.5111143454518485 -0.4810138844894569 0.34891700744628906
v 1.5111143454518485 0.2168201304031212 0.34891700744628906
v 0.8360574110951591 0.36134613519438097 6.042934216037152e-17
v 0.8360574110951591 0.2168201304031212 0.34891700744628906
v 0.8360574110951591 -0.13209687704316786 0.49344301223754883
v 1.5111143454518485 -0.13209687704316786 0.49344301223754883
v 0.8360574110951591 0.2168201304031212 0.34891700744628906
v 1.5111143454518485 0.2168201304031212 0.34891700744628906
v 0.8360574110951591 0.2168201304031212 0.34891700744628906
v 1.5111143454518485 -0.13209687704316786 0.49344301223754883
v -1.5777287021670174 -0.38495688671342543 -3.096641943831885e-17
v -1.2748907342943978 -0.3108958804058235 0.17879900336265564
v -1.5777297154459786 -0.3108958804058235 0.17879900336265564
v -1.5777297154459786 -0.3108958804058235 0.17879900336265564
v -1.2748907342943978 -0.3108958804058235 0.17879900336265564
v -1.5777297154459786 -0.13209687704316786 0.25286000967025757
v -1.2748907342943978 -0.3108958804058235 0.17879900336265564
v -1.5777287021670174 -0.38495688671342543 -3.096641943831885e-17
v -1.2748897210154366 -0.38495688671342543 -3.096641943831885e-17
v -1.2748907342943978 -0.3108958804058235 0.17879900336265564
v -1.2748897210154366 -0.13209687704316786 0.25286000967025757
v -1.5777297154459786 -0.13209687704316786 0.25286000967025757
v -1.2748897210154366 -0.3108958804058235 -0.17879900336265564
v -1.2748897210154366 -0.38495688671342543 -3.096641943831885e-17
v -1.5777287021670174 -0.38495688671342543 -3.096641943831885e-17
v -1.5777297154459786 -0.13209687704316786 0.25286000967025757
v -1.2748897210154366 -0.13209687704316786 0.25286000967025757
v -1.5777287021670174 0.04670212631948778 0.17879900336265564
v -1.5777287021670174 -0.3108958804058235 -0.17879900336265564
v -1.2748897210154366 -0.3108958804058235 -0.17879900336265564
v -1.5777287021670174 -0.38495688671342543 -3.096641943831885e-17
v -1.2748897210154366 -0.13209687704316786 0.25286000967025757
v -1.2748897210154366 0.04670212631948778 0.17879900336265564
v -1.5777287021670174 0.04670212631948778 0.17879900336265564
v -1.2748897210154366 -0.13209687704316786 -0.25286000967025757
v -1.2748897210154366 -0.3108958804058235 -0.17879900336265564
v -1.5777287021670174 -0.3108958804058235 -0.17879900336265564
v -1.2748897210154366 0.12076313262708971 3.096641943831885e-17
v -1.5777287021670174 0.04670212631948778 0.17879900336265564
v -1.2748897210154366 0.04670212631948778 0.17879900336265564
v -1.5777297154459786 -0.13209687704316786 -0.25286000967025757
v -1.2748897210154366 -0.13209687704316786 -0.25286000967025757
v -1.5777287021670174 -0.3108958804058235 -0.17879900336265564
v -1.5777287021670174 0.04670212631948778 0.17879900336265564
v -1.2748897210154366 0.12076313262708971 3.096641943831885e-17
v -1.5777297154459786 0.12076313262708971 3.096641943831885e-17
v -1.5777287021670174 0.04670212631948778 -0.17879900336265564
v -1.2748897210154366 -0.13209687704316786 -0.25286000967025757
v -1.5777297154459786 -0.13209687704316786 -0.25286000967025757
v -1.2748897210154366 0.12076313262708971 3.096641943831885e-17
v -1.5777287021670174 0.04670212631948778 -0.17879900336265564
v -1.5777297154459786 0.12076313262708971 3.096641943831885e-17
v -1.2748897210154366 -0.13209687704316786 -0.25286000967025757
v -1.5777287021670174 0.04670212631948778 -0.17879900336265564
v -1.2748897210154366 0.04670212631948778 -0.17879900336265564
v -1.5777287021670174 0.04670212631948778 -0.17879900336265564
v -1.2748897210154366 0.12076313262708971 3.096641943831885e-17
v -1.2748897210154366 0.04670212631948778 -0.17879900336265564
v -0.8487796917948556 -0.26755087608567885 -0.135453999042511
v -1.2022637263331246 -0.26755087608567885 -0.135453999042511
v -0.8487796917948556 -0.13209687704316786 -0.19156000018119812
v -1.2022637263331246 -0.13209687704316786 -0.19156000018119812
v -0.8487796917948556 -0.13209687704316786 -0.19156000018119812
v -1.2022637263331246 -0.26755087608567885 -0.135453999042511
v -1.2022637263331246 -0.26755087608567885 -0.135453999042511
v -0.8487796917948556 -0.26755087608567885 -0.135453999042511
v -1.2022637263331246 -0.323656877224366 -2.345933351728772e-17
v -0.8487796917948556 -0.13209687704316786 -0.19156000018119812
v -1.2022637263331246 -0.13209687704316786 -0.19156000018119812
v -0.8487796917948556 0.0033571219993431267 -0.135453999042511
v -0.8487796917948556 -0.323656877224366 -2.345933351728772e-17
v -1.2022637263331246 -0.323656877224366 -2.345933351728772e-17
v -0.8487796917948556 -0.26755087608567885 -0.135453999042511
v -1.2022637263331246 0.0033571219993431267 -0.135453999042511
v -0.8487796917948556 0.0033571219993431267 -0.135453999042511
v -1.2022637263331246 -0.13209687704316786 -0.19156000018119812
v -1.2022637263331246 -0.323656877224366 -2.345933351728772e-17
v -0.8487796917948556 -0.323656877224366 -2.345933351728772e-17
v -1.2022637263331246 -0.26755087608567885 0.135453999042511
v -1.2022637263331246 0.0033571219993431267 -0.135453999042511
v -0.8487796917948556 0.05946312313803026 2.345933351728772e-17
v -0.8487796917948556 0.0033571219993431267 -0.135453999042511
v -0.8487796917948556 -0.26755087608567885 0.135453999042511
v -1.2022637263331246 -0.26755087608567885 0.135453999042511
v -0.8487796917948556 -0.323656877224366 -2.345933351728772e-17
v -0.8487796917948556 0.05946312313803026 2.345933351728772e-17
v -1.2022637263331246 0.0033571219993431267 -0.135453999042511
v -1.2022637263331246 0.05946312313803026 2.345933351728772e-17
v -1.2022637263331246 -0.26755087608567885 0.135453999042511
v -0.8487796917948556 -0.26755087608567885 0.135453999042511
v -1.2022637263331246 -0.13209687704316786 0.19156000018119812
v -1.2022637263331246 0.05946312313803026 2.345933351728772e-17
v -0.8487796917948556 0.0033571219993431267 0.135453999042511
v -0.8487796917948556 0.05946312313803026 2.345933351728772e-17
v -0.8487796917948556 -0.13209687704316786 0.19156000018119812
v -1.2022637263331246 -0.13209687704316786 0.19156000018119812
v -0.8487796917948556 -0.26755087608567885 0.135453999042511
v -0.8487796917948556 0.0033571219993431267 0.135453999042511
v -1.2022637263331246 0.05946312313803026 2.345933351728772e-17
v -1.2022637263331246 0.0033571219993431267 0.135453999042511
v -1.2022637263331246 -0.13209687704316786 0.19156000018119812
v -0.8487796917948556 -0.13209687704316786 0.19156000018119812
v -1.2022637263331246 0.0033571219993431267 0.135453999042511
v -0.8487796917948556 0.0033571219993431267 0.135453999042511
v -1.2022637263331246 0.0033571219993431267 0.135453999042511
v -0.8487796917948556 -0.13209687704316786 0.19156000018119812
v -1.4281897083315682 0.45898110633619615 -0.05624699965119362
v -1.4281897083315682 0.5909811354232628 -0.03648899868130684
v -1.4281897083315682 0.6148971415115196 -0.05624699965119362
v -1.4281897083315682 0.5909811354232628 -0.03648899868130684
v -1.4281897083315682 0.45898110633619615 -0.05624699965119362
v -1.4281897083315682 0.45898110633619615 -0.03648899868130684
v -1.4281897083315682 0.5909811354232628 0.03659600019454956
v -1.4281897083315682 0.6148971415115196 -0.05624699965119362
v -1.4281897083315682 0.5909811354232628 -0.03648899868130684
v -1.4281897083315682 0.6148971415115196 -0.05624699965119362
v -1.4281897083315682 0.5909811354232628 0.03659600019454956
v -1.4281897083315682 0.6148971415115196 0.05635400116443634
v -1.4281897083315682 0.5909811354232628 0.03659600019454956
v -1.4281897083315682 0.45898110633619615 0.05635400116443634
v -1.4281897083315682 0.6148971415115196 0.05635400116443634
v -1.4281897083315682 0.45898110633619615 0.05635400116443634
v -1.4281897083315682 0.5909811354232628 0.03659600019454956
v -1.4281897083315682 0.45898110633619615 0.03659600019454956
v -1.4130537048373055 0.5242381191802818 0.04044799879193306
v -1.4054837361368966 0.5171231127334435 0.012365000322461128
v -1.4130537048373055 0.5115261173797447 0.04044799879193306
v -1.4054837361368966 0.5171231127334435 0.012365000322461128
v -1.4130537048373055 0.5242381191802818 0.04044799879193306
v -1.4054837361368966 0.5186411238265831 0.012365000322461128
v -1.4130537048373055 0.5115261173797447 -0.04033999890089035
v -1.4054837361368966 0.5171231127334435 -0.012257999740540981
v -1.4130537048373055 0.5242381191802818 -0.04033999890089035
v -1.4130537048373055 0.5242381191802818 -0.04033999890089035
v -1.4054837361368966 0.5171231127334435 -0.012257999740540981
v -1.4054837361368966 0.5186411238265831 -0.012257999740540981
v -1.4130537048373055 0.5115261173797447 0.04044799879193306
v -1.4034316674265694 0.5171231127334435 0.012365000322461128
v -1.3958616987261605 0.5115261173797447 0.04044799879193306
v -1.4034316674265694 0.5171231127334435 0.012365000322461128
v -1.4130537048373055 0.5115261173797447 0.04044799879193306
v -1.4054837361368966 0.5171231127334435 0.012365000322461128
v -1.3958616987261605 0.5115261173797447 -0.04033999890089035
v -1.4034316674265694 0.5171231127334435 -0.012257999740540981
v -1.4130537048373055 0.5115261173797447 -0.04033999890089035
v -1.4130537048373055 0.5115261173797447 -0.04033999890089035
v -1.4034316674265694 0.5171231127334435 -0.012257999740540981
v -1.4054837361368966 0.5171231127334435 -0.012257999740540981
v -1.4281897083315682 0.5909811354232628 -0.03648899868130684
v -1.3817566767725777 0.5909811354232628 -0.03648899868130684
v -1.4281897083315682 0.5909811354232628 0.03659600019454956
v -1.3817566767725777 0.5909811354232628 -0.03648899868130684
v -1.3817566767725777 0.5909811354232628 0.03659600019454956
v -1.4281897083315682 0.5909811354232628 0.03659600019454956
v -2.9714386597666573 0.5950630999160607 -0.03648899868130684
v -2.9250056878123116 0.5950630999160607 -0.03648899868130684
v -2.9714386597666573 0.5950630999160607 0.03659600019454956
v -2.9250056878123116 0.5950630999160607 -0.03648899868130684
v -2.9250056878123116 0.5950630999160607 0.03659600019454956
v -2.9714386597666573 0.5950630999160607 0.03659600019454956
v -2.668966783622248 0.27823711400755236 0.045173998922109604
v -2.690098775962336 0.27257511978872606 0.08401499688625336
v -2.690098775962336 0.27257511978872606 0.045173998922109604
v -2.690098775962336 0.27257511978872606 0.045173998922109604
v -2.690098775962336 0.27257511978872606 0.08401499688625336
v -2.70556880388592 0.25710512166746446 0.08401499688625336
v -2.690098775962336 0.27257511978872606 0.08401499688625336
v -2.668966783622248 0.27823711400755236 0.045173998922109604
v -2.668966783622248 0.27823711400755236 0.08401499688625336
v -2.70556880388592 0.25710512166746446 0.08401499688625336
v -2.70556880388592 0.25710512166746446 0.045173998922109604
v -2.690098775962336 0.27257511978872606 0.045173998922109604
v -2.668966783622248 0.27823711400755236 0.045173998922109604
v -2.6478337183985543 0.27257511978872606 0.08401499688625336
v -2.668966783622248 0.27823711400755236 0.08401499688625336
v -2.7112317219767403 0.2359721160484154 0.08401499688625336
v -2.70556880388592 0.25710512166746446 0.045173998922109604
v -2.70556880388592 0.25710512166746446 0.08401499688625336
v -2.6478337183985543 0.27257511978872606 0.045173998922109604
v -2.6478337183985543 0.27257511978872606 0.08401499688625336
v -2.668966783622248 0.27823711400755236 0.045173998922109604
v -2.70556880388592 0.25710512166746446 0.045173998922109604
v -2.7112317219767403 0.2359721160484154 0.08401499688625336
v -2.7112317219767403 0.2359721160484154 0.045173998922109604
v -2.6478337183985543 0.27257511978872606 0.08401499688625336
v -2.6478337183985543 0.27257511978872606 0.045173998922109604
v -2.6323636904749703 0.25710512166746446 0.045173998922109604
v -2.70556880388592 0.2148401237083275 0.08401499688625336
v -2.7112317219767403 0.2359721160484154 0.045173998922109604
v -2.7112317219767403 0.2359721160484154 0.08401499688625336
v -2.6323636904749703 0.25710512166746446 0.045173998922109604
v -2.6323636904749703 0.25710512166746446 0.08401499688625336
v -2.6478337183985543 0.27257511978872606 0.08401499688625336
v -2.7112317219767403 0.2359721160484154 0.045173998922109604
v -2.70556880388592 0.2148401237083275 0.08401499688625336
v -2.70556880388592 0.2148401237083275 0.045173998922109604
v -2.6323636904749703 0.25710512166746446 0.045173998922109604
v -2.6267017260584664 0.2359721160484154 0.08401499688625336
v -2.6323636904749703 0.25710512166746446 0.08401499688625336
v -2.690098775962336 0.1993701255870659 0.08401499688625336
v -2.70556880388592 0.2148401237083275 0.045173998922109604
v -2.70556880388592 0.2148401237083275 0.08401499688625336
v -2.6267017260584664 0.2359721160484154 0.045173998922109604
v -2.6267017260584664 0.2359721160484154 0.08401499688625336
v -2.6323636904749703 0.25710512166746446 0.045173998922109604
v -2.70556880388592 0.2148401237083275 0.045173998922109604
v -2.690098775962336 0.1993701255870659 0.08401499688625336
v -2.690098775962336 0.1993701255870659 0.045173998922109604
v -2.6267017260584664 0.2359721160484154 0.045173998922109604
v -2.6323636904749703 0.2148401237083275 0.08401499688625336
v -2.6267017260584664 0.2359721160484154 0.08401499688625336
v -2.668966783622248 0.1937081313682396 0.08401499688625336
v -2.690098775962336 0.1993701255870659 0.045173998922109604
v -2.690098775962336 0.1993701255870659 0.08401499688625336
v -2.6323636904749703 0.2148401237083275 0.045173998922109604
v -2.6323636904749703 0.2148401237083275 0.08401499688625336
v -2.6267017260584664 0.2359721160484154 0.045173998922109604
v -2.690098775962336 0.1993701255870659 0.045173998922109604
v -2.668966783622248 0.1937081313682396 0.08401499688625336
v -2.668966783622248 0.1937081313682396 0.045173998922109604
v -2.6323636904749703 0.2148401237083275 0.045173998922109604
v -2.6478337183985543 0.1993701255870659 0.08401499688625336
v -2.6323636904749703 0.2148401237083275 0.08401499688625336
v -2.668966783622248 0.1937081313682396 0.045173998922109604
v -2.668966783622248 0.1937081313682396 0.08401499688625336
v -2.6478337183985543 0.1993701255870659 0.045173998922109604
v -2.6478337183985543 0.1993701255870659 0.045173998922109604
v -2.6478337183985543 0.1993701255870659 0.08401499688625336
v -2.6323636904749703 0.2148401237083275 0.045173998922109604
v -2.6478337183985543 0.1993701255870659 0.045173998922109604
v -2.668966783622248 0.1937081313682396 0.08401499688625336
v -2.6478337183985543 0.1993701255870659 0.08401499688625336
v -2.668966783622248 0.27823711400755236 -0.08414699882268906
v -2.690098775962336 0.27257511978872606 -0.0453060008585453
v -2.690098775962336 0.27257511978872606 -0.08414699882268906
v -2.690098775962336 0.27257511978872606 -0.08414699882268906
v -2.690098775962336 0.27257511978872606 -0.0453060008585453
v -2.70556880388592 0.25710512166746446 -0.0453060008585453
v -2.690098775962336 0.27257511978872606 -0.0453060008585453
v -2.668966783622248 0.27823711400755236 -0.08414699882268906
v -2.668966783622248 0.27823711400755236 -0.0453060008585453
v -2.70556880388592 0.25710512166746446 -0.0453060008585453
v -2.70556880388592 0.25710512166746446 -0.08414699882268906
v -2.690098775962336 0.27257511978872606 -0.08414699882268906
v -2.668966783622248 0.27823711400755236 -0.08414699882268906
v -2.6478337183985543 0.27257511978872606 -0.0453060008585453
v -2.668966783622248 0.27823711400755236 -0.0453060008585453
v -2.7112317219767403 0.2359721160484154 -0.0453060008585453
v -2.70556880388592 0.25710512166746446 -0.08414699882268906
v -2.70556880388592 0.25710512166746446 -0.0453060008585453
v -2.6478337183985543 0.27257511978872606 -0.0453060008585453
v -2.668966783622248 0.27823711400755236 -0.08414699882268906
v -2.6478337183985543 0.27257511978872606 -0.08414699882268906
v -2.70556880388592 0.25710512166746446 -0.08414699882268906
v -2.7112317219767403 0.2359721160484154 -0.0453060008585453
v -2.7112317219767403 0.2359721160484154 -0.08414699882268906
v -2.6323636904749703 0.25710512166746446 -0.08414699882268906
v -2.6478337183985543 0.27257511978872606 -0.0453060008585453
v -2.6478337183985543 0.27257511978872606 -0.08414699882268906
v -2.70556880388592 0.2148401237083275 -0.0453060008585453
v -2.7112317219767403 0.2359721160484154 -0.08414699882268906
v -2.7112317219767403 0.2359721160484154 -0.0453060008585453
v -2.6478337183985543 0.27257511978872606 -0.0453060008585453
v -2.6323636904749703 0.25710512166746446 -0.08414699882268906
v -2.6323636904749703 0.25710512166746446 -0.0453060008585453
v -2.7112317219767403 0.2359721160484154 -0.08414699882268906
v -2.70556880388592 0.2148401237083275 -0.0453060008585453
v -2.70556880388592 0.2148401237083275 -0.08414699882268906
v -2.6267017260584664 0.2359721160484154 -0.08414699882268906
v -2.6323636904749703 0.25710512166746446 -0.0453060008585453
v -2.6323636904749703 0.25710512166746446 -0.08414699882268906
v -2.690098775962336 0.1993701255870659 -0.0453060008585453
v -2.70556880388592 0.2148401237083275 -0.08414699882268906
v -2.70556880388592 0.2148401237083275 -0.0453060008585453
v -2.6323636904749703 0.25710512166746446 -0.0453060008585453
v -2.6267017260584664 0.2359721160484154 -0.08414699882268906
v -2.6267017260584664 0.2359721160484154 -0.0453060008585453
v -2.70556880388592 0.2148401237083275 -0.08414699882268906
v -2.690098775962336 0.1993701255870659 -0.0453060008585453
v -2.690098775962336 0.1993701255870659 -0.08414699882268906
v -2.6323636904749703 0.2148401237083275 -0.08414699882268906
v -2.6267017260584664 0.2359721160484154 -0.0453060008585453
v -2.6267017260584664 0.2359721160484154 -0.08414699882268906
v -2.668966783622248 0.1937081313682396 -0.0453060008585453
v -2.690098775962336 0.1993701255870659 -0.08414699882268906
v -2.690098775962336 0.1993701255870659 -0.0453060008585453
v -2.6267017260584664 0.2359721160484154 -0.0453060008585453
v -2.6323636904749703 0.2148401237083275 -0.08414699882268906
v -2.6323636904749703 0.2148401237083275 -0.0453060008585453
v -2.690098775962336 0.1993701255870659 -0.08414699882268906
v -2.668966783622248 0.1937081313682396 -0.0453060008585453
v -2.668966783622248 0.1937081313682396 -0.08414699882268906
v -2.6478337183985543 0.1993701255870659 -0.08414699882268906
v -2.6323636904749703 0.2148401237083275 -0.0453060008585453
v -2.6323636904749703 0.2148401237083275 -0.08414699882268906
v -2.6478337183985543 0.1993701255870659 -0.0453060008585453
v -2.668966783622248 0.1937081313682396 -0.08414699882268906
v -2.668966783622248 0.1937081313682396 -0.0453060008585453
v -2.6323636904749703 0.2148401237083275 -0.0453060008585453
v -2.6478337183985543 0.1993701255870659 -0.08414699882268906
v -2.6478337183985543 0.1993701255870659 -0.0453060008585453
v -2.668966783622248 0.1937081313682396 -0.08414699882268906
v -2.6478337183985543 0.1993701255870659 -0.0453060008585453
v -2.6478337183985543 0.1993701255870659 -0.08414699882268906
v -2.8842978611979317 0.27257511978872606 0.08401499688625336
v -2.8842978611979317 0.27257511978872606 0.045173998922109604
v -2.863165868857844 0.27823711400755236 0.045173998922109604
v -2.8997676507029366 0.25710512166746446 0.08401499688625336
v -2.8842978611979317 0.27257511978872606 0.045173998922109604
v -2.8842978611979317 0.27257511978872606 0.08401499688625336
v -2.863165868857844 0.27823711400755236 0.045173998922109604
v -2.863165868857844 0.27823711400755236 0.08401499688625336
v -2.8842978611979317 0.27257511978872606 0.08401499688625336
v -2.8842978611979317 0.27257511978872606 0.045173998922109604
v -2.8997676507029366 0.25710512166746446 0.08401499688625336
v -2.8997676507029366 0.25710512166746446 0.045173998922109604
v -2.863165868857844 0.27823711400755236 0.045173998922109604
v -2.8420326844248605 0.27257511978872606 0.08401499688625336
v -2.863165868857844 0.27823711400755236 0.08401499688625336
v -2.905430807212336 0.2359721160484154 0.08401499688625336
v -2.8997676507029366 0.25710512166746446 0.045173998922109604
v -2.8997676507029366 0.25710512166746446 0.08401499688625336
v -2.8420326844248605 0.27257511978872606 0.08401499688625336
v -2.863165868857844 0.27823711400755236 0.045173998922109604
v -2.8420326844248605 0.27257511978872606 0.045173998922109604
v -2.8997676507029366 0.25710512166746446 0.045173998922109604
v -2.905430807212336 0.2359721160484154 0.08401499688625336
v -2.905430807212336 0.2359721160484154 0.045173998922109604
v -2.8420326844248605 0.27257511978872606 0.045173998922109604
v -2.826563848594172 0.25710512166746446 0.08401499688625336
v -2.8420326844248605 0.27257511978872606 0.08401499688625336
v -2.8997676507029366 0.2148401237083275 0.08401499688625336
v -2.905430807212336 0.2359721160484154 0.045173998922109604
v -2.905430807212336 0.2359721160484154 0.08401499688625336
v -2.826563848594172 0.25710512166746446 0.045173998922109604
v -2.826563848594172 0.25710512166746446 0.08401499688625336
v -2.8420326844248605 0.27257511978872606 0.045173998922109604
v -2.905430807212336 0.2359721160484154 0.045173998922109604
v -2.8997676507029366 0.2148401237083275 0.08401499688625336
v -2.8997676507029366 0.2148401237083275 0.045173998922109604
v -2.826563848594172 0.25710512166746446 0.08401499688625336
v -2.826563848594172 0.25710512166746446 0.045173998922109604
v -2.8209006920847726 0.2359721160484154 0.045173998922109604
v -2.8842978611979317 0.1993701255870659 0.08401499688625336
v -2.8997676507029366 0.2148401237083275 0.045173998922109604
v -2.8997676507029366 0.2148401237083275 0.08401499688625336
v -2.8209006920847726 0.2359721160484154 0.045173998922109604
v -2.8209006920847726 0.2359721160484154 0.08401499688625336
v -2.826563848594172 0.25710512166746446 0.08401499688625336
v -2.8997676507029366 0.2148401237083275 0.045173998922109604
v -2.8842978611979317 0.1993701255870659 0.08401499688625336
v -2.8842978611979317 0.1993701255870659 0.045173998922109604
v -2.8209006920847726 0.2359721160484154 0.045173998922109604
v -2.826563848594172 0.2148401237083275 0.08401499688625336
v -2.8209006920847726 0.2359721160484154 0.08401499688625336
v -2.863165868857844 0.1937081313682396 0.08401499688625336
v -2.8842978611979317 0.1993701255870659 0.045173998922109604
v -2.8842978611979317 0.1993701255870659 0.08401499688625336
v -2.826563848594172 0.2148401237083275 0.045173998922109604
v -2.826563848594172 0.2148401237083275 0.08401499688625336
v -2.8209006920847726 0.2359721160484154 0.045173998922109604
v -2.8842978611979317 0.1993701255870659 0.045173998922109604
v -2.863165868857844 0.1937081313682396 0.08401499688625336
v -2.863165868857844 0.1937081313682396 0.045173998922109604
v -2.826563848594172 0.2148401237083275 0.045173998922109604
v -2.8420326844248605 0.1993701255870659 0.08401499688625336
v -2.826563848594172 0.2148401237083275 0.08401499688625336
v -2.863165868857844 0.1937081313682396 0.045173998922109604
v -2.863165868857844 0.1937081313682396 0.08401499688625336
v -2.8420326844248605 0.1993701255870659 0.045173998922109604
v -2.8420326844248605 0.1993701255870659 0.045173998922109604
v -2.8420326844248605 0.1993701255870659 0.08401499688625336
v -2.826563848594172 0.2148401237083275 0.045173998922109604
v -2.8420326844248605 0.1993701255870659 0.045173998922109604
v -2.863165868857844 0.1937081313682396 0.08401499688625336
v -2.8420326844248605 0.1993701255870659 0.08401499688625336
v -2.5514297619852853 0.31292111640699694 0.08401499688625336
v -2.5514297619852853 0.18268413310774156 0.045173998922109604
v -2.5514297619852853 0.31292111640699694 0.045173998922109604
v -2.5514297619852853 0.18268413310774156 0.045173998922109604
v -2.5514297619852853 0.31292111640699694 0.08401499688625336
v -2.5514297619852853 0.09785311883219072 0.08401499688625336
v -2.5514297619852853 0.09785311883219072 -0.08414699882268906
v -2.5514297619852853 0.18268413310774156 0.045173998922109604
v -2.5514297619852853 0.09785311883219072 0.08401499688625336
v -2.5514297619852853 0.18268413310774156 0.045173998922109604
v -2.5514297619852853 0.09785311883219072 -0.08414699882268906
v -2.5514297619852853 0.18268413310774156 -0.0453060008585453
v -2.5514297619852853 0.31292111640699694 -0.08414699882268906
v -2.5514297619852853 0.18268413310774156 -0.0453060008585453
v -2.5514297619852853 0.09785311883219072 -0.08414699882268906
v -2.5514297619852853 0.18268413310774156 -0.0453060008585453
v -2.5514297619852853 0.31292111640699694 -0.08414699882268906
v -2.5514297619852853 0.31292111640699694 -0.0453060008585453
v -2.946920885184748 0.5125480986190636 -0.0007479999912902713
v -2.9337546959910226 0.46048713689573595 0.010591000318527222
v -2.9337546959910226 0.46048713689573595 -0.010483999736607075
v -2.9337546959910226 0.46048713689573595 0.010591000318527222
v -2.946920885184748 0.5125480986190636 -0.0007479999912902713
v -2.946920885184748 0.5125480986190636 0.0008549999911338091
v -2.919010652640803 0.46677912240751573 -0.05985400080680847
v -2.919010652640803 0.17931411629446337 0.059960998594760895
v -2.919010652640803 0.17931411629446337 -0.05985400080680847
v -2.919010652640803 0.17931411629446337 0.059960998594760895
v -2.919010652640803 0.46677912240751573 -0.05985400080680847
v -2.919010652640803 0.46677912240751573 0.059960998594760895
v -2.9250056878123116 0.4630621171546776 -0.05624699965119362
v -2.9250056878123116 0.6189781523300011 -0.05624699965119362
v -2.9250056878123116 0.5950630999160607 -0.03648899868130684
v -2.9250056878123116 0.4630621171546776 -0.05624699965119362
v -2.9250056878123116 0.5950630999160607 -0.03648899868130684
v -2.9250056878123116 0.4630621171546776 -0.03648899868130684
v -2.9250056878123116 0.6189781523300011 -0.05624699965119362
v -2.9250056878123116 0.5950630999160607 0.03659600019454956
v -2.9250056878123116 0.5950630999160607 -0.03648899868130684
v -2.9250056878123116 0.6189781523300011 -0.05624699965119362
v -2.9250056878123116 0.6189781523300011 0.05635400116443634
v -2.9250056878123116 0.5950630999160607 0.03659600019454956
v -2.9250056878123116 0.6189781523300011 0.05635400116443634
v -2.9250056878123116 0.4630621171546776 0.05635400116443634
v -2.9250056878123116 0.5950630999160607 0.03659600019454956
v -2.9250056878123116 0.4630621171546776 0.03659600019454956
v -2.9250056878123116 0.5950630999160607 0.03659600019454956
v -2.9250056878123116 0.4630621171546776 0.05635400116443634
v 0.6818313464131522 -0.13209687704316786 0.21532100439071655
v 0.8360574110951591 -0.13209687704316786 0.49344301223754883
v 0.6818313464131522 0.020158121640761584 0.15225499868392944
v 0.6818313464131522 -0.2843518757270973 0.15225499868392944
v 0.8360574110951591 -0.13209687704316786 0.49344301223754883
v 0.6818313464131522 -0.13209687704316786 0.21532100439071655
v 0.8360574110951591 -0.13209687704316786 0.49344301223754883
v 0.8360574110951591 0.2168201304031212 0.34891700744628906
v 0.6818313464131522 0.020158121640761584 0.15225499868392944
v 0.8360574110951591 -0.13209687704316786 0.49344301223754883
v 0.6818313464131522 -0.2843518757270973 0.15225499868392944
v 0.8360574110951591 -0.4810138844894569 0.34891700744628906
v 0.8360574110951591 0.36134613519438097 6.042934216037152e-17
v 0.6818313464131522 0.020158121640761584 0.15225499868392944
v 0.8360574110951591 0.2168201304031212 0.34891700744628906
v 0.8360574110951591 -0.4810138844894569 0.34891700744628906
v 0.6818313464131522 -0.2843518757270973 0.15225499868392944
v 0.8360574110951591 -0.6255398892807167 -6.042934216037152e-17
v 0.6818313464131522 0.020158121640761584 0.15225499868392944
v 0.8360574110951591 0.36134613519438097 6.042934216037152e-17
v 0.6818313464131522 0.0832241273475487 2.636921760026759e-17
v 0.8360574110951591 -0.6255398892807167 -6.042934216037152e-17
v 0.6818313464131522 -0.2843518757270973 0.15225499868392944
v 0.6818313464131522 -0.3474178814338844 -2.636921760026759e-17
v 0.8360574110951591 0.36134613519438097 6.042934216037152e-17
v 0.6818313464131522 0.020158121640761584 -0.15225499868392944
v 0.6818313464131522 0.0832241273475487 2.636921760026759e-17
v 0.6818313464131522 -0.2843518757270973 -0.15225499868392944
v 0.8360574110951591 -0.6255398892807167 -6.042934216037152e-17
v 0.6818313464131522 -0.3474178814338844 -2.636921760026759e-17
v 0.8360574110951591 0.36134613519438097 6.042934216037152e-17
v 0.8360574110951591 0.2168201304031212 -0.34891700744628906
v 0.6818313464131522 0.020158121640761584 -0.15225499868392944
v 0.8360574110951591 -0.6255398892807167 -6.042934216037152e-17
v 0.6818313464131522 -0.2843518757270973 -0.15225499868392944
v 0.8360574110951591 -0.4810138844894569 -0.34891700744628906
v 0.8360574110951591 -0.13209687704316786 -0.49344301223754883
v 0.6818313464131522 0.020158121640761584 -0.15225499868392944
v 0.8360574110951591 0.2168201304031212 -0.34891700744628906
v 0.6818313464131522 -0.2843518757270973 -0.15225499868392944
v 0.8360574110951591 -0.13209687704316786 -0.49344301223754883
v 0.8360574110951591 -0.4810138844894569 -0.34891700744628906
v 0.6818313464131522 0.020158121640761584 -0.15225499868392944
v 0.8360574110951591 -0.13209687704316786 -0.49344301223754883
v 0.6818313464131522 -0.13209687704316786 -0.21532100439071655
v 0.8360574110951591 -0.13209687704316786 -0.49344301223754883
v 0.6818313464131522 -0.2843518757270973 -0.15225499868392944
v 0.6818313464131522 -0.13209687704316786 -0.21532100439071655
v 1.5774621828999686 -0.4047098659919899 0.272612988948822
v 1.8989243372883964 -0.41913386220208815 0.2870369851589203
v 1.8989243372883964 -0.13209687704316786 0.4059320092201233
v 1.5774621828999686 -0.4047098659919899 0.272612988948822
v 1.8989243372883964 -0.5380288862632912 -4.9712333895852835e-17
v 1.8989243372883964 -0.41913386220208815 0.2870369851589203
v 1.5774621828999686 -0.4047098659919899 0.272612988948822
v 1.8989243372883964 -0.13209687704316786 0.4059320092201233
v 1.5774621828999686 -0.13209687704316786 0.38553300499916077
v 1.8989243372883964 -0.5380288862632912 -4.9712333895852835e-17
v 1.5774621828999686 -0.4047098659919899 0.272612988948822
v 1.5774621828999686 -0.5176298522400062 -4.7214175654048787e-17
v 1.8989243372883964 -0.13209687704316786 0.4059320092201233
v 1.5774621828999686 0.14051611190565416 0.272612988948822
v 1.5774621828999686 -0.13209687704316786 0.38553300499916077
v 1.5774621828999686 -0.4047098659919899 -0.272612988948822
v 1.8989243372883964 -0.5380288862632912 -4.9712333895852835e-17
v 1.5774621828999686 -0.5176298522400062 -4.7214175654048787e-17
v 1.5774621828999686 0.14051611190565416 0.272612988948822
v 1.8989243372883964 -0.13209687704316786 0.4059320092201233
v 1.8989243372883964 0.15494010811575243 0.2870369851589203
v 1.5774621828999686 -0.4047098659919899 -0.272612988948822
v 1.8989243372883964 -0.41913386220208815 -0.2870369851589203
v 1.8989243372883964 -0.5380288862632912 -4.9712333895852835e-17
v 1.8989243372883964 0.27383513217695543 4.9712333895852835e-17
v 1.5774621828999686 0.14051611190565416 0.272612988948822
v 1.8989243372883964 0.15494010811575243 0.2870369851589203
v 1.5774621828999686 -0.4047098659919899 -0.272612988948822
v 1.8989243372883964 -0.13209687704316786 -0.4059320092201233
v 1.8989243372883964 -0.41913386220208815 -0.2870369851589203
v 1.5774621828999686 0.2534361279559929 4.7214175654048787e-17
v 1.5774621828999686 0.14051611190565416 0.272612988948822
v 1.8989243372883964 0.27383513217695543 4.9712333895852835e-17
v 1.8989243372883964 -0.13209687704316786 -0.4059320092201233
v 1.5774621828999686 -0.4047098659919899 -0.272612988948822
v 1.5774621828999686 -0.13209687704316786 -0.38553300499916077
v 1.8989243372883964 0.27383513217695543 4.9712333895852835e-17
v 1.5774621828999686 0.14051611190565416 -0.272612988948822
v 1.5774621828999686 0.2534361279559929 4.7214175654048787e-17
v 1.5774621828999686 0.14051611190565416 -0.272612988948822
v 1.8989243372883964 -0.13209687704316786 -0.4059320092201233
v 1.5774621828999686 -0.13209687704316786 -0.38553300499916077
v 1.5774621828999686 0.14051611190565416 -0.272612988948822
v 1.8989243372883964 0.27383513217695543 4.9712333895852835e-17
v 1.8989243372883964 0.15494010811575243 -0.2870369851589203
v 1.5774621828999686 0.14051611190565416 -0.272612988948822
v 1.8989243372883964 0.15494010811575243 -0.2870369851589203
v 1.8989243372883964 -0.13209687704316786 -0.4059320092201233
vn 0.6659447019734112 0.7389904332772755 0.10203329573334848
vn 1 0 0
vn 1 0 0
vn 1 0 0
vn 0.6659447019734112 0.7389904332772755 0.10203329573334848
vn 1 0 0
vn 1 0 0
vn 0.6659447019734112 0.7389904332772755 0.10203329573334848
vn 0.37161893755378417 0.7400857429797196 -0.560510890429038
vn 0 0.9906023265355592 -0.13677364754344076
vn 0.37161893755378417 0.7400857429797196 -0.560510890429038
vn 0.6659447019734112 0.7389904332772755 0.10203329573334848
vn 0.37161893755378417 0.7400857429797196 -0.560510890429038
vn 0 0.9906023265355592 -0.13677364754344076
vn 0 0.6037480837423548 -0.7971751698199302
vn 0.6659447019734112 0.7389904332772755 0.10203329573334848
vn 0 0.7971751698199302 0.6037480837423548
vn 0 0.9906023265355592 -0.13677364754344076
vn 0.6659447024796671 0.10203328836033425 -0.7389904338390614
vn 1 0 0
vn 0.37161893755378417 0.7400857429797196 -0.560510890429038
vn 0.6659447024796671 0.10203328836033425 -0.7389904338390614
vn 0.37161893755378417 0.7400857429797196 -0.560510890429038
vn 0 0.6037480837423548 -0.7971751698199302
vn 1 0 0
vn 0.6659447024796671 0.10203328836033425 -0.7389904338390614
vn 1 0 0
vn 0 0.6037480837423548 -0.7971751698199302
vn 0 -0.13677363292103584 -0.990602328554492
vn 0.6659447024796671 0.10203328836033425 -0.7389904338390614
vn 0.6659447024796671 0.10203328836033425 -0.7389904338390614
vn 1 0 0
vn 1 0 0
vn 0 0.7971751698199302 0.6037480837423548
vn 0.6659447019734112 0.7389904332772755 0.10203329573334848
vn 0.3716189211607259 0.5605108657034744 0.7400857699372957
vn 0.6659447019734112 0.7389904332772755 0.10203329573334848
vn 1 0 0
vn 0.3716189211607259 0.5605108657034744 0.7400857699372957
vn 0 0.13677364754344076 0.9906023265355592
vn 0 0.7971751698199302 0.6037480837423548
vn 0.3716189211607259 0.5605108657034744 0.7400857699372957
vn 0.6659447029859232 -0.10203328098732004 0.7389904344008474
vn 0.3716189211607259 0.5605108657034744 0.7400857699372957
vn 1 0 0
vn 0.3716189211607259 0.5605108657034744 0.7400857699372957
vn 0.6659447029859232 -0.10203328098732004 0.7389904344008474
vn 0 0.13677364754344076 0.9906023265355592
vn 1 0 0
vn 1 0 0
vn 0.6659447029859232 -0.10203328098732004 0.7389904344008474
vn 0 -0.6037480837423548 0.7971751698199302
vn 0 0.13677364754344076 0.9906023265355592
vn 0.6659447029859232 -0.10203328098732004 0.7389904344008474
vn 1 0 0
vn 0.6659447029859232 -0.10203328098732004 0.7389904344008474
vn 1 0 0
vn 0.6659447029859232 -0.10203328098732004 0.7389904344008474
vn 0.3716188954741228 -0.7400857781338244 0.560510871911192
vn 0 -0.6037480837423548 0.7971751698199302
vn 0.6659447029859232 -0.10203328098732004 0.7389904344008474
vn 1 0 0
vn 0.3716188954741228 -0.7400857781338244 0.560510871911192
vn 0 -0.990602328554492 0.13677363292103584
vn 0 -0.6037480837423548 0.7971751698199302
vn 0.3716188954741228 -0.7400857781338244 0.560510871911192
vn 1 0 0
vn 0.6659447029859232 -0.7389904344008474 -0.10203328098732004
vn 0.3716188954741228 -0.7400857781338244 0.560510871911192
vn 0.3716188954741228 -0.7400857781338244 0.560510871911192
vn 0.6659447029859232 -0.7389904344008474 -0.10203328098732004
vn 0 -0.990602328554492 0.13677363292103584
vn 1 0 0
vn 1 0 0
vn 0.6659447029859232 -0.7389904344008474 -0.10203328098732004
vn 1 0 0
vn 0.6659447029859232 -0.7389904344008474 -0.10203328098732004
vn 1 0 0
vn 0 -0.7971751698199302 -0.6037480837423548
vn 0 -0.990602328554492 0.13677363292103584
vn 0.6659447029859232 -0.7389904344008474 -0.10203328098732004
vn 0.6659447029859232 -0.7389904344008474 -0.10203328098732004
vn 1 0 0
vn 0.3716188954741228 -0.560510871911192 -0.7400857781338244
vn 0.6659447029859232 -0.7389904344008474 -0.10203328098732004
vn 0.3716188954741228 -0.560510871911192 -0.7400857781338244
vn 0 -0.7971751698199302 -0.6037480837423548
vn 1 0 0
vn 0.6659447024796671 0.10203328836033425 -0.7389904338390614
vn 0.3716188954741228 -0.560510871911192 -0.7400857781338244
vn 0 -0.13677363292103584 -0.990602328554492
vn 0 -0.7971751698199302 -0.6037480837423548
vn 0.3716188954741228 -0.560510871911192 -0.7400857781338244
vn 0.3716188954741228 -0.560510871911192 -0.7400857781338244
vn 0.6659447024796671 0.10203328836033425 -0.7389904338390614
vn 0 -0.13677363292103584 -0.990602328554492
vn 1 0 0
vn 1 0 0
vn 1 0 0
vn 1 0 0
vn 1 0 0
vn 1 0 0
vn 1 0 0
vn 1 0 0
vn 1 0 0
vn 1 0 0
vn 1 0 0
vn 1 0 0
vn 1 0 0
vn 1 0 0
vn 1 0 0
vn 1 0 0
vn 1 0 0
vn 1 0 0
vn 0.8518639173394122 1.945741116126715e-9 -0.5237631777198077
vn 0.8518639687819798 -0.3703564355394774 -0.3703564355394774
vn 0.8518641143135666 -0.37035626816942274 -0.37035626816942274
vn 0.8518639687819798 -0.3703564355394774 -0.3703564355394774
vn 0.8518639173394122 -0.5237631777198077 -3.968734214538381e-9
vn 0.8518641143135666 -0.37035626816942274 -0.37035626816942274
vn 0.8518639687819798 -0.3703564355394774 -0.3703564355394774
vn 0.8518639173394122 1.945741116126715e-9 -0.5237631777198077
vn 0.8518637353152195 4.2601735699730136e-10 -0.5237634737692213
vn 0.8518639687819798 -0.3703564355394774 -0.3703564355394774
vn 0.8518638048546635 -0.5237633606682848 -1.2343287552121248e-9
vn 0.8518639173394122 -0.5237631777198077 -3.968734214538381e-9
vn 0.8518639173394122 1.945741116126715e-9 -0.5237631777198077
vn 0.8518639336259014 0.37035647597106097 -0.37035647597106097
vn 0.8518637353152195 4.2601735699730136e-10 -0.5237634737692213
vn 0.8518639687819798 -0.3703564355394774 0.3703564355394774
vn 0.8518639173394122 -0.5237631777198077 -3.968734214538381e-9
vn 0.8518638048546635 -0.5237633606682848 -1.2343287552121248e-9
vn 0.8518639173394122 1.945741116126715e-9 -0.5237631777198077
vn 0.8518641143135666 0.37035626816942274 -0.37035626816942274
vn 0.8518639336259014 0.37035647597106097 -0.37035647597106097
vn 0.8518639173394122 -0.5237631777198077 -3.968734214538381e-9
vn 0.8518639687819798 -0.3703564355394774 0.3703564355394774
vn 0.8518641143135666 -0.37035626816942274 0.37035626816942274
vn 0.8518639173394122 0.5237631777198077 1.945741116126715e-9
vn 0.8518639336259014 0.37035647597106097 -0.37035647597106097
vn 0.8518641143135666 0.37035626816942274 -0.37035626816942274
vn 0.8518639687819798 -0.3703564355394774 0.3703564355394774
vn 0.8518639173394122 1.945741116126715e-9 0.5237631777198077
vn 0.8518641143135666 -0.37035626816942274 0.37035626816942274
vn 0.8518639336259014 0.37035647597106097 -0.37035647597106097
vn 0.8518639173394122 0.5237631777198077 1.945741116126715e-9
vn 0.8518637353152195 0.5237634737692213 4.2601735699730136e-10
vn 0.8518639173394122 1.945741116126715e-9 0.5237631777198077
vn 0.8518639687819798 -0.3703564355394774 0.3703564355394774
vn 0.8518637353152195 4.2601735699730136e-10 0.5237634737692213
vn 0.8518639173394122 0.5237631777198077 1.945741116126715e-9
vn 0.8518639336259014 0.37035647597106097 0.37035647597106097
vn 0.8518637353152195 0.5237634737692213 4.2601735699730136e-10
vn 0.8518639336259014 0.37035647597106097 0.37035647597106097
vn 0.8518639173394122 1.945741116126715e-9 0.5237631777198077
vn 0.8518637353152195 4.2601735699730136e-10 0.5237634737692213
vn 0.8518639173394122 0.5237631777198077 1.945741116126715e-9
vn 0.8518641143135666 0.37035626816942274 0.37035626816942274
vn 0.8518639336259014 0.37035647597106097 0.37035647597106097
vn 0.8518639173394122 1.945741116126715e-9 0.5237631777198077
vn 0.8518639336259014 0.37035647597106097 0.37035647597106097
vn 0.8518641143135666 0.37035626816942274 0.37035626816942274
vn -0.9694774880795796 0.24518034200748767 0
vn -0.9694774880795796 0.24518034200748767 0
vn -0.9694774880795796 0.24518034200748767 0
vn -0.9694774880795796 0.24518034200748767 0
vn -0.9694774880795796 0.24518034200748767 0
vn -0.9694774880795796 0.24518034200748767 0
vn -0.9999999999859386 -0.000004257903583433444 -0.000003161202130241805
vn -0.9999999999898237 -0.0000037722336400818608 0.0000024744815618508375
vn -0.9999999999766951 -0.000004682252438105953 -0.000004968527718913434
vn -0.9999999999766951 -0.000004682252438105953 -0.000004968527718913434
vn -0.9999999998654532 0.0000034446707099872675 -0.000016038327883168094
vn -0.9999999999859386 -0.000004257903583433444 -0.000003161202130241805
vn -0.9999999998654532 0.0000034446707099872675 -0.000016038327883168094
vn -0.9999999999766951 -0.000004682252438105953 -0.000004968527718913434
vn -0.9999999999506692 0.000009932866304972088 0
vn -0.9999999999898237 -0.0000037722336400818608 0.0000024744815618508375
vn -0.9999999999859386 -0.000004257903583433444 -0.000003161202130241805
vn -1 0 0
vn -1 0 0
vn -0.9999999999898237 -0.0000037722336400818608 0.0000024744815618508375
vn -1 0 0
vn -0.9999999999898237 -0.0000037722336400818608 0.0000024744815618508375
vn -1 0 0
vn -1 0 0
vn -1 0 0
vn -1 0 0
vn -1 0 0
vn -1 0 0
vn -1 0 0
vn -1 0 0
vn -1 0 0
vn -1 0 0
vn -1 0 0
vn -1 0 0
vn -1 0 0
vn -1 0 0
vn -1 0 0
vn -1 0 0
vn -1 0 0
vn -1 0 0
vn -1 0 0
vn -1 0 0
vn -1 0 0
vn -1 0 0
vn -1 0 0
vn -1 0 0
vn -1 0 0
vn -1 0 0
vn 0.0668325415683742 -0.7055258661072406 -0.7055258065025966
vn 0.06683243700852481 5.1630521227965515e-9 -0.9977642133106907
vn 0.06683307887110239 -2.5406214913401663e-9 -0.9977641703171191
vn 0.06683307887110239 -2.5406214913401663e-9 -0.9977641703171191
vn 0.06683243700852481 5.1630521227965515e-9 -0.9977642133106907
vn 0.06683255179615975 0.7055258358204942 -0.7055258358204942
vn 0.06683243700852481 5.1630521227965515e-9 -0.9977642133106907
vn 0.0668325415683742 -0.7055258661072406 -0.7055258065025966
vn 0.06683191109767914 -0.7055258959684867 -0.7055258363638401
vn 0.06683191570452482 0.7055258659479691 -0.7055258659479691
vn 0.06683255179615975 0.7055258358204942 -0.7055258358204942
vn 0.06683243700852481 5.1630521227965515e-9 -0.9977642133106907
vn 0.06683191109767914 -0.7055258959684867 -0.7055258363638401
vn 0.0668325415683742 -0.7055258661072406 -0.7055258065025966
vn 0.06683242959122293 -0.997764213807518 -4.792613784631412e-9
vn 0.06683243700852481 0.9977642133106907 5.1630521227965515e-9
vn 0.06683255179615975 0.7055258358204942 -0.7055258358204942
vn 0.06683191570452482 0.7055258659479691 -0.7055258659479691
vn 0.0668330640364996 -0.9977641713107829 -2.5406214938703467e-9
vn 0.06683242959122293 -0.997764213807518 -4.792613784631412e-9
vn 0.0668325415683742 -0.7055258661072406 -0.7055258065025966
vn 0.06683255179615975 0.7055258358204942 -0.7055258358204942
vn 0.06683243700852481 0.9977642133106907 5.1630521227965515e-9
vn 0.06683307887110239 0.9977641703171191 -2.5406214913401663e-9
vn 0.06683254437885762 -0.7055258361718046 0.7055258361718046
vn 0.06683242959122293 -0.997764213807518 -4.792613784631412e-9
vn 0.0668330640364996 -0.9977641713107829 -2.5406214938703467e-9
vn 0.06683243700852481 0.9977642133106907 5.1630521227965515e-9
vn 0.06683255179615975 0.7055258358204942 0.7055258358204942
vn 0.06683307887110239 0.9977641703171191 -2.5406214913401663e-9
vn 0.06683242959122293 -0.997764213807518 -4.792613784631412e-9
vn 0.06683254437885762 -0.7055258361718046 0.7055258361718046
vn 0.06683190828722235 -0.7055258662992762 0.7055258662992762
vn 0.06683255179615975 0.7055258358204942 0.7055258358204942
vn 0.06683243700852481 0.9977642133106907 5.1630521227965515e-9
vn 0.06683191570452482 0.7055258659479691 0.7055258659479691
vn 0.06683190828722235 -0.7055258662992762 0.7055258662992762
vn 0.06683254437885762 -0.7055258361718046 0.7055258361718046
vn 0.06683243700852481 5.84832306258428e-9 0.9977642133106907
vn 0.06683243700852481 5.84832306258428e-9 0.9977642133106907
vn 0.06683255179615975 0.7055258358204942 0.7055258358204942
vn 0.06683191570452482 0.7055258659479691 0.7055258659479691
vn 0.06683307887110239 -2.5406214913401663e-9 0.9977641703171191
vn 0.06683243700852481 5.84832306258428e-9 0.9977642133106907
vn 0.06683254437885762 -0.7055258361718046 0.7055258361718046
vn 0.06683255179615975 0.7055258358204942 0.7055258358204942
vn 0.06683243700852481 5.84832306258428e-9 0.9977642133106907
vn 0.06683307887110239 -2.5406214913401663e-9 0.9977641703171191
vn 0.9865857800544476 -0.16324367857395616 0
vn 0.9865857800544476 -0.16324367857395616 0
vn 0.9562967502218693 -0.29239788904007413 0
vn 0.9562967502218693 -0.29239788904007413 0
vn 0.9865857800544476 -0.16324367857395616 0
vn 0.9562967502218693 -0.29239788904007413 0
vn 0.1100242061903171 -0.9939289079467357 0
vn 0.9562967502218693 -0.29239788904007413 0
vn 0.9562967502218693 -0.29239788904007413 0
vn 0.9562967502218693 -0.29239788904007413 0
vn 0.1100242061903171 -0.9939289079467357 0
vn 0.1100242061903171 -0.9939289079467357 0
vn -0.11002461752984169 -0.9939288624129053 0
vn 0.1100242061903171 -0.9939289079467357 0
vn 0.1100242061903171 -0.9939289079467357 0
vn -0.11002461752984169 -0.9939288624129053 0
vn 0.1100242061903171 -0.9939289079467357 0
vn -0.11002461752984169 -0.9939288624129053 0
vn -0.11002461752984169 -0.9939288624129053 0
vn -0.11002461752984169 -0.9939288624129053 0
vn -0.514495895673739 -0.8574928415648012 0
vn -0.514495895673739 -0.8574928415648012 0
vn -0.514495895673739 -0.8574928415648012 0
vn -0.11002461752984169 -0.9939288624129053 0
vn -0.0406294900996862 0.7965171715506837 0.603249235357276
vn -1 0 0
vn -1 0 0
vn -1 0 0
vn -0.05751064878209424 0.9889627246810705 -0.13654762710518212
vn -0.0406294900996862 0.7965171715506837 0.603249235357276
vn -1 0 0
vn -1 0 0
vn -0.05751064878209424 0.9889627246810705 -0.13654762710518212
vn -1 0 0
vn -0.05751064878209424 0.9889627246810705 -0.13654762710518212
vn -1 0 0
vn -0.05751064878209424 0.9889627246810705 -0.13654762710518212
vn 0 0.9906022789850156 0.13677399193448095
vn -0.0406294900996862 0.7965171715506837 0.603249235357276
vn 0 0.6037473044544301 0.7971757600203417
vn -0.0406294900996862 0.7965171715506837 0.603249235357276
vn 0 0.9906022789850156 0.13677399193448095
vn 0 0.9906022789850156 0.13677399193448095
vn -0.05751064878209424 0.9889627246810705 -0.13654762710518212
vn 0 0.7971754001627291 -0.6037477796028675
vn 0 0.6037473044544301 0.7971757600203417
vn -0.023713349932291895 0.13673303811629714 0.9903240648002429
vn -0.0406294900996862 0.7965171715506837 0.603249235357276
vn -1 0 0
vn -0.0406294900996862 0.7965171715506837 0.603249235357276
vn -0.023713349932291895 0.13673303811629714 0.9903240648002429
vn -0.023713349932291895 0.13673303811629714 0.9903240648002429
vn 0 0.6037473044544301 0.7971757600203417
vn 0 -0.13677104016771433 0.9906026865355462
vn -0.057510424746553115 -0.6027463114260553 0.7958576726448994
vn -1 0 0
vn -0.023713349932291895 0.13673303811629714 0.9903240648002429
vn 0 -0.13677104016771433 0.9906026865355462
vn -0.057510424746553115 -0.6027463114260553 0.7958576726448994
vn -0.023713349932291895 0.13673303811629714 0.9903240648002429
vn -1 0 0
vn -0.057510424746553115 -0.6027463114260553 0.7958576726448994
vn -1 0 0
vn -0.057510424746553115 -0.6027463114260553 0.7958576726448994
vn 0 -0.13677104016771433 0.9906026865355462
vn 0 -0.7971770699334337 0.603745574867713
vn -1 0 0
vn -1 0 0
vn -0.057510424746553115 -0.6027463114260553 0.7958576726448994
vn 0 -0.7971770699334337 0.603745574867713
vn -0.023713311131421336 -0.9903241971511887 0.13673208625643787
vn -0.057510424746553115 -0.6027463114260553 0.7958576726448994
vn -1 0 0
vn -0.057510424746553115 -0.6027463114260553 0.7958576726448994
vn -0.023713311131421336 -0.9903241971511887 0.13673208625643787
vn -0.023713311131421336 -0.9903241971511887 0.13673208625643787
vn 0 -0.7971770699334337 0.603745574867713
vn 0 -0.9906027522550611 -0.13677056417481712
vn -0.057510424746553115 -0.7958576726448994 -0.6027463114260553
vn -1 0 0
vn -0.023713311131421336 -0.9903241971511887 0.13673208625643787
vn 0 -0.9906027522550611 -0.13677056417481712
vn -0.057510424746553115 -0.7958576726448994 -0.6027463114260553
vn -0.023713311131421336 -0.9903241971511887 0.13673208625643787
vn -1 0 0
vn -0.057510424746553115 -0.7958576726448994 -0.6027463114260553
vn -1 0 0
vn -0.057510424746553115 -0.7958576726448994 -0.6027463114260553
vn 0 -0.9906027522550611 -0.13677056417481712
vn 0 -0.603745574867713 -0.7971770699334337
vn -1 0 0
vn -1 0 0
vn -0.057510424746553115 -0.7958576726448994 -0.6027463114260553
vn 0 -0.603745574867713 -0.7971770699334337
vn -0.023713268168335508 -0.1367325623887065 -0.9903241324411898
vn -0.057510424746553115 -0.7958576726448994 -0.6027463114260553
vn -0.057510424746553115 -0.7958576726448994 -0.6027463114260553
vn -0.023713268168335508 -0.1367325623887065 -0.9903241324411898
vn -1 0 0
vn -0.023713268168335508 -0.1367325623887065 -0.9903241324411898
vn 0 -0.603745574867713 -0.7971770699334337
vn 0 0.1367715161605741 -0.9906026208158031
vn -0.04062968878858605 0.6032487174528618 -0.7965175536549209
vn -1 0 0
vn -0.023713268168335508 -0.1367325623887065 -0.9903241324411898
vn 0 0.1367715161605741 -0.9906026208158031
vn -0.04062968878858605 0.6032487174528618 -0.7965175536549209
vn -0.023713268168335508 -0.1367325623887065 -0.9903241324411898
vn -1 0 0
vn -0.04062968878858605 0.6032487174528618 -0.7965175536549209
vn -1 0 0
vn -0.04062968878858605 0.6032487174528618 -0.7965175536549209
vn 0 0.1367715161605741 -0.9906026208158031
vn 0 0.7971754001627291 -0.6037477796028675
vn -0.05751064878209424 0.9889627246810705 -0.13654762710518212
vn -1 0 0
vn -0.04062968878858605 0.6032487174528618 -0.7965175536549209
vn -0.04062968878858605 0.6032487174528618 -0.7965175536549209
vn 0 0.7971754001627291 -0.6037477796028675
vn -0.05751064878209424 0.9889627246810705 -0.13654762710518212
vn 0 1 0
vn 0 1 0
vn 0 1 0
vn 0 1 0
vn 0 1 0
vn 0 1 0
vn -0.88180525427395 -0.47161371219977766 0
vn -0.8420395940477465 -0.5394157228482558 0
vn -0.8420395940477465 -0.5394157228482558 0
vn -0.88180525427395 -0.47161371219977766 0
vn -0.8420395940477465 -0.5394157228482558 0
vn -0.88180525427395 -0.47161371219977766 0
vn -0.8420395940477465 -0.5394157228482558 0
vn -0.8420395940477465 -0.5394157228482558 0
vn -0.09634811621226046 -0.9953476982956001 0
vn -0.09634811621226046 -0.9953476982956001 0
vn -0.09634811621226046 -0.9953476982956001 0
vn -0.8420395940477465 -0.5394157228482558 0
vn -0.09634811621226046 -0.9953476982956001 0
vn 0.09634811621226046 -0.9953476982956001 0
vn -0.09634811621226046 -0.9953476982956001 0
vn -0.09634811621226046 -0.9953476982956001 0
vn 0.09634811621226046 -0.9953476982956001 0
vn 0.09634811621226046 -0.9953476982956001 0
vn 0.8420384079205468 -0.5394175744139513 0
vn 0.09634811621226046 -0.9953476982956001 0
vn 0.09634811621226046 -0.9953476982956001 0
vn 0.09634811621226046 -0.9953476982956001 0
vn 0.8420384079205468 -0.5394175744139513 0
vn 0.8420384079205468 -0.5394175744139513 0
vn 0.8420384079205468 -0.5394175744139513 0
vn 0.8818040091419851 -0.4716160402924413 0
vn 0.8420384079205468 -0.5394175744139513 0
vn 0.8818040091419851 -0.4716160402924413 0
vn 0.8818040091419851 -0.4716160402924413 0
vn 0.8420384079205468 -0.5394175744139513 0
vn 0 1 0
vn 0 1 0
vn 0 1 0
vn 0 1 0
vn 0 1 0
vn 0 1 0
vn 0 1 0
vn 0 1 0
vn 0 1 0
vn 0 1 0
vn 0 1 0
vn 0 1 0
vn 0 0.9807121099335675 -0.1954578149618228
vn 0 0.9807121099335675 -0.1954578149618228
vn 0 0.980712112789939 -0.195457800629942
vn 0 0.9807121099335675 -0.1954578149618228
vn 0 0.9807121099335675 -0.1954578149618228
vn 0 0.980712112789939 -0.195457800629942
vn 0 0.9807107801598047 0.1954644870004447
vn 0 0.9807107801598047 0.1954644870004447
vn 0 0.9807107801598047 0.1954644870004447
vn 0 0.9807107801598047 0.1954644870004447
vn 0 0.9807107801598047 0.1954644870004447
vn 0 0.9807107801598047 0.1954644870004447
vn 0 1 0
vn 0 1 0
vn 0 1 0
vn 0 1 0
vn 0 1 0
vn 0 1 0
vn 0 1 0
vn 0 1 0
vn 0 1 0
vn 0 1 0
vn 0 1 0
vn 0 1 0
vn -0.07714948118904388 0.9970195371968702 0
vn -0.07714948118904388 0.9970195371968702 0
vn -0.07714948118904388 0.9970195371968702 0
vn -0.07714948118904388 0.9970195371968702 0
vn -0.07714948118904388 0.9970195371968702 0
vn -0.07714948118904388 0.9970195371968702 0
vn -0.07714948118904388 0.9970195371968702 0
vn -0.07714948118904388 0.9970195371968702 0
vn -0.07714948118904388 0.9970195371968702 0
vn -0.07714948118904388 0.9970195371968702 0
vn -0.07714948118904388 0.9970195371968702 0
vn -0.07714948118904388 0.9970195371968702 0
vn 1 0 0
vn 1 0 0
vn 1 0 0
vn 1 0 0
vn 1 0 0
vn 1 0 0
vn 1 0 0
vn 1 0 0
vn 1 0 0
vn 1 0 0
vn 1 0 0
vn 1 0 0
vn 1 0 0
vn 1 0 0
vn 1 0 0
vn 1 0 0
vn 1 0 0
vn 1 0 0
vn 1 0 0
vn 1 0 0
vn 1 0 0
vn 1 0 0
vn 1 0 0
vn 1 0 0
vn 0.9655366474385478 0 -0.2602671367136642
vn 0.9655366474385478 0 -0.2602671367136642
vn 0.9655366474385478 0 -0.2602671367136642
vn 0.9655366474385478 0 -0.2602671367136642
vn 0.9655366474385478 0 -0.2602671367136642
vn 0.9655366399492997 0 -0.2602671644972071
vn 0.9655343105637814 0 0.2602758058754664
vn 0.9655343105637814 0 0.2602758058754664
vn 0.9655343105637814 0 0.2602758058754664
vn 0.9655343105637814 0 0.2602758058754664
vn 0.9655343105637814 0 0.2602758058754664
vn 0.96553431805326 0 0.2602757780920577
vn 0 -0.9906023518777624 0.13677346399885437
vn 0 -0.9906023518777624 -0.13677346399885437
vn 0 -0.7971752993349918 0.6037479127335896
vn 0 -0.7971752993349918 -0.6037479127335896
vn 0 -0.9906023518777624 -0.13677346399885437
vn 0 -0.9906023518777624 0.13677346399885437
vn 0 -0.9906023518777624 0.13677346399885437
vn 0 -0.7971752993349918 0.6037479127335896
vn 0 -0.6037478840462966 0.7971753210615716
vn 0 -0.7971752993349918 -0.6037479127335896
vn 0 -0.6037478840462966 -0.7971753210615716
vn 0 -0.9906023518777624 -0.13677346399885437
vn 0 -0.6037478840462966 0.7971753210615716
vn 0 -0.7971752993349918 0.6037479127335896
vn 0 -0.13677346399885437 0.9906023518777624
vn 0 -0.13677346399885437 -0.9906023518777624
vn 0 -0.6037478840462966 -0.7971753210615716
vn 0 -0.7971752993349918 -0.6037479127335896
vn 0 -0.6037478840462966 0.7971753210615716
vn 0 -0.13677346399885437 0.9906023518777624
vn 0 0.13677346399885437 0.9906023518777624
vn 0 -0.13677346399885437 -0.9906023518777624
vn 0 0.13677346399885437 -0.9906023518777624
vn 0 -0.6037478840462966 -0.7971753210615716
vn 0 0.13677346399885437 0.9906023518777624
vn 0 -0.13677346399885437 0.9906023518777624
vn 0 0.6037479127335896 0.7971752993349918
vn 0 0.6037479127335896 -0.7971752993349918
vn 0 0.13677346399885437 -0.9906023518777624
vn 0 -0.13677346399885437 -0.9906023518777624
vn 0 0.13677346399885437 0.9906023518777624
vn 0 0.6037479127335896 0.7971752993349918
vn 0 0.7971753210615716 0.6037478840462966
vn 0 0.6037479127335896 -0.7971752993349918
vn 0 0.7971753210615716 -0.6037478840462966
vn 0 0.13677346399885437 -0.9906023518777624
vn 0 0.9906023518777624 0.13677346399885437
vn 0 0.7971753210615716 0.6037478840462966
vn 0 0.6037479127335896 0.7971752993349918
vn 0 0.9906023518777624 -0.13677346399885437
vn 0 0.7971753210615716 -0.6037478840462966
vn 0 0.6037479127335896 -0.7971752993349918
vn 0 0.7971753210615716 0.6037478840462966
vn 0 0.9906023518777624 0.13677346399885437
vn 0 0.9906023518777624 -0.13677346399885437
vn 0 0.7971753210615716 -0.6037478840462966
vn 0 0.9906023518777624 -0.13677346399885437
vn 0 0.9906023518777624 0.13677346399885437
vn 0 0 -1
vn 0 0 -1
vn 0 0 -1
vn 0 0 -1
vn 0 0 -1
vn 0 0 -1
vn 0 0 -1
vn 0 0 -1
vn 0 0 -1
vn 0 0 -1
vn 0 0 -1
vn 0 0 -1
vn 0 0 1
vn 0 0 1
vn 0 0 1
vn 0 0 1
vn 0 0 1
vn 0 0 1
vn 0 0 1
vn 0 0 1
vn 0 0 1
vn 0 0 1
vn 0 0 1
vn 0 0 1
vn 0 0 -1
vn 0 0 -1
vn 0 0 -1
vn 0 0 -1
vn 0 0 -1
vn 0 0 -1
vn 0 0 -1
vn 0 0 -1
vn 0 0 -1
vn 0 0 -1
vn 0 0 -1
vn 0 0 -1
vn 0 0 1
vn 0 0 1
vn 0 0 1
vn 0 0 1
vn 0 0 1
vn 0 0 1
vn 0 0 1
vn 0 0 1
vn 0 0 1
vn 0 0 1
vn 0 0 1
vn 0 0 1
vn 0 1 0
vn 0 1 0
vn 0 1 0
vn 0 1 0
vn 0 1 0
vn 0 1 0
vn 0 0 -1
vn 0 0 -1
vn 0 0 -1
vn 0 0 -1
vn 0 0 -1
vn 0 0 -1
vn 0 0 -1
vn 0 0 -1
vn 0 0 -1
vn 0 0 -1
vn 0 0 -1
vn 0 0 -1
vn 0 0 -1
vn 0 0 -1
vn 0 0 -1
vn 0 0 -1
vn 0 0 -1
vn 0 0 -1
vn 0 0 -1
vn 0 0 -1
vn 0 0 -1
vn 0 0 -1
vn 0 0 -1
vn 0 0 -1
vn 0 0 -1
vn 0 0 -1
vn 0 0 -1
vn 0 0 -1
vn 0 0 -1
vn 0 0 -1
vn 0 0 -1
vn 0 0 -1
vn 0 0 -1
vn 0 0 -1
vn 0 0 -1
vn 0 0 -1
vn 0 0 -1
vn 0 0 -1
vn 0 0 -1
vn 0 0 -1
vn 0 0 -1
vn 0 0 -1
vn 0 0 -1
vn 0 0 -1
vn 0 0 -1
vn 0 0 -1
vn 0 0 -1
vn 0 0 -1
vn 0 0 -1
vn 0 0 -1
vn 0 0 -1
vn 0 0 -1
vn 0 0 -1
vn 0 0 -1
vn 0 0 -1
vn 0 0 -1
vn 0 0 -1
vn 0 0 -1
vn 0 0 -1
vn 0 0 -1
vn 0 0 -1
vn 0 0 -1
vn 0 0 -1
vn 0 0 -1
vn 0 0 -1
vn 0 0 -1
vn 0 0 -1
vn 0 0 -1
vn 0 0 -1
vn 0 0 -1
vn 0 0 -1
vn 0 0 -1
vn 0 0 -1
vn 0 0 -1
vn 0 0 -1
vn 0 0 -1
vn 0 0 -1
vn 0 0 -1
vn 0 0 -1
vn 0 0 -1
vn 0 0 -1
vn 0 0 -1
vn 0 0 -1
vn 0 0 -1
vn 0 0 -1
vn 0 0 -1
vn 0 0 -1
vn 0 0 -1
vn 0 0 -1
vn 0 0 -1
vn 0 0 1
vn 0 0 1
vn 0 0 1
vn 0 0 1
vn 0 0 1
vn 0 0 1
vn 0 0 1
vn 0 0 1
vn 0 0 1
vn 0 0 1
vn 0 0 1
vn 0 0 1
vn 0 0 1
vn 0 0 1
vn 0 0 1
vn 0 0 1
vn 0 0 1
vn 0 0 1
vn 0 0 1
vn 0 0 1
vn 0 0 1
vn 0 0 1
vn 0 0 1
vn 0 0 1
vn 0 0 1
vn 0 0 1
vn 0 0 1
vn 0 0 1
vn 0 0 1
vn 0 0 1
vn 0 0 1
vn 0 0 1
vn 0 0 1
vn 0 0 1
vn 0 0 1
vn 0 0 1
vn 0 0 1
vn 0 0 1
vn 0 0 1
vn 0 0 1
vn 0 0 1
vn 0 0 1
vn 0 0 1
vn 0 0 1
vn 0 0 1
vn 0 0 1
vn 0 0 1
vn 0 0 1
vn 0 0 1
vn 0 0 1
vn 0 0 1
vn 0 0 1
vn 0 0 1
vn 0 0 1
vn 0 0 1
vn 0 0 1
vn 0 0 1
vn 0 0 1
vn 0 0 1
vn 0 0 1
vn 0 0 1
vn 0 0 1
vn 0 0 1
vn 0 0 1
vn 0 0 1
vn 0 0 1
vn 0 0 1
vn 0 0 1
vn 0 0 1
vn 0 0 1
vn 0 0 1
vn 0 0 1
vn 0 0 1
vn 0 0 1
vn 0 0 1
vn 0 0 1
vn 0 0 1
vn 0 0 1
vn 0 0 1
vn 0 0 1
vn 0 0 1
vn 0 0 1
vn 0 0 1
vn 0 0 1
vn 0 0 1
vn 0 0 1
vn 0 0 1
vn 0 0 1
vn 0 0 1
vn 0 0 1
vn 0 0.183824690521911 0.9829590444950002
vn 0 0.1838246761242824 0.9829590471875228
vn 0 0.183824690521911 0.9829590444950002
vn 0 0.183824690521911 0.9829590444950002
vn 0 0.183824690521911 0.9829590444950002
vn 0 0.183824690521911 0.9829590444950002
vn 0 -0.7071068407911908 -0.7071067215818992
vn 0 -2.0839975578557102e-10 -1
vn 0 -7.097245457998724e-9 -1
vn 0 -7.097245457998724e-9 -1
vn 0 -2.0839975578557102e-10 -1
vn 0 0.7071067811865476 -0.7071067811865476
vn 0 -2.0839975578557102e-10 -1
vn 0 -0.7071068407911908 -0.7071067215818992
vn 0 -0.7071067811865476 -0.7071067811865476
vn 0 0.7071067811865476 -0.7071067811865476
vn 0 0.7071067811865476 -0.7071067811865476
vn 0 -2.0839975578557102e-10 -1
vn 0 -0.7071067811865476 -0.7071067811865476
vn 0 -0.7071068407911908 -0.7071067215818992
vn 0 -0.9906026208158031 -0.1367715161605741
vn 0 1 -2.0839975578557102e-10
vn 0 0.7071067811865476 -0.7071067811865476
vn 0 0.7071067811865476 -0.7071067811865476
vn 0 -0.9906026329292117 0.13677142842609133
vn 0 -0.9906026208158031 -0.1367715161605741
vn 0 -0.7071068407911908 -0.7071067215818992
vn 0 0.7071067811865476 -0.7071067811865476
vn 0 1 -2.0839975578557102e-10
vn 0 1 -7.097245457998724e-9
vn 0 -0.9906026208158031 -0.1367715161605741
vn 0 -0.9906026329292117 0.13677142842609133
vn 0 -0.797176530148451 0.6037462875914646
vn 0 1 -2.0839975578557102e-10
vn 0 0.7071067811865476 0.7071067811865476
vn 0 1 -7.097245457998724e-9
vn 0 -0.6037463541569041 0.7971764797347236
vn 0 -0.797176530148451 0.6037462875914646
vn 0 -0.9906026329292117 0.13677142842609133
vn 0 0.7071067811865476 0.7071067811865476
vn 0 1 -2.0839975578557102e-10
vn 0 0.7071067811865476 0.7071067811865476
vn 0 -0.797176530148451 0.6037462875914646
vn 0 -0.6037463541569041 0.7971764797347236
vn 0 1.25227003877625e-7 0.9999999999999922
vn 0 1.25227003877625e-7 0.9999999999999922
vn 0 0.7071067811865476 0.7071067811865476
vn 0 0.7071067811865476 0.7071067811865476
vn 0 -7.097245457998724e-9 1
vn 0 1.25227003877625e-7 0.9999999999999922
vn 0 -0.6037463541569041 0.7971764797347236
vn 0 0.7071067811865476 0.7071067811865476
vn 0 1.25227003877625e-7 0.9999999999999922
vn 0 -7.097245457998724e-9 1
vn 0 0.18382466172665368 -0.9829590498800452
vn 0 0.18382466172665368 -0.9829590498800452
vn 0 0.18382466172665368 -0.9829590498800452
vn 0 0.18382466172665368 -0.9829590498800452
vn 0 0.18382466172665368 -0.9829590498800452
vn 0 0.1838246761242824 -0.9829590471875228
vn 0 0 -1
vn 0 0 -1
vn 0 0 -1
vn 0 0 -1
vn 0 0 -1
vn 0 0 -1
vn 0 0 1
vn 0 0 1
vn 0 0 1
vn 0 0 1
vn 0 0 1
vn 0 0 1
vn 0 0 -1
vn 0 0 -1
vn 0 0 -1
vn 0 0 -1
vn 0 0 -1
vn 0 0 -1
vn 0 0 1
vn 0 0 1
vn 0 0 1
vn 0 0 1
vn 0 0 1
vn 0 0 1
vn 0 0 -1
vn 0 0 -1
vn 0 0 -1
vn 0 0 -1
vn 0 0 -1
vn 0 0 -1
vn 0 0 1
vn 0 0 1
vn 0 0 1
vn 0 0 1
vn 0 0 1
vn 0 0 1
vn 0 0 -1
vn 0 0 -1
vn 0 0 -1
vn 0 0 -1
vn 0 0 -1
vn 0 0 -1
vn 0 0 1
vn 0 0 1
vn 0 0 1
vn 0 0 1
vn 0 0 1
vn 0 0 1
vn -1 0 0
vn -1 0 0
vn -1 0 0
vn -1 0 0
vn -1 0 0
vn -1 0 0
vn -1 0 0
vn -1 0 0
vn -1 0 0
vn -1 0 0
vn -1 0 0
vn -1 0 0
vn -1 0 0
vn -1 0 0
vn -1 0 0
vn -1 0 0
vn -1 0 0
vn -1 0 0
vn 0 -0.6037486254557641 0.7971747595479144
vn 0 -0.7971747595479144 0.6037486254557641
vn 0 -0.9906022345683306 0.13677431362733994
vn 0 -0.9906022345683306 -0.13677431362733994
vn 0 -0.9906022345683306 0.13677431362733994
vn 0 -0.7971747595479144 0.6037486254557641
vn 0 -0.7971747595479144 0.6037486254557641
vn 0 -0.6037486254557641 0.7971747595479144
vn 0 -0.1367742990049382 0.9906022365872731
vn 0 -0.9906022345683306 0.13677431362733994
vn 0 -0.9906022345683306 -0.13677431362733994
vn 0 -0.7071066619772459 -0.707106900395829
vn 0 0.13677428438253636 0.9906022386062152
vn 0 -0.1367742990049382 0.9906022365872731
vn 0 -0.6037486254557641 0.7971747595479144
vn 0 -0.7071067811865476 -0.7071067811865476
vn 0 -0.7071066619772459 -0.707106900395829
vn 0 -0.9906022345683306 -0.13677431362733994
vn 0 -0.1367742990049382 0.9906022365872731
vn 0 0.13677428438253636 0.9906022386062152
vn 0 0.6037486254557641 0.7971747595479144
vn 0 9.732320727096067e-9 -1
vn 0 -0.7071066619772459 -0.707106900395829
vn 0 -0.7071067811865476 -0.7071067811865476
vn 0 0.7971748099618521 0.6037485588904417
vn 0 0.6037486254557641 0.7971747595479144
vn 0 0.13677428438253636 0.9906022386062152
vn 0 -0.7071066619772459 -0.707106900395829
vn 0 9.732320727096067e-9 -1
vn 0 -2.9847209148670117e-9 -1
vn 0 0.7971748099618521 0.6037485588904417
vn 0 0.9906022386062152 0.13677428438253636
vn 0 0.6037486254557641 0.7971747595479144
vn 0 -2.9847209148670117e-9 -1
vn 0 9.732320727096067e-9 -1
vn 0 0.6037484544470926 -0.797174889063088
vn 0 0.9906022386062152 0.13677428438253636
vn 0 0.7971748099618521 0.6037485588904417
vn 0 0.9906022386062152 -0.13677428438253636
vn 0 0.7971748099618521 -0.6037485588904417
vn 0 0.6037484544470926 -0.797174889063088
vn 0 9.732320727096067e-9 -1
vn 0 0.9906022386062152 -0.13677428438253636
vn 0 0.7971748099618521 -0.6037485588904417
vn 0 0.9906022386062152 0.13677428438253636
vn 0 0.7971748099618521 -0.6037485588904417
vn 0 0.9906022386062152 -0.13677428438253636
vn 0 0.6037484544470926 -0.797174889063088
vn 0 -0.9906026187969009 -0.13677153078298757
vn 0 -0.9906026187969009 0.13677153078298757
vn 0 -0.7971764797347236 0.6037463541569041
vn 0 -0.9906026187969009 0.13677153078298757
vn 0 -0.6037463541569041 0.7971764797347236
vn 0 -0.7971764797347236 0.6037463541569041
vn 0 -0.7971764797347236 -0.6037463541569041
vn 0 -0.9906026187969009 0.13677153078298757
vn 0 -0.9906026187969009 -0.13677153078298757
vn 0 -0.7971764797347236 0.6037463541569041
vn 0 -0.6037463541569041 0.7971764797347236
vn 0 -0.13677153078298757 0.9906026187969009
vn 0 -0.6037463541569041 -0.7971764797347236
vn 0 -0.7971764797347236 -0.6037463541569041
vn 0 -0.9906026187969009 -0.13677153078298757
vn 0 -0.6037463541569041 0.7971764797347236
vn 0 0.13677153078298757 0.9906026187969009
vn 0 -0.13677153078298757 0.9906026187969009
vn 0 -0.13677153078298757 -0.9906026187969009
vn 0 -0.7971764797347236 -0.6037463541569041
vn 0 -0.6037463541569041 -0.7971764797347236
vn 0 -0.13677153078298757 0.9906026187969009
vn 0 0.13677153078298757 0.9906026187969009
vn 0 0.6037463541569041 0.7971764797347236
vn 0 0.13677153078298757 -0.9906026187969009
vn 0 -0.13677153078298757 -0.9906026187969009
vn 0 -0.6037463541569041 -0.7971764797347236
vn 0 0.13677153078298757 0.9906026187969009
vn 0 0.7971764797347236 0.6037463541569041
vn 0 0.6037463541569041 0.7971764797347236
vn 0 0.6037463541569041 -0.7971764797347236
vn 0 -0.13677153078298757 -0.9906026187969009
vn 0 0.13677153078298757 -0.9906026187969009
vn 0 0.7971764797347236 0.6037463541569041
vn 0 0.9906026187969009 0.13677153078298757
vn 0 0.6037463541569041 0.7971764797347236
vn 0 0.7971764797347236 -0.6037463541569041
vn 0 0.6037463541569041 -0.7971764797347236
vn 0 0.13677153078298757 -0.9906026187969009
vn 0 0.9906026187969009 0.13677153078298757
vn 0 0.7971764797347236 0.6037463541569041
vn 0 0.9906026187969009 -0.13677153078298757
vn 0 0.7971764797347236 -0.6037463541569041
vn 0 0.9906026187969009 -0.13677153078298757
vn 0 0.6037463541569041 -0.7971764797347236
vn 0 0.9906026187969009 -0.13677153078298757
vn 0 0.7971764797347236 -0.6037463541569041
vn 0 0.9906026187969009 0.13677153078298757
vn 0 0 -1
vn 0 0 -1
vn 0 0 -1
vn 0 0 -1
vn 0 0 -1
vn 0 0 -1
vn 0 0 1
vn 0 0 1
vn 0 0 1
vn 0 0 1
vn 0 0 1
vn 0 0 1
vn 0 0 -1
vn 0 0 -1
vn 0 0 -1
vn 0 0 -1
vn 0 0 -1
vn 0 0 -1
vn 0 0 1
vn 0 0 1
vn 0 0 1
vn 0 0 1
vn 0 0 1
vn 0 0 1
vn 0 0 -1
vn 0 0 -1
vn 0 0 -1
vn 0 0 -1
vn 0 0 -1
vn 0 0 -1
vn 0 0 1
vn 0 0 1
vn 0 0 1
vn 0 0 1
vn 0 0 1
vn 0 0 1
vn 0 0 1
vn 0 0 1
vn 0 0 1
vn 0 0 1
vn 0 0 1
vn 0 0 1
vn 0 0 1
vn 0 0 1
vn 0 0 1
vn 0 0 1
vn 0 0 1
vn 0 0 1
vn 0 0 1
vn 0 0 1
vn 0 0 1
vn 0 0 1
vn 0 0 1
vn 0 0 1
vn 0 0 1
vn 0 0 1
vn 0 0 1
vn 0 0 1
vn 0 0 1
vn 0 0 1
vn 0 0 1
vn 0 0 1
vn 0 0 1
vn 0 0 1
vn 0 0 1
vn 0 0 1
vn 0 0 1
vn 0 0 1
vn 0 0 1
vn 0 0 1
vn 0 0 1
vn 0 0 1
vn 0 0 1
vn 0 0 1
vn 0 0 1
vn 0 0 1
vn 0 0 1
vn 0 0 1
vn 0 0 1
vn 0 0 1
vn 0 0 1
vn 0 0 1
vn 0 0 1
vn 0 0 1
vn 0 0 1
vn 0 0 1
vn 0 0 1
vn 0 0 1
vn 0 0 1
vn 0 0 1
vn 0 0 1
vn 0 0 1
vn 0 0 1
vn 0 0 1
vn 0 0 1
vn 0 0 1
vn 0 0 1
vn 0 0 1
vn 0 0 1
vn 0 0 1
vn 0 0 1
vn 0 0 1
vn 0 0 1
vn 0 0 1
vn 0 0 1
vn 0 0 1
vn 0 0 1
vn 0 0 1
vn 0 0 1
vn 0 0 1
vn 0 0 1
vn 0 0 1
vn 0 0 1
vn 0 0 1
vn 0 0 1
vn 0 0 1
vn 0 0 1
vn 0 0 1
vn 0 0 1
vn 0 0 1
vn 0 0 1
vn 0 0 1
vn 0 0 1
vn 0 0 1
vn 0 0 1
vn 0 0 1
vn 0 0 1
vn 0 0 1
vn 0 0 1
vn 0 0 -1
vn 0 0 -1
vn 0 0 -1
vn 0 0 -1
vn 0 0 -1
vn 0 0 -1
vn 0 0 -1
vn 0 0 -1
vn 0 0 -1
vn 0 0 -1
vn 0 0 -1
vn 0 0 -1
vn 0 0 -1
vn 0 0 -1
vn 0 0 -1
vn 0 0 -1
vn 0 0 -1
vn 0 0 -1
vn 0 0 -1
vn 0 0 -1
vn 0 0 -1
vn 0 0 -1
vn 0 0 -1
vn 0 0 -1
vn 0 0 -1
vn 0 0 -1
vn 0 0 -1
vn 0 0 -1
vn 0 0 -1
vn 0 0 -1
vn 0 0 -1
vn 0 0 -1
vn 0 0 -1
vn 0 0 -1
vn 0 0 -1
vn 0 0 -1
vn 0 0 -1
vn 0 0 -1
vn 0 0 -1
vn 0 0 -1
vn 0 0 -1
vn 0 0 -1
vn 0 0 -1
vn 0 0 -1
vn 0 0 -1
vn 0 0 -1
vn 0 0 -1
vn 0 0 -1
vn 0 0 -1
vn 0 0 -1
vn 0 0 -1
vn 0 0 -1
vn 0 0 -1
vn 0 0 -1
vn 0 0 -1
vn 0 0 -1
vn 0 0 -1
vn 0 0 -1
vn 0 0 -1
vn 0 0 -1
vn 0 0 -1
vn 0 0 -1
vn 0 0 -1
vn 0 0 -1
vn 0 0 -1
vn 0 0 -1
vn 0 0 -1
vn 0 0 -1
vn 0 0 -1
vn 0 0 -1
vn 0 0 -1
vn 0 0 -1
vn 0 0 -1
vn 0 0 -1
vn 0 0 -1
vn 0 0 -1
vn 0 0 -1
vn 0 0 -1
vn 0 0 -1
vn 0 0 -1
vn 0 0 -1
vn 0 0 -1
vn 0 0 -1
vn 0 0 -1
vn 0 0 -1
vn 0 0 -1
vn 0 0 -1
vn 0 0 -1
vn 0 0 -1
vn 0 0 -1
vn 0.08895582672112787 -0.9960355721019007 0
vn 0.4209693616884523 -0.9070748571753143 0
vn 0.5750628732476026 -0.8181092175328498 0
vn 0.8181111579195636 -0.5750601127599714 0
vn 0.5750628732476026 -0.8181092175328498 0
vn 0.4209693616884523 -0.9070748571753143 0
vn 0.4209693616884523 -0.9070748571753143 0
vn 0.08895582672112787 -0.9960355721019007 0
vn -0.08895416782668696 -0.9960357202561873 0
vn 0.5750628732476026 -0.8181092175328498 0
vn 0.8181111579195636 -0.5750601127599714 0
vn 0.9070683684790253 -0.4209833427878105 0
vn -0.42096077472608073 -0.9070788422965326 0
vn -0.08895416782668696 -0.9960357202561873 0
vn 0.08895582672112787 -0.9960355721019007 0
vn 0.9960340583362861 -0.08897277467938187 0
vn 0.9070683684790253 -0.4209833427878105 0
vn 0.8181111579195636 -0.5750601127599714 0
vn -0.08895416782668696 -0.9960357202561873 0
vn -0.42096077472608073 -0.9070788422965326 0
vn -0.5750681224630836 -0.8181055277449139 0
vn 0.9070683684790253 -0.4209833427878105 0
vn 0.9960340583362861 -0.08897277467938187 0
vn 0.9960339321287677 0.08897418753832617 0
vn -0.8643348196672253 -0.5029168117133392 0.000002629649082515745
vn -0.5750681224630836 -0.8181055277449139 0
vn -0.42096077472608073 -0.9070788422965326 0
vn 0.9960339321287677 0.08897418753832617 0
vn 0.9960340583362861 -0.08897277467938187 0
vn 0.9070627330639673 0.4209954848766506 0
vn -0.5750681224630836 -0.8181055277449139 0
vn -0.8643348196672253 -0.5029168117133392 0.000002629649082515745
vn -0.8625827226459578 -0.5059160469808073 0
vn 0.9070627330639673 0.4209954848766506 0
vn 0.8181059181027539 0.5750675671303764 0
vn 0.9960339321287677 0.08897418753832617 0
vn -0.8643348196672253 -0.5029168117133392 0.000002629649082515745
vn -0.9659191420880474 -0.2588439895433615 0.000005016647291130783
vn -0.8625827226459578 -0.5059160469808073 0
vn 0.5750628732476026 0.8181092175328498 0
vn 0.8181059181027539 0.5750675671303764 0
vn 0.9070627330639673 0.4209954848766506 0
vn -0.9659191420880474 -0.2588439895433615 0.000005016647291130783
vn -0.8643348196672253 -0.5029168117133392 0.000002629649082515745
vn -0.9999788042410686 -0.006510840416190577 0.000005067296234214326
vn 0.8181059181027539 0.5750675671303764 0
vn 0.5750628732476026 0.8181092175328498 0
vn 0.4209693616884523 0.9070748571753143 0
vn -0.9999788042410686 -0.006510840416190577 0.000005067296234214326
vn -0.9690015752230491 0.24705454299658114 0
vn -0.9659191420880474 -0.2588439895433615 0.000005016647291130783
vn 0.08895582672112787 0.9960355721019007 0
vn 0.4209693616884523 0.9070748571753143 0
vn 0.5750628732476026 0.8181092175328498 0
vn -0.9070684473245711 0.4209831729038487 0
vn -0.9690015752230491 0.24705454299658114 0
vn -0.9999788042410686 -0.006510840416190577 0.000005067296234214326
vn 0.4209693616884523 0.9070748571753143 0
vn 0.08895582672112787 0.9960355721019007 0
vn -0.08895416782668696 0.9960357202561873 0
vn -0.9690015752230491 0.24705454299658114 0
vn -0.9070684473245711 0.4209831729038487 0
vn -0.8181199918538224 0.575047544929201 0
vn -0.42096077472608073 0.9070788422965326 0
vn -0.08895416782668696 0.9960357202561873 0
vn 0.08895582672112787 0.9960355721019007 0
vn -0.5750681224630836 0.8181055277449139 0
vn -0.8181199918538224 0.575047544929201 0
vn -0.9070684473245711 0.4209831729038487 0
vn -0.08895416782668696 0.9960357202561873 0
vn -0.42096077472608073 0.9070788422965326 0
vn -0.5750681224630836 0.8181055277449139 0
vn -0.8181199918538224 0.575047544929201 0
vn -0.5750681224630836 0.8181055277449139 0
vn -0.42096077472608073 0.9070788422965326 0
vn -1 0 0
vn -1 0 0
vn -1 0 0
vn -1 0 0
vn -1 0 0
vn -1 0 0
vn 0 -0.7971752706476978 -0.603747950611652
vn 0 -0.603747950611652 -0.7971752706476978
vn 0 -0.13677349324366445 -0.9906023478399016
vn 0 0.13677349324366445 -0.9906023478399016
vn 0 -0.13677349324366445 -0.9906023478399016
vn 0 -0.603747950611652 -0.7971752706476978
vn 0 -0.603747950611652 -0.7971752706476978
vn 0 -0.7971752706476978 -0.603747950611652
vn 0 -0.9906023478399016 -0.13677349324366445
vn 0 -0.13677349324366445 -0.9906023478399016
vn 0 0.13677349324366445 -0.9906023478399016
vn 0 0.603747950611652 -0.7971752706476978
vn 0 -0.9906023478399016 0.13677349324366445
vn 0 -0.9906023478399016 -0.13677349324366445
vn 0 -0.7971752706476978 -0.603747950611652
vn 0 0.7971752706476978 -0.603747950611652
vn 0 0.603747950611652 -0.7971752706476978
vn 0 0.13677349324366445 -0.9906023478399016
vn 0 -0.9906023478399016 -0.13677349324366445
vn 0 -0.9906023478399016 0.13677349324366445
vn 0 -0.7971752706476978 0.603747950611652
vn 0 0.7971752706476978 -0.603747950611652
vn 0 0.9906023478399016 -0.13677349324366445
vn 0 0.603747950611652 -0.7971752706476978
vn 0 -0.603747950611652 0.7971752706476978
vn 0 -0.7971752706476978 0.603747950611652
vn 0 -0.9906023478399016 0.13677349324366445
vn 0 0.9906023478399016 -0.13677349324366445
vn 0 0.7971752706476978 -0.603747950611652
vn 0 0.9906023478399016 0.13677349324366445
vn 0 -0.7971752706476978 0.603747950611652
vn 0 -0.603747950611652 0.7971752706476978
vn 0 -0.13677349324366445 0.9906023478399016
vn 0 0.9906023478399016 0.13677349324366445
vn 0 0.7971752706476978 0.603747950611652
vn 0 0.9906023478399016 -0.13677349324366445
vn 0 0.13677349324366445 0.9906023478399016
vn 0 -0.13677349324366445 0.9906023478399016
vn 0 -0.603747950611652 0.7971752706476978
vn 0 0.7971752706476978 0.603747950611652
vn 0 0.9906023478399016 0.13677349324366445
vn 0 0.603747950611652 0.7971752706476978
vn 0 -0.13677349324366445 0.9906023478399016
vn 0 0.13677349324366445 0.9906023478399016
vn 0 0.603747950611652 0.7971752706476978
vn 0 0.7971752706476978 0.603747950611652
vn 0 0.603747950611652 0.7971752706476978
vn 0 0.13677349324366445 0.9906023478399016
vn 0 -1 -2.5573019257763008e-9
vn 0 -0.7071065427679242 0.7071070196050905
vn 0 -0.7071067811865476 0.7071067811865476
vn 0 -0.7071067811865476 0.7071067811865476
vn 0 -0.7071065427679242 0.7071070196050905
vn 0 -0.13677339088682758 0.9906023619724107
vn 0 -0.7071065427679242 0.7071070196050905
vn 0 -1 -2.5573019257763008e-9
vn 0 -1 -5.1146038515526016e-9
vn 0 -0.7071065427679242 0.7071070196050905
vn 0 0.1367734055092331 0.9906023599534814
vn 0 -0.13677339088682758 0.9906023619724107
vn 0 -0.7971751698199302 -0.6037480837423548
vn 0 -1 -5.1146038515526016e-9
vn 0 -1 -2.5573019257763008e-9
vn 0 -0.13677339088682758 0.9906023619724107
vn 0 0.1367734055092331 0.9906023599534814
vn 0 0.7071067811865476 0.7071067811865476
vn 0 -0.60374784616823 -0.7971753497488638
vn 0 -0.7971751698199302 -0.6037480837423548
vn 0 -1 -2.5573019257763008e-9
vn 0 0.1367734055092331 0.9906023599534814
vn 0 0.7071067811865476 0.7071067811865476
vn 0 0.7071067811865476 0.7071067811865476
vn 0 1.1157180956899992e-8 -1
vn 0 -0.7971751698199302 -0.6037480837423548
vn 0 -0.60374784616823 -0.7971753497488638
vn 0 1 -1.1157180956899992e-8
vn 0 0.7071067811865476 0.7071067811865476
vn 0 0.7071067811865476 0.7071067811865476
vn 0 -7.111202737775102e-9 -1
vn 0 1.1157180956899992e-8 -1
vn 0 -0.60374784616823 -0.7971753497488638
vn 0 0.7071067811865476 0.7071067811865476
vn 0 1 -1.1157180956899992e-8
vn 0 1 7.111202737775102e-9
vn 0 0.7071067811865476 -0.7071067811865476
vn 0 1.1157180956899992e-8 -1
vn 0 -7.111202737775102e-9 -1
vn 0 1 -1.1157180956899992e-8
vn 0 0.7071067811865476 -0.7071067811865476
vn 0 1 7.111202737775102e-9
vn 0 1.1157180956899992e-8 -1
vn 0 0.7071067811865476 -0.7071067811865476
vn 0 0.7071067811865476 -0.7071067811865476
vn 0 0.7071067811865476 -0.7071067811865476
vn 0 1 -1.1157180956899992e-8
vn 0 0.7071067811865476 -0.7071067811865476
vn 0 -0.7971764797347236 -0.6037463541569041
vn 0 -0.6037463541569041 -0.7971764797347236
vn 0 -0.13677153078298757 -0.9906026187969009
vn 0 0.13677153078298757 -0.9906026187969009
vn 0 -0.13677153078298757 -0.9906026187969009
vn 0 -0.6037463541569041 -0.7971764797347236
vn 0 -0.6037463541569041 -0.7971764797347236
vn 0 -0.7971764797347236 -0.6037463541569041
vn 0 -0.9906026187969009 -0.13677153078298757
vn 0 -0.13677153078298757 -0.9906026187969009
vn 0 0.13677153078298757 -0.9906026187969009
vn 0 0.6037463541569041 -0.7971764797347236
vn 0 -0.9906026187969009 0.13677153078298757
vn 0 -0.9906026187969009 -0.13677153078298757
vn 0 -0.7971764797347236 -0.6037463541569041
vn 0 0.7971764797347236 -0.6037463541569041
vn 0 0.6037463541569041 -0.7971764797347236
vn 0 0.13677153078298757 -0.9906026187969009
vn 0 -0.9906026187969009 -0.13677153078298757
vn 0 -0.9906026187969009 0.13677153078298757
vn 0 -0.7971764797347236 0.6037463541569041
vn 0 0.7971764797347236 -0.6037463541569041
vn 0 0.9906026187969009 -0.13677153078298757
vn 0 0.6037463541569041 -0.7971764797347236
vn 0 -0.6037463541569041 0.7971764797347236
vn 0 -0.7971764797347236 0.6037463541569041
vn 0 -0.9906026187969009 0.13677153078298757
vn 0 0.9906026187969009 -0.13677153078298757
vn 0 0.7971764797347236 -0.6037463541569041
vn 0 0.9906026187969009 0.13677153078298757
vn 0 -0.7971764797347236 0.6037463541569041
vn 0 -0.6037463541569041 0.7971764797347236
vn 0 -0.13677153078298757 0.9906026187969009
vn 0 0.9906026187969009 0.13677153078298757
vn 0 0.7971764797347236 0.6037463541569041
vn 0 0.9906026187969009 -0.13677153078298757
vn 0 0.13677153078298757 0.9906026187969009
vn 0 -0.13677153078298757 0.9906026187969009
vn 0 -0.6037463541569041 0.7971764797347236
vn 0 0.7971764797347236 0.6037463541569041
vn 0 0.9906026187969009 0.13677153078298757
vn 0 0.6037463541569041 0.7971764797347236
vn 0 -0.13677153078298757 0.9906026187969009
vn 0 0.13677153078298757 0.9906026187969009
vn 0 0.6037463541569041 0.7971764797347236
vn 0 0.7971764797347236 0.6037463541569041
vn 0 0.6037463541569041 0.7971764797347236
vn 0 0.13677153078298757 0.9906026187969009
vn -1 0 0
vn -1 0 0
vn -1 0 0
vn -1 0 0
vn -1 0 0
vn -1 0 0
vn -1 0 0
vn -1 0 0
vn -1 0 0
vn -1 0 0
vn -1 0 0
vn -1 0 0
vn -1 0 0
vn -1 0 0
vn -1 0 0
vn -1 0 0
vn -1 0 0
vn -1 0 0
vn -0.9655366399492997 0 -0.2602671644972071
vn -0.9655366399492997 0 -0.2602671644972071
vn -0.9655366399492997 0 -0.2602671644972071
vn -0.9655366399492997 0 -0.2602671644972071
vn -0.9655366399492997 0 -0.2602671644972071
vn -0.9655366474385478 0 -0.2602671367136642
vn -0.9655343105637814 0 0.2602758058754664
vn -0.9655343105637814 0 0.2602758058754664
vn -0.9655343105637814 0 0.2602758058754664
vn -0.9655343105637814 0 0.2602758058754664
vn -0.9655343105637814 0 0.2602758058754664
vn -0.96553431805326 0 0.2602757780920577
vn 0 -0.9807121156463101 -0.19545778629806104
vn 0 -0.9807121156463101 -0.19545778629806104
vn 0 -0.980712112789939 -0.195457800629942
vn 0 -0.9807121156463101 -0.19545778629806104
vn 0 -0.9807121156463101 -0.19545778629806104
vn 0 -0.980712112789939 -0.195457800629942
vn 0 -0.9807107801598047 0.1954644870004447
vn 0 -0.9807107801598047 0.1954644870004447
vn 0 -0.9807107801598047 0.1954644870004447
vn 0 -0.9807107801598047 0.1954644870004447
vn 0 -0.9807107801598047 0.1954644870004447
vn 0 -0.9807107801598047 0.1954644870004447
vn 0 -1 0
vn 0 -1 0
vn 0 -1 0
vn 0 -1 0
vn 0 -1 0
vn 0 -1 0
vn 0 -1 0
vn 0 -1 0
vn 0 -1 0
vn 0 -1 0
vn 0 -1 0
vn 0 -1 0
vn 2.9983690530421825e-10 -1 0
vn 0.42096793432400187 -0.9070755196073714 0
vn 0.57505930187127 -0.8181117279023248 0
vn 0.57505930187127 -0.8181117279023248 0
vn 0.42096793432400187 -0.9070755196073714 0
vn 0.8181093888335143 -0.5750626295478204 0
vn 0.42096793432400187 -0.9070755196073714 0
vn 2.9983690530421825e-10 -1 0
vn 5.996738106084365e-10 -1 0
vn 0.8181093888335143 -0.5750626295478204 0
vn 0.9070698055537975 -0.42098024639238846 0
vn 0.57505930187127 -0.8181117279023248 0
vn 2.9983690530421825e-10 -1 0
vn -0.4999855527264872 -0.8660337447610162 0
vn 5.996738106084365e-10 -1 0
vn 0.9960343895029516 -0.08896906725082868 0
vn 0.9070698055537975 -0.42098024639238846 0
vn 0.8181093888335143 -0.5750626295478204 0
vn -0.49998557507865937 -0.8660337318564805 0
vn -0.4999855527264872 -0.8660337447610162 0
vn 2.9983690530421825e-10 -1 0
vn 0.9070698055537975 -0.42098024639238846 0
vn 0.9960343895029516 -0.08896906725082868 0
vn 0.9960342637725209 0.08897047482807058 0
vn -0.4999855527264872 -0.8660337447610162 0
vn -0.49998557507865937 -0.8660337318564805 0
vn -0.8660331977126587 -0.4999865002773443 0
vn 0.9070641587996626 0.4209924130207818 0
vn 0.9960342637725209 0.08897047482807058 0
vn 0.9960343895029516 -0.08896906725082868 0
vn -0.8660331977126587 -0.4999865002773443 0
vn -0.8660331977126587 -0.4999865002773443 0
vn -0.4999855527264872 -0.8660337447610162 0
vn 0.9960342637725209 0.08897047482807058 0
vn 0.9070641587996626 0.4209924130207818 0
vn 0.8181041489936389 0.5750700839022961 0
vn -0.8660331977126587 -0.4999865002773443 0
vn -0.9960357176156553 -0.08895419739318884 0
vn -0.8660331977126587 -0.4999865002773443 0
vn 0.57505930187127 0.8181117279023248 0
vn 0.8181041489936389 0.5750700839022961 0
vn 0.9070641587996626 0.4209924130207818 0
vn -0.9960355912460843 0.08895561236405214 0
vn -0.9960357176156553 -0.08895419739318884 0
vn -0.8660331977126587 -0.4999865002773443 0
vn 0.8181041489936389 0.5750700839022961 0
vn 0.57505930187127 0.8181117279023248 0
vn 0.42096793432400187 0.9070755196073714 0
vn -0.9960355912460843 0.08895561236405214 0
vn -0.9070756098301875 0.42096773991743547 0
vn -0.9960357176156553 -0.08895419739318884 0
vn 2.9983690530421825e-10 1 0
vn 0.42096793432400187 0.9070755196073714 0
vn 0.57505930187127 0.8181117279023248 0
vn -0.8181111859613484 0.575060072866232 0
vn -0.9070756098301875 0.42096773991743547 0
vn -0.9960355912460843 0.08895561236405214 0
vn 0.42096793432400187 0.9070755196073714 0
vn 2.9983690530421825e-10 1 0
vn 5.996738106084365e-10 1 0
vn -0.8181111859613484 0.575060072866232 0
vn -0.5750513600437 0.8181173102385076 0
vn -0.9070756098301875 0.42096773991743547 0
vn 5.996738106084365e-10 1 0
vn 2.9983690530421825e-10 1 0
vn -0.4209550652366095 0.9070814919573884 0
vn -0.4209550652366095 0.9070814919573884 0
vn -0.5750513600437 0.8181173102385076 0
vn -0.8181111859613484 0.575060072866232 0
vn -0.4209550652366095 0.9070814919573884 0
vn 2.9983690530421825e-10 1 0
vn -0.5750513600437 0.8181173102385076 0
vn 2.9983690530421825e-10 -1 0
vn 0.42096793432400187 -0.9070755196073714 0
vn 0.57505930187127 -0.8181117279023248 0
vn 0.57505930187127 -0.8181117279023248 0
vn 0.42096793432400187 -0.9070755196073714 0
vn 0.8181093888335143 -0.5750626295478204 0
vn 0.42096793432400187 -0.9070755196073714 0
vn 2.9983690530421825e-10 -1 0
vn 5.996738106084365e-10 -1 0
vn 0.8181093888335143 -0.5750626295478204 0
vn 0.9070698055537975 -0.42098024639238846 0
vn 0.57505930187127 -0.8181117279023248 0
vn 2.9983690530421825e-10 -1 0
vn -0.4999855527264872 -0.8660337447610162 0
vn 5.996738106084365e-10 -1 0
vn 0.9960343895029516 -0.08896906725082868 0
vn 0.9070698055537975 -0.42098024639238846 0
vn 0.8181093888335143 -0.5750626295478204 0
vn -0.4999855527264872 -0.8660337447610162 0
vn 2.9983690530421825e-10 -1 0
vn -0.49998557507865937 -0.8660337318564805 0
vn 0.9070698055537975 -0.42098024639238846 0
vn 0.9960343895029516 -0.08896906725082868 0
vn 0.9960342637725209 0.08897047482807058 0
vn -0.8181164537515828 -0.5750525785534175 0
vn -0.4999855527264872 -0.8660337447610162 0
vn -0.49998557507865937 -0.8660337318564805 0
vn 0.9070641587996626 0.4209924130207818 0
vn 0.9960342637725209 0.08897047482807058 0
vn 0.9960343895029516 -0.08896906725082868 0
vn -0.4999855527264872 -0.8660337447610162 0
vn -0.8181164537515828 -0.5750525785534175 0
vn -0.9070812334937263 -0.4209556221782764 0
vn 0.9960342637725209 0.08897047482807058 0
vn 0.9070641587996626 0.4209924130207818 0
vn 0.8181041489936389 0.5750700839022961 0
vn -0.9960357176156553 -0.08895419739318884 0
vn -0.9070812334937263 -0.4209556221782764 0
vn -0.8181164537515828 -0.5750525785534175 0
vn 0.57505930187127 0.8181117279023248 0
vn 0.8181041489936389 0.5750700839022961 0
vn 0.9070641587996626 0.4209924130207818 0
vn -0.9070812334937263 -0.4209556221782764 0
vn -0.9960357176156553 -0.08895419739318884 0
vn -0.9960355912460843 0.08895561236405214 0
vn 0.8181041489936389 0.5750700839022961 0
vn 0.57505930187127 0.8181117279023248 0
vn 0.42096793432400187 0.9070755196073714 0
vn -0.9070756098301875 0.42096773991743547 0
vn -0.9960355912460843 0.08895561236405214 0
vn -0.9960357176156553 -0.08895419739318884 0
vn 0.08895598933683226 0.9960355575786969 0
vn 0.42096793432400187 0.9070755196073714 0
vn 0.57505930187127 0.8181117279023248 0
vn -0.9960355912460843 0.08895561236405214 0
vn -0.9070756098301875 0.42096773991743547 0
vn -0.8181111859613484 0.575060072866232 0
vn 0.42096793432400187 0.9070755196073714 0
vn 0.08895598933683226 0.9960355575786969 0
vn -0.08895449305819482 0.9960356912102898 0
vn -0.5750513600437 0.8181173102385076 0
vn -0.8181111859613484 0.575060072866232 0
vn -0.9070756098301875 0.42096773991743547 0
vn -0.4209550652366095 0.9070814919573884 0
vn -0.08895449305819482 0.9960356912102898 0
vn 0.08895598933683226 0.9960355575786969 0
vn -0.8181111859613484 0.575060072866232 0
vn -0.5750513600437 0.8181173102385076 0
vn -0.4209550652366095 0.9070814919573884 0
vn -0.08895449305819482 0.9960356912102898 0
vn -0.4209550652366095 0.9070814919573884 0
vn -0.5750513600437 0.8181173102385076 0
vn 0.4209693616884523 -0.9070748571753143 0
vn 0.5750628732476026 -0.8181092175328498 0
vn 2.9983604488137416e-10 -1 0
vn 0.8181111579195636 -0.5750601127599714 0
vn 0.5750628732476026 -0.8181092175328498 0
vn 0.4209693616884523 -0.9070748571753143 0
vn 2.9983604488137416e-10 -1 0
vn 5.996720897627483e-10 -1 0
vn 0.4209693616884523 -0.9070748571753143 0
vn 0.5750628732476026 -0.8181092175328498 0
vn 0.8181111579195636 -0.5750601127599714 0
vn 0.9070683684790253 -0.4209833427878105 0
vn 2.9983604488137416e-10 -1 0
vn -0.42096077472608073 -0.9070788422965326 0
vn 5.996720897627483e-10 -1 0
vn 0.9960340583362861 -0.08897277467938187 0
vn 0.9070683684790253 -0.4209833427878105 0
vn 0.8181111579195636 -0.5750601127599714 0
vn -0.42096077472608073 -0.9070788422965326 0
vn 2.9983604488137416e-10 -1 0
vn -0.5750681224630836 -0.8181055277449139 0
vn 0.9070683684790253 -0.4209833427878105 0
vn 0.9960340583362861 -0.08897277467938187 0
vn 0.9960339321287677 0.08897418753832617 0
vn -0.5750681224630836 -0.8181055277449139 0
vn -0.8660331977126587 -0.4999865002773443 0
vn -0.42096077472608073 -0.9070788422965326 0
vn 0.9070627330639673 0.4209954848766506 0
vn 0.9960339321287677 0.08897418753832617 0
vn 0.9960340583362861 -0.08897277467938187 0
vn -0.8660331977126587 -0.4999865002773443 0
vn -0.8660331977126587 -0.4999865002773443 0
vn -0.5750681224630836 -0.8181055277449139 0
vn 0.9960339321287677 0.08897418753832617 0
vn 0.9070627330639673 0.4209954848766506 0
vn 0.8181059181027539 0.5750675671303764 0
vn -0.8660331977126587 -0.4999865002773443 0
vn -0.8660331977126587 -0.4999865002773443 0
vn -1 1.0661183047488976e-9 0
vn 0.5750628732476026 0.8181092175328498 0
vn 0.8181059181027539 0.5750675671303764 0
vn 0.9070627330639673 0.4209954848766506 0
vn -1 1.0661183047488976e-9 0
vn -1 2.132236609497795e-9 0
vn -0.8660331977126587 -0.4999865002773443 0
vn 0.8181059181027539 0.5750675671303764 0
vn 0.5750628732476026 0.8181092175328498 0
vn 0.4209693616884523 0.9070748571753143 0
vn -1 1.0661183047488976e-9 0
vn -0.9070684473245711 0.4209831729038487 0
vn -1 2.132236609497795e-9 0
vn 2.9983604488137416e-10 1 0
vn 0.4209693616884523 0.9070748571753143 0
vn 0.5750628732476026 0.8181092175328498 0
vn -0.8181199918538224 0.575047544929201 0
vn -0.9070684473245711 0.4209831729038487 0
vn -1 1.0661183047488976e-9 0
vn 0.4209693616884523 0.9070748571753143 0
vn 2.9983604488137416e-10 1 0
vn 5.996720897627483e-10 1 0
vn -0.8181199918538224 0.575047544929201 0
vn -0.5750681224630836 0.8181055277449139 0
vn -0.9070684473245711 0.4209831729038487 0
vn 5.996720897627483e-10 1 0
vn 2.9983604488137416e-10 1 0
vn -0.42096077472608073 0.9070788422965326 0
vn -0.42096077472608073 0.9070788422965326 0
vn -0.5750681224630836 0.8181055277449139 0
vn -0.8181199918538224 0.575047544929201 0
vn -0.42096077472608073 0.9070788422965326 0
vn 2.9983604488137416e-10 1 0
vn -0.5750681224630836 0.8181055277449139 0
vn 1 0 0
vn 1 0 0
vn 1 0 0
vn 1 0 0
vn 1 0 0
vn 1 0 0
vn 1 0 0
vn 1 0 0
vn 1 0 0
vn 1 0 0
vn 1 0 0
vn 1 0 0
vn 1 0 0
vn 1 0 0
vn 1 0 0
vn 1 0 0
vn 1 0 0
vn 1 0 0
vn 0.9694774880795796 0.24518034200748767 0
vn 0.9694774880795796 0.24518034200748767 0
vn 0.9694774880795796 0.24518034200748767 0
vn 0.9694774880795796 0.24518034200748767 0
vn 0.9694774880795796 0.24518034200748767 0
vn 0.9694774880795796 0.24518034200748767 0
vn 1 0 0
vn 1 0 0
vn 1 0 0
vn 1 0 0
vn 1 0 0
vn 1 0 0
vn 1 0 0
vn 1 0 0
vn 1 0 0
vn 1 0 0
vn 1 0 0
vn 1 0 0
vn 1 0 0
vn 1 0 0
vn 1 0 0
vn 1 0 0
vn 1 0 0
vn 1 0 0
vn 1 0 0
vn 1 0 0
vn 1 0 0
vn 1 0 0
vn 1 0 0
vn 1 0 0
vn -0.8745390039856745 3.322300438258236e-10 0.4849551840198685
vn -0.8745390039856745 -1.1651621707125484e-9 0.4849551840198685
vn -0.8745390637233945 0.3429150230172256 0.3429150230172256
vn -0.8745390637233945 -0.3429150230172256 0.3429150230172256
vn -0.8745390039856745 -1.1651621707125484e-9 0.4849551840198685
vn -0.8745390039856745 3.322300438258236e-10 0.4849551840198685
vn -0.8745390039856745 -1.1651621707125484e-9 0.4849551840198685
vn -0.8745390637233945 0.3429150230172256 0.3429150230172256
vn -0.8745390637233945 0.3429150230172256 0.3429150230172256
vn -0.8745390039856745 -1.1651621707125484e-9 0.4849551840198685
vn -0.8745390637233945 -0.3429150230172256 0.3429150230172256
vn -0.8745390637233945 -0.3429150230172256 0.3429150230172256
vn -0.8745390166252034 0.48495516122650173 -1.1651620765300905e-9
vn -0.8745390637233945 0.3429150230172256 0.3429150230172256
vn -0.8745390637233945 0.3429150230172256 0.3429150230172256
vn -0.8745390637233945 -0.3429150230172256 0.3429150230172256
vn -0.8745390637233945 -0.3429150230172256 0.3429150230172256
vn -0.8745390166252034 -0.48495516122650173 -1.1651620765300905e-9
vn -0.8745390637233945 0.3429150230172256 0.3429150230172256
vn -0.8745390166252034 0.48495516122650173 -1.1651620765300905e-9
vn -0.8745390039856745 0.4849551840198685 3.322300438258236e-10
vn -0.8745390166252034 -0.48495516122650173 -1.1651620765300905e-9
vn -0.8745390637233945 -0.3429150230172256 0.3429150230172256
vn -0.8745390039856745 -0.4849551840198685 3.322300438258236e-10
vn -0.8745390166252034 0.48495516122650173 -1.1651620765300905e-9
vn -0.8745390637233945 0.3429150230172256 -0.3429150230172256
vn -0.8745390039856745 0.4849551840198685 3.322300438258236e-10
vn -0.8745390637233945 -0.3429150230172256 -0.3429150230172256
vn -0.8745390166252034 -0.48495516122650173 -1.1651620765300905e-9
vn -0.8745390039856745 -0.4849551840198685 3.322300438258236e-10
vn -0.8745390166252034 0.48495516122650173 -1.1651620765300905e-9
vn -0.8745390637233945 0.3429150230172256 -0.3429150230172256
vn -0.8745390637233945 0.3429150230172256 -0.3429150230172256
vn -0.8745390166252034 -0.48495516122650173 -1.1651620765300905e-9
vn -0.8745390637233945 -0.3429150230172256 -0.3429150230172256
vn -0.8745390637233945 -0.3429150230172256 -0.3429150230172256
vn -0.8745390166252034 1.0093078444198972e-10 -0.48495516122650173
vn -0.8745390637233945 0.3429150230172256 -0.3429150230172256
vn -0.8745390637233945 0.3429150230172256 -0.3429150230172256
vn -0.8745390637233945 -0.3429150230172256 -0.3429150230172256
vn -0.8745390166252034 1.0093078444198972e-10 -0.48495516122650173
vn -0.8745390637233945 -0.3429150230172256 -0.3429150230172256
vn -0.8745390637233945 0.3429150230172256 -0.3429150230172256
vn -0.8745390166252034 1.0093078444198972e-10 -0.48495516122650173
vn -0.8745390039856745 3.322300438258236e-10 -0.4849551840198685
vn -0.8745390166252034 1.0093078444198972e-10 -0.48495516122650173
vn -0.8745390637233945 -0.3429150230172256 -0.3429150230172256
vn -0.8745390039856745 3.322300438258236e-10 -0.4849551840198685
vn -0.06332895224530558 -0.7056874705053587 0.705687351296068
vn -0.06332833842043009 -0.7056874384431493 0.7056874384431493
vn -0.06332896725739127 4.061609319812777e-9 0.9979927063391357
vn -0.06332895224530558 -0.7056874705053587 0.705687351296068
vn -0.06332901178158926 -0.9979927035137918 6.27102686635275e-9
vn -0.06332833842043009 -0.7056874384431493 0.7056874384431493
vn -0.06332895224530558 -0.7056874705053587 0.705687351296068
vn -0.06332896725739127 4.061609319812777e-9 0.9979927063391357
vn -0.06332956091333361 -8.948639376564281e-10 0.9979926686677234
vn -0.06332901178158926 -0.9979927035137918 6.27102686635275e-9
vn -0.06332895224530558 -0.7056874705053587 0.705687351296068
vn -0.06332965372888338 -0.9979926627779283 -8.190283348208659e-9
vn -0.06332896725739127 4.061609319812777e-9 0.9979927063391357
vn -0.06332893740390617 0.7056874711712984 0.7056873519620075
vn -0.06332956091333361 -8.948639376564281e-10 0.9979926686677234
vn -0.0633289596660055 -0.7056874105677461 -0.7056874105677461
vn -0.06332901178158926 -0.9979927035137918 6.27102686635275e-9
vn -0.06332965372888338 -0.9979926627779283 -8.190283348208659e-9
vn -0.06332893740390617 0.7056874711712984 0.7056873519620075
vn -0.06332896725739127 4.061609319812777e-9 0.9979927063391357
vn -0.06332833842043009 0.7056874384431493 0.7056874384431493
vn -0.0633289596660055 -0.7056874105677461 -0.7056874105677461
vn -0.06332833842043009 -0.7056874384431493 -0.7056874384431493
vn -0.06332901178158926 -0.9979927035137918 6.27102686635275e-9
vn -0.06332896725739127 0.9979927063391357 -4.061609319812777e-9
vn -0.06332893740390617 0.7056874711712984 0.7056873519620075
vn -0.06332833842043009 0.7056874384431493 0.7056874384431493
vn -0.0633289596660055 -0.7056874105677461 -0.7056874105677461
vn -0.06332896725739127 4.061609319812777e-9 -0.9979927063391357
vn -0.06332833842043009 -0.7056874384431493 -0.7056874384431493
vn -0.06332956091333361 0.9979926686677234 8.948639376564281e-10
vn -0.06332893740390617 0.7056874711712984 0.7056873519620075
vn -0.06332896725739127 0.9979927063391357 -4.061609319812777e-9
vn -0.06332896725739127 4.061609319812777e-9 -0.9979927063391357
vn -0.0633289596660055 -0.7056874105677461 -0.7056874105677461
vn -0.06332956091333361 -8.948639376564281e-10 -0.9979926686677234
vn -0.06332896725739127 0.9979927063391357 -4.061609319812777e-9
vn -0.06332893740390617 0.7056873519620075 -0.7056874711712984
vn -0.06332956091333361 0.9979926686677234 8.948639376564281e-10
vn -0.06332893740390617 0.7056873519620075 -0.7056874711712984
vn -0.06332896725739127 4.061609319812777e-9 -0.9979927063391357
vn -0.06332956091333361 -8.948639376564281e-10 -0.9979926686677234
vn -0.06332893740390617 0.7056873519620075 -0.7056874711712984
vn -0.06332896725739127 0.9979927063391357 -4.061609319812777e-9
vn -0.06332833842043009 0.7056874384431493 -0.7056874384431493
vn -0.06332893740390617 0.7056873519620075 -0.7056874711712984
vn -0.06332833842043009 0.7056874384431493 -0.7056874384431493
vn -0.06332896725739127 4.061609319812777e-9 -0.9979927063391357
f 1309//1309 1310//1310 1311//1311
f 1312//1312 1313//1313 1314//1314
f 1315//1315 1316//1316 1317//1317
f 1318//1318 1319//1319 1320//1320
f 1321//1321 1322//1322 1323//1323
f 1324//1324 1325//1325 1326//1326
f 1327//1327 1328//1328 1329//1329
f 1330//1330 1331//1331 1332//1332
f 1333//1333 1334//1334 1335//1335
f 1336//1336 1337//1337 1338//1338
f 1339//1339 1340//1340 1341//1341
f 1342//1342 1343//1343 1344//1344
f 1345//1345 1346//1346 1347//1347
f 1348//1348 1349//1349 1350//1350
f 1351//1351 1352//1352 1353//1353
f 1354//1354 1355//1355 1356//1356
f 1357//1357 1358//1358 1359//1359
f 1360//1360 1361//1361 1362//1362
f 1363//1363 1364//1364 1365//1365
f 1366//1366 1367//1367 1368//1368
f 1369//1369 1370//1370 1371//1371
f 1372//1372 1373//1373 1374//1374
f 1375//1375 1376//1376 1377//1377
f 1378//1378 1379//1379 1380//1380
f 1381//1381 1382//1382 1383//1383
f 1384//1384 1385//1385 1386//1386
f 1387//1387 1388//1388 1389//1389
f 1390//1390 1391//1391 1392//1392
f 1393//1393 1394//1394 1395//1395
f 1396//1396 1397//1397 1398//1398
f 1399//1399 1400//1400 1401//1401
f 1402//1402 1403//1403 1404//1404
f 1405//1405 1406//1406 1407//1407
f 1408//1408 1409//1409 1410//1410
f 1411//1411 1412//1412 1413//1413
f 1414//1414 1415//1415 1416//1416
f 1417//1417 1418//1418 1419//1419
f 1420//1420 1421//1421 1422//1422
f 1423//1423 1424//1424 1425//1425
f 1426//1426 1427//1427 1428//1428
f 1429//1429 1430//1430 1431//1431
f 1432//1432 1433//1433 1434//1434
f 1435//1435 1436//1436 1437//1437
f 1438//1438 1439//1439 1440//1440
f 1441//1441 1442//1442 1443//1443
f 1444//1444 1445//1445 1446//1446
f 1447//1447 1448//1448 1449//1449
f 1450//1450 1451//1451 1452//1452
f 1453//1453 1454//1454 1455//1455
f 1456//1456 1457//1457 1458//1458
f 1459//1459 1460//1460 1461//1461
f 1462//1462 1463//1463 1464//1464
f 1465//1465 1466//1466 1467//1467
f 1468//1468 1469//1469 1470//1470
f 1471//1471 1472//1472 1473//1473
f 1474//1474 1475//1475 1476//1476
f 1477//1477 1478//1478 1479//1479
f 1480//1480 1481//1481 1482//1482
f 1483//1483 1484//1484 1485//1485
f 1486//1486 1487//1487 1488//1488
f 1489//1489 1490//1490 1491//1491
f 1492//1492 1493//1493 1494//1494
f 1495//1495 1496//1496 1497//1497
f 1498//1498 1499//1499 1500//1500
f 1501//1501 1502//1502 1503//1503
f 1504//1504 1505//1505 1506//1506
f 1507//1507 1508//1508 1509//1509
f 1510//1510 1511//1511 1512//1512
f 1513//1513 1514//1514 1515//1515
f 1516//1516 1517//1517 1518//1518
f 1519//1519 1520//1520 1521//1521
f 1522//1522 1523//1523 1524//1524
f 1525//1525 1526//1526 1527//1527
f 1528//1528 1529//1529 1530//1530
f 1531//1531 1532//1532 1533//1533
f 1534//1534 1535//1535 1536//1536
f 1537//1537 1538//1538 1539//1539
f 1540//1540 1541//1541 1542//1542
f 1543//1543 1544//1544 1545//1545
f 1546//1546 1547//1547 1548//1548
f 1549//1549 1550//1550 1551//1551
f 1552//1552 1553//1553 1554//1554
f 1555//1555 1556//1556 1557//1557
f 1558//1558 1559//1559 1560//1560
f 1561//1561 1562//1562 1563//1563
f 1564//1564 1565//1565 1566//1566
f 1567//1567 1568//1568 1569//1569
f 1570//1570 1571//1571 1572//1572
f 1573//1573 1574//1574 1575//1575
f 1576//1576 1577//1577 1578//1578
f 1579//1579 1580//1580 1581//1581
f 1582//1582 1583//1583 1584//1584
f 1585//1585 1586//1586 1587//1587
f 1588//1588 1589//1589 1590//1590
f 1591//1591 1592//1592 1593//1593
f 1594//1594 1595//1595 1596//1596
f 1597//1597 1598//1598 1599//1599
f 1600//1600 1601//1601 1602//1602
f 1603//1603 1604//1604 1605//1605
f 1606//1606 1607//1607 1608//1608
f 1609//1609 1610//1610 1611//1611
f 1612//1612 1613//1613 1614//1614
f 1615//1615 1616//1616 1617//1617
f 1618//1618 1619//1619 1620//1620
f 1621//1621 1622//1622 1623//1623
f 1624//1624 1625//1625 1626//1626
f 1627//1627 1628//1628 1629//1629
f 1630//1630 1631//1631 1632//1632
f 1633//1633 1634//1634 1635//1635
f 1636//1636 1637//1637 1638//1638
f 1639//1639 1640//1640 1641//1641
f 1642//1642 1643//1643 1644//1644
f 1645//1645 1646//1646 1647//1647
f 1648//1648 1649//1649 1650//1650
f 1651//1651 1652//1652 1653//1653
f 1654//1654 1655//1655 1656//1656
f 1657//1657 1658//1658 1659//1659
f 1660//1660 1661//1661 1662//1662
f 1663//1663 1664//1664 1665//1665
f 1666//1666 1667//1667 1668//1668
f 1669//1669 1670//1670 1671//1671
f 1672//1672 1673//1673 1674//1674
f 1675//1675 1676//1676 1677//1677
f 1678//1678 1679//1679 1680//1680
f 1681//1681 1682//1682 1683//1683
f 1684//1684 1685//1685 1686//1686
f 1687//1687 1688//1688 1689//1689
f 1690//1690 1691//1691 1692//1692
f 1693//1693 1694//1694 1695//1695
f 1696//1696 1697//1697 1698//1698
f 1699//1699 1700//1700 1701//1701
f 1702//1702 1703//1703 1704//1704
f 1705//1705 1706//1706 1707//1707
f 1708//1708 1709//1709 1710//1710
f 1711//1711 1712//1712 1713//1713
f 1714//1714 1715//1715 1716//1716
f 1717//1717 1718//1718 1719//1719
f 1720//1720 1721//1721 1722//1722
f 1723//1723 1724//1724 1725//1725
f 1726//1726 1727//1727 1728//1728
f 1729//1729 1730//1730 1731//1731
f 1732//1732 1733//1733 1734//1734
f 1735//1735 1736//1736 1737//1737
f 1738//1738 1739//1739 1740//1740
f 1741//1741 1742//1742 1743//1743
f 1744//1744 1745//1745 1746//1746
f 1747//1747 1748//1748 1749//1749
f 1750//1750 1751//1751 1752//1752
f 1753//1753 1754//1754 1755//1755
f 1756//1756 1757//1757 1758//1758
f 1759//1759 1760//1760 1761//1761
f 1762//1762 1763//1763 1764//1764
f 1765//1765 1766//1766 1767//1767
f 1768//1768 1769//1769 1770//1770
f 1771//1771 1772//1772 1773//1773
f 1774//1774 1775//1775 1776//1776
f 1777//1777 1778//1778 1779//1779
f 1780//1780 1781//1781 1782//1782
f 1783//1783 1784//1784 1785//1785
f 1786//1786 1787//1787 1788//1788
f 1789//1789 1790//1790 1791//1791
f 1792//1792 1793//1793 1794//1794
f 1795//1795 1796//1796 1797//1797
f 1798//1798 1799//1799 1800//1800
f 1801//1801 1802//1802 1803//1803
f 1804//1804 1805//1805 1806//1806
f 1807//1807 1808//1808 1809//1809
f 1810//1810 1811//1811 1812//1812
f 1813//1813 1814//1814 1815//1815
f 1816//1816 1817//1817 1818//1818
f 1819//1819 1820//1820 1821//1821
f 1822//1822 1823//1823 1824//1824
f 1825//1825 1826//1826 1827//1827
f 1828//1828 1829//1829 1830//1830
f 1831//1831 1832//1832 1833//1833
f 1834//1834 1835//1835 1836//1836
f 1837//1837 1838//1838 1839//1839
f 1840//1840 1841//1841 1842//1842
f 1843//1843 1844//1844 1845//1845
f 1846//1846 1847//1847 1848//1848
f 1849//1849 1850//1850 1851//1851
f 1852//1852 1853//1853 1854//1854
f 1855//1855 1856//1856 1857//1857
f 1858//1858 1859//1859 1860//1860
f 1861//1861 1862//1862 1863//1863
f 1864//1864 1865//1865 1866//1866
f 1867//1867 1868//1868 1869//1869
f 1870//1870 1871//1871 1872//1872
f 1873//1873 1874//1874 1875//1875
f 1876//1876 1877//1877 1878//1878
f 1879//1879 1880//1880 1881//1881
f 1882//1882 1883//1883 1884//1884
f 1885//1885 1886//1886 1887//1887
f 1888//1888 1889//1889 1890//1890
f 1891//1891 1892//1892 1893//1893
f 1894//1894 1895//1895 1896//1896
f 1897//1897 1898//1898 1899//1899
f 1900//1900 1901//1901 1902//1902
f 1903//1903 1904//1904 1905//1905
f 1906//1906 1907//1907 1908//1908
f 1909//1909 1910//1910 1911//1911
f 1912//1912 1913//1913 1914//1914
f 1915//1915 1916//1916 1917//1917
f 1918//1918 1919//1919 1920//1920
f 1921//1921 1922//1922 1923//1923
f 1924//1924 1925//1925 1926//1926
f 1927//1927 1928//1928 1929//1929
f 1930//1930 1931//1931 1932//1932
f 1933//1933 1934//1934 1935//1935
f 1936//1936 1937//1937 1938//1938
f 1939//1939 1940//1940 1941//1941
f 1942//1942 1943//1943 1944//1944
f 1945//1945 1946//1946 1947//1947
f 1948//1948 1949//1949 1950//1950
f 1951//1951 1952//1952 1953//1953
f 1954//1954 1955//1955 1956//1956
f 1957//1957 1958//1958 1959//1959
f 1960//1960 1961//1961 1962//1962
f 1963//1963 1964//1964 1965//1965
f 1966//1966 1967//1967 1968//1968
f 1969//1969 1970//1970 1971//1971
f 1972//1972 1973//1973 1974//1974
f 1975//1975 1976//1976 1977//1977
f 1978//1978 1979//1979 1980//1980
f 1981//1981 1982//1982 1983//1983
f 1984//1984 1985//1985 1986//1986
f 1987//1987 1988//1988 1989//1989
f 1990//1990 1991//1991 1992//1992
f 1993//1993 1994//1994 1995//1995
f 1996//1996 1997//1997 1998//1998
f 1999//1999 2000//2000 2001//2001
f 2002//2002 2003//2003 2004//2004
f 2005//2005 2006//2006 2007//2007
f 2008//2008 2009//2009 2010//2010
f 2011//2011 2012//2012 2013//2013
f 2014//2014 2015//2015 2016//2016
f 2017//2017 2018//2018 2019//2019
f 2020//2020 2021//2021 2022//2022
f 2023//2023 2024//2024 2025//2025
f 2026//2026 2027//2027 2028//2028
f 2029//2029 2030//2030 2031//2031
f 2032//2032 2033//2033 2034//2034
f 2035//2035 2036//2036 2037//2037
f 2038//2038 2039//2039 2040//2040
f 2041//2041 2042//2042 2043//2043
f 2044//2044 2045//2045 2046//2046
f 2047//2047 2048//2048 2049//2049
f 2050//2050 2051//2051 2052//2052
f 2053//2053 2054//2054 2055//2055
f 2056//2056 2057//2057 2058//2058
f 2059//2059 2060//2060 2061//2061
f 2062//2062 2063//2063 2064//2064
f 2065//2065 2066//2066 2067//2067
f 2068//2068 2069//2069 2070//2070
f 2071//2071 2072//2072 2073//2073
f 2074//2074 2075//2075 2076//2076
f 2077//2077 2078//2078 2079//2079
f 2080//2080 2081//2081 2082//2082
f 2083//2083 2084//2084 2085//2085
f 2086//2086 2087//2087 2088//2088
f 2089//2089 2090//2090 2091//2091
f 2092//2092 2093//2093 2094//2094
f 2095//2095 2096//2096 2097//2097
f 2098//2098 2099//2099 2100//2100
f 2101//2101 2102//2102 2103//2103
f 2104//2104 2105//2105 2106//2106
f 2107//2107 2108//2108 2109//2109
f 2110//2110 2111//2111 2112//2112
f 2113//2113 2114//2114 2115//2115
f 2116//2116 2117//2117 2118//2118
f 2119//2119 2120//2120 2121//2121
f 2122//2122 2123//2123 2124//2124
f 2125//2125 2126//2126 2127//2127
f 2128//2128 2129//2129 2130//2130
f 2131//2131 2132//2132 2133//2133
f 2134//2134 2135//2135 2136//2136
f 2137//2137 2138//2138 2139//2139
f 2140//2140 2141//2141 2142//2142
f 2143//2143 2144//2144 2145//2145
f 2146//2146 2147//2147 2148//2148
f 2149//2149 2150//2150 2151//2151
f 2152//2152 2153//2153 2154//2154
f 2155//2155 2156//2156 2157//2157
f 2158//2158 2159//2159 2160//2160
f 2161//2161 2162//2162 2163//2163
f 2164//2164 2165//2165 2166//2166
f 2167//2167 2168//2168 2169//2169
f 2170//2170 2171//2171 2172//2172
f 2173//2173 2174//2174 2175//2175
f 2176//2176 2177//2177 2178//2178
f 2179//2179 2180//2180 2181//2181
f 2182//2182 2183//2183 2184//2184
f 2185//2185 2186//2186 2187//2187
f 2188//2188 2189//2189 2190//2190
f 2191//2191 2192//2192 2193//2193
f 2194//2194 2195//2195 2196//2196
f 2197//2197 2198//2198 2199//2199
f 2200//2200 2201//2201 2202//2202
f 2203//2203 2204//2204 2205//2205
f 2206//2206 2207//2207 2208//2208
f 2209//2209 2210//2210 2211//2211
f 2212//2212 2213//2213 2214//2214
f 2215//2215 2216//2216 2217//2217
f 2218//2218 2219//2219 2220//2220
f 2221//2221 2222//2222 2223//2223
f 2224//2224 2225//2225 2226//2226
f 2227//2227 2228//2228 2229//2229
f 2230//2230 2231//2231 2232//2232
f 2233//2233 2234//2234 2235//2235
f 2236//2236 2237//2237 2238//2238
f 2239//2239 2240//2240 2241//2241
f 2242//2242 2243//2243 2244//2244
f 2245//2245 2246//2246 2247//2247
f 2248//2248 2249//2249 2250//2250
f 2251//2251 2252//2252 2253//2253
f 2254//2254 2255//2255 2256//2256
f 2257//2257 2258//2258 2259//2259
f 2260//2260 2261//2261 2262//2262
f 2263//2263 2264//2264 2265//2265
f 2266//2266 2267//2267 2268//2268
f 2269//2269 2270//2270 2271//2271
f 2272//2272 2273//2273 2274//2274
f 2275//2275 2276//2276 2277//2277
f 2278//2278 2279//2279 2280//2280
f 2281//2281 2282//2282 2283//2283
f 2284//2284 2285//2285 2286//2286
f 2287//2287 2288//2288 2289//2289
f 2290//2290 2291//2291 2292//2292
f 2293//2293 2294//2294 2295//2295
f 2296//2296 2297//2297 2298//2298
f 2299//2299 2300//2300 2301//2301
f 2302//2302 2303//2303 2304//2304
f 2305//2305 2306//2306 2307//2307
f 2308//2308 2309//2309 2310//2310
f 2311//2311 2312//2312 2313//2313
f 2314//2314 2315//2315 2316//2316
f 2317//2317 2318//2318 2319//2319
f 2320//2320 2321//2321 2322//2322
f 2323//2323 2324//2324 2325//2325
f 2326//2326 2327//2327 2328//2328
f 2329//2329 2330//2330 2331//2331
f 2332//2332 2333//2333 2334//2334
f 2335//2335 2336//2336 2337//2337
f 2338//2338 2339//2339 2340//2340
f 2341//2341 2342//2342 2343//2343
f 2344//2344 2345//2345 2346//2346
f 2347//2347 2348//2348 2349//2349
f 2350//2350 2351//2351 2352//2352
f 2353//2353 2354//2354 2355//2355
f 2356//2356 2357//2357 2358//2358
f 2359//2359 2360//2360 2361//2361
f 2362//2362 2363//2363 2364//2364
f 2365//2365 2366//2366 2367//2367
f 2368//2368 2369//2369 2370//2370
f 2371//2371 2372//2372 2373//2373
f 2374//2374 2375//2375 2376//2376
f 2377//2377 2378//2378 2379//2379
f 2380//2380 2381//2381 2382//2382
f 2383//2383 2384//2384 2385//2385
f 2386//2386 2387//2387 2388//2388
f 2389//2389 2390//2390 2391//2391
f 2392//2392 2393//2393 2394//2394
f 2395//2395 2396//2396 2397//2397
f 2398//2398 2399//2399 2400//2400
f 2401//2401 2402//2402 2403//2403
f 2404//2404 2405//2405 2406//2406
f 2407//2407 2408//2408 2409//2409
f 2410//2410 2411//2411 2412//2412
f 2413//2413 2414//2414 2415//2415
f 2416//2416 2417//2417 2418//2418
f 2419//2419 2420//2420 2421//2421
f 2422//2422 2423//2423 2424//2424
f 2425//2425 2426//2426 2427//2427
f 2428//2428 2429//2429 2430//2430
f 2431//2431 2432//2432 2433//2433
f 2434//2434 2435//2435 2436//2436
f 2437//2437 2438//2438 2439//2439
f 2440//2440 2441//2441 2442//2442
f 2443//2443 2444//2444 2445//2445
f 2446//2446 2447//2447 2448//2448
f 2449//2449 2450//2450 2451//2451
f 2452//2452 2453//2453 2454//2454
f 2455//2455 2456//2456 2457//2457
f 2458//2458 2459//2459 2460//2460
f 2461//2461 2462//2462 2463//2463
f 2464//2464 2465//2465 2466//2466
f 2467//2467 2468//2468 2469//2469
f 2470//2470 2471//2471 2472//2472
f 2473//2473 2474//2474 2475//2475
f 2476//2476 2477//2477 2478//2478
f 2479//2479 2480//2480 2481//2481
f 2482//2482 2483//2483 2484//2484
f 2485//2485 2486//2486 2487//2487
f 2488//2488 2489//2489 2490//2490
f 2491//2491 2492//2492 2493//2493
f 2494//2494 2495//2495 2496//2496
f 2497//2497 2498//2498 2499//2499
f 2500//2500 2501//2501 2502//2502
f 2503//2503 2504//2504 2505//2505
f 2506//2506 2507//2507 2508//2508
f 2509//2509 2510//2510 2511//2511
f 2512//2512 2513//2513 2514//2514
f 2515//2515 2516//2516 2517//2517
f 2518//2518 2519//2519 2520//2520
f 2521//2521 2522//2522 2523//2523
f 2524//2524 2525//2525 2526//2526
f 2527//2527 2528//2528 2529//2529
f 2530//2530 2531//2531 2532//2532
f 2533//2533 2534//2534 2535//2535
f 2536//2536 2537//2537 2538//2538
f 2539//2539 2540//2540 2541//2541
f 2542//2542 2543//2543 2544//2544
f 2545//2545 2546//2546 2547//2547
f 2548//2548 2549//2549 2550//2550
f 2551//2551 2552//2552 2553//2553
f 2554//2554 2555//2555 2556//2556
f 2557//2557 2558//2558 2559//2559
f 2560//2560 2561//2561 2562//2562
f 2563//2563 2564//2564 2565//2565
f 2566//2566 2567//2567 2568//2568
f 2569//2569 2570//2570 2571//2571
f 2572//2572 2573//2573 2574//2574
f 2575//2575 2576//2576 2577//2577
f 2578//2578 2579//2579 2580//2580
f 2581//2581 2582//2582 2583//2583
f 2584//2584 2585//2585 2586//2586
f 2587//2587 2588//2588 2589//2589
f 2590//2590 2591//2591 2592//2592
f 2593//2593 2594//2594 2595//2595
f 2596//2596 2597//2597 2598//2598
f 2599//2599 2600//2600 2601//2601
f 2602//2602 2603//2603 2604//2604
f 2605//2605 2606//2606 2607//2607
f 2608//2608 2609//2609 2610//2610
f 2611//2611 2612//2612 2613//2613
f 2614//2614 2615//2615 2616//2616
f 2617//2617 2618//2618 2619//2619
f 2620//2620 2621//2621 2622//2622
f 2623//2623 2624//2624 2625//2625
f 2626//2626 2627//2627 2628//2628
f 2629//2629 2630//2630 2631//2631
f 2632//2632 2633//2633 2634//2634
f 2635//2635 2636//2636 2637//2637
f 2638//2638 2639//2639 2640//2640
f 2641//2641 2642//2642 2643//2643
f 2644//2644 2645//2645 2646//2646
f 2647//2647 2648//2648 2649//2649
f 2650//2650 2651//2651 2652//2652
f 2653//2653 2654//2654 2655//2655
f 2656//2656 2657//2657 2658//2658
f 2659//2659 2660//2660 2661//2661
f 2662//2662 2663//2663 2664//2664
f 2665//2665 2666//2666 2667//2667
f 2668//2668 2669//2669 2670//2670
f 2671//2671 2672//2672 2673//2673
f 2674//2674 2675//2675 2676//2676
f 2677//2677 2678//2678 2679//2679
f 2680//2680 2681//2681 2682//2682
f 2683//2683 2684//2684 2685//2685
f 2686//2686 2687//2687 2688//2688
f 2689//2689 2690//2690 2691//2691
f 2692//2692 2693//2693 2694//2694
f 2695//2695 2696//2696 2697//2697
f 2698//2698 2699//2699 2700//2700
f 2701//2701 2702//2702 2703//2703
f 2704//2704 2705//2705 2706//2706
f 2707//2707 2708//2708 2709//2709
f 2710//2710 2711//2711 2712//2712
f 2713//2713 2714//2714 2715//2715
f 2716//2716 2717//2717 2718//2718
f 2719//2719 2720//2720 2721//2721
f 2722//2722 2723//2723 2724//2724
f 2725//2725 2726//2726 2727//2727
f 2728//2728 2729//2729 2730//2730
f 2731//2731 2732//2732 2733//2733
f 2734//2734 2735//2735 2736//2736
f 2737//2737 2738//2738 2739//2739
f 2740//2740 2741//2741 2742//2742
f 2743//2743 2744//2744 2745//2745
f 2746//2746 2747//2747 2748//2748
f 2749//2749 2750//2750 2751//2751
f 2752//2752 2753//2753 2754//2754
f 2755//2755 2756//2756 2757//2757
f 2758//2758 2759//2759 2760//2760
f 2761//2761 2762//2762 2763//2763
f 2764//2764 2765//2765 2766//2766
f 2767//2767 2768//2768 2769//2769
f 2770//2770 2771//2771 2772//2772
f 2773//2773 2774//2774 2775//2775
f 2776//2776 2777//2777 2778//2778
f 2779//2779 2780//2780 2781//2781
f 2782//2782 2783//2783 2784//2784
f 2785//2785 2786//2786 2787//2787
f 2788//2788 2789//2789 2790//2790
f 2791//2791 2792//2792 2793//2793
f 2794//2794 2795//2795 2796//2796
f 2797//2797 2798//2798 2799//2799
f 2800//2800 2801//2801 2802//2802
f 2803//2803 2804//2804 2805//2805
f 2806//2806 2807//2807 2808//2808
f 2809//2809 2810//2810 2811//2811
f 2812//2812 2813//2813 2814//2814
f 2815//2815 2816//2816 2817//2817
f 2818//2818 2819//2819 2820//2820
f 2821//2821 2822//2822 2823//2823
f 2824//2824 2825//2825 2826//2826
f 2827//2827 2828//2828 2829//2829
f 2830//2830 2831//2831 2832//2832
f 2833//2833 2834//2834 2835//2835
f 2836//2836 2837//2837 2838//2838
f 2839//2839 2840//2840 2841//2841
f 2842//2842 2843//2843 2844//2844
f 2845//2845 2846//2846 2847//2847
f 2848//2848 2849//2849 2850//2850
f 2851//2851 2852//2852 2853//2853
f 2854//2854 2855//2855 2856//2856
f 2857//2857 2858//2858 2859//2859
f 2860//2860 2861//2861 2862//2862
f 2863//2863 2864//2864 2865//2865
f 2866//2866 2867//2867 2868//2868
f 2869//2869 2870//2870 2871//2871
f 2872//2872 2873//2873 2874//2874
f 2875//2875 2876//2876 2877//2877
f 2878//2878 2879//2879 2880//2880
f 2881//2881 2882//2882 2883//2883
f 2884//2884 2885//2885 2886//2886
f 2887//2887 2888//2888 2889//2889
f 2890//2890 2891//2891 2892//2892
f 2893//2893 2894//2894 2895//2895
f 2896//2896 2897//2897 2898//2898
f 2899//2899 2900//2900 2901//2901
f 2902//2902 2903//2903 2904//2904
f 2905//2905 2906//2906 2907//2907
f 2908//2908 2909//2909 2910//2910
f 2911//2911 2912//2912 2913//2913
f 2914//2914 2915//2915 2916//2916
f 2917//2917 2918//2918 2919//2919
f 2920//2920 2921//2921 2922//2922
f 2923//2923 2924//2924 2925//2925
f 2926//2926 2927//2927 2928//2928
f 2929//2929 2930//2930 2931//2931
f 2932//2932 2933//2933 2934//2934
f 2935//2935 2936//2936 2937//2937
f 2938//2938 2939//2939 2940//2940
f 2941//2941 2942//2942 2943//2943
f 2944//2944 2945//2945 2946//2946
f 2947//2947 2948//2948 2949//2949
f 2950//2950 2951//2951 2952//2952
f 2953//2953 2954//2954 2955//2955
f 2956//2956 2957//2957 2958//2958
f 2959//2959 2960//2960 2961//2961
f 2962//2962 2963//2963 2964//2964
f 2965//2965 2966//2966 2967//2967
f 2968//2968 2969//2969 2970//2970
f 2971//2971 2972//2972 2973//2973
f 2974//2974 2975//2975 2976//2976
f 2977//2977 2978//2978 2979//2979
f 2980//2980 2981//2981 2982//2982
f 2983//2983 2984//2984 2985//2985
f 2986//2986 2987//2987 2988//2988
f 2989//2989 2990//2990 2991//2991
f 2992//2992 2993//2993 2994//2994
f 2995//2995 2996//2996 2997//2997
f 2998//2998 2999//2999 3000//3000
f 3001//3001 3002//3002 3003//3003
f 3004//3004 3005//3005 3006//3006
f 3007//3007 3008//3008 3009//3009
f 3010//3010 3011//3011 3012//3012
f 3013//3013 3014//3014 3015//3015
f 3016//3016 3017//3017 3018//3018
f 3019//3019 3020//3020 3021//3021
f 3022//3022 3023//3023 3024//3024
f 3025//3025 3026//3026 3027//3027
f 3028//3028 3029//3029 3030//3030
f 3031//3031 3032//3032 3033//3033
f 3034//3034 3035//3035 3036//3036
f 3037//3037 3038//3038 3039//3039
f 3040//3040 3041//3041 3042//3042
f 3043//3043 3044//3044 3045//3045
f 3046//3046 3047//3047 3048//3048
f 3049//3049 3050//3050 3051//3051
f 3052//3052 3053//3053 3054//3054
f 3055//3055 3056//3056 3057//3057
f 3058//3058 3059//3059 3060//3060
f 3061//3061 3062//3062 3063//3063
f 3064//3064 3065//3065 3066//3066
f 3067//3067 3068//3068 3069//3069
f 3070//3070 3071//3071 3072//3072
f 3073//3073 3074//3074 3075//3075
f 3076//3076 3077//3077 3078//3078
f 3079//3079 3080//3080 3081//3081
f 3082//3082 3083//3083 3084//3084
f 3085//3085 3086//3086 3087//3087
f 3088//3088 3089//3089 3090//3090
f 3091//3091 3092//3092 3093//3093
f 3094//3094 3095//3095 3096//3096
f 3097//3097 3098//3098 3099//3099
f 3100//3100 3101//3101 3102//3102
f 3103//3103 3104//3104 3105//3105
f 3106//3106 3107//3107 3108//3108
f 3109//3109 3110//3110 3111//3111
f 3112//3112 3113//3113 3114//3114
f 3115//3115 3116//3116 3117//3117
f 3118//3118 3119//3119 3120//3120
f 3121//3121 3122//3122 3123//3123
f 3124//3124 3125//3125 3126//3126
f 3127//3127 3128//3128 3129//3129
f 3130//3130 3131//3131 3132//3132
f 3133//3133 3134//3134 3135//3135
f 3136//3136 3137//3137 3138//3138
f 3139//3139 3140//3140 3141//3141
f 3142//3142 3143//3143 3144//3144
f 3145//3145 3146//3146 3147//3147
f 3148//3148 3149//3149 3150//3150
f 3151//3151 3152//3152 3153//3153
f 3154//3154 3155//3155 3156//3156
f 3157//3157 3158//3158 3159//3159
f 3160//3160 3161//3161 3162//3162
f 3163//3163 3164//3164 3165//3165
f 3166//3166 3167//3167 3168//3168
