o Mesh
usemtl material6
v 0.2020519547249908 -2.0310139085250727 0.06302499771118164
v 0.2660593937533766 -2.133725409012197 0.04134099930524826
v 0.30059920278193497 -2.0983539675772787 0.06013299897313118
v 0.2660593937533766 -2.133725409012197 0.04134099930524826
v 0.3846715612873593 -2.1916801480543664 0.03128400072455406
v 0.30059920278193497 -2.0983539675772787 0.06013299897313118
v 0.30059920278193497 -2.0983539675772787 0.06013299897313118
v 0.3846715612873593 -2.1916801480543664 0.03128400072455406
v 0.4069989951897279 -2.1624337261474778 0.04584899917244911
v 0.2660593937533766 -2.133725409012197 0.04134099930524826
v 0.2020519547249908 -2.0310139085250727 0.06302499771118164
v 0.16245688241146702 -2.064957582855572 0.04332999885082245
v 0.3846715612873593 -2.1916801480543664 0.03128400072455406
v 0.4759067600731318 -2.201540862568337 0.029046999290585518
v 0.4069989951897279 -2.1624337261474778 0.04584899917244911
v 0.11514497920927652 -1.9609361345548102 0.06007400155067444
v 0.16245688241146702 -2.064957582855572 0.04332999885082245
v 0.2020519547249908 -2.0310139085250727 0.06302499771118164
v 0.4759067600731318 -2.201540862568337 0.029046999290585518
v 0.3846715612873593 -2.1916801480543664 0.03128400072455406
v 0.47841571531923605 -2.2249701153521415 0.01650799997150898
v 0.4759067600731318 -2.201540862568337 0.029046999290585518
v 0.47841571531923605 -2.2249701153521415 0.01650799997150898
v 0.5183635583926811 -2.225222540015456 -2.0404073434268394e-16
v 0.5183635583926811 -2.225222540015456 -2.0404073434268394e-16
v 0.47841571531923605 -2.2249701153521415 0.01650799997150898
v 0.4556100578401358 -2.2289940241945647 -2.0438840166286243e-16
v 0.3846715612873593 -2.1916801480543664 0.03128400072455406
v 0.4556100578401358 -2.2289940241945647 -2.0438840166286243e-16
v 0.47841571531923605 -2.2249701153521415 0.01650799997150898
v 0.4556100578401358 -2.2289940241945647 -2.0438840166286243e-16
v 0.3846715612873593 -2.1916801480543664 0.03128400072455406
v 0.3722047592223228 -2.2041461891435254 -2.0209770693613158e-16
v 0.2660593937533766 -2.133725409012197 0.04134099930524826
v 0.3722047592223228 -2.2041461891435254 -2.0209770693613158e-16
v 0.3846715612873593 -2.1916801480543664 0.03128400072455406
v 0.3722047592223228 -2.2041461891435254 -2.0209770693613158e-16
v 0.2660593937533766 -2.133725409012197 0.04134099930524826
v 0.25035772526680306 -2.1497912728406696 -1.9708681883885275e-16
v 0.16245688241146702 -2.064957582855572 0.04332999885082245
v 0.25035772526680306 -2.1497912728406696 -1.9708681883885275e-16
v 0.2660593937533766 -2.133725409012197 0.04134099930524826
v 0.25035772526680306 -2.1497912728406696 -1.9708681883885275e-16
v 0.16245688241146702 -2.064957582855572 0.04332999885082245
v 0.14447692944362275 -2.080341868421243 -1.906843614883535e-16
v 0.16245688241146702 -2.064957582855572 0.04332999885082245
v 0.11514497920927652 -1.9609361345548102 0.06007400155067444
v 0.07376912050403012 -1.989280542106467 0.041301000863313675
v 0.07376912050403012 -1.989280542106467 0.041301000863313675
v 0.14447692944362275 -2.080341868421243 -1.906843614883535e-16
v 0.16245688241146702 -2.064957582855572 0.04332999885082245
v 0.03445106876719118 -1.8820082948794061 0.05848199874162674
v 0.07376912050403012 -1.989280542106467 0.041301000863313675
v 0.11514497920927652 -1.9609361345548102 0.06007400155067444
v 0.14447692944362275 -2.080341868421243 -1.906843614883535e-16
v 0.07376912050403012 -1.989280542106467 0.041301000863313675
v 0.05501576086107693 -2.002081037956555 -1.834695995414374e-16
v 0.07376912050403012 -1.989280542106467 0.041301000863313675
v 0.03445106876719118 -1.8820082948794061 0.05848199874162674
v -0.009069686029494206 -1.9051306474138359 0.04020699858665466
v 0.05501576086107693 -2.002081037956555 -1.834695995414374e-16
v 0.07376912050403012 -1.989280542106467 0.041301000863313675
v -0.009069686029494206 -1.9051306474138359 0.04020699858665466
v -0.028741162828832666 -1.9155240824845128 -1.7549004625248946e-16
v 0.05501576086107693 -2.002081037956555 -1.834695995414374e-16
v -0.009069686029494206 -1.9051306474138359 0.04020699858665466
v -0.03997779944039232 -1.7831968662919744 0.05913800001144409
v -0.009069686029494206 -1.9051306474138359 0.04020699858665466
v 0.03445106876719118 -1.8820082948794061 0.05848199874162674
v -0.009069686029494206 -1.9051306474138359 0.04020699858665466
v -0.10788264942002898 -1.8084288809121483 -1.6561706992396273e-16
v -0.028741162828832666 -1.9155240824845128 -1.7549004625248946e-16
v -0.009069686029494206 -1.9051306474138359 0.04020699858665466
v -0.03997779944039232 -1.7831968662919744 0.05913800001144409
v -0.08678881803461155 -1.8006363383573292 0.04065699875354767
v -0.10788264942002898 -1.8084288809121483 -1.6561706992396273e-16
v -0.009069686029494206 -1.9051306474138359 0.04020699858665466
v -0.08678881803461155 -1.8006363383573292 0.04065699875354767
v -0.10500282828571247 -1.660350619103602 0.06176000088453293
v -0.08678881803461155 -1.8006363383573292 0.04065699875354767
v -0.03997779944039232 -1.7831968662919744 0.05913800001144409
v -0.08678881803461155 -1.8006363383573292 0.04065699875354767
v -0.1795854545387178 -1.6747252060160152 -1.5329112588485696e-16
v -0.10788264942002898 -1.8084288809121483 -1.6561706992396273e-16
v -0.08678881803461155 -1.8006363383573292 0.04065699875354767
v -0.10500282828571247 -1.660350619103602 0.06176000088453293
v -0.15645866750167978 -1.6703228185378822 0.04245999827980995
v -0.1795854545387178 -1.6747252060160152 -1.5329112588485696e-16
v -0.08678881803461155 -1.8006363383573292 0.04065699875354767
v -0.15645866750167978 -1.6703228185378822 0.04245999827980995
v -0.15061080727054088 -1.5417550512205551 0.06769400089979172
v -0.15645866750167978 -1.6703228185378822 0.04245999827980995
v -0.10500282828571247 -1.660350619103602 0.06176000088453293
v -0.15645866750167978 -1.6703228185378822 0.04245999827980995
v -0.235004295333903 -1.5458147492561456 -1.4140702864175251e-16
v -0.1795854545387178 -1.6747252060160152 -1.5329112588485696e-16
v -0.15645866750167978 -1.6703228185378822 0.04245999827980995
v -0.15061080727054088 -1.5417550512205551 0.06769400089979172
v -0.2088145118973911 -1.54461121886644 0.046539999544620514
v -0.235004295333903 -1.5458147492561456 -1.4140702864175251e-16
v -0.15645866750167978 -1.6703228185378822 0.04245999827980995
v -0.2088145118973911 -1.54461121886644 0.046539999544620514
v -0.15061080727054088 -1.5417550512205551 0.06769400089979172
v -0.17010134963532036 -1.4548661747357734 0.0767659991979599
v -0.2088145118973911 -1.54461121886644 0.046539999544620514
v -0.2088145118973911 -1.54461121886644 0.046539999544620514
v -0.2667038600031499 -1.4524670319194528 -1.3280143859544484e-16
v -0.235004295333903 -1.5458147492561456 -1.4140702864175251e-16
v -0.2088145118973911 -1.54461121886644 0.046539999544620514
v -0.17010134963532036 -1.4548661747357734 0.0767659991979599
v -0.23662001843710956 -1.4532363412132934 0.05277600139379501
v -0.2667038600031499 -1.4524670319194528 -1.3280143859544484e-16
v -0.2088145118973911 -1.54461121886644 0.046539999544620514
v -0.23662001843710956 -1.4532363412132934 0.05277600139379501
v -0.17010134963532036 -1.4548661747357734 0.0767659991979599
v -0.1769159345136447 -1.3913774129306244 0.08107999712228775
v -0.23662001843710956 -1.4532363412132934 0.05277600139379501
v -0.23662001843710956 -1.4532363412132934 0.05277600139379501
v -0.27890947894084367 -1.3854405242056171 -1.2662235971500432e-16
v -0.2667038600031499 -1.4524670319194528 -1.3280143859544484e-16
v -0.23662001843710956 -1.4532363412132934 0.05277600139379501
v -0.1769159345136447 -1.3913774129306244 0.08107999712228775
v -0.2470629292630213 -1.3872790752351538 0.05574300140142441
v -0.27890947894084367 -1.3854405242056171 -1.2662235971500432e-16
v -0.23662001843710956 -1.4532363412132934 0.05277600139379501
v -0.2470629292630213 -1.3872790752351538 0.05574300140142441
v -0.1769159345136447 -1.3913774129306244 0.08107999712228775
v -0.18456946614999387 -1.3346912899347616 0.07435300201177597
v -0.2470629292630213 -1.3872790752351538 0.05574300140142441
v -0.27890947894084367 -1.3854405242056171 -1.2662235971500432e-16
v -0.2470629292630213 -1.3872790752351538 0.05574300140142441
v -0.24881434898005952 -1.3288103020291708 0.05111800134181976
v -0.2470629292630213 -1.3872790752351538 0.05574300140142441
v -0.18456946614999387 -1.3346912899347616 0.07435300201177597
v -0.24881434898005952 -1.3288103020291708 0.05111800134181976
v 0.16245688241146702 -2.064957582855572 -0.04332999885082245
v 0.2660593937533766 -2.133725409012197 -0.04134099930524826
v 0.25035772526680306 -2.1497912728406696 -1.9708681883885275e-16
v 0.2660593937533766 -2.133725409012197 -0.04134099930524826
v 0.3722047592223228 -2.2041461891435254 -2.0209770693613158e-16
v 0.25035772526680306 -2.1497912728406696 -1.9708681883885275e-16
v 0.25035772526680306 -2.1497912728406696 -1.9708681883885275e-16
v 0.14447692944362275 -2.080341868421243 -1.906843614883535e-16
v 0.16245688241146702 -2.064957582855572 -0.04332999885082245
v 0.3722047592223228 -2.2041461891435254 -2.0209770693613158e-16
v 0.2660593937533766 -2.133725409012197 -0.04134099930524826
v 0.3846715612873593 -2.1916801480543664 -0.03128400072455406
v 0.3846715612873593 -2.1916801480543664 -0.03128400072455406
v 0.4556100578401358 -2.2289940241945647 -2.0438840166286243e-16
v 0.3722047592223228 -2.2041461891435254 -2.0209770693613158e-16
v 0.2660593937533766 -2.133725409012197 -0.04134099930524826
v 0.16245688241146702 -2.064957582855572 -0.04332999885082245
v 0.2020519547249908 -2.0310139085250727 -0.06302499771118164
v 0.2020519547249908 -2.0310139085250727 -0.06302499771118164
v 0.30059920278193497 -2.0983539675772787 -0.06013299897313118
v 0.2660593937533766 -2.133725409012197 -0.04134099930524826
v 0.30059920278193497 -2.0983539675772787 -0.06013299897313118
v 0.3846715612873593 -2.1916801480543664 -0.03128400072455406
v 0.2660593937533766 -2.133725409012197 -0.04134099930524826
v 0.16245688241146702 -2.064957582855572 -0.04332999885082245
v 0.11514497920927652 -1.9609361345548102 -0.06007400155067444
v 0.2020519547249908 -2.0310139085250727 -0.06302499771118164
v 0.3846715612873593 -2.1916801480543664 -0.03128400072455406
v 0.30059920278193497 -2.0983539675772787 -0.06013299897313118
v 0.4069989951897279 -2.1624337261474778 -0.04584899917244911
v 0.4759067600731318 -2.201540862568337 -0.029046999290585518
v 0.3846715612873593 -2.1916801480543664 -0.03128400072455406
v 0.4069989951897279 -2.1624337261474778 -0.04584899917244911
v 0.4556100578401358 -2.2289940241945647 -2.0438840166286243e-16
v 0.3846715612873593 -2.1916801480543664 -0.03128400072455406
v 0.47841571531923605 -2.2249701153521415 -0.01650799997150898
v 0.47841571531923605 -2.2249701153521415 -0.01650799997150898
v 0.3846715612873593 -2.1916801480543664 -0.03128400072455406
v 0.4759067600731318 -2.201540862568337 -0.029046999290585518
v 0.47841571531923605 -2.2249701153521415 -0.01650799997150898
v 0.5183635583926811 -2.225222540015456 -2.0404073434268394e-16
v 0.4556100578401358 -2.2289940241945647 -2.0438840166286243e-16
v 0.5183635583926811 -2.225222540015456 -2.0404073434268394e-16
v 0.47841571531923605 -2.2249701153521415 -0.01650799997150898
v 0.4759067600731318 -2.201540862568337 -0.029046999290585518
v 0.16245688241146702 -2.064957582855572 -0.04332999885082245
v 0.07376912050403012 -1.989280542106467 -0.041301000863313675
v 0.11514497920927652 -1.9609361345548102 -0.06007400155067444
v 0.07376912050403012 -1.989280542106467 -0.041301000863313675
v 0.16245688241146702 -2.064957582855572 -0.04332999885082245
v 0.14447692944362275 -2.080341868421243 -1.906843614883535e-16
v 0.07376912050403012 -1.989280542106467 -0.041301000863313675
v 0.03445106876719118 -1.8820082948794061 -0.05848199874162674
v 0.11514497920927652 -1.9609361345548102 -0.06007400155067444
v 0.14447692944362275 -2.080341868421243 -1.906843614883535e-16
v 0.05501576086107693 -2.002081037956555 -1.834695995414374e-16
v 0.07376912050403012 -1.989280542106467 -0.041301000863313675
v 0.03445106876719118 -1.8820082948794061 -0.05848199874162674
v 0.07376912050403012 -1.989280542106467 -0.041301000863313675
v -0.009069686029494206 -1.9051306474138359 -0.04020699858665466
v 0.05501576086107693 -2.002081037956555 -1.834695995414374e-16
v -0.009069686029494206 -1.9051306474138359 -0.04020699858665466
v 0.07376912050403012 -1.989280542106467 -0.041301000863313675
v -0.009069686029494206 -1.9051306474138359 -0.04020699858665466
v 0.05501576086107693 -2.002081037956555 -1.834695995414374e-16
v -0.028741162828832666 -1.9155240824845128 -1.7549004625248946e-16
v -0.009069686029494206 -1.9051306474138359 -0.04020699858665466
v -0.03997779944039232 -1.7831968662919744 -0.05913800001144409
v 0.03445106876719118 -1.8820082948794061 -0.05848199874162674
v -0.028741162828832666 -1.9155240824845128 -1.7549004625248946e-16
v -0.10788264942002898 -1.8084288809121483 -1.6561706992396273e-16
v -0.009069686029494206 -1.9051306474138359 -0.04020699858665466
v -0.03997779944039232 -1.7831968662919744 -0.05913800001144409
v -0.009069686029494206 -1.9051306474138359 -0.04020699858665466
v -0.08678881803461155 -1.8006363383573292 -0.04065699875354767
v -0.08678881803461155 -1.8006363383573292 -0.04065699875354767
v -0.009069686029494206 -1.9051306474138359 -0.04020699858665466
v -0.10788264942002898 -1.8084288809121483 -1.6561706992396273e-16
v -0.08678881803461155 -1.8006363383573292 -0.04065699875354767
v -0.10500282828571247 -1.660350619103602 -0.06176000088453293
v -0.03997779944039232 -1.7831968662919744 -0.05913800001144409
v -0.10788264942002898 -1.8084288809121483 -1.6561706992396273e-16
v -0.1795854545387178 -1.6747252060160152 -1.5329112588485696e-16
v -0.08678881803461155 -1.8006363383573292 -0.04065699875354767
v -0.10500282828571247 -1.660350619103602 -0.06176000088453293
v -0.08678881803461155 -1.8006363383573292 -0.04065699875354767
v -0.15645866750167978 -1.6703228185378822 -0.04245999827980995
v -0.15645866750167978 -1.6703228185378822 -0.04245999827980995
v -0.08678881803461155 -1.8006363383573292 -0.04065699875354767
v -0.1795854545387178 -1.6747252060160152 -1.5329112588485696e-16
v -0.15645866750167978 -1.6703228185378822 -0.04245999827980995
v -0.15061080727054088 -1.5417550512205551 -0.06769400089979172
v -0.10500282828571247 -1.660350619103602 -0.06176000088453293
v -0.1795854545387178 -1.6747252060160152 -1.5329112588485696e-16
v -0.235004295333903 -1.5458147492561456 -1.4140702864175251e-16
v -0.15645866750167978 -1.6703228185378822 -0.04245999827980995
v -0.15061080727054088 -1.5417550512205551 -0.06769400089979172
v -0.15645866750167978 -1.6703228185378822 -0.04245999827980995
v -0.2088145118973911 -1.54461121886644 -0.046539999544620514
v -0.2088145118973911 -1.54461121886644 -0.046539999544620514
v -0.15645866750167978 -1.6703228185378822 -0.04245999827980995
v -0.235004295333903 -1.5458147492561456 -1.4140702864175251e-16
v -0.2088145118973911 -1.54461121886644 -0.046539999544620514
v -0.17010134963532036 -1.4548649078616789 -0.0767659991979599
v -0.15061080727054088 -1.5417550512205551 -0.06769400089979172
v -0.2088145118973911 -1.54461121886644 -0.046539999544620514
v -0.235004295333903 -1.5458147492561456 -1.4140702864175251e-16
v -0.2667038600031499 -1.4524670319194528 -1.3280143859544484e-16
v -0.17010134963532036 -1.4548649078616789 -0.0767659991979599
v -0.2088145118973911 -1.54461121886644 -0.046539999544620514
v -0.23662001843710956 -1.4532376080873879 -0.05277600139379501
v -0.23662001843710956 -1.4532376080873879 -0.05277600139379501
v -0.2088145118973911 -1.54461121886644 -0.046539999544620514
v -0.2667038600031499 -1.4524670319194528 -1.3280143859544484e-16
v -0.23662001843710956 -1.4532376080873879 -0.05277600139379501
v -0.1769159345136447 -1.3913774129306244 -0.08107999712228775
v -0.17010134963532036 -1.4548649078616789 -0.0767659991979599
v -0.23662001843710956 -1.4532376080873879 -0.05277600139379501
v -0.2667038600031499 -1.4524670319194528 -1.3280143859544484e-16
v -0.27890947894084367 -1.3854405242056171 -1.2662235971500432e-16
v -0.1769159345136447 -1.3913774129306244 -0.08107999712228775
v -0.23662001843710956 -1.4532376080873879 -0.05277600139379501
v -0.2470629292630213 -1.3872790752351538 -0.05574300140142441
v -0.2470629292630213 -1.3872790752351538 -0.05574300140142441
v -0.23662001843710956 -1.4532376080873879 -0.05277600139379501
v -0.27890947894084367 -1.3854405242056171 -1.2662235971500432e-16
v -0.2470629292630213 -1.3872790752351538 -0.05574300140142441
v -0.18456946614999387 -1.3346912899347616 -0.07435300201177597
v -0.1769159345136447 -1.3913774129306244 -0.08107999712228775
v -0.27890947894084367 -1.3854405242056171 -1.2662235971500432e-16
v -0.24881434898005952 -1.3288103020291708 -0.05111800134181976
v -0.2470629292630213 -1.3872790752351538 -0.05574300140142441
v -0.18456946614999387 -1.3346912899347616 -0.07435300201177597
v -0.2470629292630213 -1.3872790752351538 -0.05574300140142441
v -0.24881434898005952 -1.3288103020291708 -0.05111800134181976
v 0.2660593937533766 2.133725409012197 0.04134099930524826
v 0.2020519547249908 2.0310123249324548 0.06302499771118164
v 0.30059920278193497 2.0983536508587552 0.06013299897313118
v 0.30059920278193497 2.0983536508587552 0.06013299897313118
v 0.3846715612873593 2.1916801480543664 0.03128400072455406
v 0.2660593937533766 2.133725409012197 0.04134099930524826
v 0.3846715612873593 2.1916801480543664 0.03128400072455406
v 0.30059920278193497 2.0983536508587552 0.06013299897313118
v 0.4069989951897279 2.1624337261474778 0.04584899917244911
v 0.2020519547249908 2.0310123249324548 0.06302499771118164
v 0.2660593937533766 2.133725409012197 0.04134099930524826
v 0.16245688241146702 2.064957266137048 0.04332999885082245
v 0.4759067600731318 2.201540862568337 0.029046999290585518
v 0.3846715612873593 2.1916801480543664 0.03128400072455406
v 0.4069989951897279 2.1624337261474778 0.04584899917244911
v 0.16245688241146702 2.064957266137048 0.04332999885082245
v 0.11514497920927652 1.9609358178362866 0.06007400155067444
v 0.2020519547249908 2.0310123249324548 0.06302499771118164
v 0.3846715612873593 2.1916801480543664 0.03128400072455406
v 0.4759067600731318 2.201540862568337 0.029046999290585518
v 0.47841571531923605 2.2249701153521415 0.01650799997150898
v 0.5183635583926811 2.225222540015456 2.0623983039710312e-16
v 0.47841571531923605 2.2249701153521415 0.01650799997150898
v 0.4759067600731318 2.201540862568337 0.029046999290585518
v 0.47841571531923605 2.2249701153521415 0.01650799997150898
v 0.5183635583926811 2.225222540015456 2.0623983039710312e-16
v 0.4556100578401358 2.2289940241945647 2.065875109521714e-16
v 0.3846715612873593 2.1916801480543664 0.03128400072455406
v 0.47841571531923605 2.2249701153521415 0.01650799997150898
v 0.4556100578401358 2.2289940241945647 2.065875109521714e-16
v 0.4556100578401358 2.2289940241945647 2.065875109521714e-16
v 0.3722047592223228 2.204145872425002 2.0429680299055076e-16
v 0.3846715612873593 2.1916801480543664 0.03128400072455406
v 0.2660593937533766 2.133725409012197 0.04134099930524826
v 0.3846715612873593 2.1916801480543664 0.03128400072455406
v 0.3722047592223228 2.204145872425002 2.0429680299055076e-16
v 0.3722047592223228 2.204145872425002 2.0429680299055076e-16
v 0.25035772526680306 2.1497912728406696 1.9928591489327193e-16
v 0.2660593937533766 2.133725409012197 0.04134099930524826
v 0.25035772526680306 2.1497912728406696 1.9928591489327193e-16
v 0.16245688241146702 2.064957266137048 0.04332999885082245
v 0.2660593937533766 2.133725409012197 0.04134099930524826
v 0.16245688241146702 2.064957266137048 0.04332999885082245
v 0.25035772526680306 2.1497912728406696 1.9928591489327193e-16
v 0.14447692944362275 2.080341868421243 1.928834575427727e-16
v 0.11514497920927652 1.9609358178362866 0.06007400155067444
v 0.16245688241146702 2.064957266137048 0.04332999885082245
v 0.07376912050403012 1.9892802253879434 0.041301000863313675
v 0.14447692944362275 2.080341868421243 1.928834575427727e-16
v 0.07376912050403012 1.9892802253879434 0.041301000863313675
v 0.16245688241146702 2.064957266137048 0.04332999885082245
v 0.07376912050403012 1.9892802253879434 0.041301000863313675
v 0.03445106876719118 1.8820070280053116 0.05848199874162674
v 0.11514497920927652 1.9609358178362866 0.06007400155067444
v 0.07376912050403012 1.9892802253879434 0.041301000863313675
v 0.14447692944362275 2.080341868421243 1.928834575427727e-16
v 0.05501576086107693 2.002081037956555 1.8566869559585657e-16
v 0.07376912050403012 1.9892802253879434 0.041301000863313675
v -0.009068557190019819 1.9051306474138359 0.04020699858665466
v 0.03445106876719118 1.8820070280053116 0.05848199874162674
v 0.05501576086107693 2.002081037956555 1.8566869559585657e-16
v -0.009068557190019819 1.9051306474138359 0.04020699858665466
v 0.07376912050403012 1.9892802253879434 0.041301000863313675
v -0.028741162828832666 1.9155240824845128 1.7768914230690863e-16
v -0.009068557190019819 1.9051306474138359 0.04020699858665466
v 0.05501576086107693 2.002081037956555 1.8566869559585657e-16
v -0.009068557190019819 1.9051306474138359 0.04020699858665466
v -0.03997779944039232 1.7831968662919744 0.05913800001144409
v 0.03445106876719118 1.8820070280053116 0.05848199874162674
v -0.10788264942002898 1.8084285641936246 1.678161659783819e-16
v -0.009068557190019819 1.9051306474138359 0.04020699858665466
v -0.028741162828832666 1.9155240824845128 1.7768914230690863e-16
v -0.009068557190019819 1.9051306474138359 0.04020699858665466
v -0.08678881803461155 1.8006363383573292 0.04065699875354767
v -0.03997779944039232 1.7831968662919744 0.05913800001144409
v -0.009068557190019819 1.9051306474138359 0.04020699858665466
v -0.10788264942002898 1.8084285641936246 1.678161659783819e-16
v -0.08678881803461155 1.8006363383573292 0.04065699875354767
v -0.08678881803461155 1.8006363383573292 0.04065699875354767
v -0.10500282828571247 1.6603503023850785 0.06176000088453293
v -0.03997779944039232 1.7831968662919744 0.05913800001144409
v -0.1795854545387178 1.6747252060160152 1.5549022193927614e-16
v -0.08678881803461155 1.8006363383573292 0.04065699875354767
v -0.10788264942002898 1.8084285641936246 1.678161659783819e-16
v -0.08678881803461155 1.8006363383573292 0.04065699875354767
v -0.15645866750167978 1.6703228185378822 0.04245999827980995
v -0.10500282828571247 1.6603503023850785 0.06176000088453293
v -0.08678881803461155 1.8006363383573292 0.04065699875354767
v -0.1795854545387178 1.6747252060160152 1.5549022193927614e-16
v -0.15645866750167978 1.6703228185378822 0.04245999827980995
v -0.15645866750167978 1.6703228185378822 0.04245999827980995
v -0.15061080727054088 1.5417550512205551 0.06769400089979172
v -0.10500282828571247 1.6603503023850785 0.06176000088453293
v -0.235004295333903 1.5458147492561456 1.436061246961717e-16
v -0.15645866750167978 1.6703228185378822 0.04245999827980995
v -0.1795854545387178 1.6747252060160152 1.5549022193927614e-16
v -0.15061080727054088 1.5417550512205551 0.06769400089979172
v -0.15645866750167978 1.6703228185378822 0.04245999827980995
v -0.2088145118973911 1.5446109021479166 0.046539999544620514
v -0.15645866750167978 1.6703228185378822 0.04245999827980995
v -0.235004295333903 1.5458147492561456 1.436061246961717e-16
v -0.2088145118973911 1.5446109021479166 0.046539999544620514
v -0.2088145118973911 1.5446109021479166 0.046539999544620514
v -0.17010134963532036 1.4548661747357734 0.0767659991979599
v -0.15061080727054088 1.5417550512205551 0.06769400089979172
v -0.2667038600031499 1.4524670319194528 1.3500053464986402e-16
v -0.2088145118973911 1.5446109021479166 0.046539999544620514
v -0.235004295333903 1.5458147492561456 1.436061246961717e-16
v -0.17010134963532036 1.4548661747357734 0.0767659991979599
v -0.2088145118973911 1.5446109021479166 0.046539999544620514
v -0.23662001843710956 1.4532372913688643 0.05277600139379501
v -0.2088145118973911 1.5446109021479166 0.046539999544620514
v -0.2667038600031499 1.4524670319194528 1.3500053464986402e-16
v -0.23662001843710956 1.4532372913688643 0.05277600139379501
v -0.23662001843710956 1.4532372913688643 0.05277600139379501
v -0.1769159345136447 1.3913770962121008 0.08107999712228775
v -0.17010134963532036 1.4548661747357734 0.0767659991979599
v -0.27890947894084367 1.3854405242056171 1.288214557694235e-16
v -0.23662001843710956 1.4532372913688643 0.05277600139379501
v -0.2667038600031499 1.4524670319194528 1.3500053464986402e-16
v -0.1769159345136447 1.3913770962121008 0.08107999712228775
v -0.23662001843710956 1.4532372913688643 0.05277600139379501
v -0.2470629292630213 1.3872790752351538 0.05574300140142441
v -0.23662001843710956 1.4532372913688643 0.05277600139379501
v -0.27890947894084367 1.3854405242056171 1.288214557694235e-16
v -0.2470629292630213 1.3872790752351538 0.05574300140142441
v -0.2470629292630213 1.3872790752351538 0.05574300140142441
v -0.18456946614999387 1.3346911315755 0.07435300201177597
v -0.1769159345136447 1.3913770962121008 0.08107999712228775
v -0.27890947894084367 1.3854405242056171 1.288214557694235e-16
v -0.24881434898005952 1.3288103020291708 0.05111800134181976
v -0.2470629292630213 1.3872790752351538 0.05574300140142441
v -0.18456946614999387 1.3346911315755 0.07435300201177597
v -0.2470629292630213 1.3872790752351538 0.05574300140142441
v -0.24881434898005952 1.3288103020291708 0.05111800134181976
v 0.16245688241146702 2.064957266137048 -0.04332999885082245
v 0.25035772526680306 2.1497912728406696 1.9928591489327193e-16
v 0.2660593937533766 2.133725409012197 -0.04134099930524826
v 0.3722047592223228 2.204145872425002 2.0429680299055076e-16
v 0.2660593937533766 2.133725409012197 -0.04134099930524826
v 0.25035772526680306 2.1497912728406696 1.9928591489327193e-16
v 0.25035772526680306 2.1497912728406696 1.9928591489327193e-16
v 0.16245688241146702 2.064957266137048 -0.04332999885082245
v 0.14447692944362275 2.080341868421243 1.928834575427727e-16
v 0.2660593937533766 2.133725409012197 -0.04134099930524826
v 0.3722047592223228 2.204145872425002 2.0429680299055076e-16
v 0.3846715612873593 2.1916801480543664 -0.03128400072455406
v 0.4556100578401358 2.2289940241945647 2.065875109521714e-16
v 0.3846715612873593 2.1916801480543664 -0.03128400072455406
v 0.3722047592223228 2.204145872425002 2.0429680299055076e-16
v 0.16245688241146702 2.064957266137048 -0.04332999885082245
v 0.2660593937533766 2.133725409012197 -0.04134099930524826
v 0.2020519547249908 2.0310123249324548 -0.06302499771118164
v 0.2020519547249908 2.0310123249324548 -0.06302499771118164
v 0.2660593937533766 2.133725409012197 -0.04134099930524826
v 0.30059920278193497 2.0983536508587552 -0.06013299897313118
v 0.3846715612873593 2.1916801480543664 -0.03128400072455406
v 0.30059920278193497 2.0983536508587552 -0.06013299897313118
v 0.2660593937533766 2.133725409012197 -0.04134099930524826
v 0.11514497920927652 1.9609358178362866 -0.06007400155067444
v 0.16245688241146702 2.064957266137048 -0.04332999885082245
v 0.2020519547249908 2.0310123249324548 -0.06302499771118164
v 0.30059920278193497 2.0983536508587552 -0.06013299897313118
v 0.3846715612873593 2.1916801480543664 -0.03128400072455406
v 0.4069989951897279 2.1624337261474778 -0.04584899917244911
v 0.4759067600731318 2.201540862568337 -0.029046999290585518
v 0.4069989951897279 2.1624337261474778 -0.04584899917244911
v 0.3846715612873593 2.1916801480543664 -0.03128400072455406
v 0.3846715612873593 2.1916801480543664 -0.03128400072455406
v 0.4556100578401358 2.2289940241945647 2.065875109521714e-16
v 0.47841571531923605 2.224968848478047 -0.01650799997150898
v 0.3846715612873593 2.1916801480543664 -0.03128400072455406
v 0.47841571531923605 2.224968848478047 -0.01650799997150898
v 0.4759067600731318 2.201540862568337 -0.029046999290585518
v 0.5183635583926811 2.225222540015456 2.0623983039710312e-16
v 0.47841571531923605 2.224968848478047 -0.01650799997150898
v 0.4556100578401358 2.2289940241945647 2.065875109521714e-16
v 0.4759067600731318 2.201540862568337 -0.029046999290585518
v 0.47841571531923605 2.224968848478047 -0.01650799997150898
v 0.5183635583926811 2.225222540015456 2.0623983039710312e-16
v 0.16245688241146702 2.064957266137048 -0.04332999885082245
v 0.11514497920927652 1.9609358178362866 -0.06007400155067444
v 0.07376912050403012 1.9892802253879434 -0.041301000863313675
v 0.07376912050403012 1.9892802253879434 -0.041301000863313675
v 0.14447692944362275 2.080341868421243 1.928834575427727e-16
v 0.16245688241146702 2.064957266137048 -0.04332999885082245
v 0.03445106876719118 1.8820082948794061 -0.05848199874162674
v 0.07376912050403012 1.9892802253879434 -0.041301000863313675
v 0.11514497920927652 1.9609358178362866 -0.06007400155067444
v 0.14447692944362275 2.080341868421243 1.928834575427727e-16
v 0.07376912050403012 1.9892802253879434 -0.041301000863313675
v 0.05501576086107693 2.002081037956555 1.8566869559585657e-16
v 0.07376912050403012 1.9892802253879434 -0.041301000863313675
v 0.03445106876719118 1.8820082948794061 -0.05848199874162674
v -0.009069686029494206 1.9051306474138359 -0.04020699858665466
v -0.009069686029494206 1.9051306474138359 -0.04020699858665466
v 0.05501576086107693 2.002081037956555 1.8566869559585657e-16
v 0.07376912050403012 1.9892802253879434 -0.041301000863313675
v 0.05501576086107693 2.002081037956555 1.8566869559585657e-16
v -0.009069686029494206 1.9051306474138359 -0.04020699858665466
v -0.028741162828832666 1.9155240824845128 1.7768914230690863e-16
v -0.03997779944039232 1.7831968662919744 -0.05913800001144409
v -0.009069686029494206 1.9051306474138359 -0.04020699858665466
v 0.03445106876719118 1.8820082948794061 -0.05848199874162674
v -0.009069686029494206 1.9051306474138359 -0.04020699858665466
v -0.10788264942002898 1.8084285641936246 1.678161659783819e-16
v -0.028741162828832666 1.9155240824845128 1.7768914230690863e-16
v -0.009069686029494206 1.9051306474138359 -0.04020699858665466
v -0.03997779944039232 1.7831968662919744 -0.05913800001144409
v -0.08678881803461155 1.8006363383573292 -0.04065699875354767
v -0.009069686029494206 1.9051306474138359 -0.04020699858665466
v -0.08678881803461155 1.8006363383573292 -0.04065699875354767
v -0.10788264942002898 1.8084285641936246 1.678161659783819e-16
v -0.10500282828571247 1.6603503023850785 -0.06176000088453293
v -0.08678881803461155 1.8006363383573292 -0.04065699875354767
v -0.03997779944039232 1.7831968662919744 -0.05913800001144409
v -0.08678881803461155 1.8006363383573292 -0.04065699875354767
v -0.1795854545387178 1.6747252060160152 1.5549022193927614e-16
v -0.10788264942002898 1.8084285641936246 1.678161659783819e-16
v -0.08678881803461155 1.8006363383573292 -0.04065699875354767
v -0.10500282828571247 1.6603503023850785 -0.06176000088453293
v -0.15645866750167978 1.6703228185378822 -0.04245999827980995
v -0.08678881803461155 1.8006363383573292 -0.04065699875354767
v -0.15645866750167978 1.6703228185378822 -0.04245999827980995
v -0.1795854545387178 1.6747252060160152 1.5549022193927614e-16
v -0.15061080727054088 1.5417550512205551 -0.06769400089979172
v -0.15645866750167978 1.6703228185378822 -0.04245999827980995
v -0.10500282828571247 1.6603503023850785 -0.06176000088453293
v -0.15645866750167978 1.6703228185378822 -0.04245999827980995
v -0.235004295333903 1.5458147492561456 1.436061246961717e-16
v -0.1795854545387178 1.6747252060160152 1.5549022193927614e-16
v -0.15645866750167978 1.6703228185378822 -0.04245999827980995
v -0.15061080727054088 1.5417550512205551 -0.06769400089979172
v -0.2088145118973911 1.5446109021479166 -0.046539999544620514
v -0.15645866750167978 1.6703228185378822 -0.04245999827980995
v -0.2088145118973911 1.5446109021479166 -0.046539999544620514
v -0.235004295333903 1.5458147492561456 1.436061246961717e-16
v -0.17010134963532036 1.4548649078616789 -0.0767659991979599
v -0.2088145118973911 1.5446109021479166 -0.046539999544620514
v -0.15061080727054088 1.5417550512205551 -0.06769400089979172
v -0.2088145118973911 1.5446109021479166 -0.046539999544620514
v -0.2667038600031499 1.4524670319194528 1.3500053464986402e-16
v -0.235004295333903 1.5458147492561456 1.436061246961717e-16
v -0.2088145118973911 1.5446109021479166 -0.046539999544620514
v -0.17010134963532036 1.4548649078616789 -0.0767659991979599
v -0.23662001843710956 1.4532360244947697 -0.05277600139379501
v -0.23662001843710956 1.4532360244947697 -0.05277600139379501
v -0.2667038600031499 1.4524670319194528 1.3500053464986402e-16
v -0.2088145118973911 1.5446109021479166 -0.046539999544620514
v -0.1769159345136447 1.3913770962121008 -0.08107999712228775
v -0.23662001843710956 1.4532360244947697 -0.05277600139379501
v -0.17010134963532036 1.4548649078616789 -0.0767659991979599
v -0.23662001843710956 1.4532360244947697 -0.05277600139379501
v -0.27890947894084367 1.3854405242056171 1.288214557694235e-16
v -0.2667038600031499 1.4524670319194528 1.3500053464986402e-16
v -0.23662001843710956 1.4532360244947697 -0.05277600139379501
v -0.1769159345136447 1.3913770962121008 -0.08107999712228775
v -0.2470629292630213 1.3872790752351538 -0.05574300140142441
v -0.2470629292630213 1.3872790752351538 -0.05574300140142441
v -0.27890947894084367 1.3854405242056171 1.288214557694235e-16
v -0.23662001843710956 1.4532360244947697 -0.05277600139379501
v -0.18456946614999387 1.3346911315755 -0.07435300201177597
v -0.2470629292630213 1.3872790752351538 -0.05574300140142441
v -0.1769159345136447 1.3913770962121008 -0.08107999712228775
v -0.24881434898005952 1.3288103020291708 -0.05111800134181976
v -0.27890947894084367 1.3854405242056171 1.288214557694235e-16
v -0.2470629292630213 1.3872790752351538 -0.05574300140142441
v -0.2470629292630213 1.3872790752351538 -0.05574300140142441
v -0.18456946614999387 1.3346911315755 -0.07435300201177597
v -0.24881434898005952 1.3288103020291708 -0.05111800134181976
v -0.20818020520288733 -0.32113013551181846 -0.04703399911522865
v -0.20180205999239198 -0.4182690527557142 -0.04035300016403198
v -0.2606637937910585 -0.3312207678790197 -0.06651700288057327
v -0.2606637937910585 -0.3312207678790197 -0.06651700288057327
v -0.20180205999239198 -0.4182690527557142 -0.04035300016403198
v -0.24683112965871346 -0.4269263556494257 -0.05706699937582016
v -0.2918590873339109 -0.43558361895332176 -0.04035300016403198
v -0.2606637937910585 -0.3312207678790197 -0.06651700288057327
v -0.24683112965871346 -0.4269263556494257 -0.05706699937582016
v -0.20180205999239198 -0.4182690527557142 -0.04035300016403198
v -0.2918590873339109 -0.43558361895332176 -0.04035300016403198
v -0.24683112965871346 -0.4269263556494257 -0.05706699937582016
v -0.2606637937910585 -0.3312207678790197 -0.06651700288057327
v -0.2918590873339109 -0.43558361895332176 -0.04035300016403198
v -0.31314856176375505 -0.341311400246221 -0.04703399911522865
v -0.2918590873339109 -0.43558361895332176 -0.04035300016403198
v -0.33488798823842014 -0.3454905803448421 -3.0750760217736474e-17
v -0.31314856176375505 -0.341311400246221 -0.04703399911522865
v -0.20180205999239198 -0.4182690527557142 -0.04035300016403198
v -0.20818020520288733 -0.32113013551181846 -0.04703399911522865
v -0.1831516100734621 -0.4146836802990402 -3.712957674632895e-17
v -0.1831516100734621 -0.4146836802990402 -3.712957674632895e-17
v -0.2918590873339109 -0.43558361895332176 -0.04035300016403198
v -0.20180205999239198 -0.4182690527557142 -0.04035300016403198
v -0.20818020520288733 -0.32113013551181846 -0.04703399911522865
v -0.1864395993436968 -0.31695095541319734 -2.811972699105436e-17
v -0.1831516100734621 -0.4146836802990402 -3.712957674632895e-17
v -0.33488798823842014 -0.3454905803448421 -3.0750760217736474e-17
v -0.2918590873339109 -0.43558361895332176 -0.04035300016403198
v -0.3105106492439648 -0.43916899140999577 -3.9386846758867754e-17
v -0.2918590873339109 -0.43558361895332176 -0.04035300016403198
v -0.1831516100734621 -0.4146836802990402 -3.712957674632895e-17
v -0.3105106492439648 -0.43916899140999577 -3.9386846758867754e-17
v -0.20818020520288733 -0.32113013551181846 0.04703399911522865
v -0.1831516100734621 -0.4146836802990402 -3.712957674632895e-17
v -0.1864395993436968 -0.31695095541319734 -2.811972699105436e-17
v -0.2918590873339109 -0.43558361895332176 0.04035300016403198
v -0.33488798823842014 -0.3454905803448421 -3.0750760217736474e-17
v -0.3105106492439648 -0.43916899140999577 -3.9386846758867754e-17
v -0.1831516100734621 -0.4146836802990402 -3.712957674632895e-17
v -0.2918590873339109 -0.43558361895332176 0.04035300016403198
v -0.3105106492439648 -0.43916899140999577 -3.9386846758867754e-17
v -0.33488798823842014 -0.3454905803448421 -3.0750760217736474e-17
v -0.2918590873339109 -0.43558361895332176 0.04035300016403198
v -0.31314856176375505 -0.341311400246221 0.04703399911522865
v -0.2606637937910585 -0.3312207678790197 0.06651700288057327
v -0.31314856176375505 -0.341311400246221 0.04703399911522865
v -0.2918590873339109 -0.43558361895332176 0.04035300016403198
v -0.1831516100734621 -0.4146836802990402 -3.712957674632895e-17
v -0.20818020520288733 -0.32113013551181846 0.04703399911522865
v -0.20180205999239198 -0.4182690527557142 0.04035300016403198
v -0.2606637937910585 -0.3312207678790197 0.06651700288057327
v -0.20180205999239198 -0.4182690527557142 0.04035300016403198
v -0.20818020520288733 -0.32113013551181846 0.04703399911522865
v -0.20180205999239198 -0.4182690527557142 0.04035300016403198
v -0.2918590873339109 -0.43558361895332176 0.04035300016403198
v -0.1831516100734621 -0.4146836802990402 -3.712957674632895e-17
v -0.24683112965871346 -0.4269263556494257 0.05706699937582016
v -0.2606637937910585 -0.3312207678790197 0.06651700288057327
v -0.2918590873339109 -0.43558361895332176 0.04035300016403198
v -0.20180205999239198 -0.4182690527557142 0.04035300016403198
v -0.2606637937910585 -0.3312207678790197 0.06651700288057327
v -0.24683112965871346 -0.4269263556494257 0.05706699937582016
v -0.2918590873339109 -0.43558361895332176 0.04035300016403198
v -0.20180205999239198 -0.4182690527557142 0.04035300016403198
v -0.24683112965871346 -0.4269263556494257 0.05706699937582016
v -0.2606637937910585 0.3312206689044811 -0.06651700288057327
v -0.20180205999239198 0.41826893398626785 -0.04035300016403198
v -0.20818020520288733 0.32113001674237207 -0.04703399911522865
v -0.20180205999239198 0.41826893398626785 -0.04035300016403198
v -0.2606637937910585 0.3312206689044811 -0.06651700288057327
v -0.24683112965871346 0.4269262368799794 -0.05706699937582016
v -0.2606637937910585 0.3312206689044811 -0.06651700288057327
v -0.2918590873339109 0.43558350018387537 -0.04035300016403198
v -0.24683112965871346 0.4269262368799794 -0.05706699937582016
v -0.2918590873339109 0.43558350018387537 -0.04035300016403198
v -0.20180205999239198 0.41826893398626785 -0.04035300016403198
v -0.24683112965871346 0.4269262368799794 -0.05706699937582016
v -0.2918590873339109 0.43558350018387537 -0.04035300016403198
v -0.2606637937910585 0.3312206689044811 -0.06651700288057327
v -0.31314856176375505 0.34131128147677464 -0.04703399911522865
v -0.2918590873339109 0.43558350018387537 -0.04035300016403198
v -0.31314856176375505 0.34131128147677464 -0.04703399911522865
v -0.33488798823842014 0.34549046157539576 3.294985627215565e-17
v -0.1831516100734621 0.41468356152959385 3.9328676109470575e-17
v -0.20818020520288733 0.32113001674237207 -0.04703399911522865
v -0.20180205999239198 0.41826893398626785 -0.04035300016403198
v -0.2918590873339109 0.43558350018387537 -0.04035300016403198
v -0.1831516100734621 0.41468356152959385 3.9328676109470575e-17
v -0.20180205999239198 0.41826893398626785 -0.04035300016403198
v -0.20818020520288733 0.32113001674237207 -0.04703399911522865
v -0.1831516100734621 0.41468356152959385 3.9328676109470575e-17
v -0.1864395993436968 0.31695083664375096 3.0318826354195985e-17
v -0.2918590873339109 0.43558350018387537 -0.04035300016403198
v -0.33488798823842014 0.34549046157539576 3.294985627215565e-17
v -0.3105106492439648 0.43916887264054943 4.158594281328693e-17
v -0.3105106492439648 0.43916887264054943 4.158594281328693e-17
v -0.1831516100734621 0.41468356152959385 3.9328676109470575e-17
v -0.2918590873339109 0.43558350018387537 -0.04035300016403198
v -0.1831516100734621 0.41468356152959385 3.9328676109470575e-17
v -0.20818020520288733 0.32113001674237207 0.04703399911522865
v -0.1864395993436968 0.31695083664375096 3.0318826354195985e-17
v -0.33488798823842014 0.34549046157539576 3.294985627215565e-17
v -0.2918590873339109 0.43558350018387537 0.04035300016403198
v -0.3105106492439648 0.43916887264054943 4.158594281328693e-17
v -0.2918590873339109 0.43558350018387537 0.04035300016403198
v -0.1831516100734621 0.41468356152959385 3.9328676109470575e-17
v -0.3105106492439648 0.43916887264054943 4.158594281328693e-17
v -0.2918590873339109 0.43558350018387537 0.04035300016403198
v -0.33488798823842014 0.34549046157539576 3.294985627215565e-17
v -0.31314856176375505 0.34131128147677464 0.04703399911522865
v -0.2918590873339109 0.43558350018387537 0.04035300016403198
v -0.31314856176375505 0.34131128147677464 0.04703399911522865
v -0.2606637937910585 0.3312206689044811 0.06651700288057327
v -0.20818020520288733 0.32113001674237207 0.04703399911522865
v -0.1831516100734621 0.41468356152959385 3.9328676109470575e-17
v -0.20180205999239198 0.41826893398626785 0.04035300016403198
v -0.1831516100734621 0.41468356152959385 3.9328676109470575e-17
v -0.2918590873339109 0.43558350018387537 0.04035300016403198
v -0.20180205999239198 0.41826893398626785 0.04035300016403198
v -0.20180205999239198 0.41826893398626785 0.04035300016403198
v -0.2606637937910585 0.3312206689044811 0.06651700288057327
v -0.20818020520288733 0.32113001674237207 0.04703399911522865
v -0.2606637937910585 0.3312206689044811 0.06651700288057327
v -0.24683112965871346 0.4269262368799794 0.05706699937582016
v -0.2918590873339109 0.43558350018387537 0.04035300016403198
v -0.20180205999239198 0.41826893398626785 0.04035300016403198
v -0.2918590873339109 0.43558350018387537 0.04035300016403198
v -0.24683112965871346 0.4269262368799794 0.05706699937582016
v -0.2606637937910585 0.3312206689044811 0.06651700288057327
v -0.20180205999239198 0.41826893398626785 0.04035300016403198
v -0.24683112965871346 0.4269262368799794 0.05706699937582016
v -0.27798231422031294 -1.326168156925613 -1.2115811046759743e-16
v -0.27890947894084367 -1.3854405242056171 -1.2662235971500432e-16
v -0.24881434898005952 -1.3288103020291708 0.05111800134181976
v -0.18456946614999387 -1.3346912899347616 0.07435300201177597
v -0.18674600344341644 -1.2707812924932158 0.06445399671792984
v -0.24881434898005952 -1.3288103020291708 0.05111800134181976
v -0.27798231422031294 -1.326168156925613 -1.2115811046759743e-16
v -0.24881434898005952 -1.3288103020291708 0.05111800134181976
v -0.24207325660602294 -1.2625211942179226 0.0443120002746582
v -0.24881434898005952 -1.3288103020291708 0.05111800134181976
v -0.18674600344341644 -1.2707812924932158 0.06445399671792984
v -0.24207325660602294 -1.2625211942179226 0.0443120002746582
v -0.2671482183956499 -1.2587816986096985 -1.1494583848353638e-16
v -0.27798231422031294 -1.326168156925613 -1.2115811046759743e-16
v -0.24207325660602294 -1.2625211942179226 0.0443120002746582
v -0.18674600344341644 -1.2707812924932158 0.06445399671792984
v -0.22606520086808013 -1.1788656971406415 0.041374001652002335
v -0.24207325660602294 -1.2625211942179226 0.0443120002746582
v -0.2671482183956499 -1.2587816986096985 -1.1494583848353638e-16
v -0.24207325660602294 -1.2625211942179226 0.0443120002746582
v -0.22606520086808013 -1.1788656971406415 0.041374001652002335
v -0.22606520086808013 -1.1788656971406415 0.041374001652002335
v -0.18674600344341644 -1.2707812924932158 0.06445399671792984
v -0.1753307406212977 -1.1901571875850052 0.060180000960826874
v -0.24907212874062867 -1.173732640028548 -1.0710528462472185e-16
v -0.2671482183956499 -1.2587816986096985 -1.1494583848353638e-16
v -0.22606520086808013 -1.1788656971406415 0.041374001652002335
v -0.1753307406212977 -1.1901571875850052 0.060180000960826874
v -0.20461630734709182 -1.0887022678402902 0.04115600138902664
v -0.22606520086808013 -1.1788656971406415 0.041374001652002335
v -0.24907212874062867 -1.173732640028548 -1.0710528462472185e-16
v -0.22606520086808013 -1.1788656971406415 0.041374001652002335
v -0.20461630734709182 -1.0887022678402902 0.04115600138902664
v -0.20461630734709182 -1.0887022678402902 0.04115600138902664
v -0.1753307406212977 -1.1901571875850052 0.060180000960826874
v -0.15483839534387495 -1.0988805718538075 0.059863001108169556
v -0.2272874475968859 -1.0840488017525682 -9.883744896613183e-17
v -0.24907212874062867 -1.173732640028548 -1.0710528462472185e-16
v -0.20461630734709182 -1.0887022678402902 0.04115600138902664
v -0.15483839534387495 -1.0988805718538075 0.059863001108169556
v -0.1856978675672722 -1.0029451849996172 0.04123000055551529
v -0.20461630734709182 -1.0887022678402902 0.04115600138902664
v -0.2272874475968859 -1.0840488017525682 -9.883744896613183e-17
v -0.20461630734709182 -1.0887022678402902 0.04115600138902664
v -0.1856978675672722 -1.0029451849996172 0.04123000055551529
v -0.20862682127433615 -1.0023221204840518 -9.130317692708853e-17
v -0.2272874475968859 -1.0840488017525682 -9.883744896613183e-17
v -0.1856978675672722 -1.0029451849996172 0.04123000055551529
v -0.1856978675672722 -1.0029451849996172 0.04123000055551529
v -0.15483839534387495 -1.0988805718538075 0.059863001108169556
v -0.13569610838111926 -1.0041473693355971 0.05997199937701225
v -0.1856978675672722 -1.0029451849996172 0.04123000055551529
v -0.21223590640580792 -0.9167961629859805 -8.341865676435558e-17
v -0.20862682127433615 -1.0023221204840518 -9.130317692708853e-17
v -0.13569610838111926 -1.0041473693355971 0.05997199937701225
v -0.18925495868952066 -0.9122849035153578 0.04122399911284447
v -0.1856978675672722 -1.0029451849996172 0.04123000055551529
v -0.21223590640580792 -0.9167961629859805 -8.341865676435558e-17
v -0.1856978675672722 -1.0029451849996172 0.04123000055551529
v -0.18925495868952066 -0.9122849035153578 0.04122399911284447
v -0.18925495868952066 -0.9122849035153578 0.04122399911284447
v -0.13569610838111926 -1.0041473693355971 0.05997199937701225
v -0.13934704481489518 -0.9021331246781927 0.05996200069785118
v -0.18925495868952066 -0.9122849035153578 0.04122399911284447
v -0.25226290302926313 -0.8160054811648997 -7.412689062143312e-17
v -0.21223590640580792 -0.9167961629859805 -8.341865676435558e-17
v -0.18111299337611922 -0.7910591466530191 0.05995199829339981
v -0.18925495868952066 -0.9122849035153578 0.04122399911284447
v -0.13934704481489518 -0.9021331246781927 0.05996200069785118
v -0.25226290302926313 -0.8160054811648997 -7.412689062143312e-17
v -0.18925495868952066 -0.9122849035153578 0.04122399911284447
v -0.2298755563930002 -0.808259496233051 0.04121699929237366
v -0.18925495868952066 -0.9122849035153578 0.04122399911284447
v -0.18111299337611922 -0.7910591466530191 0.05995199829339981
v -0.2298755563930002 -0.808259496233051 0.04121699929237366
v -0.2298755563930002 -0.808259496233051 0.04121699929237366
v -0.3105604529676408 -0.7139872775259503 -6.47219727881583e-17
v -0.25226290302926313 -0.8160054811648997 -7.412689062143312e-17
v -0.24084534883149486 -0.6883250007914568 0.0597120001912117
v -0.2298755563930002 -0.808259496233051 0.04121699929237366
v -0.18111299337611922 -0.7910591466530191 0.05995199829339981
v -0.3105604529676408 -0.7139872775259503 -6.47219727881583e-17
v -0.2298755563930002 -0.808259496233051 0.04121699929237366
v -0.2887463546041625 -0.7059968650735081 0.04105199873447418
v -0.2298755563930002 -0.808259496233051 0.04121699929237366
v -0.24084534883149486 -0.6883250007914568 0.0597120001912117
v -0.2887463546041625 -0.7059968650735081 0.04105199873447418
v -0.2887463546041625 -0.7059968650735081 0.04105199873447418
v -0.36500010133637123 -0.6277373410727296 -5.677070907615967e-17
v -0.3105604529676408 -0.7139872775259503 -6.47219727881583e-17
v -0.29440874819449453 -0.6098502665538875 0.05992399901151657
v -0.2887463546041625 -0.7059968650735081 0.04105199873447418
v -0.24084534883149486 -0.6883250007914568 0.0597120001912117
v -0.36500010133637123 -0.6277373410727296 -5.677070907615967e-17
v -0.2887463546041625 -0.7059968650735081 0.04105199873447418
v -0.3431656501656532 -0.6222695916608146 0.040821999311447144
v -0.2887463546041625 -0.7059968650735081 0.04105199873447418
v -0.29440874819449453 -0.6098502665538875 0.05992399901151657
v -0.3431656501656532 -0.6222695916608146 0.040821999311447144
v -0.3431656501656532 -0.6222695916608146 0.040821999311447144
v -0.4098245309391716 -0.5606139174906704 -5.058269002765868e-17
v -0.36500010133637123 -0.6277373410727296 -5.677070907615967e-17
v -0.33939033920949024 -0.5420187791224901 0.06643600016832352
v -0.3431656501656532 -0.6222695916608146 0.040821999311447144
v -0.29440874819449453 -0.6098502665538875 0.05992399901151657
v -0.4098245309391716 -0.5606139174906704 -5.058269002765868e-17
v -0.3431656501656532 -0.6222695916608146 0.040821999311447144
v -0.3886842991968517 -0.5575665310361577 0.04130899906158447
v -0.3431656501656532 -0.6222695916608146 0.040821999311447144
v -0.33939033920949024 -0.5420187791224901 0.06643600016832352
v -0.3886842991968517 -0.5575665310361577 0.04130899906158447
v -0.3886842991968517 -0.5575665310361577 0.04130899906158447
v -0.44409980401866483 -0.5101793430730182 -4.593319383128182e-17
v -0.4098245309391716 -0.5606139174906704 -5.058269002765868e-17
v -0.3956062754603962 -0.4958258575322404 0.07100100070238113
v -0.3886842991968517 -0.5575665310361577 0.04130899906158447
v -0.33939033920949024 -0.5420187791224901 0.06643600016832352
v -0.3886842991968517 -0.5575665310361577 0.04130899906158447
v -0.3956062754603962 -0.4958258575322404 0.07100100070238113
v -0.4263109113439483 -0.5086529973281266 0.04111599922180176
v -0.44409980401866483 -0.5101793430730182 -4.593319383128182e-17
v -0.3886842991968517 -0.5575665310361577 0.04130899906158447
v -0.4263109113439483 -0.5086529973281266 0.04111599922180176
v -0.4338615332562742 -0.4534959517744215 0.06484299898147583
v -0.4263109113439483 -0.5086529973281266 0.04111599922180176
v -0.3956062754603962 -0.4958258575322404 0.07100100070238113
v -0.44409980401866483 -0.5101793430730182 -4.593319383128182e-17
v -0.4263109113439483 -0.5086529973281266 0.04111599922180176
v -0.4559899544441432 -0.46330096341805266 0.03728000074625015
v -0.4263109113439483 -0.5086529973281266 0.04111599922180176
v -0.4338615332562742 -0.4534959517744215 0.06484299898147583
v -0.4559899544441432 -0.46330096341805266 0.03728000074625015
v -0.4698000080902997 -0.46446997148868496 -4.171930748908763e-17
v -0.44409980401866483 -0.5101793430730182 -4.593319383128182e-17
v -0.4559899544441432 -0.46330096341805266 0.03728000074625015
v -0.4338615332562742 -0.4534959517744215 0.06484299898147583
v -0.4658946278693267 -0.4031171989965549 0.04892300069332123
v -0.4559899544441432 -0.46330096341805266 0.03728000074625015
v -0.4698000080902997 -0.46446997148868496 -4.171930748908763e-17
v -0.4559899544441432 -0.46330096341805266 0.03728000074625015
v -0.48028925187971244 -0.4110292236144044 0.028149999678134918
v -0.4559899544441432 -0.46330096341805266 0.03728000074625015
v -0.4658946278693267 -0.4031171989965549 0.04892300069332123
v -0.48028925187971244 -0.4110292236144044 0.028149999678134918
v -0.489463515619916 -0.4127521723828248 -3.695151123022588e-17
v -0.4698000080902997 -0.46446997148868496 -4.171930748908763e-17
v -0.48028925187971244 -0.4110292236144044 0.028149999678134918
v -0.4658946278693267 -0.4031171989965549 0.04892300069332123
v -0.4920595768374021 -0.3504628632163898 0.030388999730348587
v -0.48028925187971244 -0.4110292236144044 0.028149999678134918
v -0.48028925187971244 -0.4110292236144044 0.028149999678134918
v -0.4998431103451599 -0.35745695837319624 0.017659999430179596
v -0.489463515619916 -0.4127521723828248 -3.695151123022588e-17
v -0.48028925187971244 -0.4110292236144044 0.028149999678134918
v -0.4920595768374021 -0.3504628632163898 0.030388999730348587
v -0.4998431103451599 -0.35745695837319624 0.017659999430179596
v -0.5049695916071139 -0.35875083272176045 -3.197320081419184e-17
v -0.489463515619916 -0.4127521723828248 -3.695151123022588e-17
v -0.4998431103451599 -0.35745695837319624 0.017659999430179596
v -0.5123302989141368 -0.3176071961941104 0.010781999677419662
v -0.4998431103451599 -0.35745695837319624 0.017659999430179596
v -0.4920595768374021 -0.3504628632163898 0.030388999730348587
v -0.4998431103451599 -0.35745695837319624 0.017659999430179596
v -0.5123302989141368 -0.3176071961941104 0.010781999677419662
v -0.5049695916071139 -0.35875083272176045 -3.197320081419184e-17
v -0.4920595768374021 -0.3504628632163898 0.030388999730348587
v -0.5109632911590035 -0.3046431944062106 0.01584099978208542
v -0.5123302989141368 -0.3176071961941104 0.010781999677419662
v -0.5166607293180927 -0.3097044553879841 -2.7451682693466732e-17
v -0.5049695916071139 -0.35875083272176045 -3.197320081419184e-17
v -0.5123302989141368 -0.3176071961941104 0.010781999677419662
v -0.5109632911590035 -0.3046431944062106 0.01584099978208542
v -0.5166607293180927 -0.3097044553879841 -2.7451682693466732e-17
v -0.5123302989141368 -0.3176071961941104 0.010781999677419662
v -0.5166607293180927 -0.3097044553879841 -2.7451682693466732e-17
v -0.5109632911590035 -0.3046431944062106 0.01584099978208542
v -0.5183635583926811 -0.26968200243390167 -2.3762066732231104e-17
v -0.24881434898005952 -1.3288103020291708 -0.05111800134181976
v -0.27890947894084367 -1.3854405242056171 -1.2662235971500432e-16
v -0.27798231422031294 -1.326168156925613 -1.2115811046759743e-16
v -0.24881434898005952 -1.3288103020291708 -0.05111800134181976
v -0.18674600344341644 -1.2707812924932158 -0.06445500254631042
v -0.18456946614999387 -1.3346912899347616 -0.07435300201177597
v -0.27798231422031294 -1.326168156925613 -1.2115811046759743e-16
v -0.24207325660602294 -1.2625211942179226 -0.0443120002746582
v -0.24881434898005952 -1.3288103020291708 -0.05111800134181976
v -0.18674600344341644 -1.2707812924932158 -0.06445500254631042
v -0.24881434898005952 -1.3288103020291708 -0.05111800134181976
v -0.24207325660602294 -1.2625211942179226 -0.0443120002746582
v -0.24207325660602294 -1.2625211942179226 -0.0443120002746582
v -0.27798231422031294 -1.326168156925613 -1.2115811046759743e-16
v -0.2671482183956499 -1.2587816986096985 -1.1494583848353638e-16
v -0.18674600344341644 -1.2707812924932158 -0.06445500254631042
v -0.24207325660602294 -1.2625211942179226 -0.0443120002746582
v -0.22606520086808013 -1.1788656971406415 -0.041374001652002335
v -0.2671482183956499 -1.2587816986096985 -1.1494583848353638e-16
v -0.22606520086808013 -1.1788656971406415 -0.041374001652002335
v -0.24207325660602294 -1.2625211942179226 -0.0443120002746582
v -0.17532959493347294 -1.1901571875850052 -0.060180000960826874
v -0.18674600344341644 -1.2707812924932158 -0.06445500254631042
v -0.22606520086808013 -1.1788656971406415 -0.041374001652002335
v -0.22606520086808013 -1.1788656971406415 -0.041374001652002335
v -0.2671482183956499 -1.2587816986096985 -1.1494583848353638e-16
v -0.24907212874062867 -1.173732640028548 -1.0710528462472185e-16
v -0.17532959493347294 -1.1901571875850052 -0.060180000960826874
v -0.22606520086808013 -1.1788656971406415 -0.041374001652002335
v -0.20461630734709182 -1.0887022678402902 -0.04115600138902664
v -0.24907212874062867 -1.173732640028548 -1.0710528462472185e-16
v -0.20461630734709182 -1.0887022678402902 -0.04115600138902664
v -0.22606520086808013 -1.1788656971406415 -0.041374001652002335
v -0.15483839534387495 -1.0988805718538075 -0.059863001108169556
v -0.17532959493347294 -1.1901571875850052 -0.060180000960826874
v -0.20461630734709182 -1.0887022678402902 -0.04115600138902664
v -0.20461630734709182 -1.0887022678402902 -0.04115600138902664
v -0.24907212874062867 -1.173732640028548 -1.0710528462472185e-16
v -0.2272874475968859 -1.0840488017525682 -9.883744896613183e-17
v -0.15483839534387495 -1.0988805718538075 -0.059863001108169556
v -0.20461630734709182 -1.0887022678402902 -0.04115600138902664
v -0.1856978675672722 -1.0029451849996172 -0.04123000055551529
v -0.2272874475968859 -1.0840488017525682 -9.883744896613183e-17
v -0.1856978675672722 -1.0029451849996172 -0.04123000055551529
v -0.20461630734709182 -1.0887022678402902 -0.04115600138902664
v -0.1856978675672722 -1.0029451849996172 -0.04123000055551529
v -0.2272874475968859 -1.0840488017525682 -9.883744896613183e-17
v -0.20862682127433615 -1.0023221204840518 -9.130317692708853e-17
v -0.13569610838111926 -1.0041473693355971 -0.05997199937701225
v -0.15483839534387495 -1.0988805718538075 -0.059863001108169556
v -0.1856978675672722 -1.0029451849996172 -0.04123000055551529
v -0.1856978675672722 -1.0029451849996172 -0.04123000055551529
v -0.20862682127433615 -1.0023221204840518 -9.130317692708853e-17
v -0.21223590640580792 -0.9167961629859805 -8.341865676435558e-17
v -0.18925495868952066 -0.9122849035153578 -0.04122399911284447
v -0.13569610838111926 -1.0041473693355971 -0.05997199937701225
v -0.1856978675672722 -1.0029451849996172 -0.04123000055551529
v -0.18925495868952066 -0.9122849035153578 -0.04122399911284447
v -0.1856978675672722 -1.0029451849996172 -0.04123000055551529
v -0.21223590640580792 -0.9167961629859805 -8.341865676435558e-17
v -0.18925495868952066 -0.9122849035153578 -0.04122399911284447
v -0.13934704481489518 -0.9021344707319181 -0.05996200069785118
v -0.13569610838111926 -1.0041473693355971 -0.05997199937701225
v -0.21223590640580792 -0.9167961629859805 -8.341865676435558e-17
v -0.25226290302926313 -0.8160054811648997 -7.412689062143312e-17
v -0.18925495868952066 -0.9122849035153578 -0.04122399911284447
v -0.18925495868952066 -0.9122849035153578 -0.04122399911284447
v -0.18111299337611922 -0.7910591466530191 -0.05995199829339981
v -0.13934704481489518 -0.9021344707319181 -0.05996200069785118
v -0.2298755563930002 -0.808259496233051 -0.04121699929237366
v -0.18925495868952066 -0.9122849035153578 -0.04122399911284447
v -0.25226290302926313 -0.8160054811648997 -7.412689062143312e-17
v -0.18111299337611922 -0.7910591466530191 -0.05995199829339981
v -0.18925495868952066 -0.9122849035153578 -0.04122399911284447
v -0.2298755563930002 -0.808259496233051 -0.04121699929237366
v -0.2298755563930002 -0.808259496233051 -0.04121699929237366
v -0.25226290302926313 -0.8160054811648997 -7.412689062143312e-17
v -0.3105604529676408 -0.7139872775259503 -6.47219727881583e-17
v -0.2298755563930002 -0.808259496233051 -0.04121699929237366
v -0.24084534883149486 -0.6883250007914568 -0.0597120001912117
v -0.18111299337611922 -0.7910591466530191 -0.05995199829339981
v -0.2887463546041625 -0.7059968650735081 -0.04105199873447418
v -0.2298755563930002 -0.808259496233051 -0.04121699929237366
v -0.3105604529676408 -0.7139872775259503 -6.47219727881583e-17
v -0.24084534883149486 -0.6883250007914568 -0.0597120001912117
v -0.2298755563930002 -0.808259496233051 -0.04121699929237366
v -0.2887463546041625 -0.7059968650735081 -0.04105199873447418
v -0.2887463546041625 -0.7059968650735081 -0.04105199873447418
v -0.3105604529676408 -0.7139872775259503 -6.47219727881583e-17
v -0.36500010133637123 -0.6277373410727296 -5.677070907615967e-17
v -0.2887463546041625 -0.7059968650735081 -0.04105199873447418
v -0.29440874819449453 -0.6098502665538875 -0.05992399901151657
v -0.24084534883149486 -0.6883250007914568 -0.0597120001912117
v -0.3431656501656532 -0.6222695916608146 -0.040821999311447144
v -0.2887463546041625 -0.7059968650735081 -0.04105199873447418
v -0.36500010133637123 -0.6277373410727296 -5.677070907615967e-17
v -0.29440874819449453 -0.6098502665538875 -0.05992399901151657
v -0.2887463546041625 -0.7059968650735081 -0.04105199873447418
v -0.3431656501656532 -0.6222695916608146 -0.040821999311447144
v -0.3431656501656532 -0.6222695916608146 -0.040821999311447144
v -0.36500010133637123 -0.6277373410727296 -5.677070907615967e-17
v -0.4098245309391716 -0.5606139174906704 -5.058269002765868e-17
v -0.3431656501656532 -0.6222695916608146 -0.040821999311447144
v -0.33939033920949024 -0.5420187791224901 -0.06643600016832352
v -0.29440874819449453 -0.6098502665538875 -0.05992399901151657
v -0.3886842991968517 -0.5575665310361577 -0.04130899906158447
v -0.3431656501656532 -0.6222695916608146 -0.040821999311447144
v -0.4098245309391716 -0.5606139174906704 -5.058269002765868e-17
v -0.33939033920949024 -0.5420187791224901 -0.06643600016832352
v -0.3431656501656532 -0.6222695916608146 -0.040821999311447144
v -0.3886842991968517 -0.5575665310361577 -0.04130899906158447
v -0.3886842991968517 -0.5575665310361577 -0.04130899906158447
v -0.4098245309391716 -0.5606139174906704 -5.058269002765868e-17
v -0.44409980401866483 -0.5101793430730182 -4.593319383128182e-17
v -0.3886842991968517 -0.5575665310361577 -0.04130899906158447
v -0.3956062754603962 -0.4958258575322404 -0.07100100070238113
v -0.33939033920949024 -0.5420187791224901 -0.06643600016832352
v -0.3956062754603962 -0.4958258575322404 -0.07100100070238113
v -0.3886842991968517 -0.5575665310361577 -0.04130899906158447
v -0.4263109113439483 -0.5086529973281266 -0.04111599922180176
v -0.4263109113439483 -0.5086529973281266 -0.04111599922180176
v -0.3886842991968517 -0.5575665310361577 -0.04130899906158447
v -0.44409980401866483 -0.5101793430730182 -4.593319383128182e-17
v -0.4263109113439483 -0.5086529973281266 -0.04111599922180176
v -0.4338615332562742 -0.4534959517744215 -0.06484299898147583
v -0.3956062754603962 -0.4958258575322404 -0.07100100070238113
v -0.44409980401866483 -0.5101793430730182 -4.593319383128182e-17
v -0.4559899544441432 -0.46330096341805266 -0.03728000074625015
v -0.4263109113439483 -0.5086529973281266 -0.04111599922180176
v -0.4338615332562742 -0.4534959517744215 -0.06484299898147583
v -0.4263109113439483 -0.5086529973281266 -0.04111599922180176
v -0.4559899544441432 -0.46330096341805266 -0.03728000074625015
v -0.4559899544441432 -0.46330096341805266 -0.03728000074625015
v -0.44409980401866483 -0.5101793430730182 -4.593319383128182e-17
v -0.4698000080902997 -0.46446997148868496 -4.171930748908763e-17
v -0.4559899544441432 -0.46330096341805266 -0.03728000074625015
v -0.4658946278693267 -0.4031171989965549 -0.04892300069332123
v -0.4338615332562742 -0.4534959517744215 -0.06484299898147583
v -0.4698000080902997 -0.46446997148868496 -4.171930748908763e-17
v -0.48028925187971244 -0.4110292236144044 -0.028149999678134918
v -0.4559899544441432 -0.46330096341805266 -0.03728000074625015
v -0.4658946278693267 -0.4031171989965549 -0.04892300069332123
v -0.4559899544441432 -0.46330096341805266 -0.03728000074625015
v -0.48028925187971244 -0.4110292236144044 -0.028149999678134918
v -0.48028925187971244 -0.4110292236144044 -0.028149999678134918
v -0.4698000080902997 -0.46446997148868496 -4.171930748908763e-17
v -0.489463515619916 -0.4127521723828248 -3.695151123022588e-17
v -0.48028925187971244 -0.4110292236144044 -0.028149999678134918
v -0.4920595768374021 -0.3504628632163898 -0.030388999730348587
v -0.4658946278693267 -0.4031171989965549 -0.04892300069332123
v -0.489463515619916 -0.4127521723828248 -3.695151123022588e-17
v -0.4998431103451599 -0.35745695837319624 -0.017659999430179596
v -0.48028925187971244 -0.4110292236144044 -0.028149999678134918
v -0.4920595768374021 -0.3504628632163898 -0.030388999730348587
v -0.48028925187971244 -0.4110292236144044 -0.028149999678134918
v -0.4998431103451599 -0.35745695837319624 -0.017659999430179596
v -0.4998431103451599 -0.35745695837319624 -0.017659999430179596
v -0.489463515619916 -0.4127521723828248 -3.695151123022588e-17
v -0.5049695916071139 -0.35875083272176045 -3.197320081419184e-17
v -0.4920595768374021 -0.3504628632163898 -0.030388999730348587
v -0.4998431103451599 -0.35745695837319624 -0.017659999430179596
v -0.5123302989141368 -0.3176071961941104 -0.010781999677419662
v -0.5123302989141368 -0.3176071961941104 -0.010781999677419662
v -0.4998431103451599 -0.35745695837319624 -0.017659999430179596
v -0.5049695916071139 -0.35875083272176045 -3.197320081419184e-17
v -0.5109632911590035 -0.3046431944062106 -0.01584099978208542
v -0.4920595768374021 -0.3504628632163898 -0.030388999730348587
v -0.5123302989141368 -0.3176071961941104 -0.010781999677419662
v -0.5049695916071139 -0.35875083272176045 -3.197320081419184e-17
v -0.5166607293180927 -0.3097044553879841 -2.7451682693466732e-17
v -0.5123302989141368 -0.3176071961941104 -0.010781999677419662
v -0.5166607293180927 -0.3097044553879841 -2.7451682693466732e-17
v -0.5109632911590035 -0.3046431944062106 -0.01584099978208542
v -0.5123302989141368 -0.3176071961941104 -0.010781999677419662
v -0.5109632911590035 -0.3046431944062106 -0.01584099978208542
v -0.5166607293180927 -0.3097044553879841 -2.7451682693466732e-17
v -0.5183635583926811 -0.26968200243390167 -2.3762066732231104e-17
v -0.27798231422031294 1.3261679985663513 1.233572065220166e-16
v -0.24881434898005952 1.3288103020291708 0.05111800134181976
v -0.27890947894084367 1.3854405242056171 1.288214557694235e-16
v -0.24881434898005952 1.3288103020291708 0.05111800134181976
v -0.18674600344341644 1.2707824801876793 0.06445399671792984
v -0.18456946614999387 1.3346911315755 0.07435300201177597
v -0.27798231422031294 1.3261679985663513 1.233572065220166e-16
v -0.24207325660602294 1.262522381912386 0.0443120002746582
v -0.24881434898005952 1.3288103020291708 0.05111800134181976
v -0.18674600344341644 1.2707824801876793 0.06445399671792984
v -0.24881434898005952 1.3288103020291708 0.05111800134181976
v -0.24207325660602294 1.262522381912386 0.0443120002746582
v -0.2671482183956499 1.2587816194300674 1.1714493453795555e-16
v -0.24207325660602294 1.262522381912386 0.0443120002746582
v -0.27798231422031294 1.3261679985663513 1.233572065220166e-16
v -0.22606520086808013 1.1788655387813798 0.041374001652002335
v -0.18674600344341644 1.2707824801876793 0.06445399671792984
v -0.24207325660602294 1.262522381912386 0.0443120002746582
v -0.2671482183956499 1.2587816194300674 1.1714493453795555e-16
v -0.22606520086808013 1.1788655387813798 0.041374001652002335
v -0.24207325660602294 1.262522381912386 0.0443120002746582
v -0.18674600344341644 1.2707824801876793 0.06445399671792984
v -0.22606520086808013 1.1788655387813798 0.041374001652002335
v -0.1753307406212977 1.1901583752794687 0.060180000960826874
v -0.24907212874062867 1.173732560848917 1.0930438067914102e-16
v -0.22606520086808013 1.1788655387813798 0.041374001652002335
v -0.2671482183956499 1.2587816194300674 1.1714493453795555e-16
v -0.20461630734709182 1.0887021094810285 0.04115600138902664
v -0.1753307406212977 1.1901583752794687 0.060180000960826874
v -0.22606520086808013 1.1788655387813798 0.041374001652002335
v -0.24907212874062867 1.173732560848917 1.0930438067914102e-16
v -0.20461630734709182 1.0887021094810285 0.04115600138902664
v -0.22606520086808013 1.1788655387813798 0.041374001652002335
v -0.1753307406212977 1.1901583752794687 0.060180000960826874
v -0.20461630734709182 1.0887021094810285 0.04115600138902664
v -0.15483839534387495 1.0988804134945456 0.059863001108169556
v -0.2272874475968859 1.0840486433933063 1.01036545020551e-16
v -0.20461630734709182 1.0887021094810285 0.04115600138902664
v -0.24907212874062867 1.173732560848917 1.0930438067914102e-16
v -0.1856978675672722 1.0029450266403552 0.04123000055551529
v -0.15483839534387495 1.0988804134945456 0.059863001108169556
v -0.20461630734709182 1.0887021094810285 0.04115600138902664
v -0.2272874475968859 1.0840486433933063 1.01036545020551e-16
v -0.1856978675672722 1.0029450266403552 0.04123000055551529
v -0.20461630734709182 1.0887021094810285 0.04115600138902664
v -0.20862682127433615 1.002322041304421 9.35022729815077e-17
v -0.1856978675672722 1.0029450266403552 0.04123000055551529
v -0.2272874475968859 1.0840486433933063 1.01036545020551e-16
v -0.15483839534387495 1.0988804134945456 0.059863001108169556
v -0.1856978675672722 1.0029450266403552 0.04123000055551529
v -0.13569610838111926 1.0041472109763354 0.05997199937701225
v -0.21223590640580792 0.9167960838063497 8.561775281877476e-17
v -0.1856978675672722 1.0029450266403552 0.04123000055551529
v -0.20862682127433615 1.002322041304421 9.35022729815077e-17
v -0.18925495868952066 0.912284745156096 0.04122399911284447
v -0.13569610838111926 1.0041472109763354 0.05997199937701225
v -0.1856978675672722 1.0029450266403552 0.04123000055551529
v -0.1856978675672722 1.0029450266403552 0.04123000055551529
v -0.21223590640580792 0.9167960838063497 8.561775281877476e-17
v -0.18925495868952066 0.912284745156096 0.04122399911284447
v -0.13569610838111926 1.0041472109763354 0.05997199937701225
v -0.18925495868952066 0.912284745156096 0.04122399911284447
v -0.13934704481489518 0.9021343915522871 0.05996200069785118
v -0.25226290302926313 0.8160053228056379 7.632598667585229e-17
v -0.18925495868952066 0.912284745156096 0.04122399911284447
v -0.21223590640580792 0.9167960838063497 8.561775281877476e-17
v -0.18925495868952066 0.912284745156096 0.04122399911284447
v -0.18111299337611922 0.7910590674733883 0.05995199829339981
v -0.13934704481489518 0.9021343915522871 0.05996200069785118
v -0.18925495868952066 0.912284745156096 0.04122399911284447
v -0.25226290302926313 0.8160053228056379 7.632598667585229e-17
v -0.2298755563930002 0.8082593378737892 0.04121699929237366
v -0.18111299337611922 0.7910590674733883 0.05995199829339981
v -0.18925495868952066 0.912284745156096 0.04122399911284447
v -0.2298755563930002 0.8082593378737892 0.04121699929237366
v -0.3105604529676408 0.7139871191666884 6.692106884257748e-17
v -0.2298755563930002 0.8082593378737892 0.04121699929237366
v -0.25226290302926313 0.8160053228056379 7.632598667585229e-17
v -0.2298755563930002 0.8082593378737892 0.04121699929237366
v -0.24084534883149486 0.6883248424321949 0.0597120001912117
v -0.18111299337611922 0.7910590674733883 0.05995199829339981
v -0.2298755563930002 0.8082593378737892 0.04121699929237366
v -0.3105604529676408 0.7139871191666884 6.692106884257748e-17
v -0.2887463546041625 0.7059980527679716 0.04105199873447418
v -0.2298755563930002 0.8082593378737892 0.04121699929237366
v -0.2887463546041625 0.7059980527679716 0.04105199873447418
v -0.24084534883149486 0.6883248424321949 0.0597120001912117
v -0.36500010133637123 0.6277372223032832 5.896980513057885e-17
v -0.2887463546041625 0.7059980527679716 0.04105199873447418
v -0.3105604529676408 0.7139871191666884 6.692106884257748e-17
v -0.2887463546041625 0.7059980527679716 0.04105199873447418
v -0.29440874819449453 0.6098501081946257 0.05992399901151657
v -0.24084534883149486 0.6883248424321949 0.0597120001912117
v -0.2887463546041625 0.7059980527679716 0.04105199873447418
v -0.36500010133637123 0.6277372223032832 5.896980513057885e-17
v -0.3431656501656532 0.6222694728913684 0.040821999311447144
v -0.2887463546041625 0.7059980527679716 0.04105199873447418
v -0.3431656501656532 0.6222694728913684 0.040821999311447144
v -0.29440874819449453 0.6098501081946257 0.05992399901151657
v -0.4098245309391716 0.560613798721224 5.2781786082077857e-17
v -0.3431656501656532 0.6222694728913684 0.040821999311447144
v -0.36500010133637123 0.6277372223032832 5.896980513057885e-17
v -0.3431656501656532 0.6222694728913684 0.040821999311447144
v -0.33939033920949024 0.5420186603530437 0.06643600016832352
v -0.29440874819449453 0.6098501081946257 0.05992399901151657
v -0.3431656501656532 0.6222694728913684 0.040821999311447144
v -0.4098245309391716 0.560613798721224 5.2781786082077857e-17
v -0.3886842991968517 0.5575664122667113 0.04130899906158447
v -0.3886842991968517 0.5575664122667113 0.04130899906158447
v -0.33939033920949024 0.5420186603530437 0.06643600016832352
v -0.3431656501656532 0.6222694728913684 0.040821999311447144
v -0.44409980401866483 0.5101792243035718 4.8132293194423444e-17
v -0.3886842991968517 0.5575664122667113 0.04130899906158447
v -0.4098245309391716 0.560613798721224 5.2781786082077857e-17
v -0.3886842991968517 0.5575664122667113 0.04130899906158447
v -0.3956062754603962 0.495825738762794 0.07100100070238113
v -0.33939033920949024 0.5420186603530437 0.06643600016832352
v -0.3886842991968517 0.5575664122667113 0.04130899906158447
v -0.4263109113439483 0.5086528785586802 0.04111599922180176
v -0.3956062754603962 0.495825738762794 0.07100100070238113
v -0.3886842991968517 0.5575664122667113 0.04130899906158447
v -0.44409980401866483 0.5101792243035718 4.8132293194423444e-17
v -0.4263109113439483 0.5086528785586802 0.04111599922180176
v -0.4263109113439483 0.5086528785586802 0.04111599922180176
v -0.4338615332562742 0.4534958330049751 0.06484299898147583
v -0.3956062754603962 0.495825738762794 0.07100100070238113
v -0.44409980401866483 0.5101792243035718 4.8132293194423444e-17
v -0.4559899544441432 0.4633008446486063 0.03728000074625015
v -0.4263109113439483 0.5086528785586802 0.04111599922180176
v -0.4263109113439483 0.5086528785586802 0.04111599922180176
v -0.4559899544441432 0.4633008446486063 0.03728000074625015
v -0.4338615332562742 0.4534958330049751 0.06484299898147583
v -0.4559899544441432 0.4633008446486063 0.03728000074625015
v -0.44409980401866483 0.5101792243035718 4.8132293194423444e-17
v -0.4698000080902997 0.4644698527192386 4.3918406852229256e-17
v -0.4559899544441432 0.4633008446486063 0.03728000074625015
v -0.4658946278693267 0.40311708022710857 0.04892300069332123
v -0.4338615332562742 0.4534958330049751 0.06484299898147583
v -0.4698000080902997 0.4644698527192386 4.3918406852229256e-17
v -0.48028925187971244 0.4110291048449581 0.028149999678134918
v -0.4559899544441432 0.4633008446486063 0.03728000074625015
v -0.4559899544441432 0.4633008446486063 0.03728000074625015
v -0.48028925187971244 0.4110291048449581 0.028149999678134918
v -0.4658946278693267 0.40311708022710857 0.04892300069332123
v -0.48028925187971244 0.4110291048449581 0.028149999678134918
v -0.4698000080902997 0.4644698527192386 4.3918406852229256e-17
v -0.489463515619916 0.41275205361337847 3.915061059336751e-17
v -0.48028925187971244 0.4110291048449581 0.028149999678134918
v -0.4920595768374021 0.350462704857128 0.030388999730348587
v -0.4658946278693267 0.40311708022710857 0.04892300069332123
v -0.489463515619916 0.41275205361337847 3.915061059336751e-17
v -0.4998431103451599 0.3574568396037499 0.017659999430179596
v -0.48028925187971244 0.4110291048449581 0.028149999678134918
v -0.48028925187971244 0.4110291048449581 0.028149999678134918
v -0.4998431103451599 0.3574568396037499 0.017659999430179596
v -0.4920595768374021 0.350462704857128 0.030388999730348587
v -0.4998431103451599 0.3574568396037499 0.017659999430179596
v -0.489463515619916 0.41275205361337847 3.915061059336751e-17
v -0.5049695916071139 0.3587507139523141 3.417230017733347e-17
v -0.5123302989141368 0.31760705762975633 0.010781999677419662
v -0.4920595768374021 0.350462704857128 0.030388999730348587
v -0.4998431103451599 0.3574568396037499 0.017659999430179596
v -0.5049695916071139 0.3587507139523141 3.417230017733347e-17
v -0.5123302989141368 0.31760705762975633 0.010781999677419662
v -0.4998431103451599 0.3574568396037499 0.017659999430179596
v -0.5109632911590035 0.3046430756367643 0.01584099978208542
v -0.4920595768374021 0.350462704857128 0.030388999730348587
v -0.5123302989141368 0.31760705762975633 0.010781999677419662
v -0.5049695916071139 0.3587507139523141 3.417230017733347e-17
v -0.5166607293180927 0.30970433661853775 2.965078205660836e-17
v -0.5123302989141368 0.31760705762975633 0.010781999677419662
v -0.5166607293180927 0.30970433661853775 2.965078205660836e-17
v -0.5109632911590035 0.3046430756367643 0.01584099978208542
v -0.5123302989141368 0.31760705762975633 0.010781999677419662
v -0.5109632911590035 0.3046430756367643 0.01584099978208542
v -0.5166607293180927 0.30970433661853775 2.965078205660836e-17
v -0.5183635583926811 0.26968188366445534 2.5961164441011505e-17
v -0.27890947894084367 1.3854405242056171 1.288214557694235e-16
v -0.24881434898005952 1.3288103020291708 -0.05111800134181976
v -0.27798231422031294 1.3261679985663513 1.233572065220166e-16
v -0.18674600344341644 1.2707824801876793 -0.06445500254631042
v -0.24881434898005952 1.3288103020291708 -0.05111800134181976
v -0.18456946614999387 1.3346911315755 -0.07435300201177597
v -0.24207325660602294 1.262522381912386 -0.0443120002746582
v -0.27798231422031294 1.3261679985663513 1.233572065220166e-16
v -0.24881434898005952 1.3288103020291708 -0.05111800134181976
v -0.24881434898005952 1.3288103020291708 -0.05111800134181976
v -0.18674600344341644 1.2707824801876793 -0.06445500254631042
v -0.24207325660602294 1.262522381912386 -0.0443120002746582
v -0.27798231422031294 1.3261679985663513 1.233572065220166e-16
v -0.24207325660602294 1.262522381912386 -0.0443120002746582
v -0.2671482183956499 1.2587816194300674 1.1714493453795555e-16
v -0.22606520086808013 1.1788655387813798 -0.041374001652002335
v -0.24207325660602294 1.262522381912386 -0.0443120002746582
v -0.18674600344341644 1.2707824801876793 -0.06445500254631042
v -0.22606520086808013 1.1788655387813798 -0.041374001652002335
v -0.2671482183956499 1.2587816194300674 1.1714493453795555e-16
v -0.24207325660602294 1.262522381912386 -0.0443120002746582
v -0.18674600344341644 1.2707824801876793 -0.06445500254631042
v -0.1753307406212977 1.1901570292257435 -0.060180000960826874
v -0.22606520086808013 1.1788655387813798 -0.041374001652002335
v -0.2671482183956499 1.2587816194300674 1.1714493453795555e-16
v -0.22606520086808013 1.1788655387813798 -0.041374001652002335
v -0.24907212874062867 1.173732560848917 1.0930438067914102e-16
v -0.20461630734709182 1.0887021094810285 -0.04115600138902664
v -0.22606520086808013 1.1788655387813798 -0.041374001652002335
v -0.1753307406212977 1.1901570292257435 -0.060180000960826874
v -0.20461630734709182 1.0887021094810285 -0.04115600138902664
v -0.24907212874062867 1.173732560848917 1.0930438067914102e-16
v -0.22606520086808013 1.1788655387813798 -0.041374001652002335
v -0.1753307406212977 1.1901570292257435 -0.060180000960826874
v -0.15483839534387495 1.0988804134945456 -0.059863001108169556
v -0.20461630734709182 1.0887021094810285 -0.04115600138902664
v -0.24907212874062867 1.173732560848917 1.0930438067914102e-16
v -0.20461630734709182 1.0887021094810285 -0.04115600138902664
v -0.2272874475968859 1.0840486433933063 1.01036545020551e-16
v -0.1856978675672722 1.0029450266403552 -0.04123000055551529
v -0.20461630734709182 1.0887021094810285 -0.04115600138902664
v -0.15483839534387495 1.0988804134945456 -0.059863001108169556
v -0.1856978675672722 1.0029450266403552 -0.04123000055551529
v -0.2272874475968859 1.0840486433933063 1.01036545020551e-16
v -0.20461630734709182 1.0887021094810285 -0.04115600138902664
v -0.2272874475968859 1.0840486433933063 1.01036545020551e-16
v -0.1856978675672722 1.0029450266403552 -0.04123000055551529
v -0.20862682127433615 1.002322041304421 9.35022729815077e-17
v -0.15483839534387495 1.0988804134945456 -0.059863001108169556
v -0.13569610838111926 1.0041472109763354 -0.05997199937701225
v -0.1856978675672722 1.0029450266403552 -0.04123000055551529
v -0.1856978675672722 1.0029450266403552 -0.04123000055551529
v -0.21223590640580792 0.9167960838063497 8.561775281877476e-17
v -0.20862682127433615 1.002322041304421 9.35022729815077e-17
v -0.1856978675672722 1.0029450266403552 -0.04123000055551529
v -0.13569610838111926 1.0041472109763354 -0.05997199937701225
v -0.18925495868952066 0.912284745156096 -0.04122399911284447
v -0.21223590640580792 0.9167960838063497 8.561775281877476e-17
v -0.1856978675672722 1.0029450266403552 -0.04123000055551529
v -0.18925495868952066 0.912284745156096 -0.04122399911284447
v -0.13569610838111926 1.0041472109763354 -0.05997199937701225
v -0.13934704481489518 0.9021343915522871 -0.05996200069785118
v -0.18925495868952066 0.912284745156096 -0.04122399911284447
v -0.18925495868952066 0.912284745156096 -0.04122399911284447
v -0.25226290302926313 0.8160053228056379 7.632598667585229e-17
v -0.21223590640580792 0.9167960838063497 8.561775281877476e-17
v -0.18111299337611922 0.7910590674733883 -0.05995199829339981
v -0.18925495868952066 0.912284745156096 -0.04122399911284447
v -0.13934704481489518 0.9021343915522871 -0.05996200069785118
v -0.18925495868952066 0.912284745156096 -0.04122399911284447
v -0.2298755563930002 0.8082593378737892 -0.04121699929237366
v -0.25226290302926313 0.8160053228056379 7.632598667585229e-17
v -0.18925495868952066 0.912284745156096 -0.04122399911284447
v -0.18111299337611922 0.7910590674733883 -0.05995199829339981
v -0.2298755563930002 0.8082593378737892 -0.04121699929237366
v -0.2298755563930002 0.8082593378737892 -0.04121699929237366
v -0.3105604529676408 0.7139871191666884 6.692106884257748e-17
v -0.25226290302926313 0.8160053228056379 7.632598667585229e-17
v -0.24084534883149486 0.6883248424321949 -0.0597120001912117
v -0.2298755563930002 0.8082593378737892 -0.04121699929237366
v -0.18111299337611922 0.7910590674733883 -0.05995199829339981
v -0.2887463546041625 0.7059980527679716 -0.04105199873447418
v -0.3105604529676408 0.7139871191666884 6.692106884257748e-17
v -0.2298755563930002 0.8082593378737892 -0.04121699929237366
v -0.2298755563930002 0.8082593378737892 -0.04121699929237366
v -0.24084534883149486 0.6883248424321949 -0.0597120001912117
v -0.2887463546041625 0.7059980527679716 -0.04105199873447418
v -0.2887463546041625 0.7059980527679716 -0.04105199873447418
v -0.36500010133637123 0.6277372223032832 5.896980513057885e-17
v -0.3105604529676408 0.7139871191666884 6.692106884257748e-17
v -0.29440874819449453 0.6098501081946257 -0.05992399901151657
v -0.2887463546041625 0.7059980527679716 -0.04105199873447418
v -0.24084534883149486 0.6883248424321949 -0.0597120001912117
v -0.3431656501656532 0.6222694728913684 -0.040821999311447144
v -0.36500010133637123 0.6277372223032832 5.896980513057885e-17
v -0.2887463546041625 0.7059980527679716 -0.04105199873447418
v -0.2887463546041625 0.7059980527679716 -0.04105199873447418
v -0.29440874819449453 0.6098501081946257 -0.05992399901151657
v -0.3431656501656532 0.6222694728913684 -0.040821999311447144
v -0.3431656501656532 0.6222694728913684 -0.040821999311447144
v -0.4098245309391716 0.560613798721224 5.2781786082077857e-17
v -0.36500010133637123 0.6277372223032832 5.896980513057885e-17
v -0.33939033920949024 0.5420186603530437 -0.06643600016832352
v -0.3431656501656532 0.6222694728913684 -0.040821999311447144
v -0.29440874819449453 0.6098501081946257 -0.05992399901151657
v -0.3886842991968517 0.5575664122667113 -0.04130899906158447
v -0.4098245309391716 0.560613798721224 5.2781786082077857e-17
v -0.3431656501656532 0.6222694728913684 -0.040821999311447144
v -0.3431656501656532 0.6222694728913684 -0.040821999311447144
v -0.33939033920949024 0.5420186603530437 -0.06643600016832352
v -0.3886842991968517 0.5575664122667113 -0.04130899906158447
v -0.3886842991968517 0.5575664122667113 -0.04130899906158447
v -0.44409980401866483 0.5101792243035718 4.8132293194423444e-17
v -0.4098245309391716 0.560613798721224 5.2781786082077857e-17
v -0.3956062754603962 0.495825738762794 -0.07100100070238113
v -0.3886842991968517 0.5575664122667113 -0.04130899906158447
v -0.33939033920949024 0.5420186603530437 -0.06643600016832352
v -0.3886842991968517 0.5575664122667113 -0.04130899906158447
v -0.3956062754603962 0.495825738762794 -0.07100100070238113
v -0.4263109113439483 0.5086528785586802 -0.04111599922180176
v -0.4263109113439483 0.5086528785586802 -0.04111599922180176
v -0.44409980401866483 0.5101792243035718 4.8132293194423444e-17
v -0.3886842991968517 0.5575664122667113 -0.04130899906158447
v -0.4338615332562742 0.4534958330049751 -0.06484299898147583
v -0.4263109113439483 0.5086528785586802 -0.04111599922180176
v -0.3956062754603962 0.495825738762794 -0.07100100070238113
v -0.4559899544441432 0.4633008446486063 -0.03728000074625015
v -0.44409980401866483 0.5101792243035718 4.8132293194423444e-17
v -0.4263109113439483 0.5086528785586802 -0.04111599922180176
v -0.4263109113439483 0.5086528785586802 -0.04111599922180176
v -0.4338615332562742 0.4534958330049751 -0.06484299898147583
v -0.4559899544441432 0.4633008446486063 -0.03728000074625015
v -0.44409980401866483 0.5101792243035718 4.8132293194423444e-17
v -0.4559899544441432 0.4633008446486063 -0.03728000074625015
v -0.4698000080902997 0.4644698527192386 4.3918406852229256e-17
v -0.4658946278693267 0.40311708022710857 -0.04892300069332123
v -0.4559899544441432 0.4633008446486063 -0.03728000074625015
v -0.4338615332562742 0.4534958330049751 -0.06484299898147583
v -0.48028925187971244 0.4110291048449581 -0.028149999678134918
v -0.4698000080902997 0.4644698527192386 4.3918406852229256e-17
v -0.4559899544441432 0.4633008446486063 -0.03728000074625015
v -0.4559899544441432 0.4633008446486063 -0.03728000074625015
v -0.4658946278693267 0.40311708022710857 -0.04892300069332123
v -0.48028925187971244 0.4110291048449581 -0.028149999678134918
v -0.4698000080902997 0.4644698527192386 4.3918406852229256e-17
v -0.48028925187971244 0.4110291048449581 -0.028149999678134918
v -0.489463515619916 0.41275205361337847 3.915061059336751e-17
v -0.4920595768374021 0.350462704857128 -0.030388999730348587
v -0.48028925187971244 0.4110291048449581 -0.028149999678134918
v -0.4658946278693267 0.40311708022710857 -0.04892300069332123
v -0.4998431103451599 0.3574568396037499 -0.017659999430179596
v -0.489463515619916 0.41275205361337847 3.915061059336751e-17
v -0.48028925187971244 0.4110291048449581 -0.028149999678134918
v -0.48028925187971244 0.4110291048449581 -0.028149999678134918
v -0.4920595768374021 0.350462704857128 -0.030388999730348587
v -0.4998431103451599 0.3574568396037499 -0.017659999430179596
v -0.489463515619916 0.41275205361337847 3.915061059336751e-17
v -0.4998431103451599 0.3574568396037499 -0.017659999430179596
v -0.5049695916071139 0.3587507139523141 3.417230017733347e-17
v -0.4920595768374021 0.350462704857128 -0.030388999730348587
v -0.5123302989141368 0.31760705762975633 -0.010781999677419662
v -0.4998431103451599 0.3574568396037499 -0.017659999430179596
v -0.5123302989141368 0.31760705762975633 -0.010781999677419662
v -0.5049695916071139 0.3587507139523141 3.417230017733347e-17
v -0.4998431103451599 0.3574568396037499 -0.017659999430179596
v -0.5123302989141368 0.31760705762975633 -0.010781999677419662
v -0.4920595768374021 0.350462704857128 -0.030388999730348587
v -0.5109632911590035 0.3046430756367643 -0.01584099978208542
v -0.5049695916071139 0.3587507139523141 3.417230017733347e-17
v -0.5123302989141368 0.31760705762975633 -0.010781999677419662
v -0.5166607293180927 0.30970433661853775 2.965078205660836e-17
v -0.5109632911590035 0.3046430756367643 -0.01584099978208542
v -0.5166607293180927 0.30970433661853775 2.965078205660836e-17
v -0.5123302989141368 0.31760705762975633 -0.010781999677419662
v -0.5166607293180927 0.30970433661853775 2.965078205660836e-17
v -0.5109632911590035 0.3046430756367643 -0.01584099978208542
v -0.5183635583926811 0.26968188366445534 2.5961164441011505e-17
v -0.21085198290690924 0.2946441134872394 2.8262399103107504e-17
v -0.23708924499474687 0.20599507380751356 0.03298899903893471
v -0.2218421281526436 0.20306459607802727 1.981980665086463e-17
v -0.23708924499474687 0.20599507380751356 -0.03298899903893471
v -0.21085198290690924 0.2946441134872394 2.8262399103107504e-17
v -0.2218421281526436 0.20306459607802727 1.981980665086463e-17
v -0.23708924499474687 0.20599507380751356 0.03298899903893471
v -0.21085198290690924 0.2946441134872394 2.8262399103107504e-17
v -0.2260990997490125 0.29757459121672575 0.03298899903893471
v -0.23708924499474687 0.20599507380751356 -0.03298899903893471
v -0.2260990997490125 0.29757459121672575 -0.03298899903893471
v -0.21085198290690924 0.2946441134872394 2.8262399103107504e-17
v -0.2260990997490125 0.29757459121672575 0.03298899903893471
v -0.2739005991644304 0.21307286183418306 0.04665299877524376
v -0.23708924499474687 0.20599507380751356 0.03298899903893471
v -0.2739005991644304 0.21307286183418306 -0.04665299877524376
v -0.2260990997490125 0.29757459121672575 -0.03298899903893471
v -0.23708924499474687 0.20599507380751356 -0.03298899903893471
v -0.2739005991644304 0.21307286183418306 0.04665299877524376
v -0.2260990997490125 0.29757459121672575 0.03298899903893471
v -0.262910453918696 0.3046523792433952 0.04665299877524376
v -0.2260990997490125 0.29757459121672575 -0.03298899903893471
v -0.2739005991644304 0.21307286183418306 -0.04665299877524376
v -0.262910453918696 0.3046523792433952 -0.04665299877524376
v -0.262910453918696 0.3046523792433952 0.04665299877524376
v -0.31071195333411383 0.22015064986085256 0.03298899903893471
v -0.2739005991644304 0.21307286183418306 0.04665299877524376
v -0.31071195333411383 0.22015064986085256 -0.03298899903893471
v -0.262910453918696 0.3046523792433952 -0.04665299877524376
v -0.2739005991644304 0.21307286183418306 -0.04665299877524376
v -0.31071195333411383 0.22015064986085256 0.03298899903893471
v -0.262910453918696 0.3046523792433952 0.04665299877524376
v -0.29972177439167874 0.31173016727006475 0.03298899903893471
v -0.262910453918696 0.3046523792433952 -0.04665299877524376
v -0.31071195333411383 0.22015064986085256 -0.03298899903893471
v -0.29972177439167874 0.31173016727006475 -0.03298899903893471
v -0.29972177439167874 0.31173016727006475 0.03298899903893471
v -0.32596018216734113 0.22308112759033888 2.1665104322405075e-17
v -0.31071195333411383 0.22015064986085256 0.03298899903893471
v -0.29972177439167874 0.31173016727006475 -0.03298899903893471
v -0.31071195333411383 0.22015064986085256 -0.03298899903893471
v -0.32596018216734113 0.22308112759033888 2.1665104322405075e-17
v -0.32596018216734113 0.22308112759033888 2.1665104322405075e-17
v -0.29972177439167874 0.31173016727006475 0.03298899903893471
v -0.3149700706183075 0.31466064499955104 3.010769677464795e-17
v -0.29972177439167874 0.31173016727006475 -0.03298899903893471
v -0.32596018216734113 0.22308112759033888 2.1665104322405075e-17
v -0.3149700706183075 0.31466064499955104 3.010769677464795e-17
v -0.23708924499474687 -0.20599519257695992 0.03298899903893471
v -0.21085198290690924 -0.2946442322566858 -2.6063301394327103e-17
v -0.2218421281526436 -0.2030647148474736 -1.7620707287723002e-17
v -0.2218421281526436 -0.2030647148474736 -1.7620707287723002e-17
v -0.21085198290690924 -0.2946442322566858 -2.6063301394327103e-17
v -0.23708924499474687 -0.20599519257695992 -0.03298899903893471
v -0.21085198290690924 -0.2946442322566858 -2.6063301394327103e-17
v -0.23708924499474687 -0.20599519257695992 0.03298899903893471
v -0.2260990997490125 -0.2975747099861721 0.03298899903893471
v -0.2260990997490125 -0.2975747099861721 -0.03298899903893471
v -0.23708924499474687 -0.20599519257695992 -0.03298899903893471
v -0.21085198290690924 -0.2946442322566858 -2.6063301394327103e-17
v -0.2739005991644304 -0.21307298060362942 0.04665299877524376
v -0.2260990997490125 -0.2975747099861721 0.03298899903893471
v -0.23708924499474687 -0.20599519257695992 0.03298899903893471
v -0.23708924499474687 -0.20599519257695992 -0.03298899903893471
v -0.2260990997490125 -0.2975747099861721 -0.03298899903893471
v -0.2739005991644304 -0.21307298060362942 -0.04665299877524376
v -0.2260990997490125 -0.2975747099861721 0.03298899903893471
v -0.2739005991644304 -0.21307298060362942 0.04665299877524376
v -0.262910453918696 -0.30465249801284155 0.04665299877524376
v -0.2739005991644304 -0.21307298060362942 -0.04665299877524376
v -0.2260990997490125 -0.2975747099861721 -0.03298899903893471
v -0.262910453918696 -0.30465249801284155 -0.04665299877524376
v -0.31071195333411383 -0.22015076863029892 0.03298899903893471
v -0.262910453918696 -0.30465249801284155 0.04665299877524376
v -0.2739005991644304 -0.21307298060362942 0.04665299877524376
v -0.2739005991644304 -0.21307298060362942 -0.04665299877524376
v -0.262910453918696 -0.30465249801284155 -0.04665299877524376
v -0.31071195333411383 -0.22015076863029892 -0.03298899903893471
v -0.262910453918696 -0.30465249801284155 0.04665299877524376
v -0.31071195333411383 -0.22015076863029892 0.03298899903893471
v -0.29972177439167874 -0.3117302860395111 0.03298899903893471
v -0.31071195333411383 -0.22015076863029892 -0.03298899903893471
v -0.262910453918696 -0.30465249801284155 -0.04665299877524376
v -0.29972177439167874 -0.3117302860395111 -0.03298899903893471
v -0.32596018216734113 -0.22308124635978524 -1.9466006613624673e-17
v -0.29972177439167874 -0.3117302860395111 0.03298899903893471
v -0.31071195333411383 -0.22015076863029892 0.03298899903893471
v -0.29972177439167874 -0.3117302860395111 -0.03298899903893471
v -0.32596018216734113 -0.22308124635978524 -1.9466006613624673e-17
v -0.31071195333411383 -0.22015076863029892 -0.03298899903893471
v -0.29972177439167874 -0.3117302860395111 0.03298899903893471
v -0.32596018216734113 -0.22308124635978524 -1.9466006613624673e-17
v -0.3149700706183075 -0.3146607637689974 -2.7908597411506323e-17
v -0.32596018216734113 -0.22308124635978524 -1.9466006613624673e-17
v -0.29972177439167874 -0.3117302860395111 -0.03298899903893471
v -0.3149700706183075 -0.3146607637689974 -2.7908597411506323e-17
v -0.43658759634516886 0.3601840632207116 0.054402999579906464
v -0.38118455930262507 0.3881923136493753 0.07048500329256058
v -0.41129781808840093 0.4042130054984186 0.07585100084543228
v -0.35361877109188555 0.4313086710911251 0.08083900064229965
v -0.41129781808840093 0.4042130054984186 0.07585100084543228
v -0.38118455930262507 0.3881923136493753 0.07048500329256058
v -0.38118455930262507 0.3881923136493753 0.07048500329256058
v -0.3037673328876802 0.4107488089515662 0.0728909969329834
v -0.35361877109188555 0.4313086710911251 0.08083900064229965
v -0.3037673328876802 0.4107488089515662 0.0728909969329834
v -0.38118455930262507 0.3881923136493753 0.07048500329256058
v -0.3480151445476231 0.3757065568321216 0.05687899887561798
v -0.4162173342144836 0.3499194138196962 0.04455399885773659
v -0.3480151445476231 0.3757065568321216 0.05687899887561798
v -0.38118455930262507 0.3881923136493753 0.07048500329256058
v -0.38118455930262507 0.3881923136493753 0.07048500329256058
v -0.43658759634516886 0.3601840632207116 0.054402999579906464
v -0.4162173342144836 0.3499194138196962 0.04455399885773659
v -0.3480151445476231 0.3757065568321216 0.05687899887561798
v -0.4162173342144836 0.3499194138196962 0.04455399885773659
v -0.40207152664227336 0.33859466793035375 0.02514299936592579
v -0.4533678793736951 0.31245547248403177 0.015915000811219215
v -0.40207152664227336 0.33859466793035375 0.02514299936592579
v -0.4162173342144836 0.3499194138196962 0.04455399885773659
v -0.4508725038979843 0.30833739926555903 2.952476605336958e-17
v -0.40207152664227336 0.33859466793035375 0.02514299936592579
v -0.4533678793736951 0.31245547248403177 0.015915000811219215
v -0.46255575658099274 0.319238355975408 0.027888000011444092
v -0.4162173342144836 0.3499194138196962 0.04455399885773659
v -0.43658759634516886 0.3601840632207116 0.054402999579906464
v -0.4162173342144836 0.3499194138196962 0.04455399885773659
v -0.46255575658099274 0.319238355975408 0.027888000011444092
v -0.4533678793736951 0.31245547248403177 0.015915000811219215
v -0.4533678793736951 0.31245547248403177 0.015915000811219215
v -0.4840713695694225 0.28990034303047396 0.009731999598443508
v -0.4508725038979843 0.30833739926555903 2.952476605336958e-17
v -0.4840713695694225 0.28990034303047396 0.009731999598443508
v -0.4533678793736951 0.31245547248403177 0.015915000811219215
v -0.46255575658099274 0.319238355975408 0.027888000011444092
v -0.4890542354928738 0.28285442480524237 2.7175525137243453e-17
v -0.4508725038979843 0.30833739926555903 2.952476605336958e-17
v -0.4840713695694225 0.28990034303047396 0.009731999598443508
v -0.4949235268256757 0.2885639492201155 0.01459799986332655
v -0.4890542354928738 0.28285442480524237 2.7175525137243453e-17
v -0.4840713695694225 0.28990034303047396 0.009731999598443508
v -0.46255575658099274 0.319238355975408 0.027888000011444092
v -0.4949235268256757 0.2885639492201155 0.01459799986332655
v -0.4840713695694225 0.28990034303047396 0.009731999598443508
v -0.4890542354928738 0.28285442480524237 2.7175525137243453e-17
v -0.4949235268256757 0.2885639492201155 0.01459799986332655
v -0.5183635583926811 0.26968188366445534 2.5961164441011505e-17
v -0.43658759634516886 0.3601840632207116 0.054402999579906464
v -0.4733118782401712 0.32810419822200676 0.03428199887275696
v -0.46255575658099274 0.319238355975408 0.027888000011444092
v -0.4949235268256757 0.2885639492201155 0.01459799986332655
v -0.46255575658099274 0.319238355975408 0.027888000011444092
v -0.4955963151524108 0.30051037398148245 0.02107900008559227
v -0.4955963151524108 0.30051037398148245 0.02107900008559227
v -0.46255575658099274 0.319238355975408 0.027888000011444092
v -0.4733118782401712 0.32810419822200676 0.03428199887275696
v -0.4949235268256757 0.2885639492201155 0.01459799986332655
v -0.505049857148248 0.29797710087041435 0.019152000546455383
v -0.5183635583926811 0.26968188366445534 2.5961164441011505e-17
v -0.505049857148248 0.29797710087041435 0.019152000546455383
v -0.4949235268256757 0.2885639492201155 0.01459799986332655
v -0.4955963151524108 0.30051037398148245 0.02107900008559227
v -0.5109632911590035 0.3046430756367643 0.01584099978208542
v -0.5183635583926811 0.26968188366445534 2.5961164441011505e-17
v -0.505049857148248 0.29797710087041435 0.019152000546455383
v -0.4536414965836064 0.3717731503078193 0.05764999985694885
v -0.4733118782401712 0.32810419822200676 0.03428199887275696
v -0.43658759634516886 0.3601840632207116 0.054402999579906464
v -0.4832708033535268 0.3351102495030793 0.03595700114965439
v -0.4955963151524108 0.30051037398148245 0.02107900008559227
v -0.4733118782401712 0.32810419822200676 0.03428199887275696
v -0.4832708033535268 0.3351102495030793 0.03595700114965439
v -0.505049857148248 0.29797710087041435 0.019152000546455383
v -0.4955963151524108 0.30051037398148245 0.02107900008559227
v -0.4536414965836064 0.3717731503078193 0.05764999985694885
v -0.4832708033535268 0.3351102495030793 0.03595700114965439
v -0.4733118782401712 0.32810419822200676 0.03428199887275696
v -0.505049857148248 0.29797710087041435 0.019152000546455383
v -0.5045693421958668 0.30975216111560233 0.02212899923324585
v -0.5109632911590035 0.3046430756367643 0.01584099978208542
v -0.505049857148248 0.29797710087041435 0.019152000546455383
v -0.4832708033535268 0.3351102495030793 0.03595700114965439
v -0.5045693421958668 0.30975216111560233 0.02212899923324585
v -0.4920595768374021 0.350462704857128 0.030388999730348587
v -0.5109632911590035 0.3046430756367643 0.01584099978208542
v -0.5045693421958668 0.30975216111560233 0.02212899923324585
v -0.4873412300146655 0.34404650223645744 0.036028001457452774
v -0.5045693421958668 0.30975216111560233 0.02212899923324585
v -0.4832708033535268 0.3351102495030793 0.03595700114965439
v -0.5045693421958668 0.30975216111560233 0.02212899923324585
v -0.4873412300146655 0.34404650223645744 0.036028001457452774
v -0.4920595768374021 0.350462704857128 0.030388999730348587
v -0.4536414965836064 0.3717731503078193 0.05764999985694885
v -0.4873412300146655 0.34404650223645744 0.036028001457452774
v -0.4832708033535268 0.3351102495030793 0.03595700114965439
v -0.41129781808840093 0.4042130054984186 0.07585100084543228
v -0.4536414965836064 0.3717731503078193 0.05764999985694885
v -0.43658759634516886 0.3601840632207116 0.054402999579906464
v -0.4599224268125015 0.38816840140084297 0.05741000175476074
v -0.4920595768374021 0.350462704857128 0.030388999730348587
v -0.4873412300146655 0.34404650223645744 0.036028001457452774
v -0.4873412300146655 0.34404650223645744 0.036028001457452774
v -0.4536414965836064 0.3717731503078193 0.05764999985694885
v -0.4599224268125015 0.38816840140084297 0.05741000175476074
v -0.41129781808840093 0.4042130054984186 0.07585100084543228
v -0.4599224268125015 0.38816840140084297 0.05741000175476074
v -0.4536414965836064 0.3717731503078193 0.05764999985694885
v -0.4920595768374021 0.350462704857128 0.030388999730348587
v -0.4599224268125015 0.38816840140084297 0.05741000175476074
v -0.4658946278693267 0.40311708022710857 0.04892300069332123
v -0.42372165686000923 0.42986067359101077 0.07596000283956528
v -0.4658946278693267 0.40311708022710857 0.04892300069332123
v -0.4599224268125015 0.38816840140084297 0.05741000175476074
v -0.4599224268125015 0.38816840140084297 0.05741000175476074
v -0.41129781808840093 0.4042130054984186 0.07585100084543228
v -0.42372165686000923 0.42986067359101077 0.07596000283956528
v -0.4658946278693267 0.40311708022710857 0.04892300069332123
v -0.42372165686000923 0.42986067359101077 0.07596000283956528
v -0.4338615332562742 0.4534958330049751 0.06484299898147583
v -0.3781453190771644 0.4642001668963875 0.08216399699449539
v -0.42372165686000923 0.42986067359101077 0.07596000283956528
v -0.41129781808840093 0.4042130054984186 0.07585100084543228
v -0.3781453190771644 0.4642001668963875 0.08216399699449539
v -0.4338615332562742 0.4534958330049751 0.06484299898147583
v -0.42372165686000923 0.42986067359101077 0.07596000283956528
v -0.41129781808840093 0.4042130054984186 0.07585100084543228
v -0.35361877109188555 0.4313086710911251 0.08083900064229965
v -0.3781453190771644 0.4642001668963875 0.08216399699449539
v -0.4338615332562742 0.4534958330049751 0.06484299898147583
v -0.3781453190771644 0.4642001668963875 0.08216399699449539
v -0.3956062754603962 0.495825738762794 0.07100100070238113
v -0.32657865141250275 0.49191220632584803 0.07150500267744064
v -0.3781453190771644 0.4642001668963875 0.08216399699449539
v -0.35361877109188555 0.4313086710911251 0.08083900064229965
v -0.32657865141250275 0.49191220632584803 0.07150500267744064
v -0.3956062754603962 0.495825738762794 0.07100100070238113
v -0.3781453190771644 0.4642001668963875 0.08216399699449539
v -0.3956062754603962 0.495825738762794 0.07100100070238113
v -0.32657865141250275 0.49191220632584803 0.07150500267744064
v -0.33939033920949024 0.5420186603530437 0.06643600016832352
v 0.2020519547249908 2.0310123249324548 -0.06302499771118164
v 0.30059920278193497 2.0983536508587552 -0.06013299897313118
v 0.24171260081813123 1.9969080743104868 -0.04332999885082245
v 0.24171260081813123 1.9969080743104868 -0.04332999885082245
v 0.30059920278193497 2.0983536508587552 -0.06013299897313118
v 0.3351345133009461 2.062936918674961 -0.04134099930524826
v 0.4069989951897279 2.1624337261474778 -0.04584899917244911
v 0.3351345133009461 2.062936918674961 -0.04134099930524826
v 0.30059920278193497 2.0983536508587552 -0.06013299897313118
v 0.15671985062902247 1.9322832431611605 -0.041301000863313675
v 0.2020519547249908 2.0310123249324548 -0.06302499771118164
v 0.24171260081813123 1.9969080743104868 -0.04332999885082245
v 0.2020519547249908 2.0310123249324548 -0.06302499771118164
v 0.15671985062902247 1.9322832431611605 -0.041301000863313675
v 0.11514497920927652 1.9609358178362866 -0.06007400155067444
v 0.24171260081813123 1.9969080743104868 -0.04332999885082245
v 0.3351345133009461 2.062936918674961 -0.04134099930524826
v 0.25975814441394257 1.981361628860729 1.8375862306490833e-16
v 0.24171260081813123 1.9969080743104868 -0.04332999885082245
v 0.25975814441394257 1.981361628860729 1.8375862306490833e-16
v 0.17567220613812481 1.919175847061698 1.7802579819877282e-16
v 0.15671985062902247 1.9322832431611605 -0.041301000863313675
v 0.24171260081813123 1.9969080743104868 -0.04332999885082245
v 0.17567220613812481 1.919175847061698 1.7802579819877282e-16
v 0.3351345133009461 2.062936918674961 -0.04134099930524826
v 0.3508316495812718 2.046825764097613 1.8979367987453601e-16
v 0.25975814441394257 1.981361628860729 1.8375862306490833e-16
v 0.09844607371300838 1.8476300827345185 1.714300982222914e-16
v 0.15671985062902247 1.9322832431611605 -0.041301000863313675
v 0.17567220613812481 1.919175847061698 1.7802579819877282e-16
v 0.3351345133009461 2.062936918674961 -0.04134099930524826
v 0.4069989951897279 2.1624337261474778 -0.04584899917244911
v 0.4320061255207894 2.134696468005575 -0.03128400072455406
v 0.4320061255207894 2.134696468005575 -0.03128400072455406
v 0.3508316495812718 2.046825764097613 1.8979367987453601e-16
v 0.3351345133009461 2.062936918674961 -0.04134099930524826
v 0.4759067600731318 2.201540862568337 -0.029046999290585518
v 0.4320061255207894 2.134696468005575 -0.03128400072455406
v 0.4069989951897279 2.1624337261474778 -0.04584899917244911
v 0.3508316495812718 2.046825764097613 1.8979367987453601e-16
v 0.4320061255207894 2.134696468005575 -0.03128400072455406
v 0.44174797648805525 2.120725380492237 1.9660639233908195e-16
v 0.4320061255207894 2.134696468005575 -0.03128400072455406
v 0.4759067600731318 2.201540862568337 -0.029046999290585518
v 0.5007917398640543 2.1934018299486926 -0.01650799997150898
v 0.5007917398640543 2.1934018299486926 -0.01650799997150898
v 0.44174797648805525 2.120725380492237 1.9660639233908195e-16
v 0.4320061255207894 2.134696468005575 -0.03128400072455406
v 0.5007917398640543 2.1934018299486926 -0.01650799997150898
v 0.4759067600731318 2.201540862568337 -0.029046999290585518
v 0.5183635583926811 2.225222540015456 2.0623983039710312e-16
v 0.44174797648805525 2.120725380492237 1.9660639233908195e-16
v 0.5007917398640543 2.1934018299486926 -0.01650799997150898
v 0.4961763701587425 2.1740984693719123 2.0152678025990258e-16
v 0.4961763701587425 2.1740984693719123 2.0152678025990258e-16
v 0.5007917398640543 2.1934018299486926 -0.01650799997150898
v 0.5183635583926811 2.225222540015456 2.0623983039710312e-16
v 0.15671985062902247 1.9322832431611605 -0.041301000863313675
v 0.09844607371300838 1.8476300827345185 1.714300982222914e-16
v 0.07837208982347404 1.8584542549973004 -0.04020699858665466
v 0.07837208982347404 1.8584542549973004 -0.04020699858665466
v 0.11514497920927652 1.9609358178362866 -0.06007400155067444
v 0.15671985062902247 1.9322832431611605 -0.041301000863313675
v 0.11514497920927652 1.9609358178362866 -0.06007400155067444
v 0.07837208982347404 1.8584542549973004 -0.04020699858665466
v 0.03445106876719118 1.8820082948794061 -0.05848199874162674
v 0.007504861792737276 1.765259195988986 -0.04065699875354767
v 0.07837208982347404 1.8584542549973004 -0.04020699858665466
v 0.09844607371300838 1.8476300827345185 1.714300982222914e-16
v 0.007504861792737276 1.765259195988986 -0.04065699875354767
v 0.03445106876719118 1.8820082948794061 -0.05848199874162674
v 0.07837208982347404 1.8584542549973004 -0.04020699858665466
v 0.007504861792737276 1.765259195988986 -0.04065699875354767
v 0.09844607371300838 1.8476300827345185 1.714300982222914e-16
v 0.0292714478081891 1.7569713056632463 1.63072371192174e-16
v 0.03445106876719118 1.8820082948794061 -0.05848199874162674
v 0.007504861792737276 1.765259195988986 -0.04065699875354767
v -0.03997779944039232 1.7831968662919744 -0.05913800001144409
v -0.05259269850512837 1.6498998579801523 -0.04245999827980995
v 0.007504861792737276 1.765259195988986 -0.04065699875354767
v 0.0292714478081891 1.7569713056632463 1.63072371192174e-16
v -0.05259269850512837 1.6498998579801523 -0.04245999827980995
v -0.03997779944039232 1.7831968662919744 -0.05913800001144409
v 0.007504861792737276 1.765259195988986 -0.04065699875354767
v -0.05259269850512837 1.6498998579801523 -0.04245999827980995
v 0.0292714478081891 1.7569713056632463 1.63072371192174e-16
v -0.028509363224524797 1.6450192255313731 1.5275165854168458e-16
v -0.03997779944039232 1.7831968662919744 -0.05913800001144409
v -0.05259269850512837 1.6498998579801523 -0.04245999827980995
v -0.10500282828571247 1.6603503023850785 -0.06176000088453293
v -0.09142908960176137 1.5385508099172263 -0.046539999544620514
v -0.05259269850512837 1.6498998579801523 -0.04245999827980995
v -0.028509363224524797 1.6450192255313731 1.5275165854168458e-16
v -0.09142908960176137 1.5385508099172263 -0.046539999544620514
v -0.10500282828571247 1.6603503023850785 -0.06176000088453293
v -0.05259269850512837 1.6498998579801523 -0.04245999827980995
v -0.09142908960176137 1.5385508099172263 -0.046539999544620514
v -0.028509363224524797 1.6450192255313731 1.5275165854168458e-16
v -0.0642624051144442 1.5370004727441715 1.427935686368486e-16
v -0.10500282828571247 1.6603503023850785 -0.06176000088453293
v -0.09142908960176137 1.5385508099172263 -0.046539999544620514
v -0.15061080727054088 1.5417550512205551 -0.06769400089979172
v -0.07238064795053314 1.45704456474114 1.3542254234605387e-16
v -0.09142908960176137 1.5385508099172263 -0.046539999544620514
v -0.0642624051144442 1.5370004727441715 1.427935686368486e-16
v -0.10302301233113993 1.4563845233379438 -0.05277600139379501
v -0.15061080727054088 1.5417550512205551 -0.06769400089979172
v -0.09142908960176137 1.5385508099172263 -0.046539999544620514
v -0.09142908960176137 1.5385508099172263 -0.046539999544620514
v -0.07238064795053314 1.45704456474114 1.3542254234605387e-16
v -0.10302301233113993 1.4563845233379438 -0.05277600139379501
v -0.15061080727054088 1.5417550512205551 -0.06769400089979172
v -0.10302301233113993 1.4563845233379438 -0.05277600139379501
v -0.17010134963532036 1.4548649078616789 -0.0767659991979599
v -0.07464651519758561 1.3974891302806627 1.299322071308495e-16
v -0.10302301233113993 1.4563845233379438 -0.05277600139379501
v -0.07238064795053314 1.45704456474114 1.3542254234605387e-16
v -0.10663098547148767 1.3955631649386104 -0.05574300140142441
v -0.17010134963532036 1.4548649078616789 -0.0767659991979599
v -0.10302301233113993 1.4563845233379438 -0.05277600139379501
v -0.10302301233113993 1.4563845233379438 -0.05277600139379501
v -0.07464651519758561 1.3974891302806627 1.299322071308495e-16
v -0.10663098547148767 1.3955631649386104 -0.05574300140142441
v -0.17010134963532036 1.4548649078616789 -0.0767659991979599
v -0.10663098547148767 1.3955631649386104 -0.05574300140142441
v -0.1769159345136447 1.3913770962121008 -0.08107999712228775
v -0.12019343576069488 1.3406862965088508 -0.05111800134181976
v -0.10663098547148767 1.3955631649386104 -0.05574300140142441
v -0.07464651519758561 1.3974891302806627 1.299322071308495e-16
v -0.12019343576069488 1.3406862965088508 -0.05111800134181976
v -0.1769159345136447 1.3913770962121008 -0.08107999712228775
v -0.10663098547148767 1.3955631649386104 -0.05574300140142441
v -0.12019343576069488 1.3406862965088508 -0.05111800134181976
v -0.07464651519758561 1.3974891302806627 1.299322071308495e-16
v -0.09089654694345616 1.3434426978197997 1.249497343419731e-16
v -0.1769159345136447 1.3913770962121008 -0.08107999712228775
v -0.12019343576069488 1.3406862965088508 -0.05111800134181976
v -0.18456946614999387 1.3346911315755 -0.07435300201177597
v -0.1311462787587234 1.2790957079953076 -0.0443120002746582
v -0.12019343576069488 1.3406862965088508 -0.05111800134181976
v -0.09089654694345616 1.3434426978197997 1.249497343419731e-16
v -0.1311462787587234 1.2790957079953076 -0.0443120002746582
v -0.18456946614999387 1.3346911315755 -0.07435300201177597
v -0.12019343576069488 1.3406862965088508 -0.05111800134181976
v -0.1311462787587234 1.2790957079953076 -0.0443120002746582
v -0.09089654694345616 1.3434426978197997 1.249497343419731e-16
v -0.10579881175030913 1.2828896000099612 1.1936742987754263e-16
v -0.18456946614999387 1.3346911315755 -0.07435300201177597
v -0.1311462787587234 1.2790957079953076 -0.0443120002746582
v -0.18674600344341644 1.2707824801876793 -0.06445500254631042
v -0.10118455403612132 1.2065841897100205 1.1233292712971407e-16
v -0.1311462787587234 1.2790957079953076 -0.0443120002746582
v -0.10579881175030913 1.2828896000099612 1.1936742987754263e-16
v -0.12439275230211817 1.2014512117775578 -0.041374001652002335
v -0.18674600344341644 1.2707824801876793 -0.06445500254631042
v -0.1311462787587234 1.2790957079953076 -0.0443120002746582
v -0.1311462787587234 1.2790957079953076 -0.0443120002746582
v -0.10118455403612132 1.2065841897100205 1.1233292712971407e-16
v -0.12439275230211817 1.2014512117775578 -0.041374001652002335
v -0.18674600344341644 1.2707824801876793 -0.06445500254631042
v -0.12439275230211817 1.2014512117775578 -0.041374001652002335
v -0.1753307406212977 1.1901570292257435 -0.060180000960826874
v -0.08271047264880176 1.1135181935000757 1.0375330393719566e-16
v -0.12439275230211817 1.2014512117775578 -0.041374001652002335
v -0.10118455403612132 1.2065841897100205 1.1233292712971407e-16
v -0.15483839534387495 1.0988804134945456 -0.059863001108169556
v -0.1753307406212977 1.1901570292257435 -0.060180000960826874
v -0.12439275230211817 1.2014512117775578 -0.041374001652002335
v -0.12439275230211817 1.2014512117775578 -0.041374001652002335
v -0.08271047264880176 1.1135181935000757 1.0375330393719566e-16
v -0.10521990243180221 1.1089617224602082 -0.04115600138902664
v -0.12439275230211817 1.2014512117775578 -0.041374001652002335
v -0.10521990243180221 1.1089617224602082 -0.04115600138902664
v -0.15483839534387495 1.0988804134945456 -0.059863001108169556
v -0.06423639126148219 1.0054118680410968 9.378712751469137e-17
v -0.10521990243180221 1.1089617224602082 -0.04115600138902664
v -0.08271047264880176 1.1135181935000757 1.0375330393719566e-16
v -0.13569610838111926 1.0041472109763354 -0.05997199937701225
v -0.15483839534387495 1.0988804134945456 -0.059863001108169556
v -0.10521990243180221 1.1089617224602082 -0.04115600138902664
v -0.10521990243180221 1.1089617224602082 -0.04115600138902664
v -0.08642924054114313 1.0050691785985544 -0.04123000055551529
v -0.13569610838111926 1.0041472109763354 -0.05997199937701225
v -0.10521990243180221 1.1089617224602082 -0.04115600138902664
v -0.06423639126148219 1.0054118680410968 9.378712751469137e-17
v -0.08642924054114313 1.0050691785985544 -0.04123000055551529
v -0.13569610838111926 1.0041472109763354 -0.05997199937701225
v -0.08642924054114313 1.0050691785985544 -0.04123000055551529
v -0.13934704481489518 0.9021343915522871 -0.05996200069785118
v -0.09051665033944875 0.8916027088460559 -0.04122399911284447
v -0.08642924054114313 1.0050691785985544 -0.04123000055551529
v -0.06423639126148219 1.0054118680410968 9.378712751469137e-17
v -0.08642924054114313 1.0050691785985544 -0.04123000055551529
v -0.09051665033944875 0.8916027088460559 -0.04122399911284447
v -0.13934704481489518 0.9021343915522871 -0.05996200069785118
v -0.09051665033944875 0.8916027088460559 -0.04122399911284447
v -0.06423639126148219 1.0054118680410968 9.378712751469137e-17
v -0.06861547970128933 0.8867128123804614 8.284441474823147e-17
v -0.13316225127317705 0.7735930702316812 -0.04121699929237366
v -0.13934704481489518 0.9021343915522871 -0.05996200069785118
v -0.09051665033944875 0.8916027088460559 -0.04122399911284447
v -0.13316225127317705 0.7735930702316812 -0.04121699929237366
v -0.09051665033944875 0.8916027088460559 -0.04122399911284447
v -0.06861547970128933 0.8867128123804614 8.284441474823147e-17
v -0.13934704481489518 0.9021343915522871 -0.05996200069785118
v -0.13316225127317705 0.7735930702316812 -0.04121699929237366
v -0.18111299337611922 0.7910590674733883 -0.05995199829339981
v -0.13316225127317705 0.7735930702316812 -0.04121699929237366
v -0.06861547970128933 0.8867128123804614 8.284441474823147e-17
v -0.11158901692650246 0.7655827045122519 7.16775955927738e-17
v -0.19309136176410346 0.6704908974456879 -0.04105199873447418
v -0.18111299337611922 0.7910590674733883 -0.05995199829339981
v -0.13316225127317705 0.7735930702316812 -0.04121699929237366
v -0.19309136176410346 0.6704908974456879 -0.04105199873447418
v -0.13316225127317705 0.7735930702316812 -0.04121699929237366
v -0.11158901692650246 0.7655827045122519 7.16775955927738e-17
v -0.18111299337611922 0.7910590674733883 -0.05995199829339981
v -0.19309136176410346 0.6704908974456879 -0.04105199873447418
v -0.24084534883149486 0.6883248424321949 -0.0597120001912117
v -0.19309136176410346 0.6704908974456879 -0.04105199873447418
v -0.11158901692650246 0.7655827045122519 7.16775955927738e-17
v -0.17142539409702542 0.6623410963962407 6.215989002861615e-17
v -0.24409263248725013 0.5987751344509626 -0.040821999311447144
v -0.24084534883149486 0.6883248424321949 -0.0597120001912117
v -0.19309136176410346 0.6704908974456879 -0.04105199873447418
v -0.24409263248725013 0.5987751344509626 -0.040821999311447144
v -0.19309136176410346 0.6704908974456879 -0.04105199873447418
v -0.17142539409702542 0.6623410963962407 6.215989002861615e-17
v -0.24084534883149486 0.6883248424321949 -0.0597120001912117
v -0.24409263248725013 0.5987751344509626 -0.040821999311447144
v -0.29440874819449453 0.6098501081946257 -0.05992399901151657
v -0.24409263248725013 0.5987751344509626 -0.040821999311447144
v -0.17142539409702542 0.6623410963962407 6.215989002861615e-17
v -0.22136046751243765 0.5937112407464616 5.583299728143486e-17
v -0.275792197156497 0.549137621787782 -0.04131399840116501
v -0.29440874819449453 0.6098501081946257 -0.05992399901151657
v -0.24409263248725013 0.5987751344509626 -0.040821999311447144
v -0.275792197156497 0.549137621787782 -0.04131399840116501
v -0.24409263248725013 0.5987751344509626 -0.040821999311447144
v -0.22136046751243765 0.5937112407464616 5.583299728143486e-17
v -0.275792197156497 0.549137621787782 -0.04131399840116501
v -0.22136046751243765 0.5937112407464616 5.583299728143486e-17
v -0.25193614612230375 0.5498775554385582 5.179202808321121e-17
v -0.29440874819449453 0.6098501081946257 -0.05992399901151657
v -0.275792197156497 0.549137621787782 -0.04131399840116501
v -0.33939033920949024 0.5420186603530437 -0.06643600016832352
v -0.257250284310612 0.5169010207097073 4.875196396978897e-17
v -0.275792197156497 0.549137621787782 -0.04131399840116501
v -0.25193614612230375 0.5498775554385582 5.179202808321121e-17
v -0.2784820699888098 0.510066314149906 -0.041374001652002335
v -0.33939033920949024 0.5420186603530437 -0.06643600016832352
v -0.275792197156497 0.549137621787782 -0.04131399840116501
v -0.275792197156497 0.549137621787782 -0.04131399840116501
v -0.257250284310612 0.5169010207097073 4.875196396978897e-17
v -0.2784820699888098 0.510066314149906 -0.041374001652002335
v -0.33939033920949024 0.5420186603530437 -0.06643600016832352
v -0.2784820699888098 0.510066314149906 -0.041374001652002335
v -0.32657865141250275 0.49191220632584803 -0.07150500267744064
v -0.32657865141250275 0.49191220632584803 -0.07150500267744064
v -0.3956062754603962 0.495825738762794 -0.07100100070238113
v -0.33939033920949024 0.5420186603530437 -0.06643600016832352
v -0.2784820699888098 0.510066314149906 -0.041374001652002335
v -0.257250284310612 0.5169010207097073 4.875196396978897e-17
v -0.2468955914472061 0.4798037404498408 -0.03924499824643135
v -0.257250284310612 0.5169010207097073 4.875196396978897e-17
v -0.22832200370263678 0.49089732140676584 4.635471845399394e-17
v -0.2468955914472061 0.4798037404498408 -0.03924499824643135
v -0.2934194130611206 0.45615531844770046 -0.06876099854707718
v -0.32657865141250275 0.49191220632584803 -0.07150500267744064
v -0.2784820699888098 0.510066314149906 -0.041374001652002335
v -0.2784820699888098 0.510066314149906 -0.041374001652002335
v -0.2468955914472061 0.4798037404498408 -0.03924499824643135
v -0.2934194130611206 0.45615531844770046 -0.06876099854707718
v -0.3956062754603962 0.495825738762794 -0.07100100070238113
v -0.32657865141250275 0.49191220632584803 -0.07150500267744064
v -0.3781453190771644 0.4642001668963875 -0.08216399699449539
v -0.3781453190771644 0.4642001668963875 -0.08216399699449539
v -0.4338615332562742 0.4534958330049751 -0.06484299898147583
v -0.3956062754603962 0.495825738762794 -0.07100100070238113
v -0.35361877109188555 0.4313086710911251 -0.08083900064229965
v -0.32657865141250275 0.49191220632584803 -0.07150500267744064
v -0.2934194130611206 0.45615531844770046 -0.06876099854707718
v -0.32657865141250275 0.49191220632584803 -0.07150500267744064
v -0.35361877109188555 0.4313086710911251 -0.08083900064229965
v -0.3781453190771644 0.4642001668963875 -0.08216399699449539
v -0.4338615332562742 0.4534958330049751 -0.06484299898147583
v -0.3781453190771644 0.4642001668963875 -0.08216399699449539
v -0.42372165686000923 0.42986067359101077 -0.07596000283956528
v -0.42372165686000923 0.42986067359101077 -0.07596000283956528
v -0.4658946278693267 0.40311708022710857 -0.04892300069332123
v -0.4338615332562742 0.4534958330049751 -0.06484299898147583
v -0.41129781808840093 0.4042130054984186 -0.07585100084543228
v -0.3781453190771644 0.4642001668963875 -0.08216399699449539
v -0.35361877109188555 0.4313086710911251 -0.08083900064229965
v -0.3781453190771644 0.4642001668963875 -0.08216399699449539
v -0.41129781808840093 0.4042130054984186 -0.07585100084543228
v -0.42372165686000923 0.42986067359101077 -0.07596000283956528
v -0.4658946278693267 0.40311708022710857 -0.04892300069332123
v -0.42372165686000923 0.42986067359101077 -0.07596000283956528
v -0.45992128112467673 0.38816840140084297 -0.05741000175476074
v -0.41129781808840093 0.4042130054984186 -0.07585100084543228
v -0.45992128112467673 0.38816840140084297 -0.05741000175476074
v -0.42372165686000923 0.42986067359101077 -0.07596000283956528
v -0.4920595768374021 0.350462704857128 -0.030388999730348587
v -0.4658946278693267 0.40311708022710857 -0.04892300069332123
v -0.45992128112467673 0.38816840140084297 -0.05741000175476074
v -0.35361877109188555 0.4313086710911251 -0.08083900064229965
v -0.38118455930262507 0.3881923136493753 -0.07048500329256058
v -0.41129781808840093 0.4042130054984186 -0.07585100084543228
v -0.2934194130611206 0.45615531844770046 -0.06876099854707718
v -0.3037673328876802 0.4107488089515662 -0.0728909969329834
v -0.35361877109188555 0.4313086710911251 -0.08083900064229965
v -0.38118455930262507 0.3881923136493753 -0.07048500329256058
v -0.35361877109188555 0.4313086710911251 -0.08083900064229965
v -0.3037673328876802 0.4107488089515662 -0.0728909969329834
v -0.3037673328876802 0.4107488089515662 -0.0728909969329834
v -0.2934194130611206 0.45615531844770046 -0.06876099854707718
v -0.22626417988587894 0.4327978024094928 -0.06026199832558632
v -0.22626417988587894 0.4327978024094928 -0.06026199832558632
v -0.2934194130611206 0.45615531844770046 -0.06876099854707718
v -0.2468955914472061 0.4798037404498408 -0.03924499824643135
v -0.3037673328876802 0.4107488089515662 -0.0728909969329834
v -0.3480151445476231 0.3757065568321216 -0.05687899887561798
v -0.38118455930262507 0.3881923136493753 -0.07048500329256058
v -0.2468955914472061 0.4798037404498408 -0.03924499824643135
v -0.17847626024085445 0.45750232232859966 -0.03403099998831749
v -0.22626417988587894 0.4327978024094928 -0.06026199832558632
v -0.17847626024085445 0.45750232232859966 -0.03403099998831749
v -0.2468955914472061 0.4798037404498408 -0.03924499824643135
v -0.22832200370263678 0.49089732140676584 4.635471845399394e-17
v -0.22832200370263678 0.49089732140676584 4.635471845399394e-17
v -0.16255864644766554 0.4697689099275175 4.4406916560945923e-17
v -0.17847626024085445 0.45750232232859966 -0.03403099998831749
v -0.3037673328876802 0.4107488089515662 -0.0728909969329834
v -0.22626417988587894 0.4327978024094928 -0.06026199832558632
v -0.253395819804439 0.3945076018304617 -0.057075001299381256
v -0.3480151445476231 0.3757065568321216 -0.05687899887561798
v -0.3037673328876802 0.4107488089515662 -0.0728909969329834
v -0.253395819804439 0.3945076018304617 -0.057075001299381256
v -0.14069255407496398 0.4095332828477792 -0.04602599889039993
v -0.22626417988587894 0.4327978024094928 -0.06026199832558632
v -0.17847626024085445 0.45750232232859966 -0.03403099998831749
v -0.14069255407496398 0.4095332828477792 -0.04602599889039993
v -0.253395819804439 0.3945076018304617 -0.057075001299381256
v -0.22626417988587894 0.4327978024094928 -0.06026199832558632
v -0.09868237182686344 0.43702749911262917 -0.027858000248670578
v -0.17847626024085445 0.45750232232859966 -0.03403099998831749
v -0.16255864644766554 0.4697689099275175 4.4406916560945923e-17
v -0.14069255407496398 0.4095332828477792 -0.04602599889039993
v -0.17847626024085445 0.45750232232859966 -0.03403099998831749
v -0.09868237182686344 0.43702749911262917 -0.027858000248670578
v -0.16255864644766554 0.4697689099275175 4.4406916560945923e-17
v -0.08602333008417372 0.4484969853672599 4.244588970426441e-17
v -0.09868237182686344 0.43702749911262917 -0.027858000248670578
v -0.03600347576972984 0.4122020718971354 -0.023367999121546745
v -0.09868237182686344 0.43702749911262917 -0.027858000248670578
v -0.08602333008417372 0.4484969853672599 4.244588970426441e-17
v -0.08602333008417372 0.4484969853672599 4.244588970426441e-17
v -0.02562502673231073 0.4210240684231224 3.9913198326247496e-17
v -0.03600347576972984 0.4122020718971354 -0.023367999121546745
v -0.058431494323771455 0.39195972007749225 -0.034317001700401306
v -0.09868237182686344 0.43702749911262917 -0.027858000248670578
v -0.03600347576972984 0.4122020718971354 -0.023367999121546745
v -0.058431494323771455 0.39195972007749225 -0.034317001700401306
v -0.14069255407496398 0.4095332828477792 -0.04602599889039993
v -0.09868237182686344 0.43702749911262917 -0.027858000248670578
v 0.007416660678581753 0.3755564718417475 -0.019406000152230263
v -0.03600347576972984 0.4122020718971354 -0.023367999121546745
v -0.02562502673231073 0.4210240684231224 3.9913198326247496e-17
v -0.02562502673231073 0.4210240684231224 3.9913198326247496e-17
v 0.016983288802062044 0.38005047015283366 3.6135897911358797e-17
v 0.007416660678581753 0.3755564718417475 -0.019406000152230263
v -0.01177991166904673 0.36007645810231625 -0.027675999328494072
v -0.058431494323771455 0.39195972007749225 -0.034317001700401306
v -0.03600347576972984 0.4122020718971354 -0.023367999121546745
v -0.01177991166904673 0.36007645810231625 -0.027675999328494072
v -0.03600347576972984 0.4122020718971354 -0.023367999121546745
v 0.007416660678581753 0.3755564718417475 -0.019406000152230263
v 0.032801413086351525 0.3344487036868959 -0.014047999866306782
v 0.007416660678581753 0.3755564718417475 -0.019406000152230263
v 0.016983288802062044 0.38005047015283366 3.6135897911358797e-17
v -0.01177991166904673 0.36007645810231625 -0.027675999328494072
v 0.007416660678581753 0.3755564718417475 -0.019406000152230263
v 0.032801413086351525 0.3344487036868959 -0.014047999866306782
v 0.016983288802062044 0.38005047015283366 3.6135897911358797e-17
v 0.041914652101536665 0.32722213713376214 3.1265723162442587e-17
v 0.032801413086351525 0.3344487036868959 -0.014047999866306782
v 0.041914652101536665 0.32722213713376214 3.1265723162442587e-17
v 0.02345413363626011 0.3162879447738422 -0.016852999106049538
v 0.032801413086351525 0.3344487036868959 -0.014047999866306782
v 0.02345413363626011 0.3162879447738422 -0.016852999106049538
v -0.01177991166904673 0.36007645810231625 -0.027675999328494072
v 0.032801413086351525 0.3344487036868959 -0.014047999866306782
v -0.40207152664227336 -0.33859482628961557 0.02514299936592579
v -0.4508725038979843 -0.30833751803500536 -2.7325666690227954e-17
v -0.4533678793736951 -0.3124555912534781 0.015915000811219215
v -0.40207152664227336 -0.33859482628961557 0.02514299936592579
v -0.4533678793736951 -0.3124555912534781 0.015915000811219215
v -0.4162173342144836 -0.34991953258914255 0.04455399885773659
v -0.4508725038979843 -0.30833751803500536 -2.7325666690227954e-17
v -0.40207152664227336 -0.33859482628961557 0.02514299936592579
v -0.3972559311412358 -0.3326567894599602 -2.956762724398963e-17
v -0.3480151445476231 -0.375706675601568 0.05687899887561798
v -0.4162173342144836 -0.34991953258914255 0.04455399885773659
v -0.38118455930262507 -0.3881924720086371 0.07048500329256058
v -0.3480151445476231 -0.375706675601568 0.05687899887561798
v -0.40207152664227336 -0.33859482628961557 0.02514299936592579
v -0.4162173342144836 -0.34991953258914255 0.04455399885773659
v -0.32933638940008175 -0.36033430657034754 0.03180399909615517
v -0.3972559311412358 -0.3326567894599602 -2.956762724398963e-17
v -0.40207152664227336 -0.33859482628961557 0.02514299936592579
v -0.32933638940008175 -0.36033430657034754 0.03180399909615517
v -0.40207152664227336 -0.33859482628961557 0.02514299936592579
v -0.3480151445476231 -0.375706675601568 0.05687899887561798
v -0.3972559311412358 -0.3326567894599602 -2.956762724398963e-17
v -0.32933638940008175 -0.36033430657034754 0.03180399909615517
v -0.3243161875322238 -0.3520768608126895 -3.135793725713e-17
v -0.23512526648951648 -0.37501460603767195 0.03154199942946434
v -0.3243161875322238 -0.3520768608126895 -3.135793725713e-17
v -0.32933638940008175 -0.36033430657034754 0.03180399909615517
v -0.3243161875322238 -0.3520768608126895 -3.135793725713e-17
v -0.23512526648951648 -0.37501460603767195 0.03154199942946434
v -0.23347901417545036 -0.36499569062115983 -3.25489085943614e-17
v -0.23512526648951648 -0.37501460603767195 0.03154199942946434
v -0.1473838764220253 -0.3694843838969756 -3.2962717276319625e-17
v -0.23347901417545036 -0.36499569062115983 -3.25489085943614e-17
v -0.38118455930262507 -0.3881924720086371 0.07048500329256058
v -0.3037673328876802 -0.4107489277210125 0.0728909969329834
v -0.3480151445476231 -0.375706675601568 0.05687899887561798
v -0.35361877109188555 -0.4313087898605714 0.08083900064229965
v -0.3037673328876802 -0.4107489277210125 0.0728909969329834
v -0.38118455930262507 -0.3881924720086371 0.07048500329256058
v -0.3037673328876802 -0.4107489277210125 0.0728909969329834
v -0.35361877109188555 -0.4313087898605714 0.08083900064229965
v -0.2934194130611206 -0.4561554372171468 0.06876099854707718
v -0.253395819804439 -0.3945077205999081 0.057075001299381256
v -0.32933638940008175 -0.36033430657034754 0.03180399909615517
v -0.3480151445476231 -0.375706675601568 0.05687899887561798
v -0.3037673328876802 -0.4107489277210125 0.0728909969329834
v -0.253395819804439 -0.3945077205999081 0.057075001299381256
v -0.3480151445476231 -0.375706675601568 0.05687899887561798
v -0.23512526648951648 -0.37501460603767195 0.03154199942946434
v -0.32933638940008175 -0.36033430657034754 0.03180399909615517
v -0.253395819804439 -0.3945077205999081 0.057075001299381256
v -0.2934194130611206 -0.4561554372171468 0.06876099854707718
v -0.22626417988587894 -0.43279792117893917 0.06026199832558632
v -0.3037673328876802 -0.4107489277210125 0.0728909969329834
v -0.3037673328876802 -0.4107489277210125 0.0728909969329834
v -0.22626417988587894 -0.43279792117893917 0.06026199832558632
v -0.253395819804439 -0.3945077205999081 0.057075001299381256
v -0.2468955914472061 -0.4798038592192872 0.03924399986863136
v -0.22626417988587894 -0.43279792117893917 0.06026199832558632
v -0.2934194130611206 -0.4561554372171468 0.06876099854707718
v -0.14069255407496398 -0.4095334016172255 0.04602599889039993
v -0.23512526648951648 -0.37501460603767195 0.03154199942946434
v -0.253395819804439 -0.3945077205999081 0.057075001299381256
v -0.22626417988587894 -0.43279792117893917 0.06026199832558632
v -0.14069255407496398 -0.4095334016172255 0.04602599889039993
v -0.253395819804439 -0.3945077205999081 0.057075001299381256
v -0.22626417988587894 -0.43279792117893917 0.06026199832558632
v -0.2468955914472061 -0.4798038592192872 0.03924399986863136
v -0.17847626024085445 -0.45750244109804605 0.03403099998831749
v -0.17847626024085445 -0.45750244109804605 0.03403099998831749
v -0.14069255407496398 -0.4095334016172255 0.04602599889039993
v -0.22626417988587894 -0.43279792117893917 0.06026199832558632
v -0.22832200370263678 -0.4908974401762122 -4.4155619090852313e-17
v -0.17847626024085445 -0.45750244109804605 0.03403099998831749
v -0.2468955914472061 -0.4798038592192872 0.03924399986863136
v -0.17847626024085445 -0.45750244109804605 0.03403099998831749
v -0.22832200370263678 -0.4908974401762122 -4.4155619090852313e-17
v -0.16255864644766554 -0.46976902869696385 -4.2207820506526747e-17
v -0.16255864644766554 -0.46976902869696385 -4.2207820506526747e-17
v -0.09868237182686344 -0.43702761788207556 0.027858000248670578
v -0.17847626024085445 -0.45750244109804605 0.03403099998831749
v -0.14069255407496398 -0.4095334016172255 0.04602599889039993
v -0.17847626024085445 -0.45750244109804605 0.03403099998831749
v -0.09868237182686344 -0.43702761788207556 0.027858000248670578
v -0.09868237182686344 -0.43702761788207556 0.027858000248670578
v -0.16255864644766554 -0.46976902869696385 -4.2207820506526747e-17
v -0.08602333008417372 -0.44849714372652166 -4.024679364984523e-17
v -0.23512526648951648 -0.37501460603767195 0.03154199942946434
v -0.14069255407496398 -0.4095334016172255 0.04602599889039993
v -0.14269949587362254 -0.3804106187039899 0.027274999767541885
v -0.1473838764220253 -0.3694843838969756 -3.2962717276319625e-17
v -0.23512526648951648 -0.37501460603767195 0.03154199942946434
v -0.14269949587362254 -0.3804106187039899 0.027274999767541885
v -0.14269949587362254 -0.3804106187039899 0.027274999767541885
v -0.08622911583551958 -0.362895450911493 -3.2355292082742335e-17
v -0.1473838764220253 -0.3694843838969756 -3.2962717276319625e-17
v -0.08622911583551958 -0.362895450911493 -3.2355292082742335e-17
v -0.14269949587362254 -0.3804106187039899 0.027274999767541885
v -0.07791189398163183 -0.3720136980264986 0.023305000737309456
v -0.14069255407496398 -0.4095334016172255 0.04602599889039993
v -0.07791189398163183 -0.3720136980264986 0.023305000737309456
v -0.14269949587362254 -0.3804106187039899 0.027274999767541885
v -0.07791189398163183 -0.3720136980264986 0.023305000737309456
v -0.039242840700814054 -0.3400533942704552 -3.024951192758649e-17
v -0.08622911583551958 -0.362895450911493 -3.2355292082742335e-17
v -0.09868237182686344 -0.43702761788207556 0.027858000248670578
v -0.058431494323771455 -0.39195983884693864 0.034317001700401306
v -0.14069255407496398 -0.4095334016172255 0.04602599889039993
v -0.07791189398163183 -0.3720136980264986 0.023305000737309456
v -0.14069255407496398 -0.4095334016172255 0.04602599889039993
v -0.058431494323771455 -0.39195983884693864 0.034317001700401306
v -0.08602333008417372 -0.44849714372652166 -4.024679364984523e-17
v -0.03600347576972984 -0.4122021906665818 0.023367999121546745
v -0.09868237182686344 -0.43702761788207556 0.027858000248670578
v -0.058431494323771455 -0.39195983884693864 0.034317001700401306
v -0.09868237182686344 -0.43702761788207556 0.027858000248670578
v -0.03600347576972984 -0.4122021906665818 0.023367999121546745
v -0.03600347576972984 -0.4122021906665818 0.023367999121546745
v -0.08602333008417372 -0.44849714372652166 -4.024679364984523e-17
v -0.02562502673231073 -0.4210228807286589 -3.771397654037521e-17
v -0.058431494323771455 -0.39195983884693864 0.034317001700401306
v -0.03206308467670046 -0.3475801703941527 0.019404999911785126
v -0.07791189398163183 -0.3720136980264986 0.023305000737309456
v -0.039242840700814054 -0.3400533942704552 -3.024951192758649e-17
v -0.07791189398163183 -0.3720136980264986 0.023305000737309456
v -0.03206308467670046 -0.3475801703941527 0.019404999911785126
v -0.03600347576972984 -0.4122021906665818 0.023367999121546745
v -0.01177991166904673 -0.3600765768717626 0.027675999328494072
v -0.058431494323771455 -0.39195983884693864 0.034317001700401306
v -0.03206308467670046 -0.3475801703941527 0.019404999911785126
v -0.058431494323771455 -0.39195983884693864 0.034317001700401306
v -0.01177991166904673 -0.3600765768717626 0.027675999328494072
v -0.02562502673231073 -0.4210228807286589 -3.771397654037521e-17
v 0.007416660678581753 -0.37555659061119384 0.019404999911785126
v -0.03600347576972984 -0.4122021906665818 0.023367999121546745
v -0.01177991166904673 -0.3600765768717626 0.027675999328494072
v -0.03600347576972984 -0.4122021906665818 0.023367999121546745
v 0.007416660678581753 -0.37555659061119384 0.019404999911785126
v 0.007416660678581753 -0.37555659061119384 0.019404999911785126
v -0.02562502673231073 -0.4210228807286589 -3.771397654037521e-17
v 0.016983288802062044 -0.38005058892228005 -3.393679854821717e-17
v -0.03206308467670046 -0.3475801703941527 0.019404999911785126
v 0.0026859303183276407 -0.31603167989842895 0.014047999866306782
v -0.039242840700814054 -0.3400533942704552 -3.024951192758649e-17
v 0.0026859303183276407 -0.31603167989842895 0.014047999866306782
v -0.03206308467670046 -0.3475801703941527 0.019404999911785126
v -0.01177991166904673 -0.3600765768717626 0.027675999328494072
v 0.0056629832825947825 -0.3052741966797738 -2.7043262266018675e-17
v -0.039242840700814054 -0.3400533942704552 -3.024951192758649e-17
v 0.0026859303183276407 -0.31603167989842895 0.014047999866306782
v 0.016983288802062044 -0.38005058892228005 -3.393679854821717e-17
v 0.032801413086351525 -0.3344488224563422 0.014047999866306782
v 0.007416660678581753 -0.37555659061119384 0.019404999911785126
v -0.01177991166904673 -0.3600765768717626 0.027675999328494072
v 0.007416660678581753 -0.37555659061119384 0.019404999911785126
v 0.032801413086351525 -0.3344488224563422 0.014047999866306782
v 0.032801413086351525 -0.3344488224563422 0.014047999866306782
v 0.016983288802062044 -0.38005058892228005 -3.393679854821717e-17
v 0.041914652101536665 -0.32722225590320847 -2.906662379930096e-17
v -0.01177991166904673 -0.3600765768717626 0.027675999328494072
v 0.02345413363626011 -0.31628806354328853 0.016852999106049538
v 0.0026859303183276407 -0.31603167989842895 0.014047999866306782
v 0.02345413363626011 -0.31628806354328853 0.016852999106049538
v -0.01177991166904673 -0.3600765768717626 0.027675999328494072
v 0.032801413086351525 -0.3344488224563422 0.014047999866306782
v 0.02345413363626011 -0.31628806354328853 0.016852999106049538
v 0.0056629832825947825 -0.3052741966797738 -2.7043262266018675e-17
v 0.0026859303183276407 -0.31603167989842895 0.014047999866306782
v 0.041914652101536665 -0.32722225590320847 -2.906662379930096e-17
v 0.02345413363626011 -0.31628806354328853 0.016852999106049538
v 0.032801413086351525 -0.3344488224563422 0.014047999866306782
v 0.0056629832825947825 -0.3052741966797738 -2.7043262266018675e-17
v 0.02345413363626011 -0.31628806354328853 0.016852999106049538
v 0.03657107984514253 -0.29625427087144035 -2.6211727374721168e-17
v 0.02345413363626011 -0.31628806354328853 0.016852999106049538
v 0.041914652101536665 -0.32722225590320847 -2.906662379930096e-17
v 0.03657107984514253 -0.29625427087144035 -2.6211727374721168e-17
v -0.43658759634516886 -0.360184181990158 -0.054402999579906464
v -0.41129781808840093 -0.404213124267865 -0.07585100084543228
v -0.4536414965836064 -0.37177326907726566 -0.05764999985694885
v -0.41129781808840093 -0.404213124267865 -0.07585100084543228
v -0.43658759634516886 -0.360184181990158 -0.054402999579906464
v -0.38118455930262507 -0.3881924720086371 -0.07048500329256058
v -0.17847626024085445 -0.45750244109804605 -0.03403099998831749
v -0.2468955914472061 -0.4798038592192872 -0.03924499824643135
v -0.22626417988587894 -0.43279792117893917 -0.06026199832558632
v -0.17847626024085445 -0.45750244109804605 -0.03403099998831749
v -0.22832200370263678 -0.4908974401762122 -4.4155619090852313e-17
v -0.2468955914472061 -0.4798038592192872 -0.03924499824643135
v -0.22832200370263678 -0.4908974401762122 -4.4155619090852313e-17
v -0.17847626024085445 -0.45750244109804605 -0.03403099998831749
v -0.16255864644766554 -0.46976902869696385 -4.2207820506526747e-17
v -0.09868237182686344 -0.43702761788207556 -0.027858000248670578
v -0.16255864644766554 -0.46976902869696385 -4.2207820506526747e-17
v -0.17847626024085445 -0.45750244109804605 -0.03403099998831749
v -0.16255864644766554 -0.46976902869696385 -4.2207820506526747e-17
v -0.09868237182686344 -0.43702761788207556 -0.027858000248670578
v -0.08602333008417372 -0.44849714372652166 -4.024679364984523e-17
v -0.22626417988587894 -0.43279792117893917 -0.06026199832558632
v -0.14069255407496398 -0.4095334016172255 -0.04602599889039993
v -0.17847626024085445 -0.45750244109804605 -0.03403099998831749
v -0.09868237182686344 -0.43702761788207556 -0.027858000248670578
v -0.17847626024085445 -0.45750244109804605 -0.03403099998831749
v -0.14069255407496398 -0.4095334016172255 -0.04602599889039993
v -0.03600347576972984 -0.4122021906665818 -0.023367999121546745
v -0.08602333008417372 -0.44849714372652166 -4.024679364984523e-17
v -0.09868237182686344 -0.43702761788207556 -0.027858000248670578
v -0.08602333008417372 -0.44849714372652166 -4.024679364984523e-17
v -0.03600347576972984 -0.4122021906665818 -0.023367999121546745
v -0.02562502673231073 -0.4210228807286589 -3.771397654037521e-17
v -0.03600347576972984 -0.4122021906665818 -0.023367999121546745
v -0.09868237182686344 -0.43702761788207556 -0.027858000248670578
v -0.058431494323771455 -0.39195983884693864 -0.034317001700401306
v -0.14069255407496398 -0.4095334016172255 -0.04602599889039993
v -0.058431494323771455 -0.39195983884693864 -0.034317001700401306
v -0.09868237182686344 -0.43702761788207556 -0.027858000248670578
v 0.007416660678581753 -0.37555659061119384 -0.019406000152230263
v -0.02562502673231073 -0.4210228807286589 -3.771397654037521e-17
v -0.03600347576972984 -0.4122021906665818 -0.023367999121546745
v -0.02562502673231073 -0.4210228807286589 -3.771397654037521e-17
v 0.007416660678581753 -0.37555659061119384 -0.019406000152230263
v 0.016983288802062044 -0.38005058892228005 -3.393679854821717e-17
v -0.058431494323771455 -0.39195983884693864 -0.034317001700401306
v -0.01177991166904673 -0.3600765768717626 -0.027675999328494072
v -0.03600347576972984 -0.4122021906665818 -0.023367999121546745
v 0.007416660678581753 -0.37555659061119384 -0.019406000152230263
v -0.03600347576972984 -0.4122021906665818 -0.023367999121546745
v -0.01177991166904673 -0.3600765768717626 -0.027675999328494072
v 0.032801413086351525 -0.3344488224563422 -0.014047999866306782
v 0.016983288802062044 -0.38005058892228005 -3.393679854821717e-17
v 0.007416660678581753 -0.37555659061119384 -0.019406000152230263
v 0.032801413086351525 -0.3344488224563422 -0.014047999866306782
v 0.007416660678581753 -0.37555659061119384 -0.019406000152230263
v -0.01177991166904673 -0.3600765768717626 -0.027675999328494072
v 0.016983288802062044 -0.38005058892228005 -3.393679854821717e-17
v 0.032801413086351525 -0.3344488224563422 -0.014047999866306782
v 0.041914652101536665 -0.32722225590320847 -2.906662379930096e-17
v 0.02345413363626011 -0.31628806354328853 -0.016852999106049538
v 0.041914652101536665 -0.32722225590320847 -2.906662379930096e-17
v 0.032801413086351525 -0.3344488224563422 -0.014047999866306782
v -0.01177991166904673 -0.3600765768717626 -0.027675999328494072
v 0.02345413363626011 -0.31628806354328853 -0.016852999106049538
v 0.032801413086351525 -0.3344488224563422 -0.014047999866306782
v 0.041914652101536665 -0.32722225590320847 -2.906662379930096e-17
v 0.02345413363626011 -0.31628806354328853 -0.016852999106049538
v 0.03657107984514253 -0.29625427087144035 -2.6211727374721168e-17
v 0.02345413363626011 -0.31628806354328853 -0.016852999106049538
v 0.0056629832825947825 -0.3052741966797738 -2.7043262266018675e-17
v 0.03657107984514253 -0.29625427087144035 -2.6211727374721168e-17
v 0.0056629832825947825 -0.3052741966797738 -2.7043262266018675e-17
v 0.02345413363626011 -0.31628806354328853 -0.016852999106049538
v 0.0026859303183276407 -0.31603167989842895 -0.014047999866306782
v 0.02345413363626011 -0.31628806354328853 -0.016852999106049538
v -0.01177991166904673 -0.3600765768717626 -0.027675999328494072
v 0.0026859303183276407 -0.31603167989842895 -0.014047999866306782
v 0.0026859303183276407 -0.31603167989842895 -0.014047999866306782
v -0.039242840700814054 -0.3400533942704552 -3.024951192758649e-17
v 0.0056629832825947825 -0.3052741966797738 -2.7043262266018675e-17
v -0.03206308467670046 -0.3475801703941527 -0.019406000152230263
v 0.0026859303183276407 -0.31603167989842895 -0.014047999866306782
v -0.01177991166904673 -0.3600765768717626 -0.027675999328494072
v -0.039242840700814054 -0.3400533942704552 -3.024951192758649e-17
v 0.0026859303183276407 -0.31603167989842895 -0.014047999866306782
v -0.03206308467670046 -0.3475801703941527 -0.019406000152230263
v -0.01177991166904673 -0.3600765768717626 -0.027675999328494072
v -0.058431494323771455 -0.39195983884693864 -0.034317001700401306
v -0.03206308467670046 -0.3475801703941527 -0.019406000152230263
v -0.03206308467670046 -0.3475801703941527 -0.019406000152230263
v -0.07791189398163183 -0.3720136980264986 -0.023305000737309456
v -0.039242840700814054 -0.3400533942704552 -3.024951192758649e-17
v -0.07791189398163183 -0.3720136980264986 -0.023305000737309456
v -0.03206308467670046 -0.3475801703941527 -0.019406000152230263
v -0.058431494323771455 -0.39195983884693864 -0.034317001700401306
v -0.07791189398163183 -0.3720136980264986 -0.023305000737309456
v -0.08622911583551958 -0.362895450911493 -3.2355292082742335e-17
v -0.039242840700814054 -0.3400533942704552 -3.024951192758649e-17
v -0.14069255407496398 -0.4095334016172255 -0.04602599889039993
v -0.07791189398163183 -0.3720136980264986 -0.023305000737309456
v -0.058431494323771455 -0.39195983884693864 -0.034317001700401306
v -0.07791189398163183 -0.3720136980264986 -0.023305000737309456
v -0.14269949587362254 -0.3804106187039899 -0.027274999767541885
v -0.08622911583551958 -0.362895450911493 -3.2355292082742335e-17
v -0.07791189398163183 -0.3720136980264986 -0.023305000737309456
v -0.14069255407496398 -0.4095334016172255 -0.04602599889039993
v -0.14269949587362254 -0.3804106187039899 -0.027274999767541885
v -0.1473838764220253 -0.3694843838969756 -3.2962717276319625e-17
v -0.08622911583551958 -0.362895450911493 -3.2355292082742335e-17
v -0.14269949587362254 -0.3804106187039899 -0.027274999767541885
v -0.23512526648951648 -0.37501460603767195 -0.03154199942946434
v -0.1473838764220253 -0.3694843838969756 -3.2962717276319625e-17
v -0.14269949587362254 -0.3804106187039899 -0.027274999767541885
v -0.14069255407496398 -0.4095334016172255 -0.04602599889039993
v -0.23512526648951648 -0.37501460603767195 -0.03154199942946434
v -0.14269949587362254 -0.3804106187039899 -0.027274999767541885
v -0.1473838764220253 -0.3694843838969756 -3.2962717276319625e-17
v -0.23512526648951648 -0.37501460603767195 -0.03154199942946434
v -0.23347901417545036 -0.36499569062115983 -3.25489085943614e-17
v -0.23512526648951648 -0.37501460603767195 -0.03154199942946434
v -0.3243161875322238 -0.3520768608126895 -3.135793725713e-17
v -0.23347901417545036 -0.36499569062115983 -3.25489085943614e-17
v -0.23512526648951648 -0.37501460603767195 -0.03154199942946434
v -0.14069255407496398 -0.4095334016172255 -0.04602599889039993
v -0.253395819804439 -0.3945077205999081 -0.057075001299381256
v -0.253395819804439 -0.3945077205999081 -0.057075001299381256
v -0.14069255407496398 -0.4095334016172255 -0.04602599889039993
v -0.22626417988587894 -0.43279792117893917 -0.06026199832558632
v -0.22626417988587894 -0.43279792117893917 -0.06026199832558632
v -0.3037673328876802 -0.4107489277210125 -0.0728909969329834
v -0.253395819804439 -0.3945077205999081 -0.057075001299381256
v -0.3243161875322238 -0.3520768608126895 -3.135793725713e-17
v -0.23512526648951648 -0.37501460603767195 -0.03154199942946434
v -0.32933638940008175 -0.36033430657034754 -0.03180399909615517
v -0.253395819804439 -0.3945077205999081 -0.057075001299381256
v -0.32933638940008175 -0.36033430657034754 -0.03180399909615517
v -0.23512526648951648 -0.37501460603767195 -0.03154199942946434
v -0.32933638940008175 -0.36033430657034754 -0.03180399909615517
v -0.3972559311412358 -0.3326567894599602 -2.956762724398963e-17
v -0.3243161875322238 -0.3520768608126895 -3.135793725713e-17
v -0.3037673328876802 -0.4107489277210125 -0.0728909969329834
v -0.3480151445476231 -0.375706675601568 -0.05687899887561798
v -0.253395819804439 -0.3945077205999081 -0.057075001299381256
v -0.32933638940008175 -0.36033430657034754 -0.03180399909615517
v -0.253395819804439 -0.3945077205999081 -0.057075001299381256
v -0.3480151445476231 -0.375706675601568 -0.05687899887561798
v -0.3480151445476231 -0.375706675601568 -0.05687899887561798
v -0.3037673328876802 -0.4107489277210125 -0.0728909969329834
v -0.38118455930262507 -0.3881924720086371 -0.07048500329256058
v -0.3972559311412358 -0.3326567894599602 -2.956762724398963e-17
v -0.32933638940008175 -0.36033430657034754 -0.03180399909615517
v -0.40207152664227336 -0.33859482628961557 -0.02514299936592579
v -0.3480151445476231 -0.375706675601568 -0.05687899887561798
v -0.40207152664227336 -0.33859482628961557 -0.02514299936592579
v -0.32933638940008175 -0.36033430657034754 -0.03180399909615517
v -0.40207152664227336 -0.33859482628961557 -0.02514299936592579
v -0.4508725038979843 -0.30833751803500536 -2.7325666690227954e-17
v -0.3972559311412358 -0.3326567894599602 -2.956762724398963e-17
v -0.38118455930262507 -0.3881924720086371 -0.07048500329256058
v -0.4162173342144836 -0.34991953258914255 -0.04455399885773659
v -0.3480151445476231 -0.375706675601568 -0.05687899887561798
v -0.40207152664227336 -0.33859482628961557 -0.02514299936592579
v -0.3480151445476231 -0.375706675601568 -0.05687899887561798
v -0.4162173342144836 -0.34991953258914255 -0.04455399885773659
v -0.4162173342144836 -0.34991953258914255 -0.04455399885773659
v -0.38118455930262507 -0.3881924720086371 -0.07048500329256058
v -0.43658759634516886 -0.360184181990158 -0.054402999579906464
v -0.4508725038979843 -0.30833751803500536 -2.7325666690227954e-17
v -0.40207152664227336 -0.33859482628961557 -0.02514299936592579
v -0.4533678793736951 -0.3124555912534781 -0.015915000811219215
v -0.4162173342144836 -0.34991953258914255 -0.04455399885773659
v -0.4533678793736951 -0.3124555912534781 -0.015915000811219215
v -0.40207152664227336 -0.33859482628961557 -0.02514299936592579
v -0.4840713695694225 -0.2899004617999203 -0.009731999598443508
v -0.4508725038979843 -0.30833751803500536 -2.7325666690227954e-17
v -0.4533678793736951 -0.3124555912534781 -0.015915000811219215
v -0.4508725038979843 -0.30833751803500536 -2.7325666690227954e-17
v -0.4840713695694225 -0.2899004617999203 -0.009731999598443508
v -0.4890542354928738 -0.2828545633695964 -2.4976425774101827e-17
v -0.4533678793736951 -0.3124555912534781 -0.015915000811219215
v -0.4162173342144836 -0.34991953258914255 -0.04455399885773659
v -0.46255575658099274 -0.31923847474485434 -0.02788900025188923
v -0.43658759634516886 -0.360184181990158 -0.054402999579906464
v -0.46255575658099274 -0.31923847474485434 -0.02788900025188923
v -0.4162173342144836 -0.34991953258914255 -0.04455399885773659
v -0.46255575658099274 -0.31923847474485434 -0.02788900025188923
v -0.4840713695694225 -0.2899004617999203 -0.009731999598443508
v -0.4533678793736951 -0.3124555912534781 -0.015915000811219215
v -0.4949235268256757 -0.28856406798956186 -0.01459799986332655
v -0.4890542354928738 -0.2828545633695964 -2.4976425774101827e-17
v -0.4840713695694225 -0.2899004617999203 -0.009731999598443508
v -0.4840713695694225 -0.2899004617999203 -0.009731999598443508
v -0.46255575658099274 -0.31923847474485434 -0.02788900025188923
v -0.4949235268256757 -0.28856406798956186 -0.01459799986332655
v -0.4890542354928738 -0.2828545633695964 -2.4976425774101827e-17
v -0.4949235268256757 -0.28856406798956186 -0.01459799986332655
v -0.5183635583926811 -0.26968200243390167 -2.3762066732231104e-17
v -0.46255575658099274 -0.31923847474485434 -0.02788900025188923
v -0.43658759634516886 -0.360184181990158 -0.054402999579906464
v -0.4733118782401712 -0.3281043169914531 -0.03428199887275696
v -0.4536414965836064 -0.37177326907726566 -0.05764999985694885
v -0.4733118782401712 -0.3281043169914531 -0.03428199887275696
v -0.43658759634516886 -0.360184181990158 -0.054402999579906464
v -0.4949235268256757 -0.28856406798956186 -0.01459799986332655
v -0.46255575658099274 -0.31923847474485434 -0.02788900025188923
v -0.4955963151524108 -0.30051051254583655 -0.02107900008559227
v -0.4955963151524108 -0.30051051254583655 -0.02107900008559227
v -0.46255575658099274 -0.31923847474485434 -0.02788900025188923
v -0.4733118782401712 -0.3281043169914531 -0.03428199887275696
v -0.4949235268256757 -0.28856406798956186 -0.01459799986332655
v -0.505049857148248 -0.29797721963986074 -0.019152000546455383
v -0.5183635583926811 -0.26968200243390167 -2.3762066732231104e-17
v -0.505049857148248 -0.29797721963986074 -0.019152000546455383
v -0.4949235268256757 -0.28856406798956186 -0.01459799986332655
v -0.4955963151524108 -0.30051051254583655 -0.02107900008559227
v -0.5109632911590035 -0.3046431944062106 -0.01584099978208542
v -0.5183635583926811 -0.26968200243390167 -2.3762066732231104e-17
v -0.505049857148248 -0.29797721963986074 -0.019152000546455383
v -0.4733118782401712 -0.3281043169914531 -0.03428199887275696
v -0.4536414965836064 -0.37177326907726566 -0.05764999985694885
v -0.4832708033535268 -0.3351103682725257 -0.03595700114965439
v -0.4832708033535268 -0.3351103682725257 -0.03595700114965439
v -0.4955963151524108 -0.30051051254583655 -0.02107900008559227
v -0.4733118782401712 -0.3281043169914531 -0.03428199887275696
v -0.4832708033535268 -0.3351103682725257 -0.03595700114965439
v -0.505049857148248 -0.29797721963986074 -0.019152000546455383
v -0.4955963151524108 -0.30051051254583655 -0.02107900008559227
v -0.4536414965836064 -0.37177326907726566 -0.05764999985694885
v -0.4873412300146655 -0.3440466210059038 -0.036028001457452774
v -0.4832708033535268 -0.3351103682725257 -0.03595700114965439
v -0.505049857148248 -0.29797721963986074 -0.019152000546455383
v -0.5045693421958668 -0.3097522798850487 -0.022129999473690987
v -0.5109632911590035 -0.3046431944062106 -0.01584099978208542
v -0.505049857148248 -0.29797721963986074 -0.019152000546455383
v -0.4832708033535268 -0.3351103682725257 -0.03595700114965439
v -0.5045693421958668 -0.3097522798850487 -0.022129999473690987
v -0.4873412300146655 -0.3440466210059038 -0.036028001457452774
v -0.5045693421958668 -0.3097522798850487 -0.022129999473690987
v -0.4832708033535268 -0.3351103682725257 -0.03595700114965439
v -0.4920595768374021 -0.3504628632163898 -0.030388999730348587
v -0.5109632911590035 -0.3046431944062106 -0.01584099978208542
v -0.5045693421958668 -0.3097522798850487 -0.022129999473690987
v -0.4920595768374021 -0.3504628632163898 -0.030388999730348587
v -0.5045693421958668 -0.3097522798850487 -0.022129999473690987
v -0.4873412300146655 -0.3440466210059038 -0.036028001457452774
v 0.3351345133009461 2.062936918674961 0.04134099930524826
v 0.25975814441394257 1.981361628860729 1.8375862306490833e-16
v 0.3508316495812718 2.046825764097613 1.8979367987453601e-16
v 0.25975814441394257 1.981361628860729 1.8375862306490833e-16
v 0.3351345133009461 2.062936918674961 0.04134099930524826
v 0.24171260081813123 1.9969080743104868 0.04332999885082245
v 0.3508316495812718 2.046825764097613 1.8979367987453601e-16
v 0.4320061255207894 2.134696468005575 0.03128400072455406
v 0.3351345133009461 2.062936918674961 0.04134099930524826
v 0.24171260081813123 1.9969080743104868 0.04332999885082245
v 0.17567220613812481 1.919175847061698 1.7802579819877282e-16
v 0.25975814441394257 1.981361628860729 1.8375862306490833e-16
v 0.3508316495812718 2.046825764097613 1.8979367987453601e-16
v 0.44174797648805525 2.120725380492237 1.9660639233908195e-16
v 0.4320061255207894 2.134696468005575 0.03128400072455406
v 0.17567220613812481 1.919175847061698 1.7802579819877282e-16
v 0.24171260081813123 1.9969080743104868 0.04332999885082245
v 0.15671985062902247 1.9322832431611605 0.041301000863313675
v 0.44174797648805525 2.120725380492237 1.9660639233908195e-16
v 0.5007917398640543 2.1934018299486926 0.01650799997150898
v 0.4320061255207894 2.134696468005575 0.03128400072455406
v 0.44174797648805525 2.120725380492237 1.9660639233908195e-16
v 0.4961763701587425 2.1740984693719123 2.0152678025990258e-16
v 0.5007917398640543 2.1934018299486926 0.01650799997150898
v 0.5007917398640543 2.1934018299486926 0.01650799997150898
v 0.4961763701587425 2.1740984693719123 2.0152678025990258e-16
v 0.5183635583926811 2.225222540015456 2.0623983039710312e-16
v 0.09844607371300838 1.8476300827345185 1.714300982222914e-16
v 0.17567220613812481 1.919175847061698 1.7802579819877282e-16
v 0.15671985062902247 1.9322832431611605 0.041301000863313675
v 0.15671985062902247 1.9322832431611605 0.041301000863313675
v 0.07837208982347404 1.8584542549973004 0.04020699858665466
v 0.09844607371300838 1.8476300827345185 1.714300982222914e-16
v 0.007504861792737276 1.765259195988986 0.04065699875354767
v 0.09844607371300838 1.8476300827345185 1.714300982222914e-16
v 0.07837208982347404 1.8584542549973004 0.04020699858665466
v 0.09844607371300838 1.8476300827345185 1.714300982222914e-16
v 0.007504861792737276 1.765259195988986 0.04065699875354767
v 0.0292714478081891 1.7569713056632463 1.63072371192174e-16
v -0.05259269850512837 1.6498998579801523 0.04245999827980995
v 0.0292714478081891 1.7569713056632463 1.63072371192174e-16
v 0.007504861792737276 1.765259195988986 0.04065699875354767
v 0.0292714478081891 1.7569713056632463 1.63072371192174e-16
v -0.05259269850512837 1.6498998579801523 0.04245999827980995
v -0.028509363224524797 1.6450192255313731 1.5275165854168458e-16
v -0.09142908960176137 1.5385520767913206 0.046539999544620514
v -0.028509363224524797 1.6450192255313731 1.5275165854168458e-16
v -0.05259269850512837 1.6498998579801523 0.04245999827980995
v -0.028509363224524797 1.6450192255313731 1.5275165854168458e-16
v -0.09142908960176137 1.5385520767913206 0.046539999544620514
v -0.0642624051144442 1.5370004727441715 1.427935686368486e-16
v -0.07238064795053314 1.45704456474114 1.3542254234605387e-16
v -0.0642624051144442 1.5370004727441715 1.427935686368486e-16
v -0.09142908960176137 1.5385520767913206 0.046539999544620514
v -0.07238064795053314 1.45704456474114 1.3542254234605387e-16
v -0.09142908960176137 1.5385520767913206 0.046539999544620514
v -0.10302301233113993 1.4563845233379438 0.05277600139379501
v -0.07464651519758561 1.3974891302806627 1.299322071308495e-16
v -0.07238064795053314 1.45704456474114 1.3542254234605387e-16
v -0.10302301233113993 1.4563845233379438 0.05277600139379501
v -0.07464651519758561 1.3974891302806627 1.299322071308495e-16
v -0.10302301233113993 1.4563845233379438 0.05277600139379501
v -0.10663098547148767 1.3955631649386104 0.05574300140142441
v -0.12019343576069488 1.3406862965088508 0.05111800134181976
v -0.07464651519758561 1.3974891302806627 1.299322071308495e-16
v -0.10663098547148767 1.3955631649386104 0.05574300140142441
v -0.07464651519758561 1.3974891302806627 1.299322071308495e-16
v -0.12019343576069488 1.3406862965088508 0.05111800134181976
v -0.09089654694345616 1.3434426978197997 1.249497343419731e-16
v -0.1311462787587234 1.2790957079953076 0.0443120002746582
v -0.09089654694345616 1.3434426978197997 1.249497343419731e-16
v -0.12019343576069488 1.3406862965088508 0.05111800134181976
v -0.09089654694345616 1.3434426978197997 1.249497343419731e-16
v -0.1311462787587234 1.2790957079953076 0.0443120002746582
v -0.10579881175030913 1.2828896000099612 1.1936742987754263e-16
v -0.10118455403612132 1.2065841897100205 1.1233292712971407e-16
v -0.10579881175030913 1.2828896000099612 1.1936742987754263e-16
v -0.1311462787587234 1.2790957079953076 0.0443120002746582
v -0.10118455403612132 1.2065841897100205 1.1233292712971407e-16
v -0.1311462787587234 1.2790957079953076 0.0443120002746582
v -0.12439275230211817 1.2014512117775578 0.041374001652002335
v -0.08271047264880176 1.1135181935000757 1.0375330393719566e-16
v -0.10118455403612132 1.2065841897100205 1.1233292712971407e-16
v -0.12439275230211817 1.2014512117775578 0.041374001652002335
v -0.08271047264880176 1.1135181935000757 1.0375330393719566e-16
v -0.12439275230211817 1.2014512117775578 0.041374001652002335
v -0.10521990243180221 1.1089617224602082 0.04115600138902664
v -0.06423639126148219 1.0054118680410968 9.378712751469137e-17
v -0.08271047264880176 1.1135181935000757 1.0375330393719566e-16
v -0.10521990243180221 1.1089617224602082 0.04115600138902664
v -0.06423639126148219 1.0054118680410968 9.378712751469137e-17
v -0.10521990243180221 1.1089617224602082 0.04115600138902664
v -0.08642924054114313 1.0050691785985544 0.04123000055551529
v -0.09051665033944875 0.8916027088460559 0.04122399911284447
v -0.06423639126148219 1.0054118680410968 9.378712751469137e-17
v -0.08642924054114313 1.0050691785985544 0.04123000055551529
v -0.06423639126148219 1.0054118680410968 9.378712751469137e-17
v -0.09051665033944875 0.8916027088460559 0.04122399911284447
v -0.06861547970128933 0.8867128123804614 8.284441474823147e-17
v -0.13316225127317705 0.7735930702316812 0.04121699929237366
v -0.06861547970128933 0.8867128123804614 8.284441474823147e-17
v -0.09051665033944875 0.8916027088460559 0.04122399911284447
v -0.06861547970128933 0.8867128123804614 8.284441474823147e-17
v -0.13316225127317705 0.7735930702316812 0.04121699929237366
v -0.11158901692650246 0.7655827045122519 7.16775955927738e-17
v -0.19309136176410346 0.6704908974456879 0.04105199873447418
v -0.11158901692650246 0.7655827045122519 7.16775955927738e-17
v -0.13316225127317705 0.7735930702316812 0.04121699929237366
v -0.11158901692650246 0.7655827045122519 7.16775955927738e-17
v -0.19309136176410346 0.6704908974456879 0.04105199873447418
v -0.17142539409702542 0.6623410963962407 6.215989002861615e-17
v -0.24409263248725013 0.5987751344509626 0.040821999311447144
v -0.17142539409702542 0.6623410963962407 6.215989002861615e-17
v -0.19309136176410346 0.6704908974456879 0.04105199873447418
v -0.17142539409702542 0.6623410963962407 6.215989002861615e-17
v -0.24409263248725013 0.5987751344509626 0.040821999311447144
v -0.22136046751243765 0.5937112407464616 5.583299728143486e-17
v -0.275792197156497 0.549137621787782 0.04131399840116501
v -0.22136046751243765 0.5937112407464616 5.583299728143486e-17
v -0.24409263248725013 0.5987751344509626 0.040821999311447144
v -0.22136046751243765 0.5937112407464616 5.583299728143486e-17
v -0.275792197156497 0.549137621787782 0.04131399840116501
v -0.25193614612230375 0.5498775554385582 5.179202808321121e-17
v -0.25193614612230375 0.5498775554385582 5.179202808321121e-17
v -0.275792197156497 0.549137621787782 0.04131399840116501
v -0.257250284310612 0.5169010207097073 4.875196396978897e-17
v -0.275792197156497 0.549137621787782 0.04131399840116501
v -0.2784820699888098 0.510066314149906 0.041374001652002335
v -0.257250284310612 0.5169010207097073 4.875196396978897e-17
v -0.2468955914472061 0.4798037404498408 0.03924399986863136
v -0.257250284310612 0.5169010207097073 4.875196396978897e-17
v -0.2784820699888098 0.510066314149906 0.041374001652002335
v -0.257250284310612 0.5169010207097073 4.875196396978897e-17
v -0.2468955914472061 0.4798037404498408 0.03924399986863136
v -0.22832200370263678 0.49089732140676584 4.635471845399394e-17
v -0.17847626024085445 0.45750232232859966 0.03403099998831749
v -0.22832200370263678 0.49089732140676584 4.635471845399394e-17
v -0.2468955914472061 0.4798037404498408 0.03924399986863136
v -0.22832200370263678 0.49089732140676584 4.635471845399394e-17
v -0.17847626024085445 0.45750232232859966 0.03403099998831749
v -0.16255864644766554 0.4697689099275175 4.4406916560945923e-17
v -0.09868237182686344 0.43702749911262917 0.027858000248670578
v -0.16255864644766554 0.4697689099275175 4.4406916560945923e-17
v -0.17847626024085445 0.45750232232859966 0.03403099998831749
v -0.16255864644766554 0.4697689099275175 4.4406916560945923e-17
v -0.09868237182686344 0.43702749911262917 0.027858000248670578
v -0.08602333008417372 0.4484969853672599 4.244588970426441e-17
v -0.03600347576972984 0.4122020718971354 0.023367999121546745
v -0.08602333008417372 0.4484969853672599 4.244588970426441e-17
v -0.09868237182686344 0.43702749911262917 0.027858000248670578
v -0.08602333008417372 0.4484969853672599 4.244588970426441e-17
v -0.03600347576972984 0.4122020718971354 0.023367999121546745
v -0.02562502673231073 0.4210240684231224 3.9913198326247496e-17
v 0.007416660678581753 0.3755564718417475 0.019404999911785126
v -0.02562502673231073 0.4210240684231224 3.9913198326247496e-17
v -0.03600347576972984 0.4122020718971354 0.023367999121546745
v -0.02562502673231073 0.4210240684231224 3.9913198326247496e-17
v 0.007416660678581753 0.3755564718417475 0.019404999911785126
v 0.016983288802062044 0.38005047015283366 3.6135897911358797e-17
v 0.007416660678581753 0.3755564718417475 0.019404999911785126
v 0.032801413086351525 0.3344487036868959 0.014047999866306782
v 0.016983288802062044 0.38005047015283366 3.6135897911358797e-17
v 0.041914652101536665 0.32722213713376214 3.1265723162442587e-17
v 0.016983288802062044 0.38005047015283366 3.6135897911358797e-17
v 0.032801413086351525 0.3344487036868959 0.014047999866306782
v 0.02345413363626011 0.3162879447738422 0.016852999106049538
v 0.041914652101536665 0.32722213713376214 3.1265723162442587e-17
v 0.032801413086351525 0.3344487036868959 0.014047999866306782
v 0.041914652101536665 0.32722213713376214 3.1265723162442587e-17
v 0.02345413363626011 0.3162879447738422 0.016852999106049538
v 0.03657107984514253 0.296254152101994 2.841082508350157e-17
v 0.02345413363626011 0.3162879447738422 0.016852999106049538
v 0.0056629832825947825 0.3052740779103274 2.9242359974799076e-17
v 0.03657107984514253 0.296254152101994 2.841082508350157e-17
v -0.01177991166904673 0.36007645810231625 0.027675999328494072
v 0.02345413363626011 0.3162879447738422 0.016852999106049538
v 0.032801413086351525 0.3344487036868959 0.014047999866306782
v 0.032801413086351525 0.3344487036868959 0.014047999866306782
v 0.007416660678581753 0.3755564718417475 0.019404999911785126
v -0.01177991166904673 0.36007645810231625 0.027675999328494072
v 0.0056629832825947825 0.3052740779103274 2.9242359974799076e-17
v 0.02345413363626011 0.3162879447738422 0.016852999106049538
v 0.0026859303183276407 0.31603156112898256 0.014047999866306782
v 0.02345413363626011 0.3162879447738422 0.016852999106049538
v -0.01177991166904673 0.36007645810231625 0.027675999328494072
v 0.0026859303183276407 0.31603156112898256 0.014047999866306782
v -0.039242840700814054 0.3400532755010089 3.244860798200567e-17
v 0.0056629832825947825 0.3052740779103274 2.9242359974799076e-17
v 0.0026859303183276407 0.31603156112898256 0.014047999866306782
v -0.03600347576972984 0.4122020718971354 0.023367999121546745
v -0.01177991166904673 0.36007645810231625 0.027675999328494072
v 0.007416660678581753 0.3755564718417475 0.019404999911785126
v -0.039242840700814054 0.3400532755010089 3.244860798200567e-17
v 0.0026859303183276407 0.31603156112898256 0.014047999866306782
v -0.03206308467670046 0.34758005162470634 0.019404999911785126
v -0.03206308467670046 0.34758005162470634 0.019404999911785126
v 0.0026859303183276407 0.31603156112898256 0.014047999866306782
v -0.01177991166904673 0.36007645810231625 0.027675999328494072
v -0.01177991166904673 0.36007645810231625 0.027675999328494072
v -0.03600347576972984 0.4122020718971354 0.023367999121546745
v -0.058431494323771455 0.39195972007749225 0.034317001700401306
v -0.058431494323771455 0.39195972007749225 0.034317001700401306
v -0.03206308467670046 0.34758005162470634 0.019404999911785126
v -0.01177991166904673 0.36007645810231625 0.027675999328494072
v -0.09868237182686344 0.43702749911262917 0.027858000248670578
v -0.058431494323771455 0.39195972007749225 0.034317001700401306
v -0.03600347576972984 0.4122020718971354 0.023367999121546745
v -0.07791189398163183 0.37201357925705225 0.023305000737309456
v -0.039242840700814054 0.3400532755010089 3.244860798200567e-17
v -0.03206308467670046 0.34758005162470634 0.019404999911785126
v -0.03206308467670046 0.34758005162470634 0.019404999911785126
v -0.058431494323771455 0.39195972007749225 0.034317001700401306
v -0.07791189398163183 0.37201357925705225 0.023305000737309456
v -0.039242840700814054 0.3400532755010089 3.244860798200567e-17
v -0.07791189398163183 0.37201357925705225 0.023305000737309456
v -0.08622911583551958 0.36289533214204667 3.455438813716151e-17
v -0.058431494323771455 0.39195972007749225 0.034317001700401306
v -0.09868237182686344 0.43702749911262917 0.027858000248670578
v -0.14069255407496398 0.4095332828477792 0.04602599889039993
v -0.14069255407496398 0.4095332828477792 0.04602599889039993
v -0.07791189398163183 0.37201357925705225 0.023305000737309456
v -0.058431494323771455 0.39195972007749225 0.034317001700401306
v -0.17847626024085445 0.45750232232859966 0.03403099998831749
v -0.14069255407496398 0.4095332828477792 0.04602599889039993
v -0.09868237182686344 0.43702749911262917 0.027858000248670578
v -0.14269949587362254 0.38041049993454357 0.027274999767541885
v -0.08622911583551958 0.36289533214204667 3.455438813716151e-17
v -0.07791189398163183 0.37201357925705225 0.023305000737309456
v -0.07791189398163183 0.37201357925705225 0.023305000737309456
v -0.14069255407496398 0.4095332828477792 0.04602599889039993
v -0.14269949587362254 0.38041049993454357 0.027274999767541885
v -0.08622911583551958 0.36289533214204667 3.455438813716151e-17
v -0.14269949587362254 0.38041049993454357 0.027274999767541885
v -0.1473838764220253 0.36948426512752924 3.51618133307388e-17
v -0.23512526648951648 0.37501448726822556 0.03154199942946434
v -0.1473838764220253 0.36948426512752924 3.51618133307388e-17
v -0.14269949587362254 0.38041049993454357 0.027274999767541885
v -0.23512526648951648 0.37501448726822556 0.03154199942946434
v -0.14269949587362254 0.38041049993454357 0.027274999767541885
v -0.14069255407496398 0.4095332828477792 0.04602599889039993
v -0.1473838764220253 0.36948426512752924 3.51618133307388e-17
v -0.23512526648951648 0.37501448726822556 0.03154199942946434
v -0.23347901417545036 0.3649955718517135 3.4748004648780574e-17
v -0.3243161875322238 0.35207674204324313 3.3557036620271625e-17
v -0.23347901417545036 0.3649955718517135 3.4748004648780574e-17
v -0.23512526648951648 0.37501448726822556 0.03154199942946434
v -0.14069255407496398 0.4095332828477792 0.04602599889039993
v -0.17847626024085445 0.45750232232859966 0.03403099998831749
v -0.22626417988587894 0.4327978024094928 0.06026199832558632
v -0.2468955914472061 0.4798037404498408 0.03924399986863136
v -0.22626417988587894 0.4327978024094928 0.06026199832558632
v -0.17847626024085445 0.45750232232859966 0.03403099998831749
v -0.14069255407496398 0.4095332828477792 0.04602599889039993
v -0.253395819804439 0.3945076018304617 0.057075001299381256
v -0.23512526648951648 0.37501448726822556 0.03154199942946434
v -0.253395819804439 0.3945076018304617 0.057075001299381256
v -0.14069255407496398 0.4095332828477792 0.04602599889039993
v -0.22626417988587894 0.4327978024094928 0.06026199832558632
v -0.3243161875322238 0.35207674204324313 3.3557036620271625e-17
v -0.23512526648951648 0.37501448726822556 0.03154199942946434
v -0.32933638940008175 0.3603341482110857 0.03180399909615517
v -0.32933638940008175 0.3603341482110857 0.03180399909615517
v -0.23512526648951648 0.37501448726822556 0.03154199942946434
v -0.253395819804439 0.3945076018304617 0.057075001299381256
v -0.3972559311412358 0.3326566706905138 3.1766726607131254e-17
v -0.3243161875322238 0.35207674204324313 3.3557036620271625e-17
v -0.32933638940008175 0.3603341482110857 0.03180399909615517
v -0.22626417988587894 0.4327978024094928 0.06026199832558632
v -0.2468955914472061 0.4798037404498408 0.03924399986863136
v -0.2934194130611206 0.45615531844770046 0.06876099854707718
v -0.2784820699888098 0.510066314149906 0.041374001652002335
v -0.2934194130611206 0.45615531844770046 0.06876099854707718
v -0.2468955914472061 0.4798037404498408 0.03924399986863136
v -0.22626417988587894 0.4327978024094928 0.06026199832558632
v -0.3037673328876802 0.4107488089515662 0.0728909969329834
v -0.253395819804439 0.3945076018304617 0.057075001299381256
v -0.22626417988587894 0.4327978024094928 0.06026199832558632
v -0.2934194130611206 0.45615531844770046 0.06876099854707718
v -0.3037673328876802 0.4107488089515662 0.0728909969329834
v -0.253395819804439 0.3945076018304617 0.057075001299381256
v -0.3480151445476231 0.3757065568321216 0.05687899887561798
v -0.32933638940008175 0.3603341482110857 0.03180399909615517
v -0.3480151445476231 0.3757065568321216 0.05687899887561798
v -0.253395819804439 0.3945076018304617 0.057075001299381256
v -0.3037673328876802 0.4107488089515662 0.0728909969329834
v -0.3972559311412358 0.3326566706905138 3.1766726607131254e-17
v -0.32933638940008175 0.3603341482110857 0.03180399909615517
v -0.40207152664227336 0.33859466793035375 0.02514299936592579
v -0.40207152664227336 0.33859466793035375 0.02514299936592579
v -0.32933638940008175 0.3603341482110857 0.03180399909615517
v -0.3480151445476231 0.3757065568321216 0.05687899887561798
v -0.4508725038979843 0.30833739926555903 2.952476605336958e-17
v -0.3972559311412358 0.3326566706905138 3.1766726607131254e-17
v -0.40207152664227336 0.33859466793035375 0.02514299936592579
v -0.2934194130611206 0.45615531844770046 0.06876099854707718
v -0.2784820699888098 0.510066314149906 0.041374001652002335
v -0.32657865141250275 0.49191220632584803 0.07150500267744064
v -0.2934194130611206 0.45615531844770046 0.06876099854707718
v -0.35361877109188555 0.4313086710911251 0.08083900064229965
v -0.3037673328876802 0.4107488089515662 0.0728909969329834
v -0.2934194130611206 0.45615531844770046 0.06876099854707718
v -0.32657865141250275 0.49191220632584803 0.07150500267744064
v -0.35361877109188555 0.4313086710911251 0.08083900064229965
v -0.2784820699888098 0.510066314149906 0.041374001652002335
v -0.33939033920949024 0.5420186603530437 0.06643600016832352
v -0.32657865141250275 0.49191220632584803 0.07150500267744064
v -0.33939033920949024 0.5420186603530437 0.06643600016832352
v -0.2784820699888098 0.510066314149906 0.041374001652002335
v -0.275792197156497 0.549137621787782 0.04131399840116501
v -0.33939033920949024 0.5420186603530437 0.06643600016832352
v -0.275792197156497 0.549137621787782 0.04131399840116501
v -0.29440874819449453 0.6098501081946257 0.05992399901151657
v -0.29440874819449453 0.6098501081946257 0.05992399901151657
v -0.275792197156497 0.549137621787782 0.04131399840116501
v -0.24409263248725013 0.5987751344509626 0.040821999311447144
v -0.24084534883149486 0.6883248424321949 0.0597120001912117
v -0.29440874819449453 0.6098501081946257 0.05992399901151657
v -0.24409263248725013 0.5987751344509626 0.040821999311447144
v -0.24084534883149486 0.6883248424321949 0.0597120001912117
v -0.24409263248725013 0.5987751344509626 0.040821999311447144
v -0.19309136176410346 0.6704908974456879 0.04105199873447418
v -0.18111299337611922 0.7910590674733883 0.05995199829339981
v -0.24084534883149486 0.6883248424321949 0.0597120001912117
v -0.19309136176410346 0.6704908974456879 0.04105199873447418
v -0.18111299337611922 0.7910590674733883 0.05995199829339981
v -0.19309136176410346 0.6704908974456879 0.04105199873447418
v -0.13316225127317705 0.7735930702316812 0.04121699929237366
v -0.13316225127317705 0.7735930702316812 0.04121699929237366
v -0.13934704481489518 0.9021343915522871 0.05996200069785118
v -0.18111299337611922 0.7910590674733883 0.05995199829339981
v -0.13934704481489518 0.9021343915522871 0.05996200069785118
v -0.13316225127317705 0.7735930702316812 0.04121699929237366
v -0.09051665033944875 0.8916027088460559 0.04122399911284447
v -0.08642924054114313 1.0050691785985544 0.04123000055551529
v -0.13934704481489518 0.9021343915522871 0.05996200069785118
v -0.09051665033944875 0.8916027088460559 0.04122399911284447
v -0.13934704481489518 0.9021343915522871 0.05996200069785118
v -0.08642924054114313 1.0050691785985544 0.04123000055551529
v -0.13569610838111926 1.0041472109763354 0.05997199937701225
v -0.10521990243180221 1.1089617224602082 0.04115600138902664
v -0.13569610838111926 1.0041472109763354 0.05997199937701225
v -0.08642924054114313 1.0050691785985544 0.04123000055551529
v -0.13569610838111926 1.0041472109763354 0.05997199937701225
v -0.10521990243180221 1.1089617224602082 0.04115600138902664
v -0.15483839534387495 1.0988804134945456 0.059863001108169556
v -0.12439275230211817 1.2014512117775578 0.041374001652002335
v -0.15483839534387495 1.0988804134945456 0.059863001108169556
v -0.10521990243180221 1.1089617224602082 0.04115600138902664
v -0.15483839534387495 1.0988804134945456 0.059863001108169556
v -0.12439275230211817 1.2014512117775578 0.041374001652002335
v -0.1753307406212977 1.1901583752794687 0.060180000960826874
v -0.12439275230211817 1.2014512117775578 0.041374001652002335
v -0.18674600344341644 1.2707824801876793 0.06445399671792984
v -0.1753307406212977 1.1901583752794687 0.060180000960826874
v -0.18674600344341644 1.2707824801876793 0.06445399671792984
v -0.12439275230211817 1.2014512117775578 0.041374001652002335
v -0.1311462787587234 1.2790957079953076 0.0443120002746582
v -0.1311462787587234 1.2790957079953076 0.0443120002746582
v -0.18456946614999387 1.3346911315755 0.07435300201177597
v -0.18674600344341644 1.2707824801876793 0.06445399671792984
v -0.18456946614999387 1.3346911315755 0.07435300201177597
v -0.1311462787587234 1.2790957079953076 0.0443120002746582
v -0.12019343576069488 1.3406862965088508 0.05111800134181976
v -0.12019343576069488 1.3406862965088508 0.05111800134181976
v -0.1769159345136447 1.3913770962121008 0.08107999712228775
v -0.18456946614999387 1.3346911315755 0.07435300201177597
v -0.1769159345136447 1.3913770962121008 0.08107999712228775
v -0.12019343576069488 1.3406862965088508 0.05111800134181976
v -0.10663098547148767 1.3955631649386104 0.05574300140142441
v -0.10663098547148767 1.3955631649386104 0.05574300140142441
v -0.17010134963532036 1.4548661747357734 0.0767659991979599
v -0.1769159345136447 1.3913770962121008 0.08107999712228775
v -0.17010134963532036 1.4548661747357734 0.0767659991979599
v -0.10663098547148767 1.3955631649386104 0.05574300140142441
v -0.10302301233113993 1.4563845233379438 0.05277600139379501
v -0.10302301233113993 1.4563845233379438 0.05277600139379501
v -0.15061080727054088 1.5417550512205551 0.06769400089979172
v -0.17010134963532036 1.4548661747357734 0.0767659991979599
v -0.15061080727054088 1.5417550512205551 0.06769400089979172
v -0.10302301233113993 1.4563845233379438 0.05277600139379501
v -0.09142908960176137 1.5385520767913206 0.046539999544620514
v -0.09142908960176137 1.5385520767913206 0.046539999544620514
v -0.10500282828571247 1.6603503023850785 0.06176000088453293
v -0.15061080727054088 1.5417550512205551 0.06769400089979172
v -0.10500282828571247 1.6603503023850785 0.06176000088453293
v -0.09142908960176137 1.5385520767913206 0.046539999544620514
v -0.05259269850512837 1.6498998579801523 0.04245999827980995
v -0.03997779944039232 1.7831968662919744 0.05913800001144409
v -0.10500282828571247 1.6603503023850785 0.06176000088453293
v -0.05259269850512837 1.6498998579801523 0.04245999827980995
v -0.03997779944039232 1.7831968662919744 0.05913800001144409
v -0.05259269850512837 1.6498998579801523 0.04245999827980995
v 0.007504861792737276 1.765259195988986 0.04065699875354767
v 0.03445106876719118 1.8820070280053116 0.05848199874162674
v -0.03997779944039232 1.7831968662919744 0.05913800001144409
v 0.007504861792737276 1.765259195988986 0.04065699875354767
v 0.03445106876719118 1.8820070280053116 0.05848199874162674
v 0.007504861792737276 1.765259195988986 0.04065699875354767
v 0.07837208982347404 1.8584542549973004 0.04020699858665466
v 0.11514497920927652 1.9609358178362866 0.06007400155067444
v 0.03445106876719118 1.8820070280053116 0.05848199874162674
v 0.07837208982347404 1.8584542549973004 0.04020699858665466
v 0.11514497920927652 1.9609358178362866 0.06007400155067444
v 0.07837208982347404 1.8584542549973004 0.04020699858665466
v 0.15671985062902247 1.9322832431611605 0.041301000863313675
v 0.15671985062902247 1.9322832431611605 0.041301000863313675
v 0.2020519547249908 2.0310123249324548 0.06302499771118164
v 0.11514497920927652 1.9609358178362866 0.06007400155067444
v 0.2020519547249908 2.0310123249324548 0.06302499771118164
v 0.15671985062902247 1.9322832431611605 0.041301000863313675
v 0.24171260081813123 1.9969080743104868 0.04332999885082245
v 0.24171260081813123 1.9969080743104868 0.04332999885082245
v 0.30059920278193497 2.0983536508587552 0.06013299897313118
v 0.2020519547249908 2.0310123249324548 0.06302499771118164
v 0.30059920278193497 2.0983536508587552 0.06013299897313118
v 0.24171260081813123 1.9969080743104868 0.04332999885082245
v 0.3351345133009461 2.062936918674961 0.04134099930524826
v 0.3351345133009461 2.062936918674961 0.04134099930524826
v 0.4069989951897279 2.1624337261474778 0.04584899917244911
v 0.30059920278193497 2.0983536508587552 0.06013299897313118
v 0.4069989951897279 2.1624337261474778 0.04584899917244911
v 0.3351345133009461 2.062936918674961 0.04134099930524826
v 0.4320061255207894 2.134696468005575 0.03128400072455406
v 0.4320061255207894 2.134696468005575 0.03128400072455406
v 0.4759067600731318 2.201540862568337 0.029046999290585518
v 0.4069989951897279 2.1624337261474778 0.04584899917244911
v 0.4320061255207894 2.134696468005575 0.03128400072455406
v 0.5007917398640543 2.1934018299486926 0.01650799997150898
v 0.4759067600731318 2.201540862568337 0.029046999290585518
v 0.5007917398640543 2.1934018299486926 0.01650799997150898
v 0.5183635583926811 2.225222540015456 2.0623983039710312e-16
v 0.4759067600731318 2.201540862568337 0.029046999290585518
v 0.24171260081813123 -1.9969080743104868 -0.04332999885082245
v 0.3351345133009461 -2.062936918674961 -0.04134099930524826
v 0.30059920278193497 -2.0983539675772787 -0.06013299897313118
v 0.3351345133009461 -2.062936918674961 -0.04134099930524826
v 0.4069989951897279 -2.1624337261474778 -0.04584899917244911
v 0.30059920278193497 -2.0983539675772787 -0.06013299897313118
v 0.30059920278193497 -2.0983539675772787 -0.06013299897313118
v 0.2020519547249908 -2.0310139085250727 -0.06302499771118164
v 0.24171260081813123 -1.9969080743104868 -0.04332999885082245
v 0.24171260081813123 -1.9969080743104868 -0.04332999885082245
v 0.25975814441394257 -1.981361628860729 -1.8155952701048915e-16
v 0.3351345133009461 -2.062936918674961 -0.04134099930524826
v 0.3351345133009461 -2.062936918674961 -0.04134099930524826
v 0.25975814441394257 -1.981361628860729 -1.8155952701048915e-16
v 0.3508316495812718 -2.0468260808161363 -1.8759458382011684e-16
v 0.24171260081813123 -1.9969080743104868 -0.04332999885082245
v 0.17567220613812481 -1.9191761637802214 -1.7582670214435364e-16
v 0.25975814441394257 -1.981361628860729 -1.8155952701048915e-16
v 0.4069989951897279 -2.1624337261474778 -0.04584899917244911
v 0.3351345133009461 -2.062936918674961 -0.04134099930524826
v 0.4320061255207894 -2.134696468005575 -0.03128400072455406
v 0.3508316495812718 -2.0468260808161363 -1.8759458382011684e-16
v 0.4320061255207894 -2.134696468005575 -0.03128400072455406
v 0.3351345133009461 -2.062936918674961 -0.04134099930524826
v 0.4320061255207894 -2.134696468005575 -0.03128400072455406
v 0.4759067600731318 -2.201540862568337 -0.029046999290585518
v 0.4069989951897279 -2.1624337261474778 -0.04584899917244911
v 0.4320061255207894 -2.134696468005575 -0.03128400072455406
v 0.3508316495812718 -2.0468260808161363 -1.8759458382011684e-16
v 0.44174797648805525 -2.120725697210761 -1.9440729628466278e-16
v 0.4759067600731318 -2.201540862568337 -0.029046999290585518
v 0.4320061255207894 -2.134696468005575 -0.03128400072455406
v 0.5007917398640543 -2.1934018299486926 -0.01650799997150898
v 0.44174797648805525 -2.120725697210761 -1.9440729628466278e-16
v 0.5007917398640543 -2.1934018299486926 -0.01650799997150898
v 0.4320061255207894 -2.134696468005575 -0.03128400072455406
v 0.5007917398640543 -2.1934018299486926 -0.01650799997150898
v 0.5183635583926811 -2.225222540015456 -2.0404073434268394e-16
v 0.4759067600731318 -2.201540862568337 -0.029046999290585518
v 0.5007917398640543 -2.1934018299486926 -0.01650799997150898
v 0.44174797648805525 -2.120725697210761 -1.9440729628466278e-16
v 0.4961763701587425 -2.1741000529645302 -1.9932780331949161e-16
v 0.5007917398640543 -2.1934018299486926 -0.01650799997150898
v 0.4961763701587425 -2.1741000529645302 -1.9932780331949161e-16
v 0.5183635583926811 -2.225222540015456 -2.0404073434268394e-16
v 0.15671985062902247 -1.9322835598796841 -0.041301000863313675
v 0.17567220613812481 -1.9191761637802214 -1.7582670214435364e-16
v 0.24171260081813123 -1.9969080743104868 -0.04332999885082245
v 0.24171260081813123 -1.9969080743104868 -0.04332999885082245
v 0.2020519547249908 -2.0310139085250727 -0.06302499771118164
v 0.15671985062902247 -1.9322835598796841 -0.041301000863313675
v 0.15671985062902247 -1.9322835598796841 -0.041301000863313675
v 0.09844607371300838 -1.847630399453042 -1.692310021678722e-16
v 0.17567220613812481 -1.9191761637802214 -1.7582670214435364e-16
v 0.2020519547249908 -2.0310139085250727 -0.06302499771118164
v 0.11514497920927652 -1.9609361345548102 -0.06007400155067444
v 0.15671985062902247 -1.9322835598796841 -0.041301000863313675
v 0.11514497920927652 -1.9609361345548102 -0.06007400155067444
v 0.07837208982347404 -1.8584542549973004 -0.04020699858665466
v 0.15671985062902247 -1.9322835598796841 -0.041301000863313675
v 0.09844607371300838 -1.847630399453042 -1.692310021678722e-16
v 0.15671985062902247 -1.9322835598796841 -0.041301000863313675
v 0.07837208982347404 -1.8584542549973004 -0.04020699858665466
v 0.07837208982347404 -1.8584542549973004 -0.04020699858665466
v 0.11514497920927652 -1.9609361345548102 -0.06007400155067444
v 0.03445106876719118 -1.8820082948794061 -0.05848199874162674
v 0.007504861792737276 -1.7652595127075097 -0.04065699875354767
v 0.09844607371300838 -1.847630399453042 -1.692310021678722e-16
v 0.07837208982347404 -1.8584542549973004 -0.04020699858665466
v 0.03445106876719118 -1.8820082948794061 -0.05848199874162674
v 0.007504861792737276 -1.7652595127075097 -0.04065699875354767
v 0.07837208982347404 -1.8584542549973004 -0.04020699858665466
v 0.09844607371300838 -1.847630399453042 -1.692310021678722e-16
v 0.007504861792737276 -1.7652595127075097 -0.04065699875354767
v 0.0292714478081891 -1.7569713056632463 -1.6087327513775483e-16
v 0.007504861792737276 -1.7652595127075097 -0.04065699875354767
v 0.03445106876719118 -1.8820082948794061 -0.05848199874162674
v -0.03997779944039232 -1.7831968662919744 -0.05913800001144409
v -0.05259269850512837 -1.6498998579801523 -0.04245999827980995
v 0.0292714478081891 -1.7569713056632463 -1.6087327513775483e-16
v 0.007504861792737276 -1.7652595127075097 -0.04065699875354767
v -0.03997779944039232 -1.7831968662919744 -0.05913800001144409
v -0.05259269850512837 -1.6498998579801523 -0.04245999827980995
v 0.007504861792737276 -1.7652595127075097 -0.04065699875354767
v 0.0292714478081891 -1.7569713056632463 -1.6087327513775483e-16
v -0.05259269850512837 -1.6498998579801523 -0.04245999827980995
v -0.028509363224524797 -1.6450192255313731 -1.505525624872654e-16
v -0.05259269850512837 -1.6498998579801523 -0.04245999827980995
v -0.03997779944039232 -1.7831968662919744 -0.05913800001144409
v -0.10500282828571247 -1.660350619103602 -0.06176000088453293
v -0.09142908960176137 -1.5385508099172263 -0.046539999544620514
v -0.028509363224524797 -1.6450192255313731 -1.505525624872654e-16
v -0.05259269850512837 -1.6498998579801523 -0.04245999827980995
v -0.10500282828571247 -1.660350619103602 -0.06176000088453293
v -0.09142908960176137 -1.5385508099172263 -0.046539999544620514
v -0.05259269850512837 -1.6498998579801523 -0.04245999827980995
v -0.028509363224524797 -1.6450192255313731 -1.505525624872654e-16
v -0.09142908960176137 -1.5385508099172263 -0.046539999544620514
v -0.0642624051144442 -1.5370007894626951 -1.4059447258242942e-16
v -0.09142908960176137 -1.5385508099172263 -0.046539999544620514
v -0.10500282828571247 -1.660350619103602 -0.06176000088453293
v -0.15061080727054088 -1.5417550512205551 -0.06769400089979172
v -0.09142908960176137 -1.5385508099172263 -0.046539999544620514
v -0.07238064795053314 -1.4570448814596637 -1.332234462916347e-16
v -0.0642624051144442 -1.5370007894626951 -1.4059447258242942e-16
v -0.15061080727054088 -1.5417550512205551 -0.06769400089979172
v -0.10302301233113993 -1.4563845233379438 -0.05277600139379501
v -0.09142908960176137 -1.5385508099172263 -0.046539999544620514
v -0.07238064795053314 -1.4570448814596637 -1.332234462916347e-16
v -0.09142908960176137 -1.5385508099172263 -0.046539999544620514
v -0.10302301233113993 -1.4563845233379438 -0.05277600139379501
v -0.10302301233113993 -1.4563845233379438 -0.05277600139379501
v -0.15061080727054088 -1.5417550512205551 -0.06769400089979172
v -0.17010134963532036 -1.4548649078616789 -0.0767659991979599
v -0.10302301233113993 -1.4563845233379438 -0.05277600139379501
v -0.07464651519758561 -1.3974894469991863 -1.2773311107643033e-16
v -0.07238064795053314 -1.4570448814596637 -1.332234462916347e-16
v -0.17010134963532036 -1.4548649078616789 -0.0767659991979599
v -0.10663098547148767 -1.3955631649386104 -0.05574300140142441
v -0.10302301233113993 -1.4563845233379438 -0.05277600139379501
v -0.07464651519758561 -1.3974894469991863 -1.2773311107643033e-16
v -0.10302301233113993 -1.4563845233379438 -0.05277600139379501
v -0.10663098547148767 -1.3955631649386104 -0.05574300140142441
v -0.10663098547148767 -1.3955631649386104 -0.05574300140142441
v -0.17010134963532036 -1.4548649078616789 -0.0767659991979599
v -0.1769159345136447 -1.3913774129306244 -0.08107999712228775
v -0.12019343576069488 -1.3406862965088508 -0.05111800134181976
v -0.07464651519758561 -1.3974894469991863 -1.2773311107643033e-16
v -0.10663098547148767 -1.3955631649386104 -0.05574300140142441
v -0.1769159345136447 -1.3913774129306244 -0.08107999712228775
v -0.12019343576069488 -1.3406862965088508 -0.05111800134181976
v -0.10663098547148767 -1.3955631649386104 -0.05574300140142441
v -0.07464651519758561 -1.3974894469991863 -1.2773311107643033e-16
v -0.12019343576069488 -1.3406862965088508 -0.05111800134181976
v -0.09089654694345616 -1.3434426978197997 -1.2275063828755392e-16
v -0.12019343576069488 -1.3406862965088508 -0.05111800134181976
v -0.1769159345136447 -1.3913774129306244 -0.08107999712228775
v -0.18456946614999387 -1.3346912899347616 -0.07435300201177597
v -0.1311462787587234 -1.2790957871749384 -0.0443120002746582
v -0.09089654694345616 -1.3434426978197997 -1.2275063828755392e-16
v -0.12019343576069488 -1.3406862965088508 -0.05111800134181976
v -0.18456946614999387 -1.3346912899347616 -0.07435300201177597
v -0.1311462787587234 -1.2790957871749384 -0.0443120002746582
v -0.12019343576069488 -1.3406862965088508 -0.05111800134181976
v -0.09089654694345616 -1.3434426978197997 -1.2275063828755392e-16
v -0.1311462787587234 -1.2790957871749384 -0.0443120002746582
v -0.10579881175030913 -1.2828884123154976 -1.1716820147422545e-16
v -0.1311462787587234 -1.2790957871749384 -0.0443120002746582
v -0.18456946614999387 -1.3346912899347616 -0.07435300201177597
v -0.18674600344341644 -1.2707812924932158 -0.06445500254631042
v -0.1311462787587234 -1.2790957871749384 -0.0443120002746582
v -0.10118455403612132 -1.2065843480692824 -1.101338310752949e-16
v -0.10579881175030913 -1.2828884123154976 -1.1716820147422545e-16
v -0.18674600344341644 -1.2707812924932158 -0.06445500254631042
v -0.12439275230211817 -1.2014513701368197 -0.041374001652002335
v -0.1311462787587234 -1.2790957871749384 -0.0443120002746582
v -0.10118455403612132 -1.2065843480692824 -1.101338310752949e-16
v -0.1311462787587234 -1.2790957871749384 -0.0443120002746582
v -0.12439275230211817 -1.2014513701368197 -0.041374001652002335
v -0.12439275230211817 -1.2014513701368197 -0.041374001652002335
v -0.18674600344341644 -1.2707812924932158 -0.06445500254631042
v -0.17532959493347294 -1.1901571875850052 -0.060180000960826874
v -0.12439275230211817 -1.2014513701368197 -0.041374001652002335
v -0.08271047264880176 -1.1135183518593377 -1.0155420126533159e-16
v -0.10118455403612132 -1.2065843480692824 -1.101338310752949e-16
v -0.12439275230211817 -1.2014513701368197 -0.041374001652002335
v -0.17532959493347294 -1.1901571875850052 -0.060180000960826874
v -0.15483839534387495 -1.0988805718538075 -0.059863001108169556
v -0.08271047264880176 -1.1135183518593377 -1.0155420126533159e-16
v -0.12439275230211817 -1.2014513701368197 -0.041374001652002335
v -0.10521990243180221 -1.1089618808194701 -0.04115600138902664
v -0.10521990243180221 -1.1089618808194701 -0.04115600138902664
v -0.12439275230211817 -1.2014513701368197 -0.041374001652002335
v -0.15483839534387495 -1.0988805718538075 -0.059863001108169556
v -0.10521990243180221 -1.1089618808194701 -0.04115600138902664
v -0.06423639126148219 -1.0054120264003585 -9.158802484282729e-17
v -0.08271047264880176 -1.1135183518593377 -1.0155420126533159e-16
v -0.10521990243180221 -1.1089618808194701 -0.04115600138902664
v -0.15483839534387495 -1.0988805718538075 -0.059863001108169556
v -0.13569610838111926 -1.0041473693355971 -0.05997199937701225
v -0.08642924054114313 -1.0050692577781852 -0.04123000055551529
v -0.10521990243180221 -1.1089618808194701 -0.04115600138902664
v -0.13569610838111926 -1.0041473693355971 -0.05997199937701225
v -0.06423639126148219 -1.0054120264003585 -9.158802484282729e-17
v -0.10521990243180221 -1.1089618808194701 -0.04115600138902664
v -0.08642924054114313 -1.0050692577781852 -0.04123000055551529
v -0.13934704481489518 -0.9021344707319181 -0.05996200069785118
v -0.08642924054114313 -1.0050692577781852 -0.04123000055551529
v -0.13569610838111926 -1.0041473693355971 -0.05997199937701225
v -0.09051665033944875 -0.8916027880256868 -0.04122399911284447
v -0.06423639126148219 -1.0054120264003585 -9.158802484282729e-17
v -0.08642924054114313 -1.0050692577781852 -0.04123000055551529
v -0.13934704481489518 -0.9021344707319181 -0.05996200069785118
v -0.09051665033944875 -0.8916027880256868 -0.04122399911284447
v -0.08642924054114313 -1.0050692577781852 -0.04123000055551529
v -0.06423639126148219 -1.0054120264003585 -9.158802484282729e-17
v -0.09051665033944875 -0.8916027880256868 -0.04122399911284447
v -0.06861547970128933 -0.8867129707397231 -8.064531869381229e-17
v -0.13934704481489518 -0.9021344707319181 -0.05996200069785118
v -0.13316225127317705 -0.7735931494113122 -0.04121699929237366
v -0.09051665033944875 -0.8916027880256868 -0.04122399911284447
v -0.13316225127317705 -0.7735931494113122 -0.04121699929237366
v -0.06861547970128933 -0.8867129707397231 -8.064531869381229e-17
v -0.09051665033944875 -0.8916027880256868 -0.04122399911284447
v -0.13316225127317705 -0.7735931494113122 -0.04121699929237366
v -0.13934704481489518 -0.9021344707319181 -0.05996200069785118
v -0.18111299337611922 -0.7910591466530191 -0.05995199829339981
v -0.06861547970128933 -0.8867129707397231 -8.064531869381229e-17
v -0.13316225127317705 -0.7735931494113122 -0.04121699929237366
v -0.11158901692650246 -0.7655828628715137 -6.947849953835463e-17
v -0.18111299337611922 -0.7910591466530191 -0.05995199829339981
v -0.19309136176410346 -0.6704910558049497 -0.04105199873447418
v -0.13316225127317705 -0.7735931494113122 -0.04121699929237366
v -0.19309136176410346 -0.6704910558049497 -0.04105199873447418
v -0.11158901692650246 -0.7655828628715137 -6.947849953835463e-17
v -0.13316225127317705 -0.7735931494113122 -0.04121699929237366
v -0.19309136176410346 -0.6704910558049497 -0.04105199873447418
v -0.18111299337611922 -0.7910591466530191 -0.05995199829339981
v -0.24084534883149486 -0.6883250007914568 -0.0597120001912117
v -0.11158901692650246 -0.7655828628715137 -6.947849953835463e-17
v -0.19309136176410346 -0.6704910558049497 -0.04105199873447418
v -0.17142539409702542 -0.6623411755758716 -5.996078735675208e-17
v -0.24084534883149486 -0.6883250007914568 -0.0597120001912117
v -0.24409263248725013 -0.5987752532204089 -0.040821999311447144
v -0.19309136176410346 -0.6704910558049497 -0.04105199873447418
v -0.24409263248725013 -0.5987752532204089 -0.040821999311447144
v -0.17142539409702542 -0.6623411755758716 -5.996078735675208e-17
v -0.19309136176410346 -0.6704910558049497 -0.04105199873447418
v -0.24409263248725013 -0.5987752532204089 -0.040821999311447144
v -0.24084534883149486 -0.6883250007914568 -0.0597120001912117
v -0.29440874819449453 -0.6098502665538875 -0.05992399901151657
v -0.17142539409702542 -0.6623411755758716 -5.996078735675208e-17
v -0.24409263248725013 -0.5987752532204089 -0.040821999311447144
v -0.22136046751243765 -0.593711359515908 -5.363389791829323e-17
v -0.29440874819449453 -0.6098502665538875 -0.05992399901151657
v -0.275792197156497 -0.5491377405572284 -0.04131399840116501
v -0.24409263248725013 -0.5987752532204089 -0.040821999311447144
v -0.275792197156497 -0.5491377405572284 -0.04131399840116501
v -0.22136046751243765 -0.593711359515908 -5.363389791829323e-17
v -0.24409263248725013 -0.5987752532204089 -0.040821999311447144
v -0.22136046751243765 -0.593711359515908 -5.363389791829323e-17
v -0.275792197156497 -0.5491377405572284 -0.04131399840116501
v -0.25193614612230375 -0.5498776742080045 -4.959292872006958e-17
v -0.275792197156497 -0.5491377405572284 -0.04131399840116501
v -0.29440874819449453 -0.6098502665538875 -0.05992399901151657
v -0.33939033920949024 -0.5420187791224901 -0.06643600016832352
v -0.275792197156497 -0.5491377405572284 -0.04131399840116501
v -0.257250284310612 -0.5169011394791537 -4.655286460664734e-17
v -0.25193614612230375 -0.5498776742080045 -4.959292872006958e-17
v -0.33939033920949024 -0.5420187791224901 -0.06643600016832352
v -0.2784809579976858 -0.5100664329193523 -0.041374001652002335
v -0.275792197156497 -0.5491377405572284 -0.04131399840116501
v -0.257250284310612 -0.5169011394791537 -4.655286460664734e-17
v -0.275792197156497 -0.5491377405572284 -0.04131399840116501
v -0.2784809579976858 -0.5100664329193523 -0.041374001652002335
v -0.2784809579976858 -0.5100664329193523 -0.041374001652002335
v -0.33939033920949024 -0.5420187791224901 -0.06643600016832352
v -0.32657865141250275 -0.49191232509529437 -0.07150500267744064
v -0.33939033920949024 -0.5420187791224901 -0.06643600016832352
v -0.3956062754603962 -0.4958258575322404 -0.07100100070238113
v -0.32657865141250275 -0.49191232509529437 -0.07150500267744064
v -0.2468955914472061 -0.4798038592192872 -0.03924499824643135
v -0.257250284310612 -0.5169011394791537 -4.655286460664734e-17
v -0.2784809579976858 -0.5100664329193523 -0.041374001652002335
v -0.257250284310612 -0.5169011394791537 -4.655286460664734e-17
v -0.2468955914472061 -0.4798038592192872 -0.03924499824643135
v -0.22832200370263678 -0.4908974401762122 -4.4155619090852313e-17
v -0.2784809579976858 -0.5100664329193523 -0.041374001652002335
v -0.32657865141250275 -0.49191232509529437 -0.07150500267744064
v -0.2934194130611206 -0.4561554372171468 -0.06876099854707718
v -0.2468955914472061 -0.4798038592192872 -0.03924499824643135
v -0.2784809579976858 -0.5100664329193523 -0.041374001652002335
v -0.2934194130611206 -0.4561554372171468 -0.06876099854707718
v -0.32657865141250275 -0.49191232509529437 -0.07150500267744064
v -0.3956062754603962 -0.4958258575322404 -0.07100100070238113
v -0.3781453190771644 -0.4642002856658339 -0.08216399699449539
v -0.4338615332562742 -0.4534959517744215 -0.06484299898147583
v -0.3781453190771644 -0.4642002856658339 -0.08216399699449539
v -0.3956062754603962 -0.4958258575322404 -0.07100100070238113
v -0.32657865141250275 -0.49191232509529437 -0.07150500267744064
v -0.35361877109188555 -0.4313087898605714 -0.08083900064229965
v -0.2934194130611206 -0.4561554372171468 -0.06876099854707718
v -0.35361877109188555 -0.4313087898605714 -0.08083900064229965
v -0.32657865141250275 -0.49191232509529437 -0.07150500267744064
v -0.3781453190771644 -0.4642002856658339 -0.08216399699449539
v -0.3781453190771644 -0.4642002856658339 -0.08216399699449539
v -0.4338615332562742 -0.4534959517744215 -0.06484299898147583
v -0.42372165686000923 -0.4298607923604571 -0.07596000283956528
v -0.4338615332562742 -0.4534959517744215 -0.06484299898147583
v -0.4658946278693267 -0.4031171989965549 -0.04892300069332123
v -0.42372165686000923 -0.4298607923604571 -0.07596000283956528
v -0.3781453190771644 -0.4642002856658339 -0.08216399699449539
v -0.41129781808840093 -0.404213124267865 -0.07585100084543228
v -0.35361877109188555 -0.4313087898605714 -0.08083900064229965
v -0.41129781808840093 -0.404213124267865 -0.07585100084543228
v -0.3781453190771644 -0.4642002856658339 -0.08216399699449539
v -0.42372165686000923 -0.4298607923604571 -0.07596000283956528
v -0.42372165686000923 -0.4298607923604571 -0.07596000283956528
v -0.4658946278693267 -0.4031171989965549 -0.04892300069332123
v -0.45992128112467673 -0.3881685597601048 -0.05741000175476074
v -0.42372165686000923 -0.4298607923604571 -0.07596000283956528
v -0.45992128112467673 -0.3881685597601048 -0.05741000175476074
v -0.41129781808840093 -0.404213124267865 -0.07585100084543228
v -0.45992128112467673 -0.3881685597601048 -0.05741000175476074
v -0.4658946278693267 -0.4031171989965549 -0.04892300069332123
v -0.4920595768374021 -0.3504628632163898 -0.030388999730348587
v -0.3037673328876802 -0.4107489277210125 -0.0728909969329834
v -0.2934194130611206 -0.4561554372171468 -0.06876099854707718
v -0.35361877109188555 -0.4313087898605714 -0.08083900064229965
v -0.38118455930262507 -0.3881924720086371 -0.07048500329256058
v -0.35361877109188555 -0.4313087898605714 -0.08083900064229965
v -0.41129781808840093 -0.404213124267865 -0.07585100084543228
v -0.35361877109188555 -0.4313087898605714 -0.08083900064229965
v -0.38118455930262507 -0.3881924720086371 -0.07048500329256058
v -0.3037673328876802 -0.4107489277210125 -0.0728909969329834
v -0.2934194130611206 -0.4561554372171468 -0.06876099854707718
v -0.3037673328876802 -0.4107489277210125 -0.0728909969329834
v -0.22626417988587894 -0.43279792117893917 -0.06026199832558632
v -0.2934194130611206 -0.4561554372171468 -0.06876099854707718
v -0.22626417988587894 -0.43279792117893917 -0.06026199832558632
v -0.2468955914472061 -0.4798038592192872 -0.03924499824643135
v -0.4873412300146655 -0.3440466210059038 -0.036028001457452774
v -0.45992128112467673 -0.3881685597601048 -0.05741000175476074
v -0.4920595768374021 -0.3504628632163898 -0.030388999730348587
v -0.41129781808840093 -0.404213124267865 -0.07585100084543228
v -0.45992128112467673 -0.3881685597601048 -0.05741000175476074
v -0.4536414965836064 -0.37177326907726566 -0.05764999985694885
v -0.45992128112467673 -0.3881685597601048 -0.05741000175476074
v -0.4873412300146655 -0.3440466210059038 -0.036028001457452774
v -0.4536414965836064 -0.37177326907726566 -0.05764999985694885
v 0.25975814441394257 -1.981361628860729 -1.8155952701048915e-16
v 0.3351345133009461 -2.062936918674961 0.04134099930524826
v 0.3508316495812718 -2.0468260808161363 -1.8759458382011684e-16
v 0.3351345133009461 -2.062936918674961 0.04134099930524826
v 0.4320061255207894 -2.134696468005575 0.03128400072455406
v 0.3508316495812718 -2.0468260808161363 -1.8759458382011684e-16
v 0.44174797648805525 -2.120725697210761 -1.9440729628466278e-16
v 0.3508316495812718 -2.0468260808161363 -1.8759458382011684e-16
v 0.4320061255207894 -2.134696468005575 0.03128400072455406
v 0.3351345133009461 -2.062936918674961 0.04134099930524826
v 0.25975814441394257 -1.981361628860729 -1.8155952701048915e-16
v 0.24171260081813123 -1.9969080743104868 0.04332999885082245
v 0.17567220613812481 -1.9191761637802214 -1.7582670214435364e-16
v 0.24171260081813123 -1.9969080743104868 0.04332999885082245
v 0.25975814441394257 -1.981361628860729 -1.8155952701048915e-16
v 0.3351345133009461 -2.062936918674961 0.04134099930524826
v 0.4069989951897279 -2.1624337261474778 0.04584899917244911
v 0.4320061255207894 -2.134696468005575 0.03128400072455406
v 0.30059920278193497 -2.0983539675772787 0.06013299897313118
v 0.4069989951897279 -2.1624337261474778 0.04584899917244911
v 0.3351345133009461 -2.062936918674961 0.04134099930524826
v 0.24171260081813123 -1.9969080743104868 0.04332999885082245
v 0.30059920278193497 -2.0983539675772787 0.06013299897313118
v 0.3351345133009461 -2.062936918674961 0.04134099930524826
v 0.4069989951897279 -2.1624337261474778 0.04584899917244911
v 0.4759067600731318 -2.201540862568337 0.029046999290585518
v 0.4320061255207894 -2.134696468005575 0.03128400072455406
v 0.30059920278193497 -2.0983539675772787 0.06013299897313118
v 0.24171260081813123 -1.9969080743104868 0.04332999885082245
v 0.2020519547249908 -2.0310139085250727 0.06302499771118164
v 0.5007917398640543 -2.1934018299486926 0.01650799997150898
v 0.4320061255207894 -2.134696468005575 0.03128400072455406
v 0.4759067600731318 -2.201540862568337 0.029046999290585518
v 0.4320061255207894 -2.134696468005575 0.03128400072455406
v 0.5007917398640543 -2.1934018299486926 0.01650799997150898
v 0.44174797648805525 -2.120725697210761 -1.9440729628466278e-16
v 0.5007917398640543 -2.1934018299486926 0.01650799997150898
v 0.4759067600731318 -2.201540862568337 0.029046999290585518
v 0.5183635583926811 -2.225222540015456 -2.0404073434268394e-16
v 0.44174797648805525 -2.120725697210761 -1.9440729628466278e-16
v 0.5007917398640543 -2.1934018299486926 0.01650799997150898
v 0.4961763701587425 -2.1741000529645302 -1.9932780331949161e-16
v 0.4961763701587425 -2.1741000529645302 -1.9932780331949161e-16
v 0.5007917398640543 -2.1934018299486926 0.01650799997150898
v 0.5183635583926811 -2.225222540015456 -2.0404073434268394e-16
v 0.15671985062902247 -1.9322835598796841 0.041301000863313675
v 0.2020519547249908 -2.0310139085250727 0.06302499771118164
v 0.24171260081813123 -1.9969080743104868 0.04332999885082245
v 0.24171260081813123 -1.9969080743104868 0.04332999885082245
v 0.17567220613812481 -1.9191761637802214 -1.7582670214435364e-16
v 0.15671985062902247 -1.9322835598796841 0.041301000863313675
v 0.2020519547249908 -2.0310139085250727 0.06302499771118164
v 0.15671985062902247 -1.9322835598796841 0.041301000863313675
v 0.11514497920927652 -1.9609361345548102 0.06007400155067444
v 0.09844607371300838 -1.847630399453042 -1.692310021678722e-16
v 0.15671985062902247 -1.9322835598796841 0.041301000863313675
v 0.17567220613812481 -1.9191761637802214 -1.7582670214435364e-16
v 0.07837208982347404 -1.8584542549973004 0.04020699858665466
v 0.11514497920927652 -1.9609361345548102 0.06007400155067444
v 0.15671985062902247 -1.9322835598796841 0.041301000863313675
v 0.15671985062902247 -1.9322835598796841 0.041301000863313675
v 0.09844607371300838 -1.847630399453042 -1.692310021678722e-16
v 0.07837208982347404 -1.8584542549973004 0.04020699858665466
v 0.11514497920927652 -1.9609361345548102 0.06007400155067444
v 0.07837208982347404 -1.8584542549973004 0.04020699858665466
v 0.03445106876719118 -1.8820082948794061 0.05848199874162674
v 0.09844607371300838 -1.847630399453042 -1.692310021678722e-16
v 0.007504861792737276 -1.7652595127075097 0.04065699875354767
v 0.07837208982347404 -1.8584542549973004 0.04020699858665466
v 0.007504861792737276 -1.7652595127075097 0.04065699875354767
v 0.03445106876719118 -1.8820082948794061 0.05848199874162674
v 0.07837208982347404 -1.8584542549973004 0.04020699858665466
v 0.007504861792737276 -1.7652595127075097 0.04065699875354767
v 0.09844607371300838 -1.847630399453042 -1.692310021678722e-16
v 0.0292714478081891 -1.7569713056632463 -1.6087327513775483e-16
v 0.03445106876719118 -1.8820082948794061 0.05848199874162674
v 0.007504861792737276 -1.7652595127075097 0.04065699875354767
v -0.03997779944039232 -1.7831968662919744 0.05913800001144409
v 0.0292714478081891 -1.7569713056632463 -1.6087327513775483e-16
v -0.05259269850512837 -1.6498998579801523 0.04245999827980995
v 0.007504861792737276 -1.7652595127075097 0.04065699875354767
v -0.05259269850512837 -1.6498998579801523 0.04245999827980995
v -0.03997779944039232 -1.7831968662919744 0.05913800001144409
v 0.007504861792737276 -1.7652595127075097 0.04065699875354767
v -0.05259269850512837 -1.6498998579801523 0.04245999827980995
v 0.0292714478081891 -1.7569713056632463 -1.6087327513775483e-16
v -0.028509363224524797 -1.6450192255313731 -1.505525624872654e-16
v -0.03997779944039232 -1.7831968662919744 0.05913800001144409
v -0.05259269850512837 -1.6498998579801523 0.04245999827980995
v -0.10500282828571247 -1.660350619103602 0.06176000088453293
v -0.028509363224524797 -1.6450192255313731 -1.505525624872654e-16
v -0.09142908960176137 -1.5385523935098442 0.046539999544620514
v -0.05259269850512837 -1.6498998579801523 0.04245999827980995
v -0.09142908960176137 -1.5385523935098442 0.046539999544620514
v -0.10500282828571247 -1.660350619103602 0.06176000088453293
v -0.05259269850512837 -1.6498998579801523 0.04245999827980995
v -0.09142908960176137 -1.5385523935098442 0.046539999544620514
v -0.028509363224524797 -1.6450192255313731 -1.505525624872654e-16
v -0.0642624051144442 -1.5370007894626951 -1.4059447258242942e-16
v -0.10500282828571247 -1.660350619103602 0.06176000088453293
v -0.09142908960176137 -1.5385523935098442 0.046539999544620514
v -0.15061080727054088 -1.5417550512205551 0.06769400089979172
v -0.07238064795053314 -1.4570448814596637 -1.332234462916347e-16
v -0.09142908960176137 -1.5385523935098442 0.046539999544620514
v -0.0642624051144442 -1.5370007894626951 -1.4059447258242942e-16
v -0.09142908960176137 -1.5385523935098442 0.046539999544620514
v -0.10302301233113993 -1.4563845233379438 0.05277600139379501
v -0.15061080727054088 -1.5417550512205551 0.06769400089979172
v -0.09142908960176137 -1.5385523935098442 0.046539999544620514
v -0.07238064795053314 -1.4570448814596637 -1.332234462916347e-16
v -0.10302301233113993 -1.4563845233379438 0.05277600139379501
v -0.15061080727054088 -1.5417550512205551 0.06769400089979172
v -0.10302301233113993 -1.4563845233379438 0.05277600139379501
v -0.17010134963532036 -1.4548661747357734 0.0767659991979599
v -0.07464651519758561 -1.3974894469991863 -1.2773311107643033e-16
v -0.10302301233113993 -1.4563845233379438 0.05277600139379501
v -0.07238064795053314 -1.4570448814596637 -1.332234462916347e-16
v -0.10302301233113993 -1.4563845233379438 0.05277600139379501
v -0.10663098547148767 -1.3955631649386104 0.05574300140142441
v -0.17010134963532036 -1.4548661747357734 0.0767659991979599
v -0.10302301233113993 -1.4563845233379438 0.05277600139379501
v -0.07464651519758561 -1.3974894469991863 -1.2773311107643033e-16
v -0.10663098547148767 -1.3955631649386104 0.05574300140142441
v -0.17010134963532036 -1.4548661747357734 0.0767659991979599
v -0.10663098547148767 -1.3955631649386104 0.05574300140142441
v -0.1769159345136447 -1.3913774129306244 0.08107999712228775
v -0.07464651519758561 -1.3974894469991863 -1.2773311107643033e-16
v -0.12019343576069488 -1.3406862965088508 0.05111800134181976
v -0.10663098547148767 -1.3955631649386104 0.05574300140142441
v -0.10663098547148767 -1.3955631649386104 0.05574300140142441
v -0.12019343576069488 -1.3406862965088508 0.05111800134181976
v -0.1769159345136447 -1.3913774129306244 0.08107999712228775
v -0.12019343576069488 -1.3406862965088508 0.05111800134181976
v -0.07464651519758561 -1.3974894469991863 -1.2773311107643033e-16
v -0.09089654694345616 -1.3434426978197997 -1.2275063828755392e-16
v -0.1769159345136447 -1.3913774129306244 0.08107999712228775
v -0.12019343576069488 -1.3406862965088508 0.05111800134181976
v -0.18456946614999387 -1.3346912899347616 0.07435300201177597
v -0.09089654694345616 -1.3434426978197997 -1.2275063828755392e-16
v -0.1311462787587234 -1.2790957871749384 0.0443120002746582
v -0.12019343576069488 -1.3406862965088508 0.05111800134181976
v -0.12019343576069488 -1.3406862965088508 0.05111800134181976
v -0.1311462787587234 -1.2790957871749384 0.0443120002746582
v -0.18456946614999387 -1.3346912899347616 0.07435300201177597
v -0.1311462787587234 -1.2790957871749384 0.0443120002746582
v -0.09089654694345616 -1.3434426978197997 -1.2275063828755392e-16
v -0.10579881175030913 -1.2828884123154976 -1.1716820147422545e-16
v -0.18456946614999387 -1.3346912899347616 0.07435300201177597
v -0.1311462787587234 -1.2790957871749384 0.0443120002746582
v -0.18674600344341644 -1.2707812924932158 0.06445399671792984
v -0.10118455403612132 -1.2065843480692824 -1.101338310752949e-16
v -0.1311462787587234 -1.2790957871749384 0.0443120002746582
v -0.10579881175030913 -1.2828884123154976 -1.1716820147422545e-16
v -0.1311462787587234 -1.2790957871749384 0.0443120002746582
v -0.12439275230211817 -1.2014513701368197 0.041374001652002335
v -0.18674600344341644 -1.2707812924932158 0.06445399671792984
v -0.1311462787587234 -1.2790957871749384 0.0443120002746582
v -0.10118455403612132 -1.2065843480692824 -1.101338310752949e-16
v -0.12439275230211817 -1.2014513701368197 0.041374001652002335
v -0.18674600344341644 -1.2707812924932158 0.06445399671792984
v -0.12439275230211817 -1.2014513701368197 0.041374001652002335
v -0.1753307406212977 -1.1901571875850052 0.060180000960826874
v -0.08271047264880176 -1.1135183518593377 -1.0155420126533159e-16
v -0.12439275230211817 -1.2014513701368197 0.041374001652002335
v -0.10118455403612132 -1.2065843480692824 -1.101338310752949e-16
v -0.12439275230211817 -1.2014513701368197 0.041374001652002335
v -0.15483839534387495 -1.0988805718538075 0.059863001108169556
v -0.1753307406212977 -1.1901571875850052 0.060180000960826874
v -0.12439275230211817 -1.2014513701368197 0.041374001652002335
v -0.08271047264880176 -1.1135183518593377 -1.0155420126533159e-16
v -0.10521990243180221 -1.1089618808194701 0.04115600138902664
v -0.15483839534387495 -1.0988805718538075 0.059863001108169556
v -0.12439275230211817 -1.2014513701368197 0.041374001652002335
v -0.10521990243180221 -1.1089618808194701 0.04115600138902664
v -0.06423639126148219 -1.0054120264003585 -9.158802484282729e-17
v -0.10521990243180221 -1.1089618808194701 0.04115600138902664
v -0.08271047264880176 -1.1135183518593377 -1.0155420126533159e-16
v -0.10521990243180221 -1.1089618808194701 0.04115600138902664
v -0.13569610838111926 -1.0041473693355971 0.05997199937701225
v -0.15483839534387495 -1.0988805718538075 0.059863001108169556
v -0.13569610838111926 -1.0041473693355971 0.05997199937701225
v -0.10521990243180221 -1.1089618808194701 0.04115600138902664
v -0.08642924054114313 -1.0050692577781852 0.04123000055551529
v -0.10521990243180221 -1.1089618808194701 0.04115600138902664
v -0.06423639126148219 -1.0054120264003585 -9.158802484282729e-17
v -0.08642924054114313 -1.0050692577781852 0.04123000055551529
v -0.08642924054114313 -1.0050692577781852 0.04123000055551529
v -0.13934704481489518 -0.9021331246781927 0.05996200069785118
v -0.13569610838111926 -1.0041473693355971 0.05997199937701225
v -0.06423639126148219 -1.0054120264003585 -9.158802484282729e-17
v -0.09051665033944875 -0.8916027880256868 0.04122399911284447
v -0.08642924054114313 -1.0050692577781852 0.04123000055551529
v -0.13934704481489518 -0.9021331246781927 0.05996200069785118
v -0.08642924054114313 -1.0050692577781852 0.04123000055551529
v -0.09051665033944875 -0.8916027880256868 0.04122399911284447
v -0.09051665033944875 -0.8916027880256868 0.04122399911284447
v -0.06423639126148219 -1.0054120264003585 -9.158802484282729e-17
v -0.06861547970128933 -0.8867129707397231 -8.064531869381229e-17
v -0.13316225127317705 -0.7735931494113122 0.04121699929237366
v -0.13934704481489518 -0.9021331246781927 0.05996200069785118
v -0.09051665033944875 -0.8916027880256868 0.04122399911284447
v -0.06861547970128933 -0.8867129707397231 -8.064531869381229e-17
v -0.13316225127317705 -0.7735931494113122 0.04121699929237366
v -0.09051665033944875 -0.8916027880256868 0.04122399911284447
v -0.13934704481489518 -0.9021331246781927 0.05996200069785118
v -0.13316225127317705 -0.7735931494113122 0.04121699929237366
v -0.18111299337611922 -0.7910591466530191 0.05995199829339981
v -0.13316225127317705 -0.7735931494113122 0.04121699929237366
v -0.06861547970128933 -0.8867129707397231 -8.064531869381229e-17
v -0.11158901692650246 -0.7655828628715137 -6.947849953835463e-17
v -0.19309136176410346 -0.6704910558049497 0.04105199873447418
v -0.18111299337611922 -0.7910591466530191 0.05995199829339981
v -0.13316225127317705 -0.7735931494113122 0.04121699929237366
v -0.11158901692650246 -0.7655828628715137 -6.947849953835463e-17
v -0.19309136176410346 -0.6704910558049497 0.04105199873447418
v -0.13316225127317705 -0.7735931494113122 0.04121699929237366
v -0.18111299337611922 -0.7910591466530191 0.05995199829339981
v -0.19309136176410346 -0.6704910558049497 0.04105199873447418
v -0.24084534883149486 -0.6883250007914568 0.0597120001912117
v -0.19309136176410346 -0.6704910558049497 0.04105199873447418
v -0.11158901692650246 -0.7655828628715137 -6.947849953835463e-17
v -0.17142539409702542 -0.6623411755758716 -5.996078735675208e-17
v -0.24409263248725013 -0.5987752532204089 0.040821999311447144
v -0.24084534883149486 -0.6883250007914568 0.0597120001912117
v -0.19309136176410346 -0.6704910558049497 0.04105199873447418
v -0.17142539409702542 -0.6623411755758716 -5.996078735675208e-17
v -0.24409263248725013 -0.5987752532204089 0.040821999311447144
v -0.19309136176410346 -0.6704910558049497 0.04105199873447418
v -0.24084534883149486 -0.6883250007914568 0.0597120001912117
v -0.24409263248725013 -0.5987752532204089 0.040821999311447144
v -0.29440874819449453 -0.6098502665538875 0.05992399901151657
v -0.24409263248725013 -0.5987752532204089 0.040821999311447144
v -0.17142539409702542 -0.6623411755758716 -5.996078735675208e-17
v -0.22136046751243765 -0.593711359515908 -5.363389791829323e-17
v -0.275792197156497 -0.5491377405572284 0.04131399840116501
v -0.29440874819449453 -0.6098502665538875 0.05992399901151657
v -0.24409263248725013 -0.5987752532204089 0.040821999311447144
v -0.22136046751243765 -0.593711359515908 -5.363389791829323e-17
v -0.275792197156497 -0.5491377405572284 0.04131399840116501
v -0.24409263248725013 -0.5987752532204089 0.040821999311447144
v -0.275792197156497 -0.5491377405572284 0.04131399840116501
v -0.22136046751243765 -0.593711359515908 -5.363389791829323e-17
v -0.25193614612230375 -0.5498776742080045 -4.959292872006958e-17
v -0.29440874819449453 -0.6098502665538875 0.05992399901151657
v -0.275792197156497 -0.5491377405572284 0.04131399840116501
v -0.33939033920949024 -0.5420187791224901 0.06643600016832352
v -0.257250284310612 -0.5169011394791537 -4.655286460664734e-17
v -0.275792197156497 -0.5491377405572284 0.04131399840116501
v -0.25193614612230375 -0.5498776742080045 -4.959292872006958e-17
v -0.33939033920949024 -0.5420187791224901 0.06643600016832352
v -0.275792197156497 -0.5491377405572284 0.04131399840116501
v -0.2784820699888098 -0.5100664329193523 0.041374001652002335
v -0.275792197156497 -0.5491377405572284 0.04131399840116501
v -0.257250284310612 -0.5169011394791537 -4.655286460664734e-17
v -0.2784820699888098 -0.5100664329193523 0.041374001652002335
v -0.33939033920949024 -0.5420187791224901 0.06643600016832352
v -0.2784820699888098 -0.5100664329193523 0.041374001652002335
v -0.32657865141250275 -0.49191232509529437 0.07150500267744064
v -0.32657865141250275 -0.49191232509529437 0.07150500267744064
v -0.3956062754603962 -0.4958258575322404 0.07100100070238113
v -0.33939033920949024 -0.5420187791224901 0.06643600016832352
v -0.257250284310612 -0.5169011394791537 -4.655286460664734e-17
v -0.2468955914472061 -0.4798038592192872 0.03924399986863136
v -0.2784820699888098 -0.5100664329193523 0.041374001652002335
v -0.2468955914472061 -0.4798038592192872 0.03924399986863136
v -0.257250284310612 -0.5169011394791537 -4.655286460664734e-17
v -0.22832200370263678 -0.4908974401762122 -4.4155619090852313e-17
v -0.2784820699888098 -0.5100664329193523 0.041374001652002335
v -0.2934194130611206 -0.4561554372171468 0.06876099854707718
v -0.32657865141250275 -0.49191232509529437 0.07150500267744064
v -0.2934194130611206 -0.4561554372171468 0.06876099854707718
v -0.2784820699888098 -0.5100664329193523 0.041374001652002335
v -0.2468955914472061 -0.4798038592192872 0.03924399986863136
v -0.3956062754603962 -0.4958258575322404 0.07100100070238113
v -0.32657865141250275 -0.49191232509529437 0.07150500267744064
v -0.3781453190771644 -0.464198979201924 0.08216399699449539
v -0.3781453190771644 -0.464198979201924 0.08216399699449539
v -0.4338615332562742 -0.4534959517744215 0.06484299898147583
v -0.3956062754603962 -0.4958258575322404 0.07100100070238113
v -0.32657865141250275 -0.49191232509529437 0.07150500267744064
v -0.2934194130611206 -0.4561554372171468 0.06876099854707718
v -0.35361877109188555 -0.4313087898605714 0.08083900064229965
v -0.35361877109188555 -0.4313087898605714 0.08083900064229965
v -0.3781453190771644 -0.464198979201924 0.08216399699449539
v -0.32657865141250275 -0.49191232509529437 0.07150500267744064
v -0.4338615332562742 -0.4534959517744215 0.06484299898147583
v -0.3781453190771644 -0.464198979201924 0.08216399699449539
v -0.42372165686000923 -0.4298607923604571 0.07596000283956528
v -0.42372165686000923 -0.4298607923604571 0.07596000283956528
v -0.4658946278693267 -0.4031171989965549 0.04892300069332123
v -0.4338615332562742 -0.4534959517744215 0.06484299898147583
v -0.3781453190771644 -0.464198979201924 0.08216399699449539
v -0.35361877109188555 -0.4313087898605714 0.08083900064229965
v -0.41129781808840093 -0.404213124267865 0.07585100084543228
v -0.42372165686000923 -0.4298607923604571 0.07596000283956528
v -0.3781453190771644 -0.464198979201924 0.08216399699449539
v -0.41129781808840093 -0.404213124267865 0.07585100084543228
v -0.4658946278693267 -0.4031171989965549 0.04892300069332123
v -0.42372165686000923 -0.4298607923604571 0.07596000283956528
v -0.45992128112467673 -0.3881685597601048 0.05741000175476074
v -0.41129781808840093 -0.404213124267865 0.07585100084543228
v -0.45992128112467673 -0.3881685597601048 0.05741000175476074
v -0.42372165686000923 -0.4298607923604571 0.07596000283956528
v -0.45992128112467673 -0.3881685597601048 0.05741000175476074
v -0.4920595768374021 -0.3504628632163898 0.030388999730348587
v -0.4658946278693267 -0.4031171989965549 0.04892300069332123
v -0.41129781808840093 -0.404213124267865 0.07585100084543228
v -0.35361877109188555 -0.4313087898605714 0.08083900064229965
v -0.38118455930262507 -0.3881924720086371 0.07048500329256058
v -0.4920595768374021 -0.3504628632163898 0.030388999730348587
v -0.45992128112467673 -0.3881685597601048 0.05741000175476074
v -0.4873423757024903 -0.3440466210059038 0.036028001457452774
v -0.45992128112467673 -0.3881685597601048 0.05741000175476074
v -0.41129781808840093 -0.404213124267865 0.07585100084543228
v -0.4536414965836064 -0.37177326907726566 0.05764999985694885
v -0.4536414965836064 -0.37177326907726566 0.05764999985694885
v -0.4873423757024903 -0.3440466210059038 0.036028001457452774
v -0.45992128112467673 -0.3881685597601048 0.05741000175476074
v -0.5045693421958668 -0.3097522798850487 0.02212899923324585
v -0.4920595768374021 -0.3504628632163898 0.030388999730348587
v -0.4873423757024903 -0.3440466210059038 0.036028001457452774
v -0.5109632911590035 -0.3046431944062106 0.01584099978208542
v -0.4920595768374021 -0.3504628632163898 0.030388999730348587
v -0.5045693421958668 -0.3097522798850487 0.02212899923324585
v -0.4873423757024903 -0.3440466210059038 0.036028001457452774
v -0.4536414965836064 -0.37177326907726566 0.05764999985694885
v -0.4832708033535268 -0.3351103682725257 0.03595700114965439
v -0.4832708033535268 -0.3351103682725257 0.03595700114965439
v -0.5045693421958668 -0.3097522798850487 0.02212899923324585
v -0.4873423757024903 -0.3440466210059038 0.036028001457452774
v -0.505049857148248 -0.29797721963986074 0.019152000546455383
v -0.5109632911590035 -0.3046431944062106 0.01584099978208542
v -0.5045693421958668 -0.3097522798850487 0.02212899923324585
v -0.5045693421958668 -0.3097522798850487 0.02212899923324585
v -0.4832708033535268 -0.3351103682725257 0.03595700114965439
v -0.505049857148248 -0.29797721963986074 0.019152000546455383
v -0.5109632911590035 -0.3046431944062106 0.01584099978208542
v -0.505049857148248 -0.29797721963986074 0.019152000546455383
v -0.5183635583926811 -0.26968200243390167 -2.3762066732231104e-17
v -0.4536414965836064 -0.37177326907726566 0.05764999985694885
v -0.41129781808840093 -0.404213124267865 0.07585100084543228
v -0.43658759634516886 -0.360184181990158 0.054402999579906464
v -0.41129781808840093 -0.404213124267865 0.07585100084543228
v -0.38118455930262507 -0.3881924720086371 0.07048500329256058
v -0.43658759634516886 -0.360184181990158 0.054402999579906464
v -0.4536414965836064 -0.37177326907726566 0.05764999985694885
v -0.4733118782401712 -0.3281043169914531 0.03428199887275696
v -0.4832708033535268 -0.3351103682725257 0.03595700114965439
v -0.4733118782401712 -0.3281043169914531 0.03428199887275696
v -0.4536414965836064 -0.37177326907726566 0.05764999985694885
v -0.43658759634516886 -0.360184181990158 0.054402999579906464
v -0.4832708033535268 -0.3351103682725257 0.03595700114965439
v -0.4955963151524108 -0.30051051254583655 0.02107900008559227
v -0.505049857148248 -0.29797721963986074 0.019152000546455383
v -0.4955963151524108 -0.30051051254583655 0.02107900008559227
v -0.4832708033535268 -0.3351103682725257 0.03595700114965439
v -0.4733118782401712 -0.3281043169914531 0.03428199887275696
v -0.505049857148248 -0.29797721963986074 0.019152000546455383
v -0.4949235268256757 -0.28856406798956186 0.01459799986332655
v -0.5183635583926811 -0.26968200243390167 -2.3762066732231104e-17
v -0.4949235268256757 -0.28856406798956186 0.01459799986332655
v -0.505049857148248 -0.29797721963986074 0.019152000546455383
v -0.4955963151524108 -0.30051051254583655 0.02107900008559227
v -0.4949235268256757 -0.28856406798956186 0.01459799986332655
v -0.4890542354928738 -0.2828545633695964 -2.4976425774101827e-17
v -0.5183635583926811 -0.26968200243390167 -2.3762066732231104e-17
v -0.46255575658099274 -0.31923847474485434 0.027888000011444092
v -0.4955963151524108 -0.30051051254583655 0.02107900008559227
v -0.4733118782401712 -0.3281043169914531 0.03428199887275696
v -0.4955963151524108 -0.30051051254583655 0.02107900008559227
v -0.46255575658099274 -0.31923847474485434 0.027888000011444092
v -0.4949235268256757 -0.28856406798956186 0.01459799986332655
v -0.4733118782401712 -0.3281043169914531 0.03428199887275696
v -0.43658759634516886 -0.360184181990158 0.054402999579906464
v -0.46255575658099274 -0.31923847474485434 0.027888000011444092
v -0.4890542354928738 -0.2828545633695964 -2.4976425774101827e-17
v -0.4949235268256757 -0.28856406798956186 0.01459799986332655
v -0.4840713695694225 -0.2899004617999203 0.009731999598443508
v -0.4949235268256757 -0.28856406798956186 0.01459799986332655
v -0.46255575658099274 -0.31923847474485434 0.027888000011444092
v -0.4840713695694225 -0.2899004617999203 0.009731999598443508
v -0.4840713695694225 -0.2899004617999203 0.009731999598443508
v -0.4508725038979843 -0.30833751803500536 -2.7325666690227954e-17
v -0.4890542354928738 -0.2828545633695964 -2.4976425774101827e-17
v -0.46255575658099274 -0.31923847474485434 0.027888000011444092
v -0.43658759634516886 -0.360184181990158 0.054402999579906464
v -0.4162173342144836 -0.34991953258914255 0.04455399885773659
v -0.43658759634516886 -0.360184181990158 0.054402999579906464
v -0.38118455930262507 -0.3881924720086371 0.07048500329256058
v -0.4162173342144836 -0.34991953258914255 0.04455399885773659
v -0.4533678793736951 -0.3124555912534781 0.015915000811219215
v -0.4840713695694225 -0.2899004617999203 0.009731999598443508
v -0.46255575658099274 -0.31923847474485434 0.027888000011444092
v -0.4508725038979843 -0.30833751803500536 -2.7325666690227954e-17
v -0.4840713695694225 -0.2899004617999203 0.009731999598443508
v -0.4533678793736951 -0.3124555912534781 0.015915000811219215
v -0.4162173342144836 -0.34991953258914255 0.04455399885773659
v -0.4533678793736951 -0.3124555912534781 0.015915000811219215
v -0.46255575658099274 -0.31923847474485434 0.027888000011444092
v 0.02345413363626011 0.3162879447738422 -0.016852999106049538
v 0.041914652101536665 0.32722213713376214 3.1265723162442587e-17
v 0.03657107984514253 0.296254152101994 2.841082508350157e-17
v 0.0056629832825947825 0.3052740779103274 2.9242359974799076e-17
v 0.02345413363626011 0.3162879447738422 -0.016852999106049538
v 0.03657107984514253 0.296254152101994 2.841082508350157e-17
v 0.02345413363626011 0.3162879447738422 -0.016852999106049538
v 0.0056629832825947825 0.3052740779103274 2.9242359974799076e-17
v 0.0026859303183276407 0.31603156112898256 -0.014047999866306782
v -0.01177991166904673 0.36007645810231625 -0.027675999328494072
v 0.02345413363626011 0.3162879447738422 -0.016852999106049538
v 0.0026859303183276407 0.31603156112898256 -0.014047999866306782
v -0.039242840700814054 0.3400532755010089 3.244860798200567e-17
v 0.0026859303183276407 0.31603156112898256 -0.014047999866306782
v 0.0056629832825947825 0.3052740779103274 2.9242359974799076e-17
v 0.0026859303183276407 0.31603156112898256 -0.014047999866306782
v -0.03206308467670046 0.34758005162470634 -0.019406000152230263
v -0.01177991166904673 0.36007645810231625 -0.027675999328494072
v 0.0026859303183276407 0.31603156112898256 -0.014047999866306782
v -0.039242840700814054 0.3400532755010089 3.244860798200567e-17
v -0.03206308467670046 0.34758005162470634 -0.019406000152230263
v -0.03206308467670046 0.34758005162470634 -0.019406000152230263
v -0.058431494323771455 0.39195972007749225 -0.034317001700401306
v -0.01177991166904673 0.36007645810231625 -0.027675999328494072
v -0.039242840700814054 0.3400532755010089 3.244860798200567e-17
v -0.07791189398163183 0.37201357925705225 -0.023305000737309456
v -0.03206308467670046 0.34758005162470634 -0.019406000152230263
v -0.058431494323771455 0.39195972007749225 -0.034317001700401306
v -0.03206308467670046 0.34758005162470634 -0.019406000152230263
v -0.07791189398163183 0.37201357925705225 -0.023305000737309456
v -0.07791189398163183 0.37201357925705225 -0.023305000737309456
v -0.039242840700814054 0.3400532755010089 3.244860798200567e-17
v -0.08622911583551958 0.36289533214204667 3.455438813716151e-17
v -0.07791189398163183 0.37201357925705225 -0.023305000737309456
v -0.14069255407496398 0.4095332828477792 -0.04602599889039993
v -0.058431494323771455 0.39195972007749225 -0.034317001700401306
v -0.08622911583551958 0.36289533214204667 3.455438813716151e-17
v -0.14269949587362254 0.38041049993454357 -0.027274999767541885
v -0.07791189398163183 0.37201357925705225 -0.023305000737309456
v -0.14069255407496398 0.4095332828477792 -0.04602599889039993
v -0.07791189398163183 0.37201357925705225 -0.023305000737309456
v -0.14269949587362254 0.38041049993454357 -0.027274999767541885
v -0.14269949587362254 0.38041049993454357 -0.027274999767541885
v -0.08622911583551958 0.36289533214204667 3.455438813716151e-17
v -0.1473838764220253 0.36948426512752924 3.51618133307388e-17
v -0.23512526648951648 0.37501448726822556 -0.03154199942946434
v -0.14069255407496398 0.4095332828477792 -0.04602599889039993
v -0.14269949587362254 0.38041049993454357 -0.027274999767541885
v -0.23512526648951648 0.37501448726822556 -0.03154199942946434
v -0.14269949587362254 0.38041049993454357 -0.027274999767541885
v -0.1473838764220253 0.36948426512752924 3.51618133307388e-17
v -0.23512526648951648 0.37501448726822556 -0.03154199942946434
v -0.1473838764220253 0.36948426512752924 3.51618133307388e-17
v -0.23347901417545036 0.3649955718517135 3.4748004648780574e-17
v -0.14069255407496398 0.4095332828477792 -0.04602599889039993
v -0.23512526648951648 0.37501448726822556 -0.03154199942946434
v -0.253395819804439 0.3945076018304617 -0.057075001299381256
v -0.3243161875322238 0.35207674204324313 3.3557036620271625e-17
v -0.23512526648951648 0.37501448726822556 -0.03154199942946434
v -0.23347901417545036 0.3649955718517135 3.4748004648780574e-17
v -0.32933638940008175 0.3603341482110857 -0.03180399909615517
v -0.253395819804439 0.3945076018304617 -0.057075001299381256
v -0.23512526648951648 0.37501448726822556 -0.03154199942946434
v -0.23512526648951648 0.37501448726822556 -0.03154199942946434
v -0.3243161875322238 0.35207674204324313 3.3557036620271625e-17
v -0.32933638940008175 0.3603341482110857 -0.03180399909615517
v -0.253395819804439 0.3945076018304617 -0.057075001299381256
v -0.32933638940008175 0.3603341482110857 -0.03180399909615517
v -0.3480151445476231 0.3757065568321216 -0.05687899887561798
v -0.3972559311412358 0.3326566706905138 3.1766726607131254e-17
v -0.32933638940008175 0.3603341482110857 -0.03180399909615517
v -0.3243161875322238 0.35207674204324313 3.3557036620271625e-17
v -0.32933638940008175 0.3603341482110857 -0.03180399909615517
v -0.3972559311412358 0.3326566706905138 3.1766726607131254e-17
v -0.40207152664227336 0.33859466793035375 -0.02514299936592579
v -0.40207152664227336 0.33859466793035375 -0.02514299936592579
v -0.3480151445476231 0.3757065568321216 -0.05687899887561798
v -0.32933638940008175 0.3603341482110857 -0.03180399909615517
v -0.4508725038979843 0.30833739926555903 2.952476605336958e-17
v -0.40207152664227336 0.33859466793035375 -0.02514299936592579
v -0.3972559311412358 0.3326566706905138 3.1766726607131254e-17
v -0.3480151445476231 0.3757065568321216 -0.05687899887561798
v -0.40207152664227336 0.33859466793035375 -0.02514299936592579
v -0.4162173342144836 0.3499194138196962 -0.04455399885773659
v -0.4162173342144836 0.3499194138196962 -0.04455399885773659
v -0.38118455930262507 0.3881923136493753 -0.07048500329256058
v -0.3480151445476231 0.3757065568321216 -0.05687899887561798
v -0.40207152664227336 0.33859466793035375 -0.02514299936592579
v -0.4508725038979843 0.30833739926555903 2.952476605336958e-17
v -0.4533690250615198 0.31245547248403177 -0.015915000811219215
v -0.4533690250615198 0.31245547248403177 -0.015915000811219215
v -0.4162173342144836 0.3499194138196962 -0.04455399885773659
v -0.40207152664227336 0.33859466793035375 -0.02514299936592579
v -0.4840713695694225 0.28990034303047396 -0.009731999598443508
v -0.4533690250615198 0.31245547248403177 -0.015915000811219215
v -0.4508725038979843 0.30833739926555903 2.952476605336958e-17
v -0.4508725038979843 0.30833739926555903 2.952476605336958e-17
v -0.4890542354928738 0.28285442480524237 2.7175525137243453e-17
v -0.4840713695694225 0.28990034303047396 -0.009731999598443508
v -0.4162173342144836 0.3499194138196962 -0.04455399885773659
v -0.4533690250615198 0.31245547248403177 -0.015915000811219215
v -0.46255575658099274 0.319238355975408 -0.02788900025188923
v -0.46255575658099274 0.319238355975408 -0.02788900025188923
v -0.4533690250615198 0.31245547248403177 -0.015915000811219215
v -0.4840713695694225 0.28990034303047396 -0.009731999598443508
v -0.38118455930262507 0.3881923136493753 -0.07048500329256058
v -0.4162173342144836 0.3499194138196962 -0.04455399885773659
v -0.43658759634516886 0.3601840632207116 -0.054402999579906464
v -0.46255575658099274 0.319238355975408 -0.02788900025188923
v -0.43658759634516886 0.3601840632207116 -0.054402999579906464
v -0.4162173342144836 0.3499194138196962 -0.04455399885773659
v -0.43658759634516886 0.3601840632207116 -0.054402999579906464
v -0.41129781808840093 0.4042130054984186 -0.07585100084543228
v -0.38118455930262507 0.3881923136493753 -0.07048500329256058
v -0.4890542354928738 0.28285442480524237 2.7175525137243453e-17
v -0.4949235268256757 0.2885639492201155 -0.01459799986332655
v -0.4840713695694225 0.28990034303047396 -0.009731999598443508
v -0.4949235268256757 0.2885639492201155 -0.01459799986332655
v -0.46255575658099274 0.319238355975408 -0.02788900025188923
v -0.4840713695694225 0.28990034303047396 -0.009731999598443508
v -0.4949235268256757 0.2885639492201155 -0.01459799986332655
v -0.4890542354928738 0.28285442480524237 2.7175525137243453e-17
v -0.5183635583926811 0.26968188366445534 2.5961164441011505e-17
v -0.43658759634516886 0.3601840632207116 -0.054402999579906464
v -0.46255575658099274 0.319238355975408 -0.02788900025188923
v -0.4733118782401712 0.32810419822200676 -0.03428199887275696
v -0.41129781808840093 0.4042130054984186 -0.07585100084543228
v -0.43658759634516886 0.3601840632207116 -0.054402999579906464
v -0.4536414965836064 0.3717731503078193 -0.05764999985694885
v -0.4733118782401712 0.32810419822200676 -0.03428199887275696
v -0.4536414965836064 0.3717731503078193 -0.05764999985694885
v -0.43658759634516886 0.3601840632207116 -0.054402999579906464
v -0.45992128112467673 0.38816840140084297 -0.05741000175476074
v -0.41129781808840093 0.4042130054984186 -0.07585100084543228
v -0.4536414965836064 0.3717731503078193 -0.05764999985694885
v -0.46255575658099274 0.319238355975408 -0.02788900025188923
v -0.4955963151524108 0.30051037398148245 -0.02107900008559227
v -0.4733118782401712 0.32810419822200676 -0.03428199887275696
v -0.4955963151524108 0.30051037398148245 -0.02107900008559227
v -0.46255575658099274 0.319238355975408 -0.02788900025188923
v -0.4949235268256757 0.2885639492201155 -0.01459799986332655
v -0.505049857148248 0.29797710087041435 -0.019152000546455383
v -0.4949235268256757 0.2885639492201155 -0.01459799986332655
v -0.5183635583926811 0.26968188366445534 2.5961164441011505e-17
v -0.4949235268256757 0.2885639492201155 -0.01459799986332655
v -0.505049857148248 0.29797710087041435 -0.019152000546455383
v -0.4955963151524108 0.30051037398148245 -0.02107900008559227
v -0.5109632911590035 0.3046430756367643 -0.01584099978208542
v -0.505049857148248 0.29797710087041435 -0.019152000546455383
v -0.5183635583926811 0.26968188366445534 2.5961164441011505e-17
v -0.4955963151524108 0.30051037398148245 -0.02107900008559227
v -0.4832708033535268 0.3351102495030793 -0.03595700114965439
v -0.4733118782401712 0.32810419822200676 -0.03428199887275696
v -0.4832708033535268 0.3351102495030793 -0.03595700114965439
v -0.4955963151524108 0.30051037398148245 -0.02107900008559227
v -0.505049857148248 0.29797710087041435 -0.019152000546455383
v -0.4536414965836064 0.3717731503078193 -0.05764999985694885
v -0.4733118782401712 0.32810419822200676 -0.03428199887275696
v -0.4832708033535268 0.3351102495030793 -0.03595700114965439
v -0.505049857148248 0.29797710087041435 -0.019152000546455383
v -0.5109632911590035 0.3046430756367643 -0.01584099978208542
v -0.5045693421958668 0.30975216111560233 -0.022129999473690987
v -0.5045693421958668 0.30975216111560233 -0.022129999473690987
v -0.4832708033535268 0.3351102495030793 -0.03595700114965439
v -0.505049857148248 0.29797710087041435 -0.019152000546455383
v -0.5109632911590035 0.3046430756367643 -0.01584099978208542
v -0.4920595768374021 0.350462704857128 -0.030388999730348587
v -0.5045693421958668 0.30975216111560233 -0.022129999473690987
v -0.4873412300146655 0.34404650223645744 -0.036028001457452774
v -0.4536414965836064 0.3717731503078193 -0.05764999985694885
v -0.4832708033535268 0.3351102495030793 -0.03595700114965439
v -0.4832708033535268 0.3351102495030793 -0.03595700114965439
v -0.5045693421958668 0.30975216111560233 -0.022129999473690987
v -0.4873412300146655 0.34404650223645744 -0.036028001457452774
v -0.5045693421958668 0.30975216111560233 -0.022129999473690987
v -0.4920595768374021 0.350462704857128 -0.030388999730348587
v -0.4873412300146655 0.34404650223645744 -0.036028001457452774
v -0.4536414965836064 0.3717731503078193 -0.05764999985694885
v -0.4873412300146655 0.34404650223645744 -0.036028001457452774
v -0.45992128112467673 0.38816840140084297 -0.05741000175476074
v -0.4920595768374021 0.350462704857128 -0.030388999730348587
v -0.45992128112467673 0.38816840140084297 -0.05741000175476074
v -0.4873412300146655 0.34404650223645744 -0.036028001457452774
v -0.2606637937910585 -0.3312207678790197 0.06651700288057327
v -0.2260990997490125 -0.2975747099861721 0.03298899903893471
v -0.262910453918696 -0.30465249801284155 0.04665299877524376
v -0.29972177439167874 -0.3117302860395111 0.03298899903893471
v -0.2606637937910585 -0.3312207678790197 0.06651700288057327
v -0.262910453918696 -0.30465249801284155 0.04665299877524376
v -0.2260990997490125 -0.2975747099861721 0.03298899903893471
v -0.2606637937910585 -0.3312207678790197 0.06651700288057327
v -0.20818020520288733 -0.32113013551181846 0.04703399911522865
v -0.2606637937910585 -0.3312207678790197 0.06651700288057327
v -0.29972177439167874 -0.3117302860395111 0.03298899903893471
v -0.31314856176375505 -0.341311400246221 0.04703399911522865
v -0.20818020520288733 -0.32113013551181846 0.04703399911522865
v -0.21085198290690924 -0.2946442322566858 -2.6063301394327103e-17
v -0.2260990997490125 -0.2975747099861721 0.03298899903893471
v -0.33488798823842014 -0.3454905803448421 -3.0750760217736474e-17
v -0.31314856176375505 -0.341311400246221 0.04703399911522865
v -0.29972177439167874 -0.3117302860395111 0.03298899903893471
v -0.20818020520288733 -0.32113013551181846 0.04703399911522865
v -0.1864395993436968 -0.31695095541319734 -2.811972699105436e-17
v -0.21085198290690924 -0.2946442322566858 -2.6063301394327103e-17
v -0.33488798823842014 -0.3454905803448421 -3.0750760217736474e-17
v -0.29972177439167874 -0.3117302860395111 0.03298899903893471
v -0.3149700706183075 -0.3146607637689974 -2.7908597411506323e-17
v -0.20818020520288733 -0.32113013551181846 -0.04703399911522865
v -0.21085198290690924 -0.2946442322566858 -2.6063301394327103e-17
v -0.1864395993436968 -0.31695095541319734 -2.811972699105436e-17
v -0.29972177439167874 -0.3117302860395111 -0.03298899903893471
v -0.33488798823842014 -0.3454905803448421 -3.0750760217736474e-17
v -0.3149700706183075 -0.3146607637689974 -2.7908597411506323e-17
v -0.21085198290690924 -0.2946442322566858 -2.6063301394327103e-17
v -0.20818020520288733 -0.32113013551181846 -0.04703399911522865
v -0.2260990997490125 -0.2975747099861721 -0.03298899903893471
v -0.33488798823842014 -0.3454905803448421 -3.0750760217736474e-17
v -0.29972177439167874 -0.3117302860395111 -0.03298899903893471
v -0.31314856176375505 -0.341311400246221 -0.04703399911522865
v -0.2606637937910585 -0.3312207678790197 -0.06651700288057327
v -0.2260990997490125 -0.2975747099861721 -0.03298899903893471
v -0.20818020520288733 -0.32113013551181846 -0.04703399911522865
v -0.29972177439167874 -0.3117302860395111 -0.03298899903893471
v -0.2606637937910585 -0.3312207678790197 -0.06651700288057327
v -0.31314856176375505 -0.341311400246221 -0.04703399911522865
v -0.2260990997490125 -0.2975747099861721 -0.03298899903893471
v -0.2606637937910585 -0.3312207678790197 -0.06651700288057327
v -0.262910453918696 -0.30465249801284155 -0.04665299877524376
v -0.29972177439167874 -0.3117302860395111 -0.03298899903893471
v -0.262910453918696 -0.30465249801284155 -0.04665299877524376
v -0.2606637937910585 -0.3312207678790197 -0.06651700288057327
v -0.262910453918696 0.3046523792433952 0.04665299877524376
v -0.2260990997490125 0.29757459121672575 0.03298899903893471
v -0.2606637937910585 0.3312206689044811 0.06651700288057327
v -0.2606637937910585 0.3312206689044811 0.06651700288057327
v -0.29972177439167874 0.31173016727006475 0.03298899903893471
v -0.262910453918696 0.3046523792433952 0.04665299877524376
v -0.2260990997490125 0.29757459121672575 0.03298899903893471
v -0.20818020520288733 0.32113001674237207 0.04703399911522865
v -0.2606637937910585 0.3312206689044811 0.06651700288057327
v -0.29972177439167874 0.31173016727006475 0.03298899903893471
v -0.2606637937910585 0.3312206689044811 0.06651700288057327
v -0.31314856176375505 0.34131128147677464 0.04703399911522865
v -0.21085198290690924 0.2946441134872394 2.8262399103107504e-17
v -0.20818020520288733 0.32113001674237207 0.04703399911522865
v -0.2260990997490125 0.29757459121672575 0.03298899903893471
v -0.33488798823842014 0.34549046157539576 3.294985627215565e-17
v -0.29972177439167874 0.31173016727006475 0.03298899903893471
v -0.31314856176375505 0.34131128147677464 0.04703399911522865
v -0.1864395993436968 0.31695083664375096 3.0318826354195985e-17
v -0.20818020520288733 0.32113001674237207 0.04703399911522865
v -0.21085198290690924 0.2946441134872394 2.8262399103107504e-17
v -0.33488798823842014 0.34549046157539576 3.294985627215565e-17
v -0.3149700706183075 0.31466064499955104 3.010769677464795e-17
v -0.29972177439167874 0.31173016727006475 0.03298899903893471
v -0.21085198290690924 0.2946441134872394 2.8262399103107504e-17
v -0.20818020520288733 0.32113001674237207 -0.04703399911522865
v -0.1864395993436968 0.31695083664375096 3.0318826354195985e-17
v -0.33488798823842014 0.34549046157539576 3.294985627215565e-17
v -0.29972177439167874 0.31173016727006475 -0.03298899903893471
v -0.3149700706183075 0.31466064499955104 3.010769677464795e-17
v -0.20818020520288733 0.32113001674237207 -0.04703399911522865
v -0.21085198290690924 0.2946441134872394 2.8262399103107504e-17
v -0.2260990997490125 0.29757459121672575 -0.03298899903893471
v -0.29972177439167874 0.31173016727006475 -0.03298899903893471
v -0.33488798823842014 0.34549046157539576 3.294985627215565e-17
v -0.31314856176375505 0.34131128147677464 -0.04703399911522865
v -0.2260990997490125 0.29757459121672575 -0.03298899903893471
v -0.2606637937910585 0.3312206689044811 -0.06651700288057327
v -0.20818020520288733 0.32113001674237207 -0.04703399911522865
v -0.31314856176375505 0.34131128147677464 -0.04703399911522865
v -0.2606637937910585 0.3312206689044811 -0.06651700288057327
v -0.29972177439167874 0.31173016727006475 -0.03298899903893471
v -0.2606637937910585 0.3312206689044811 -0.06651700288057327
v -0.2260990997490125 0.29757459121672575 -0.03298899903893471
v -0.262910453918696 0.3046523792433952 -0.04665299877524376
v -0.29972177439167874 0.31173016727006475 -0.03298899903893471
v -0.2606637937910585 0.3312206689044811 -0.06651700288057327
v -0.262910453918696 0.3046523792433952 -0.04665299877524376
vn -0.2061408251447495 -0.29715948584485846 0.9323101416272705
vn -0.29049663571808043 -0.5803098798679861 0.7608233355806591
vn -0.1346948891816377 -0.3572061142831632 0.9242624512264197
vn -0.29049663571808043 -0.5803098798679861 0.7608233355806591
vn -0.16817600954969164 -0.5907327903066564 0.7891461209867625
vn -0.1346948891816377 -0.3572061142831632 0.9242624512264197
vn -0.1346948891816377 -0.3572061142831632 0.9242624512264197
vn -0.16817600954969164 -0.5907327903066564 0.7891461209867625
vn -0.07302170071227629 -0.3993724720272136 0.9138760637044605
vn -0.29049663571808043 -0.5803098798679861 0.7608233355806591
vn -0.2061408251447495 -0.29715948584485846 0.9323101416272705
vn -0.3899245781099438 -0.5248212429751498 0.75665149593971
vn -0.16817600954969164 -0.5907327903066564 0.7891461209867625
vn 0.0352398062083405 -0.4479411614341491 0.8933682734188763
vn -0.07302170071227629 -0.3993724720272136 0.9138760637044605
vn -0.24770842690336733 -0.255406101894889 0.9345631377044126
vn -0.3899245781099438 -0.5248212429751498 0.75665149593971
vn -0.2061408251447495 -0.29715948584485846 0.9323101416272705
vn 0.0352398062083405 -0.4479411614341491 0.8933682734188763
vn -0.16817600954969164 -0.5907327903066564 0.7891461209867625
vn -0.018403763502835003 -0.720190300972484 0.6935324302973109
vn 0.0352398062083405 -0.4479411614341491 0.8933682734188763
vn -0.018403763502835003 -0.720190300972484 0.6935324302973109
vn 0.23340535688147446 -0.7828379606313967 0.5767899676429084
vn 0.23340535688147446 -0.7828379606313967 0.5767899676429084
vn -0.018403763502835003 -0.720190300972484 0.6935324302973109
vn -0.19282086331336462 -0.8847188767138588 0.4243732129355678
vn -0.16817600954969164 -0.5907327903066564 0.7891461209867625
vn -0.19282086331336462 -0.8847188767138588 0.4243732129355678
vn -0.018403763502835003 -0.720190300972484 0.6935324302973109
vn -0.19282086331336462 -0.8847188767138588 0.4243732129355678
vn -0.16817600954969164 -0.5907327903066564 0.7891461209867625
vn -0.3378535325832194 -0.8232885310300209 0.45612606283292995
vn -0.29049663571808043 -0.5803098798679861 0.7608233355806591
vn -0.3378535325832194 -0.8232885310300209 0.45612606283292995
vn -0.16817600954969164 -0.5907327903066564 0.7891461209867625
vn -0.3378535325832194 -0.8232885310300209 0.45612606283292995
vn -0.29049663571808043 -0.5803098798679861 0.7608233355806591
vn -0.44375425927376555 -0.7667551672175773 0.46386277164861667
vn -0.3899245781099438 -0.5248212429751498 0.75665149593971
vn -0.44375425927376555 -0.7667551672175773 0.46386277164861667
vn -0.29049663571808043 -0.5803098798679861 0.7608233355806591
vn -0.44375425927376555 -0.7667551672175773 0.46386277164861667
vn -0.3899245781099438 -0.5248212429751498 0.75665149593971
vn -0.54704642894664 -0.6923567898160398 0.4705127842815293
vn -0.3899245781099438 -0.5248212429751498 0.75665149593971
vn -0.24770842690336733 -0.255406101894889 0.9345631377044126
vn -0.4478226276832549 -0.47230080846187916 0.7592014491958772
vn -0.4478226276832549 -0.47230080846187916 0.7592014491958772
vn -0.54704642894664 -0.6923567898160398 0.4705127842815293
vn -0.3899245781099438 -0.5248212429751498 0.75665149593971
vn -0.2660464395896584 -0.23461628258661665 0.9349729899451122
vn -0.4478226276832549 -0.47230080846187916 0.7592014491958772
vn -0.24770842690336733 -0.255406101894889 0.9345631377044126
vn -0.54704642894664 -0.6923567898160398 0.4705127842815293
vn -0.4478226276832549 -0.47230080846187916 0.7592014491958772
vn -0.615443370718675 -0.6312087507151609 0.47202221394659105
vn -0.4478226276832549 -0.47230080846187916 0.7592014491958772
vn -0.2660464395896584 -0.23461628258661665 0.9349729899451122
vn -0.525610023446624 -0.4405564906091708 0.7277665022756755
vn -0.615443370718675 -0.6312087507151609 0.47202221394659105
vn -0.4478226276832549 -0.47230080846187916 0.7592014491958772
vn -0.525610023446624 -0.4405564906091708 0.7277665022756755
vn -0.673125430288123 -0.5662269263275511 0.47569866827760104
vn -0.615443370718675 -0.6312087507151609 0.47202221394659105
vn -0.525610023446624 -0.4405564906091708 0.7277665022756755
vn -0.2899469354471467 -0.20362852894135763 0.93512897336463
vn -0.525610023446624 -0.4405564906091708 0.7277665022756755
vn -0.2660464395896584 -0.23461628258661665 0.9349729899451122
vn -0.525610023446624 -0.4405564906091708 0.7277665022756755
vn -0.732465048593355 -0.4852722025832703 0.47749957276328076
vn -0.673125430288123 -0.5662269263275511 0.47569866827760104
vn -0.525610023446624 -0.4405564906091708 0.7277665022756755
vn -0.2899469354471467 -0.20362852894135763 0.93512897336463
vn -0.5537839305738974 -0.33716277962411356 0.7613439553015879
vn -0.732465048593355 -0.4852722025832703 0.47749957276328076
vn -0.525610023446624 -0.4405564906091708 0.7277665022756755
vn -0.5537839305738974 -0.33716277962411356 0.7613439553015879
vn -0.3114080058478397 -0.17683740439419512 0.9336774530323604
vn -0.5537839305738974 -0.33716277962411356 0.7613439553015879
vn -0.2899469354471467 -0.20362852894135763 0.93512897336463
vn -0.5537839305738974 -0.33716277962411356 0.7613439553015879
vn -0.7862112814473415 -0.3955373741139318 0.4747862746583821
vn -0.732465048593355 -0.4852722025832703 0.47749957276328076
vn -0.5537839305738974 -0.33716277962411356 0.7613439553015879
vn -0.3114080058478397 -0.17683740439419512 0.9336774530323604
vn -0.585919151935732 -0.28703264665185485 0.7578330997989887
vn -0.7862112814473415 -0.3955373741139318 0.4747862746583821
vn -0.5537839305738974 -0.33716277962411356 0.7613439553015879
vn -0.585919151935732 -0.28703264665185485 0.7578330997989887
vn -0.32525272655463294 -0.16876013679814947 0.9304464950208834
vn -0.585919151935732 -0.28703264665185485 0.7578330997989887
vn -0.3114080058478397 -0.17683740439419512 0.9336774530323604
vn -0.585919151935732 -0.28703264665185485 0.7578330997989887
vn -0.8164149342887209 -0.33211263287399817 0.47240645016325117
vn -0.7862112814473415 -0.3955373741139318 0.4747862746583821
vn -0.585919151935732 -0.28703264665185485 0.7578330997989887
vn -0.32525272655463294 -0.16876013679814947 0.9304464950208834
vn -0.6035148712714241 -0.25168720545475465 0.7565866445851478
vn -0.8164149342887209 -0.33211263287399817 0.47240645016325117
vn -0.585919151935732 -0.28703264665185485 0.7578330997989887
vn -0.6035148712714241 -0.25168720545475465 0.7565866445851478
vn -0.32525272655463294 -0.16876013679814947 0.9304464950208834
vn -0.33574234269175907 -0.14972796051833132 0.9299777508966924
vn -0.6035148712714241 -0.25168720545475465 0.7565866445851478
vn -0.6035148712714241 -0.25168720545475465 0.7565866445851478
vn -0.8419374104396256 -0.2500525892416626 0.4781371137192321
vn -0.8164149342887209 -0.33211263287399817 0.47240645016325117
vn -0.6035148712714241 -0.25168720545475465 0.7565866445851478
vn -0.33574234269175907 -0.14972796051833132 0.9299777508966924
vn -0.6180708634278371 -0.1762946844966356 0.7660995966581627
vn -0.8419374104396256 -0.2500525892416626 0.4781371137192321
vn -0.6035148712714241 -0.25168720545475465 0.7565866445851478
vn -0.6180708634278371 -0.1762946844966356 0.7660995966581627
vn -0.33574234269175907 -0.14972796051833132 0.9299777508966924
vn -0.34064352741837234 -0.04755020927729147 0.938989331582449
vn -0.6180708634278371 -0.1762946844966356 0.7660995966581627
vn -0.6180708634278371 -0.1762946844966356 0.7660995966581627
vn -0.8665514181780015 -0.07854846112597935 0.492867912232512
vn -0.8419374104396256 -0.2500525892416626 0.4781371137192321
vn -0.6180708634278371 -0.1762946844966356 0.7660995966581627
vn -0.34064352741837234 -0.04755020927729147 0.938989331582449
vn -0.5734195711040104 -0.028542609110052384 0.8187645051784325
vn -0.8665514181780015 -0.07854846112597935 0.492867912232512
vn -0.6180708634278371 -0.1762946844966356 0.7660995966581627
vn -0.5734195711040104 -0.028542609110052384 0.8187645051784325
vn -0.34064352741837234 -0.04755020927729147 0.938989331582449
vn -0.3320342025276309 0.08923228827473884 0.9390372128308304
vn -0.5734195711040104 -0.028542609110052384 0.8187645051784325
vn -0.8665514181780015 -0.07854846112597935 0.492867912232512
vn -0.5734195711040104 -0.028542609110052384 0.8187645051784325
vn -0.6222653946025112 0.09066195483157874 0.7775385447849502
vn -0.5734195711040104 -0.028542609110052384 0.8187645051784325
vn -0.3320342025276309 0.08923228827473884 0.9390372128308304
vn -0.6222653946025112 0.09066195483157874 0.7775385447849502
vn -0.3899245781099438 -0.5248212429751498 -0.75665149593971
vn -0.29049663571808043 -0.5803098798679861 -0.7608233355806591
vn -0.44375425927376555 -0.7667551672175773 -0.46386277164861667
vn -0.29049663571808043 -0.5803098798679861 -0.7608233355806591
vn -0.3378535559358128 -0.8232885079684612 -0.45612608716076714
vn -0.44375425927376555 -0.7667551672175773 -0.46386277164861667
vn -0.44375425927376555 -0.7667551672175773 -0.46386277164861667
vn -0.54704642894664 -0.6923567898160398 -0.4705127842815293
vn -0.3899245781099438 -0.5248212429751498 -0.75665149593971
vn -0.3378535559358128 -0.8232885079684612 -0.45612608716076714
vn -0.29049663571808043 -0.5803098798679861 -0.7608233355806591
vn -0.16817600954969164 -0.5907327903066564 -0.7891461209867625
vn -0.16817600954969164 -0.5907327903066564 -0.7891461209867625
vn -0.19282086331336462 -0.8847188767138588 -0.4243732129355678
vn -0.3378535559358128 -0.8232885079684612 -0.45612608716076714
vn -0.29049663571808043 -0.5803098798679861 -0.7608233355806591
vn -0.3899245781099438 -0.5248212429751498 -0.75665149593971
vn -0.2061408251447495 -0.29715948584485846 -0.9323101416272705
vn -0.2061408251447495 -0.29715948584485846 -0.9323101416272705
vn -0.1346948891816377 -0.3572061142831632 -0.9242624512264197
vn -0.29049663571808043 -0.5803098798679861 -0.7608233355806591
vn -0.1346948891816377 -0.3572061142831632 -0.9242624512264197
vn -0.16817600954969164 -0.5907327903066564 -0.7891461209867625
vn -0.29049663571808043 -0.5803098798679861 -0.7608233355806591
vn -0.3899245781099438 -0.5248212429751498 -0.75665149593971
vn -0.24770842690336733 -0.255406101894889 -0.9345631377044126
vn -0.2061408251447495 -0.29715948584485846 -0.9323101416272705
vn -0.16817600954969164 -0.5907327903066564 -0.7891461209867625
vn -0.1346948891816377 -0.3572061142831632 -0.9242624512264197
vn -0.07302170071227629 -0.3993724720272136 -0.9138760637044605
vn 0.0352398062083405 -0.4479411614341491 -0.8933682734188763
vn -0.16817600954969164 -0.5907327903066564 -0.7891461209867625
vn -0.07302170071227629 -0.3993724720272136 -0.9138760637044605
vn -0.19282086331336462 -0.8847188767138588 -0.4243732129355678
vn -0.16817600954969164 -0.5907327903066564 -0.7891461209867625
vn -0.01840376155657999 -0.720190300998289 -0.6935324303221606
vn -0.01840376155657999 -0.720190300998289 -0.6935324303221606
vn -0.16817600954969164 -0.5907327903066564 -0.7891461209867625
vn 0.0352398062083405 -0.4479411614341491 -0.8933682734188763
vn -0.01840376155657999 -0.720190300998289 -0.6935324303221606
vn 0.23340536717314359 -0.7828379413063384 -0.5767899897068464
vn -0.19282086331336462 -0.8847188767138588 -0.4243732129355678
vn 0.23340536717314359 -0.7828379413063384 -0.5767899897068464
vn -0.01840376155657999 -0.720190300998289 -0.6935324303221606
vn 0.0352398062083405 -0.4479411614341491 -0.8933682734188763
vn -0.3899245781099438 -0.5248212429751498 -0.75665149593971
vn -0.4478226276832549 -0.47230080846187916 -0.7592014491958772
vn -0.24770842690336733 -0.255406101894889 -0.9345631377044126
vn -0.4478226276832549 -0.47230080846187916 -0.7592014491958772
vn -0.3899245781099438 -0.5248212429751498 -0.75665149593971
vn -0.54704642894664 -0.6923567898160398 -0.4705127842815293
vn -0.4478226276832549 -0.47230080846187916 -0.7592014491958772
vn -0.2660464395896584 -0.23461628258661665 -0.9349729899451122
vn -0.24770842690336733 -0.255406101894889 -0.9345631377044126
vn -0.54704642894664 -0.6923567898160398 -0.4705127842815293
vn -0.615443370718675 -0.6312087507151609 -0.47202221394659105
vn -0.4478226276832549 -0.47230080846187916 -0.7592014491958772
vn -0.2660464395896584 -0.23461628258661665 -0.9349729899451122
vn -0.4478226276832549 -0.47230080846187916 -0.7592014491958772
vn -0.525610023446624 -0.4405564906091708 -0.7277665022756755
vn -0.615443370718675 -0.6312087507151609 -0.47202221394659105
vn -0.525610023446624 -0.4405564906091708 -0.7277665022756755
vn -0.4478226276832549 -0.47230080846187916 -0.7592014491958772
vn -0.525610023446624 -0.4405564906091708 -0.7277665022756755
vn -0.615443370718675 -0.6312087507151609 -0.47202221394659105
vn -0.673125430288123 -0.5662269263275511 -0.47569866827760104
vn -0.525610023446624 -0.4405564906091708 -0.7277665022756755
vn -0.2899469354471467 -0.20362852894135763 -0.93512897336463
vn -0.2660464395896584 -0.23461628258661665 -0.9349729899451122
vn -0.673125430288123 -0.5662269263275511 -0.47569866827760104
vn -0.732465048593355 -0.4852722025832703 -0.47749957276328076
vn -0.525610023446624 -0.4405564906091708 -0.7277665022756755
vn -0.2899469354471467 -0.20362852894135763 -0.93512897336463
vn -0.525610023446624 -0.4405564906091708 -0.7277665022756755
vn -0.5537839305738974 -0.33716277962411356 -0.7613439553015879
vn -0.5537839305738974 -0.33716277962411356 -0.7613439553015879
vn -0.525610023446624 -0.4405564906091708 -0.7277665022756755
vn -0.732465048593355 -0.4852722025832703 -0.47749957276328076
vn -0.5537839305738974 -0.33716277962411356 -0.7613439553015879
vn -0.3114080058478397 -0.17683740439419512 -0.9336774530323604
vn -0.2899469354471467 -0.20362852894135763 -0.93512897336463
vn -0.732465048593355 -0.4852722025832703 -0.47749957276328076
vn -0.7862112814473415 -0.3955373741139318 -0.4747862746583821
vn -0.5537839305738974 -0.33716277962411356 -0.7613439553015879
vn -0.3114080058478397 -0.17683740439419512 -0.9336774530323604
vn -0.5537839305738974 -0.33716277962411356 -0.7613439553015879
vn -0.585919151935732 -0.28703264665185485 -0.7578330997989887
vn -0.585919151935732 -0.28703264665185485 -0.7578330997989887
vn -0.5537839305738974 -0.33716277962411356 -0.7613439553015879
vn -0.7862112814473415 -0.3955373741139318 -0.4747862746583821
vn -0.585919151935732 -0.28703264665185485 -0.7578330997989887
vn -0.32525282094980706 -0.1687594971320543 -0.9304465780430001
vn -0.3114080058478397 -0.17683740439419512 -0.9336774530323604
vn -0.7862112814473415 -0.3955373741139318 -0.4747862746583821
vn -0.8164149342887209 -0.33211263287399817 -0.47240645016325117
vn -0.585919151935732 -0.28703264665185485 -0.7578330997989887
vn -0.32525282094980706 -0.1687594971320543 -0.9304465780430001
vn -0.585919151935732 -0.28703264665185485 -0.7578330997989887
vn -0.6035136781421974 -0.2516876123827272 -0.7565874609510511
vn -0.6035136781421974 -0.2516876123827272 -0.7565874609510511
vn -0.585919151935732 -0.28703264665185485 -0.7578330997989887
vn -0.8164149342887209 -0.33211263287399817 -0.47240645016325117
vn -0.6035136781421974 -0.2516876123827272 -0.7565874609510511
vn -0.3357391789803491 -0.149728208940419 -0.9299788530633883
vn -0.32525282094980706 -0.1687594971320543 -0.9304465780430001
vn -0.6035136781421974 -0.2516876123827272 -0.7565874609510511
vn -0.8164149342887209 -0.33211263287399817 -0.47240645016325117
vn -0.8419386573808016 -0.2500540994290509 -0.4781341282177413
vn -0.3357391789803491 -0.149728208940419 -0.9299788530633883
vn -0.6035136781421974 -0.2516876123827272 -0.7565874609510511
vn -0.6180705586751974 -0.17629505908787202 -0.7660997563242878
vn -0.6180705586751974 -0.17629505908787202 -0.7660997563242878
vn -0.6035136781421974 -0.2516876123827272 -0.7565874609510511
vn -0.8419386573808016 -0.2500540994290509 -0.4781341282177413
vn -0.6180705586751974 -0.17629505908787202 -0.7660997563242878
vn -0.34064238245944417 -0.047550145817429924 -0.9389897501597636
vn -0.3357391789803491 -0.149728208940419 -0.9299788530633883
vn -0.6180705586751974 -0.17629505908787202 -0.7660997563242878
vn -0.8419386573808016 -0.2500540994290509 -0.4781341282177413
vn -0.8665518676335497 -0.07854808808744988 -0.4928671814582638
vn -0.34064238245944417 -0.047550145817429924 -0.9389897501597636
vn -0.6180705586751974 -0.17629505908787202 -0.7660997563242878
vn -0.5734199800562326 -0.028542372883134368 -0.8187642270046427
vn -0.5734199800562326 -0.028542372883134368 -0.8187642270046427
vn -0.6180705586751974 -0.17629505908787202 -0.7660997563242878
vn -0.8665518676335497 -0.07854808808744988 -0.4928671814582638
vn -0.5734199800562326 -0.028542372883134368 -0.8187642270046427
vn -0.33203478030288164 0.08922716344285851 -0.9390374955097153
vn -0.34064238245944417 -0.047550145817429924 -0.9389897501597636
vn -0.8665518676335497 -0.07854808808744988 -0.4928671814582638
vn -0.6222676099029454 0.0906591575569521 -0.7775370980324603
vn -0.5734199800562326 -0.028542372883134368 -0.8187642270046427
vn -0.33203478030288164 0.08922716344285851 -0.9390374955097153
vn -0.5734199800562326 -0.028542372883134368 -0.8187642270046427
vn -0.6222676099029454 0.0906591575569521 -0.7775370980324603
vn -0.290495943831674 0.5803069364131915 0.7608258448344676
vn -0.20613826595075094 0.29715541566899617 0.9323120047759783
vn -0.1346953948435646 0.357203864383678 0.9242632470661716
vn -0.1346953948435646 0.357203864383678 0.9242632470661716
vn -0.16817662688271293 0.5907330184789356 0.7891458186223369
vn -0.290495943831674 0.5803069364131915 0.7608258448344676
vn -0.16817662688271293 0.5907330184789356 0.7891458186223369
vn -0.1346953948435646 0.357203864383678 0.9242632470661716
vn -0.07302220352922364 0.39937214814850197 0.913876165065589
vn -0.20613826595075094 0.29715541566899617 0.9323120047759783
vn -0.290495943831674 0.5803069364131915 0.7608258448344676
vn -0.38992219573982795 0.5248181566343636 0.7566548643445965
vn 0.0352398062083405 0.4479411614341491 0.8933682734188763
vn -0.16817662688271293 0.5907330184789356 0.7891458186223369
vn -0.07302220352922364 0.39937214814850197 0.913876165065589
vn -0.38992219573982795 0.5248181566343636 0.7566548643445965
vn -0.24770694324791082 0.2554047988001676 0.9345638870706604
vn -0.20613826595075094 0.29715541566899617 0.9323120047759783
vn -0.16817662688271293 0.5907330184789356 0.7891458186223369
vn 0.0352398062083405 0.4479411614341491 0.8933682734188763
vn -0.018403763502835003 0.720190300972484 0.6935324302973109
vn 0.23340535688147446 0.7828379606313967 0.5767899676429084
vn -0.018403763502835003 0.720190300972484 0.6935324302973109
vn 0.0352398062083405 0.4479411614341491 0.8933682734188763
vn -0.018403763502835003 0.720190300972484 0.6935324302973109
vn 0.23340535688147446 0.7828379606313967 0.5767899676429084
vn -0.1928226576100759 0.8847199689901395 0.4243701205107095
vn -0.16817662688271293 0.5907330184789356 0.7891458186223369
vn -0.018403763502835003 0.720190300972484 0.6935324302973109
vn -0.1928226576100759 0.8847199689901395 0.4243701205107095
vn -0.1928226576100759 0.8847199689901395 0.4243701205107095
vn -0.3378542463415315 0.8232902680450225 0.45612239889239253
vn -0.16817662688271293 0.5907330184789356 0.7891458186223369
vn -0.290495943831674 0.5803069364131915 0.7608258448344676
vn -0.16817662688271293 0.5907330184789356 0.7891458186223369
vn -0.3378542463415315 0.8232902680450225 0.45612239889239253
vn -0.3378542463415315 0.8232902680450225 0.45612239889239253
vn -0.44375387030477376 0.7667545017435808 0.46386424376695296
vn -0.290495943831674 0.5803069364131915 0.7608258448344676
vn -0.44375387030477376 0.7667545017435808 0.46386424376695296
vn -0.38992219573982795 0.5248181566343636 0.7566548643445965
vn -0.290495943831674 0.5803069364131915 0.7608258448344676
vn -0.38992219573982795 0.5248181566343636 0.7566548643445965
vn -0.44375387030477376 0.7667545017435808 0.46386424376695296
vn -0.5470451090778775 0.692355109497836 0.4705167913966646
vn -0.24770694324791082 0.2554047988001676 0.9345638870706604
vn -0.38992219573982795 0.5248181566343636 0.7566548643445965
vn -0.44782236466470976 0.4722984322259386 0.7592030825958416
vn -0.5470451090778775 0.692355109497836 0.4705167913966646
vn -0.44782236466470976 0.4722984322259386 0.7592030825958416
vn -0.38992219573982795 0.5248181566343636 0.7566548643445965
vn -0.44782236466470976 0.4722984322259386 0.7592030825958416
vn -0.2660468493074347 0.23461603033637884 0.9349729366579477
vn -0.24770694324791082 0.2554047988001676 0.9345638870706604
vn -0.44782236466470976 0.4722984322259386 0.7592030825958416
vn -0.5470451090778775 0.692355109497836 0.4705167913966646
vn -0.6154416878553163 0.6312049712693117 0.4720294621045455
vn -0.44782236466470976 0.4722984322259386 0.7592030825958416
vn -0.5256082535389134 0.4405555834485625 0.7277683296929525
vn -0.2660468493074347 0.23461603033637884 0.9349729366579477
vn -0.6154416878553163 0.6312049712693117 0.4720294621045455
vn -0.5256082535389134 0.4405555834485625 0.7277683296929525
vn -0.44782236466470976 0.4722984322259386 0.7592030825958416
vn -0.6731198207203404 0.5662212756635348 0.47571333168135616
vn -0.5256082535389134 0.4405555834485625 0.7277683296929525
vn -0.6154416878553163 0.6312049712693117 0.4720294621045455
vn -0.5256082535389134 0.4405555834485625 0.7277683296929525
vn -0.2899465702793549 0.20362984819128085 0.9351287993152789
vn -0.2660468493074347 0.23461603033637884 0.9349729366579477
vn -0.7324627017213806 0.48527306893654965 0.47750229230017144
vn -0.5256082535389134 0.4405555834485625 0.7277683296929525
vn -0.6731198207203404 0.5662212756635348 0.47571333168135616
vn -0.5256082535389134 0.4405555834485625 0.7277683296929525
vn -0.553783281287281 0.33716425539257183 0.7613437740287005
vn -0.2899465702793549 0.20362984819128085 0.9351287993152789
vn -0.5256082535389134 0.4405555834485625 0.7277683296929525
vn -0.7324627017213806 0.48527306893654965 0.47750229230017144
vn -0.553783281287281 0.33716425539257183 0.7613437740287005
vn -0.553783281287281 0.33716425539257183 0.7613437740287005
vn -0.3114074423090131 0.1768371497775725 0.9336776892124514
vn -0.2899465702793549 0.20362984819128085 0.9351287993152789
vn -0.7862115725273661 0.3955378125948131 0.47478542735825086
vn -0.553783281287281 0.33716425539257183 0.7613437740287005
vn -0.7324627017213806 0.48527306893654965 0.47750229230017144
vn -0.553783281287281 0.33716425539257183 0.7613437740287005
vn -0.5859188481453101 0.28703234339071104 0.7578334495360506
vn -0.3114074423090131 0.1768371497775725 0.9336776892124514
vn -0.553783281287281 0.33716425539257183 0.7613437740287005
vn -0.7862115725273661 0.3955378125948131 0.47478542735825086
vn -0.5859188481453101 0.28703234339071104 0.7578334495360506
vn -0.5859188481453101 0.28703234339071104 0.7578334495360506
vn -0.32525297914232676 0.16876017616012096 0.9304463995854066
vn -0.3114074423090131 0.1768371497775725 0.9336776892124514
vn -0.8164144656613114 0.33211215856332826 0.47240759349672007
vn -0.5859188481453101 0.28703234339071104 0.7578334495360506
vn -0.7862115725273661 0.3955378125948131 0.47478542735825086
vn -0.32525297914232676 0.16876017616012096 0.9304463995854066
vn -0.5859188481453101 0.28703234339071104 0.7578334495360506
vn -0.603514792442892 0.2516880131197814 0.7565864387857012
vn -0.5859188481453101 0.28703234339071104 0.7578334495360506
vn -0.8164144656613114 0.33211215856332826 0.47240759349672007
vn -0.603514792442892 0.2516880131197814 0.7565864387857012
vn -0.603514792442892 0.2516880131197814 0.7565864387857012
vn -0.3357413890323754 0.14972835851765226 0.9299780311094561
vn -0.32525297914232676 0.16876017616012096 0.9304463995854066
vn -0.8419380074891248 0.2500539384788008 0.4781353567730405
vn -0.603514792442892 0.2516880131197814 0.7565864387857012
vn -0.8164144656613114 0.33211215856332826 0.47240759349672007
vn -0.3357413890323754 0.14972835851765226 0.9299780311094561
vn -0.603514792442892 0.2516880131197814 0.7565864387857012
vn -0.6180705572578662 0.17629479633844977 0.7660998179316684
vn -0.603514792442892 0.2516880131197814 0.7565864387857012
vn -0.8419380074891248 0.2500539384788008 0.4781353567730405
vn -0.6180705572578662 0.17629479633844977 0.7660998179316684
vn -0.6180705572578662 0.17629479633844977 0.7660998179316684
vn -0.3406430285754763 0.04754988760549063 0.9389895288402488
vn -0.3357413890323754 0.14972835851765226 0.9299780311094561
vn -0.8665517227296191 0.07854814109397791 0.49286742777851505
vn -0.6180705572578662 0.17629479633844977 0.7660998179316684
vn -0.8419380074891248 0.2500539384788008 0.4781353567730405
vn -0.3406430285754763 0.04754988760549063 0.9389895288402488
vn -0.6180705572578662 0.17629479633844977 0.7660998179316684
vn -0.573419912730489 0.028542439680408628 0.8187642718275198
vn -0.6180705572578662 0.17629479633844977 0.7660998179316684
vn -0.8665517227296191 0.07854814109397791 0.49286742777851505
vn -0.573419912730489 0.028542439680408628 0.8187642718275198
vn -0.573419912730489 0.028542439680408628 0.8187642718275198
vn -0.3320343343413748 -0.08923298586131624 0.9390370999341582
vn -0.3406430285754763 0.04754988760549063 0.9389895288402488
vn -0.8665517227296191 0.07854814109397791 0.49286742777851505
vn -0.6222664111993336 -0.09066279610907818 0.7775376331051673
vn -0.573419912730489 0.028542439680408628 0.8187642718275198
vn -0.3320343343413748 -0.08923298586131624 0.9390370999341582
vn -0.573419912730489 0.028542439680408628 0.8187642718275198
vn -0.6222664111993336 -0.09066279610907818 0.7775376331051673
vn -0.3899221510372197 0.5248181361776112 -0.7566549015697751
vn -0.44375387030477376 0.7667545017435808 -0.46386424376695296
vn -0.290495943831674 0.5803069364131915 -0.7608258448344676
vn -0.33785428113002836 0.8232902728506478 -0.45612236445017446
vn -0.290495943831674 0.5803069364131915 -0.7608258448344676
vn -0.44375387030477376 0.7667545017435808 -0.46386424376695296
vn -0.44375387030477376 0.7667545017435808 -0.46386424376695296
vn -0.3899221510372197 0.5248181361776112 -0.7566549015697751
vn -0.5470451090778775 0.692355109497836 -0.4705167913966646
vn -0.290495943831674 0.5803069364131915 -0.7608258448344676
vn -0.33785428113002836 0.8232902728506478 -0.45612236445017446
vn -0.1681753922176589 0.5907336307935973 -0.7891456233812937
vn -0.19281435526003454 0.8847108699042656 -0.4243928617200041
vn -0.1681753922176589 0.5907336307935973 -0.7891456233812937
vn -0.33785428113002836 0.8232902728506478 -0.45612236445017446
vn -0.3899221510372197 0.5248181361776112 -0.7566549015697751
vn -0.290495943831674 0.5803069364131915 -0.7608258448344676
vn -0.20613826595075094 0.29715541566899617 -0.9323120047759783
vn -0.20613826595075094 0.29715541566899617 -0.9323120047759783
vn -0.290495943831674 0.5803069364131915 -0.7608258448344676
vn -0.1346953948435646 0.357203864383678 -0.9242632470661716
vn -0.1681753922176589 0.5907336307935973 -0.7891456233812937
vn -0.1346953948435646 0.357203864383678 -0.9242632470661716
vn -0.290495943831674 0.5803069364131915 -0.7608258448344676
vn -0.2477064024221641 0.25540557223944005 -0.9345638190450736
vn -0.3899221510372197 0.5248181361776112 -0.7566549015697751
vn -0.20613826595075094 0.29715541566899617 -0.9323120047759783
vn -0.1346953948435646 0.357203864383678 -0.9242632470661716
vn -0.1681753922176589 0.5907336307935973 -0.7891456233812937
vn -0.07302220352922364 0.39937214814850197 -0.913876165065589
vn 0.03523465484727535 0.4479514461018815 -0.8933633197266534
vn -0.07302220352922364 0.39937214814850197 -0.913876165065589
vn -0.1681753922176589 0.5907336307935973 -0.7891456233812937
vn -0.1681753922176589 0.5907336307935973 -0.7891456233812937
vn -0.19281435526003454 0.8847108699042656 -0.4243928617200041
vn -0.018403767395345026 0.7201903009208744 -0.6935324302476117
vn -0.1681753922176589 0.5907336307935973 -0.7891456233812937
vn -0.018403767395345026 0.7201903009208744 -0.6935324302476117
vn 0.03523465484727535 0.4479514461018815 -0.8933633197266534
vn 0.2333853481283072 0.7828353939704406 -0.5768015475240804
vn -0.018403767395345026 0.7201903009208744 -0.6935324302476117
vn -0.19281435526003454 0.8847108699042656 -0.4243928617200041
vn 0.03523465484727535 0.4479514461018815 -0.8933633197266534
vn -0.018403767395345026 0.7201903009208744 -0.6935324302476117
vn 0.2333853481283072 0.7828353939704406 -0.5768015475240804
vn -0.3899221510372197 0.5248181361776112 -0.7566549015697751
vn -0.2477064024221641 0.25540557223944005 -0.9345638190450736
vn -0.44782152773789446 0.4723004466463105 -0.7592023230945711
vn -0.44782152773789446 0.4723004466463105 -0.7592023230945711
vn -0.5470451090778775 0.692355109497836 -0.4705167913966646
vn -0.3899221510372197 0.5248181361776112 -0.7566549015697751
vn -0.26604620608240787 0.23461663898998364 -0.9349729669558371
vn -0.44782152773789446 0.4723004466463105 -0.7592023230945711
vn -0.2477064024221641 0.25540557223944005 -0.9345638190450736
vn -0.5470451090778775 0.692355109497836 -0.4705167913966646
vn -0.44782152773789446 0.4723004466463105 -0.7592023230945711
vn -0.6154420731508047 0.6312081383929921 -0.47202472458791067
vn -0.44782152773789446 0.4723004466463105 -0.7592023230945711
vn -0.26604620608240787 0.23461663898998364 -0.9349729669558371
vn -0.5256100394202838 0.44055665300120517 -0.7277663924344016
vn -0.5256100394202838 0.44055665300120517 -0.7277663924344016
vn -0.6154420731508047 0.6312081383929921 -0.47202472458791067
vn -0.44782152773789446 0.4723004466463105 -0.7592023230945711
vn -0.6154420731508047 0.6312081383929921 -0.47202472458791067
vn -0.5256100394202838 0.44055665300120517 -0.7277663924344016
vn -0.6731258808540163 0.5662263650935817 -0.4756986987552253
vn -0.28994697796771585 0.20362835946339408 -0.9351289970852339
vn -0.5256100394202838 0.44055665300120517 -0.7277663924344016
vn -0.26604620608240787 0.23461663898998364 -0.9349729669558371
vn -0.5256100394202838 0.44055665300120517 -0.7277663924344016
vn -0.7324659140912523 0.48527279863983536 -0.47749763936037226
vn -0.6731258808540163 0.5662263650935817 -0.4756986987552253
vn -0.5256100394202838 0.44055665300120517 -0.7277663924344016
vn -0.28994697796771585 0.20362835946339408 -0.9351289970852339
vn -0.5537838955332514 0.3371629144940362 -0.7613439210618972
vn -0.5256100394202838 0.44055665300120517 -0.7277663924344016
vn -0.5537838955332514 0.3371629144940362 -0.7613439210618972
vn -0.7324659140912523 0.48527279863983536 -0.47749763936037226
vn -0.3114074423090131 0.1768371497775725 -0.9336776892124514
vn -0.5537838955332514 0.3371629144940362 -0.7613439210618972
vn -0.28994697796771585 0.20362835946339408 -0.9351289970852339
vn -0.5537838955332514 0.3371629144940362 -0.7613439210618972
vn -0.7862115725273661 0.3955378125948131 -0.47478542735825086
vn -0.7324659140912523 0.48527279863983536 -0.47749763936037226
vn -0.5537838955332514 0.3371629144940362 -0.7613439210618972
vn -0.3114074423090131 0.1768371497775725 -0.9336776892124514
vn -0.5859188481453101 0.28703234339071104 -0.7578334495360506
vn -0.5537838955332514 0.3371629144940362 -0.7613439210618972
vn -0.5859188481453101 0.28703234339071104 -0.7578334495360506
vn -0.7862115725273661 0.3955378125948131 -0.47478542735825086
vn -0.3252530487403691 0.168759549150852 -0.9304464889801543
vn -0.5859188481453101 0.28703234339071104 -0.7578334495360506
vn -0.3114074423090131 0.1768371497775725 -0.9336776892124514
vn -0.5859188481453101 0.28703234339071104 -0.7578334495360506
vn -0.8164144656613114 0.33211215856332826 -0.47240759349672007
vn -0.7862115725273661 0.3955378125948131 -0.47478542735825086
vn -0.5859188481453101 0.28703234339071104 -0.7578334495360506
vn -0.3252530487403691 0.168759549150852 -0.9304464889801543
vn -0.6035139123397871 0.25168629359776856 -0.7565877128445462
vn -0.5859188481453101 0.28703234339071104 -0.7578334495360506
vn -0.6035139123397871 0.25168629359776856 -0.7565877128445462
vn -0.8164144656613114 0.33211215856332826 -0.47240759349672007
vn -0.3357414568290504 0.14972767495660946 -0.9299781166879114
vn -0.6035139123397871 0.25168629359776856 -0.7565877128445462
vn -0.3252530487403691 0.168759549150852 -0.9304464889801543
vn -0.6035139123397871 0.25168629359776856 -0.7565877128445462
vn -0.841936777670735 0.2500524159063006 -0.47813831859080463
vn -0.8164144656613114 0.33211215856332826 -0.47240759349672007
vn -0.6035139123397871 0.25168629359776856 -0.7565877128445462
vn -0.3357414568290504 0.14972767495660946 -0.9299781166879114
vn -0.6180703197397942 0.17629515027287507 -0.7660999281079544
vn -0.6180703197397942 0.17629515027287507 -0.7660999281079544
vn -0.841936777670735 0.2500524159063006 -0.47813831859080463
vn -0.6035139123397871 0.25168629359776856 -0.7565877128445462
vn -0.34064303752346475 0.047550533325180784 -0.9389894928950366
vn -0.6180703197397942 0.17629515027287507 -0.7660999281079544
vn -0.3357414568290504 0.14972767495660946 -0.9299781166879114
vn -0.6180703197397942 0.17629515027287507 -0.7660999281079544
vn -0.8665512732738633 0.07854851413247156 -0.49286815855259614
vn -0.841936777670735 0.2500524159063006 -0.47813831859080463
vn -0.6180703197397942 0.17629515027287507 -0.7660999281079544
vn -0.34064303752346475 0.047550533325180784 -0.9389894928950366
vn -0.5734195037302796 0.028542678835634768 -0.8187645499327665
vn -0.5734195037302796 0.028542678835634768 -0.8187645499327665
vn -0.8665512732738633 0.07854851413247156 -0.49286815855259614
vn -0.6180703197397942 0.17629515027287507 -0.7660999281079544
vn -0.33203491194860957 -0.0892278666945604 -0.9390373821379088
vn -0.5734195037302796 0.028542678835634768 -0.8187645499327665
vn -0.34064303752346475 0.047550533325180784 -0.9389894928950366
vn -0.6222685920691439 -0.0906600078442473 -0.7775362128556885
vn -0.8665512732738633 0.07854851413247156 -0.49286815855259614
vn -0.5734195037302796 0.028542678835634768 -0.8187645499327665
vn -0.5734195037302796 0.028542678835634768 -0.8187645499327665
vn -0.33203491194860957 -0.0892278666945604 -0.9390373821379088
vn -0.6222685920691439 -0.0906600078442473 -0.7775362128556885
vn 0.7544302954163914 0.004385787002393626 -0.6563655187700724
vn 0.5610301812968435 -0.35515277645686283 -0.7477376819774517
vn 0.018381355177170156 -0.09560695193241703 -0.995249434324905
vn 0.018381355177170156 -0.09560695193241703 -0.995249434324905
vn 0.5610301812968435 -0.35515277645686283 -0.7477376819774517
vn 0.049360903091259345 -0.256737380764044 -0.9652198809413497
vn -0.4401869047739478 -0.6410529819527707 -0.6287181906029059
vn 0.018381355177170156 -0.09560695193241703 -0.995249434324905
vn 0.049360903091259345 -0.256737380764044 -0.9652198809413497
vn 0.5610301812968435 -0.35515277645686283 -0.7477376819774517
vn -0.4401869047739478 -0.6410529819527707 -0.6287181906029059
vn 0.049360903091259345 -0.256737380764044 -0.9652198809413497
vn 0.018381355177170156 -0.09560695193241703 -0.995249434324905
vn -0.4401869047739478 -0.6410529819527707 -0.6287181906029059
vn -0.633257420481832 -0.19606770837890936 -0.7486938580860263
vn -0.4401869047739478 -0.6410529819527707 -0.6287181906029059
vn -0.9677696407194298 -0.2518370951662714 -1.4166986791166083e-9
vn -0.633257420481832 -0.19606770837890936 -0.7486938580860263
vn 0.5610301812968435 -0.35515277645686283 -0.7477376819774517
vn 0.7544302954163914 0.004385787002393626 -0.6563655187700724
vn 0.7695810440433188 -0.6385491497521515 1.4403572493385673e-9
vn 0.7695810440433188 -0.6385491497521515 1.4403572493385673e-9
vn -0.4401869047739478 -0.6410529819527707 -0.6287181906029059
vn 0.5610301812968435 -0.35515277645686283 -0.7477376819774517
vn 0.7544302954163914 0.004385787002393626 -0.6563655187700724
vn 0.9994345654723057 0.03362364256268904 8.665687350830016e-9
vn 0.7695810440433188 -0.6385491497521515 1.4403572493385673e-9
vn -0.9677696407194298 -0.2518370951662714 -1.4166986791166083e-9
vn -0.4401869047739478 -0.6410529819527707 -0.6287181906029059
vn -0.41490598227971404 -0.9098642898083791 -5.083259503054842e-9
vn -0.4401869047739478 -0.6410529819527707 -0.6287181906029059
vn 0.7695810440433188 -0.6385491497521515 1.4403572493385673e-9
vn -0.41490598227971404 -0.9098642898083791 -5.083259503054842e-9
vn 0.7544302954126461 0.0043857881342584445 0.656365518766814
vn 0.7695810440433188 -0.6385491497521515 1.4403572493385673e-9
vn 0.9994345654723057 0.03362364256268904 8.665687350830016e-9
vn -0.4401869047739478 -0.6410529819527707 0.6287181906029059
vn -0.9677696407194298 -0.2518370951662714 -1.4166986791166083e-9
vn -0.41490598227971404 -0.9098642898083791 -5.083259503054842e-9
vn 0.7695810440433188 -0.6385491497521515 1.4403572493385673e-9
vn -0.4401869047739478 -0.6410529819527707 0.6287181906029059
vn -0.41490598227971404 -0.9098642898083791 -5.083259503054842e-9
vn -0.9677696407194298 -0.2518370951662714 -1.4166986791166083e-9
vn -0.4401869047739478 -0.6410529819527707 0.6287181906029059
vn -0.633257383776796 -0.19606773841384514 0.7486938812662006
vn 0.018381355177170156 -0.09560695193241703 0.995249434324905
vn -0.633257383776796 -0.19606773841384514 0.7486938812662006
vn -0.4401869047739478 -0.6410529819527707 0.6287181906029059
vn 0.7695810440433188 -0.6385491497521515 1.4403572493385673e-9
vn 0.7544302954126461 0.0043857881342584445 0.656365518766814
vn 0.5610301812968435 -0.35515277645686283 0.7477376819774517
vn 0.018381355177170156 -0.09560695193241703 0.995249434324905
vn 0.5610301812968435 -0.35515277645686283 0.7477376819774517
vn 0.7544302954126461 0.0043857881342584445 0.656365518766814
vn 0.5610301812968435 -0.35515277645686283 0.7477376819774517
vn -0.4401869047739478 -0.6410529819527707 0.6287181906029059
vn 0.7695810440433188 -0.6385491497521515 1.4403572493385673e-9
vn 0.04936089972163375 -0.2567373808068509 0.9652198811022847
vn 0.018381355177170156 -0.09560695193241703 0.995249434324905
vn -0.4401869047739478 -0.6410529819527707 0.6287181906029059
vn 0.5610301812968435 -0.35515277645686283 0.7477376819774517
vn 0.018381355177170156 -0.09560695193241703 0.995249434324905
vn 0.04936089972163375 -0.2567373808068509 0.9652198811022847
vn -0.4401869047739478 -0.6410529819527707 0.6287181906029059
vn 0.5610301812968435 -0.35515277645686283 0.7477376819774517
vn 0.04936089972163375 -0.2567373808068509 0.9652198811022847
vn 0.018381351852102535 0.09560696309225096 -0.9952494333142653
vn 0.561030220604813 0.3551527650271291 -0.7477376579133217
vn 0.7544302954163914 -0.004385787002393626 -0.6563655187700724
vn 0.561030220604813 0.3551527650271291 -0.7477376579133217
vn 0.018381351852102535 0.09560696309225096 -0.9952494333142653
vn 0.04936091261717807 0.2567374236042825 -0.9652198690591872
vn 0.018381351852102535 0.09560696309225096 -0.9952494333142653
vn -0.44018686510706895 0.6410530215680461 -0.6287181779825437
vn 0.04936091261717807 0.2567374236042825 -0.9652198690591872
vn -0.44018686510706895 0.6410530215680461 -0.6287181779825437
vn 0.561030220604813 0.3551527650271291 -0.7477376579133217
vn 0.04936091261717807 0.2567374236042825 -0.9652198690591872
vn -0.44018686510706895 0.6410530215680461 -0.6287181779825437
vn 0.018381351852102535 0.09560696309225096 -0.9952494333142653
vn -0.6332574476931347 0.1960677407685298 -0.7486938265880796
vn -0.44018686510706895 0.6410530215680461 -0.6287181779825437
vn -0.6332574476931347 0.1960677407685298 -0.7486938265880796
vn -0.9677696407194298 0.2518370951662714 -1.4166986791166083e-9
vn 0.7695810440433188 0.6385491497521515 1.4403572493385673e-9
vn 0.7544302954163914 -0.004385787002393626 -0.6563655187700724
vn 0.561030220604813 0.3551527650271291 -0.7477376579133217
vn -0.44018686510706895 0.6410530215680461 -0.6287181779825437
vn 0.7695810440433188 0.6385491497521515 1.4403572493385673e-9
vn 0.561030220604813 0.3551527650271291 -0.7477376579133217
vn 0.7544302954163914 -0.004385787002393626 -0.6563655187700724
vn 0.7695810440433188 0.6385491497521515 1.4403572493385673e-9
vn 0.9994345654723057 -0.03362364256268904 8.665687350830016e-9
vn -0.44018686510706895 0.6410530215680461 -0.6287181779825437
vn -0.9677696407194298 0.2518370951662714 -1.4166986791166083e-9
vn -0.41490598227971404 0.9098642898083791 -5.083259503054842e-9
vn -0.41490598227971404 0.9098642898083791 -5.083259503054842e-9
vn 0.7695810440433188 0.6385491497521515 1.4403572493385673e-9
vn -0.44018686510706895 0.6410530215680461 -0.6287181779825437
vn 0.7695810440433188 0.6385491497521515 1.4403572493385673e-9
vn 0.7544302954126461 -0.0043857881342584445 0.656365518766814
vn 0.9994345654723057 -0.03362364256268904 8.665687350830016e-9
vn -0.9677696407194298 0.2518370951662714 -1.4166986791166083e-9
vn -0.4401869047739478 0.6410529819527707 0.6287181906029059
vn -0.41490598227971404 0.9098642898083791 -5.083259503054842e-9
vn -0.4401869047739478 0.6410529819527707 0.6287181906029059
vn 0.7695810440433188 0.6385491497521515 1.4403572493385673e-9
vn -0.41490598227971404 0.9098642898083791 -5.083259503054842e-9
vn -0.4401869047739478 0.6410529819527707 0.6287181906029059
vn -0.9677696407194298 0.2518370951662714 -1.4166986791166083e-9
vn -0.6332574476931347 0.1960677407685298 0.7486938265880796
vn -0.4401869047739478 0.6410529819527707 0.6287181906029059
vn -0.6332574476931347 0.1960677407685298 0.7486938265880796
vn 0.01838135352452772 0.09560695193532234 0.9952494343551488
vn 0.7544302954126461 -0.0043857881342584445 0.656365518766814
vn 0.7695810440433188 0.6385491497521515 1.4403572493385673e-9
vn 0.5610301812968435 0.35515277645686283 0.7477376819774517
vn 0.7695810440433188 0.6385491497521515 1.4403572493385673e-9
vn -0.4401869047739478 0.6410529819527707 0.6287181906029059
vn 0.5610301812968435 0.35515277645686283 0.7477376819774517
vn 0.5610301812968435 0.35515277645686283 0.7477376819774517
vn 0.01838135352452772 0.09560695193532234 0.9952494343551488
vn 0.7544302954126461 -0.0043857881342584445 0.656365518766814
vn 0.01838135352452772 0.09560695193532234 0.9952494343551488
vn 0.04936090924755253 0.25673742364708935 0.9652198692201224
vn -0.4401869047739478 0.6410529819527707 0.6287181906029059
vn 0.5610301812968435 0.35515277645686283 0.7477376819774517
vn -0.4401869047739478 0.6410529819527707 0.6287181906029059
vn 0.04936090924755253 0.25673742364708935 0.9652198692201224
vn 0.01838135352452772 0.09560695193532234 0.9952494343551488
vn 0.5610301812968435 0.35515277645686283 0.7477376819774517
vn 0.04936090924755253 0.25673742364708935 0.9652198692201224
vn -0.8620847734396049 0.09832567752852349 0.49713368880225944
vn -0.8665514181780015 -0.07854846112597935 0.492867912232512
vn -0.6222653946025112 0.09066195483157874 0.7775385447849502
vn -0.3320342025276309 0.08923228827473884 0.9390372128308304
vn -0.32604310555085575 0.11256093125840475 0.9386298152503969
vn -0.6222653946025112 0.09066195483157874 0.7775385447849502
vn -0.8620847734396049 0.09832567752852349 0.49713368880225944
vn -0.6222653946025112 0.09066195483157874 0.7775385447849502
vn -0.6649098537649093 0.14347724540535692 0.7330137559536094
vn -0.6222653946025112 0.09066195483157874 0.7775385447849502
vn -0.32604310555085575 0.11256093125840475 0.9386298152503969
vn -0.6649098537649093 0.14347724540535692 0.7330137559536094
vn -0.8519879578636285 0.16796033332624372 0.495888945313667
vn -0.8620847734396049 0.09832567752852349 0.49713368880225944
vn -0.6649098537649093 0.14347724540535692 0.7330137559536094
vn -0.32604310555085575 0.11256093125840475 0.9386298152503969
vn -0.6089918937303684 0.14501668948325708 0.7798070486614085
vn -0.6649098537649093 0.14347724540535692 0.7330137559536094
vn -0.8519879578636285 0.16796033332624372 0.495888945313667
vn -0.6649098537649093 0.14347724540535692 0.7330137559536094
vn -0.6089918937303684 0.14501668948325708 0.7798070486614085
vn -0.6089918937303684 0.14501668948325708 0.7798070486614085
vn -0.32604310555085575 0.11256093125840475 0.9386298152503969
vn -0.3315610408733359 0.08484769331544553 0.9396106348451139
vn -0.8473603387775446 0.19651088810693168 0.4933192953070351
vn -0.8519879578636285 0.16796033332624372 0.495888945313667
vn -0.6089918937303684 0.14501668948325708 0.7798070486614085
vn -0.3315610408733359 0.08484769331544553 0.9396106348451139
vn -0.6100512182663265 0.1426307262722098 0.7794190060646667
vn -0.6089918937303684 0.14501668948325708 0.7798070486614085
vn -0.8473603387775446 0.19651088810693168 0.4933192953070351
vn -0.6089918937303684 0.14501668948325708 0.7798070486614085
vn -0.6100512182663265 0.1426307262722098 0.7794190060646667
vn -0.6100512182663265 0.1426307262722098 0.7794190060646667
vn -0.3315610408733359 0.08484769331544553 0.9396106348451139
vn -0.34102651809260326 0.07395187658838304 0.9371403490975575
vn -0.8513123018125544 0.19637173907737399 0.4865238995921352
vn -0.8473603387775446 0.19651088810693168 0.4933192953070351
vn -0.6100512182663265 0.1426307262722098 0.7794190060646667
vn -0.34102651809260326 0.07395187658838304 0.9371403490975575
vn -0.6616288221245714 0.0649216205476509 0.7470157193255835
vn -0.6100512182663265 0.1426307262722098 0.7794190060646667
vn -0.8513123018125544 0.19637173907737399 0.4865238995921352
vn -0.6100512182663265 0.1426307262722098 0.7794190060646667
vn -0.6616288221245714 0.0649216205476509 0.7470157193255835
vn -0.8707557781267299 0.07836178767691382 0.4854315658164304
vn -0.8513123018125544 0.19637173907737399 0.4865238995921352
vn -0.6616288221245714 0.0649216205476509 0.7470157193255835
vn -0.6616288221245714 0.0649216205476509 0.7470157193255835
vn -0.34102651809260326 0.07395187658838304 0.9371403490975575
vn -0.3499480881270463 0.01423044387118651 0.9366610006205309
vn -0.6616288221245714 0.0649216205476509 0.7470157193255835
vn -0.8579397732638671 -0.1461658409841799 0.49251892591181934
vn -0.8707557781267299 0.07836178767691382 0.4854315658164304
vn -0.3499480881270463 0.01423044387118651 0.9366610006205309
vn -0.5630248515946761 -0.14622203064248807 0.8134015823943178
vn -0.6616288221245714 0.0649216205476509 0.7470157193255835
vn -0.8579397732638671 -0.1461658409841799 0.49251892591181934
vn -0.6616288221245714 0.0649216205476509 0.7470157193255835
vn -0.5630248515946761 -0.14622203064248807 0.8134015823943178
vn -0.5630248515946761 -0.14622203064248807 0.8134015823943178
vn -0.3499480881270463 0.01423044387118651 0.9366610006205309
vn -0.33773390139918646 -0.0718953433148494 0.9384918068131041
vn -0.5630248515946761 -0.14622203064248807 0.8134015823943178
vn -0.7923497471758021 -0.35878947002878125 0.4934085470955167
vn -0.8579397732638671 -0.1461658409841799 0.49251892591181934
vn -0.31473340474078615 -0.13996624434378452 0.9388036719062024
vn -0.5630248515946761 -0.14622203064248807 0.8134015823943178
vn -0.33773390139918646 -0.0718953433148494 0.9384918068131041
vn -0.7923497471758021 -0.35878947002878125 0.4934085470955167
vn -0.5630248515946761 -0.14622203064248807 0.8134015823943178
vn -0.5577622365172711 -0.2851682724840058 0.7794744023274527
vn -0.5630248515946761 -0.14622203064248807 0.8134015823943178
vn -0.31473340474078615 -0.13996624434378452 0.9388036719062024
vn -0.5577622365172711 -0.2851682724840058 0.7794744023274527
vn -0.5577622365172711 -0.2851682724840058 0.7794744023274527
vn -0.7517065780145378 -0.44371511280786624 0.4879079003619187
vn -0.7923497471758021 -0.35878947002878125 0.4934085470955167
vn -0.2978724246498599 -0.1802580465350826 0.9374321603681887
vn -0.5577622365172711 -0.2851682724840058 0.7794744023274527
vn -0.31473340474078615 -0.13996624434378452 0.9388036719062024
vn -0.7517065780145378 -0.44371511280786624 0.4879079003619187
vn -0.5577622365172711 -0.2851682724840058 0.7794744023274527
vn -0.5474531818080652 -0.33909739288915214 0.7650542280544599
vn -0.5577622365172711 -0.2851682724840058 0.7794744023274527
vn -0.2978724246498599 -0.1802580465350826 0.9374321603681887
vn -0.5474531818080652 -0.33909739288915214 0.7650542280544599
vn -0.5474531818080652 -0.33909739288915214 0.7650542280544599
vn -0.74091106432091 -0.47977054574960726 0.469969167284387
vn -0.7517065780145378 -0.44371511280786624 0.4879079003619187
vn -0.2978131570958571 -0.2238094532653391 0.928017592553971
vn -0.5474531818080652 -0.33909739288915214 0.7650542280544599
vn -0.2978724246498599 -0.1802580465350826 0.9374321603681887
vn -0.74091106432091 -0.47977054574960726 0.469969167284387
vn -0.5474531818080652 -0.33909739288915214 0.7650542280544599
vn -0.5499918321226416 -0.38597277171299577 0.7406308149777241
vn -0.5474531818080652 -0.33909739288915214 0.7650542280544599
vn -0.2978131570958571 -0.2238094532653391 0.928017592553971
vn -0.5499918321226416 -0.38597277171299577 0.7406308149777241
vn -0.5499918321226416 -0.38597277171299577 0.7406308149777241
vn -0.7427993730764708 -0.5090508776083242 0.4348750341918891
vn -0.74091106432091 -0.47977054574960726 0.469969167284387
vn -0.3199061759663499 -0.32474077069300894 0.8900581275558903
vn -0.5499918321226416 -0.38597277171299577 0.7406308149777241
vn -0.2978131570958571 -0.2238094532653391 0.928017592553971
vn -0.7427993730764708 -0.5090508776083242 0.4348750341918891
vn -0.5499918321226416 -0.38597277171299577 0.7406308149777241
vn -0.5794573249824538 -0.46480050611814144 0.6694697140547123
vn -0.5499918321226416 -0.38597277171299577 0.7406308149777241
vn -0.3199061759663499 -0.32474077069300894 0.8900581275558903
vn -0.5794573249824538 -0.46480050611814144 0.6694697140547123
vn -0.5794573249824538 -0.46480050611814144 0.6694697140547123
vn -0.7764549770832135 -0.5132531072754772 0.3656349496899518
vn -0.7427993730764708 -0.5090508776083242 0.4348750341918891
vn -0.44441875032311756 -0.4230186515174487 0.7896500457985156
vn -0.5794573249824538 -0.46480050611814144 0.6694697140547123
vn -0.3199061759663499 -0.32474077069300894 0.8900581275558903
vn -0.5794573249824538 -0.46480050611814144 0.6694697140547123
vn -0.44441875032311756 -0.4230186515174487 0.7896500457985156
vn -0.6722788206974154 -0.463602780923845 0.5771599854125109
vn -0.7764549770832135 -0.5132531072754772 0.3656349496899518
vn -0.5794573249824538 -0.46480050611814144 0.6694697140547123
vn -0.6722788206974154 -0.463602780923845 0.5771599854125109
vn -0.6388479064334476 -0.33927991558050025 0.6904798992941719
vn -0.6722788206974154 -0.463602780923845 0.5771599854125109
vn -0.44441875032311756 -0.4230186515174487 0.7896500457985156
vn -0.7764549770832135 -0.5132531072754772 0.3656349496899518
vn -0.6722788206974154 -0.463602780923845 0.5771599854125109
vn -0.7871803921312691 -0.37415978839587355 0.49025654813741815
vn -0.6722788206974154 -0.463602780923845 0.5771599854125109
vn -0.6388479064334476 -0.33927991558050025 0.6904798992941719
vn -0.7871803921312691 -0.37415978839587355 0.49025654813741815
vn -0.8635438991638692 -0.386529041023226 0.323862987484718
vn -0.7764549770832135 -0.5132531072754772 0.3656349496899518
vn -0.7871803921312691 -0.37415978839587355 0.49025654813741815
vn -0.6388479064334476 -0.33927991558050025 0.6904798992941719
vn -0.7440160783214672 -0.2227834520663586 0.6299266692913875
vn -0.7871803921312691 -0.37415978839587355 0.49025654813741815
vn -0.8635438991638692 -0.386529041023226 0.323862987484718
vn -0.7871803921312691 -0.37415978839587355 0.49025654813741815
vn -0.8516237885364402 -0.27403528057533677 0.4468126987886949
vn -0.7871803921312691 -0.37415978839587355 0.49025654813741815
vn -0.7440160783214672 -0.2227834520663586 0.6299266692913875
vn -0.8516237885364402 -0.27403528057533677 0.4468126987886949
vn -0.9052425842113363 -0.2947745062660022 0.30601283336817187
vn -0.8635438991638692 -0.386529041023226 0.323862987484718
vn -0.8516237885364402 -0.27403528057533677 0.4468126987886949
vn -0.7440160783214672 -0.2227834520663586 0.6299266692913875
vn -0.7894860371241194 -0.16609433281925598 0.5908675568952656
vn -0.8516237885364402 -0.27403528057533677 0.4468126987886949
vn -0.8516237885364402 -0.27403528057533677 0.4468126987886949
vn -0.8889689972834766 -0.2341263318280927 0.39359748806811773
vn -0.9052425842113363 -0.2947745062660022 0.30601283336817187
vn -0.8516237885364402 -0.27403528057533677 0.4468126987886949
vn -0.7894860371241194 -0.16609433281925598 0.5908675568952656
vn -0.8889689972834766 -0.2341263318280927 0.39359748806811773
vn -0.9303392109332524 -0.24800042155487217 0.27011986877810173
vn -0.9052425842113363 -0.2947745062660022 0.30601283336817187
vn -0.8889689972834766 -0.2341263318280927 0.39359748806811773
vn -0.8912588275455554 -0.1857819132321625 0.4136940693772624
vn -0.8889689972834766 -0.2341263318280927 0.39359748806811773
vn -0.7894860371241194 -0.16609433281925598 0.5908675568952656
vn -0.8889689972834766 -0.2341263318280927 0.39359748806811773
vn -0.8912588275455554 -0.1857819132321625 0.4136940693772624
vn -0.9303392109332524 -0.24800042155487217 0.27011986877810173
vn -0.7894860371241194 -0.16609433281925598 0.5908675568952656
vn -0.8932628354320095 -0.07953651779632001 0.4424425942117263
vn -0.8912588275455554 -0.1857819132321625 0.4136940693772624
vn -0.9475458791058977 -0.11306209210815352 0.2989544619462282
vn -0.9303392109332524 -0.24800042155487217 0.27011986877810173
vn -0.8912588275455554 -0.1857819132321625 0.4136940693772624
vn -0.8932628354320095 -0.07953651779632001 0.4424425942117263
vn -0.9475458791058977 -0.11306209210815352 0.2989544619462282
vn -0.8912588275455554 -0.1857819132321625 0.4136940693772624
vn -0.9475458791058977 -0.11306209210815352 0.2989544619462282
vn -0.8932628354320095 -0.07953651779632001 0.4424425942117263
vn -0.9361212757015623 -0.039829005343296454 0.34941466413452504
vn -0.6222676099029454 0.0906591575569521 -0.7775370980324603
vn -0.8665518676335497 -0.07854808808744988 -0.4928671814582638
vn -0.8620847734396049 0.09832567752852349 -0.49713368880225944
vn -0.6222676099029454 0.0906591575569521 -0.7775370980324603
vn -0.326048466229785 0.11256198642813856 -0.9386278266067741
vn -0.33203478030288164 0.08922716344285851 -0.9390374955097153
vn -0.8620847734396049 0.09832567752852349 -0.49713368880225944
vn -0.6649140346063026 0.1434776576090357 -0.7330098828464682
vn -0.6222676099029454 0.0906591575569521 -0.7775370980324603
vn -0.326048466229785 0.11256198642813856 -0.9386278266067741
vn -0.6222676099029454 0.0906591575569521 -0.7775370980324603
vn -0.6649140346063026 0.1434776576090357 -0.7330098828464682
vn -0.6649140346063026 0.1434776576090357 -0.7330098828464682
vn -0.8620847734396049 0.09832567752852349 -0.49713368880225944
vn -0.8519879578636285 0.16796033332624372 -0.495888945313667
vn -0.326048466229785 0.11256198642813856 -0.9386278266067741
vn -0.6649140346063026 0.1434776576090357 -0.7330098828464682
vn -0.6089895545975941 0.14501907427773966 -0.77980843191559
vn -0.8519879578636285 0.16796033332624372 -0.495888945313667
vn -0.6089895545975941 0.14501907427773966 -0.77980843191559
vn -0.6649140346063026 0.1434776576090357 -0.7330098828464682
vn -0.3315560921831206 0.08485044992551893 -0.9396121321501204
vn -0.326048466229785 0.11256198642813856 -0.9386278266067741
vn -0.6089895545975941 0.14501907427773966 -0.77980843191559
vn -0.6089895545975941 0.14501907427773966 -0.77980843191559
vn -0.8519879578636285 0.16796033332624372 -0.495888945313667
vn -0.8473603387775446 0.19651088810693168 -0.4933192953070351
vn -0.3315560921831206 0.08485044992551893 -0.9396121321501204
vn -0.6089895545975941 0.14501907427773966 -0.77980843191559
vn -0.6100496675351661 0.14262953742323675 -0.7794204373729668
vn -0.8473603387775446 0.19651088810693168 -0.4933192953070351
vn -0.6100496675351661 0.14262953742323675 -0.7794204373729668
vn -0.6089895545975941 0.14501907427773966 -0.77980843191559
vn -0.34102683722981764 0.07395050550395622 -0.9371403411574686
vn -0.3315560921831206 0.08485044992551893 -0.9396121321501204
vn -0.6100496675351661 0.14262953742323675 -0.7794204373729668
vn -0.6100496675351661 0.14262953742323675 -0.7794204373729668
vn -0.8473603387775446 0.19651088810693168 -0.4933192953070351
vn -0.8513123018125544 0.19637173907737399 -0.4865238995921352
vn -0.34102683722981764 0.07395050550395622 -0.9371403411574686
vn -0.6100496675351661 0.14262953742323675 -0.7794204373729668
vn -0.6616288221245714 0.0649216205476509 -0.7470157193255835
vn -0.8513123018125544 0.19637173907737399 -0.4865238995921352
vn -0.6616288221245714 0.0649216205476509 -0.7470157193255835
vn -0.6100496675351661 0.14262953742323675 -0.7794204373729668
vn -0.6616288221245714 0.0649216205476509 -0.7470157193255835
vn -0.8513123018125544 0.19637173907737399 -0.4865238995921352
vn -0.8707557781267299 0.07836178767691382 -0.4854315658164304
vn -0.34994817821696206 0.014230514136978735 -0.9366609658942913
vn -0.34102683722981764 0.07395050550395622 -0.9371403411574686
vn -0.6616288221245714 0.0649216205476509 -0.7470157193255835
vn -0.6616288221245714 0.0649216205476509 -0.7470157193255835
vn -0.8707557781267299 0.07836178767691382 -0.4854315658164304
vn -0.8579397732638671 -0.1461658409841799 -0.49251892591181934
vn -0.5630256435863761 -0.14622223790138325 -0.8134009969303321
vn -0.34994817821696206 0.014230514136978735 -0.9366609658942913
vn -0.6616288221245714 0.0649216205476509 -0.7470157193255835
vn -0.5630256435863761 -0.14622223790138325 -0.8134009969303321
vn -0.6616288221245714 0.0649216205476509 -0.7470157193255835
vn -0.8579397732638671 -0.1461658409841799 -0.49251892591181934
vn -0.5630256435863761 -0.14622223790138325 -0.8134009969303321
vn -0.3377355452923972 -0.07189569311847242 -0.938491188428033
vn -0.34994817821696206 0.014230514136978735 -0.9366609658942913
vn -0.8579397732638671 -0.1461658409841799 -0.49251892591181934
vn -0.7923497471758021 -0.35878947002878125 -0.4934085470955167
vn -0.5630256435863761 -0.14622223790138325 -0.8134009969303321
vn -0.5630256435863761 -0.14622223790138325 -0.8134009969303321
vn -0.31473446432864766 -0.13996611133922912 -0.9388033365089485
vn -0.3377355452923972 -0.07189569311847242 -0.938491188428033
vn -0.5577622365172711 -0.2851682724840058 -0.7794744023274527
vn -0.5630256435863761 -0.14622223790138325 -0.8134009969303321
vn -0.7923497471758021 -0.35878947002878125 -0.4934085470955167
vn -0.31473446432864766 -0.13996611133922912 -0.9388033365089485
vn -0.5630256435863761 -0.14622223790138325 -0.8134009969303321
vn -0.5577622365172711 -0.2851682724840058 -0.7794744023274527
vn -0.5577622365172711 -0.2851682724840058 -0.7794744023274527
vn -0.7923497471758021 -0.35878947002878125 -0.4934085470955167
vn -0.7517065780145378 -0.44371511280786624 -0.4879079003619187
vn -0.5577622365172711 -0.2851682724840058 -0.7794744023274527
vn -0.2978724246498599 -0.1802580465350826 -0.9374321603681887
vn -0.31473446432864766 -0.13996611133922912 -0.9388033365089485
vn -0.5474531818080652 -0.33909739288915214 -0.7650542280544599
vn -0.5577622365172711 -0.2851682724840058 -0.7794744023274527
vn -0.7517065780145378 -0.44371511280786624 -0.4879079003619187
vn -0.2978724246498599 -0.1802580465350826 -0.9374321603681887
vn -0.5577622365172711 -0.2851682724840058 -0.7794744023274527
vn -0.5474531818080652 -0.33909739288915214 -0.7650542280544599
vn -0.5474531818080652 -0.33909739288915214 -0.7650542280544599
vn -0.7517065780145378 -0.44371511280786624 -0.4879079003619187
vn -0.74091106432091 -0.47977054574960726 -0.469969167284387
vn -0.5474531818080652 -0.33909739288915214 -0.7650542280544599
vn -0.2978131570958571 -0.2238094532653391 -0.928017592553971
vn -0.2978724246498599 -0.1802580465350826 -0.9374321603681887
vn -0.5499918321226416 -0.38597277171299577 -0.7406308149777241
vn -0.5474531818080652 -0.33909739288915214 -0.7650542280544599
vn -0.74091106432091 -0.47977054574960726 -0.469969167284387
vn -0.2978131570958571 -0.2238094532653391 -0.928017592553971
vn -0.5474531818080652 -0.33909739288915214 -0.7650542280544599
vn -0.5499918321226416 -0.38597277171299577 -0.7406308149777241
vn -0.5499918321226416 -0.38597277171299577 -0.7406308149777241
vn -0.74091106432091 -0.47977054574960726 -0.469969167284387
vn -0.7427993730764708 -0.5090508776083242 -0.4348750341918891
vn -0.5499918321226416 -0.38597277171299577 -0.7406308149777241
vn -0.3199061759663499 -0.32474077069300894 -0.8900581275558903
vn -0.2978131570958571 -0.2238094532653391 -0.928017592553971
vn -0.5794573249824538 -0.46480050611814144 -0.6694697140547123
vn -0.5499918321226416 -0.38597277171299577 -0.7406308149777241
vn -0.7427993730764708 -0.5090508776083242 -0.4348750341918891
vn -0.3199061759663499 -0.32474077069300894 -0.8900581275558903
vn -0.5499918321226416 -0.38597277171299577 -0.7406308149777241
vn -0.5794573249824538 -0.46480050611814144 -0.6694697140547123
vn -0.5794573249824538 -0.46480050611814144 -0.6694697140547123
vn -0.7427993730764708 -0.5090508776083242 -0.4348750341918891
vn -0.7764549770832135 -0.5132531072754772 -0.3656349496899518
vn -0.5794573249824538 -0.46480050611814144 -0.6694697140547123
vn -0.44441875032311756 -0.4230186515174487 -0.7896500457985156
vn -0.3199061759663499 -0.32474077069300894 -0.8900581275558903
vn -0.44441875032311756 -0.4230186515174487 -0.7896500457985156
vn -0.5794573249824538 -0.46480050611814144 -0.6694697140547123
vn -0.6722788206974154 -0.463602780923845 -0.5771599854125109
vn -0.6722788206974154 -0.463602780923845 -0.5771599854125109
vn -0.5794573249824538 -0.46480050611814144 -0.6694697140547123
vn -0.7764549770832135 -0.5132531072754772 -0.3656349496899518
vn -0.6722788206974154 -0.463602780923845 -0.5771599854125109
vn -0.6388479064334476 -0.33927991558050025 -0.6904798992941719
vn -0.44441875032311756 -0.4230186515174487 -0.7896500457985156
vn -0.7764549770832135 -0.5132531072754772 -0.3656349496899518
vn -0.7871803921312691 -0.37415978839587355 -0.49025654813741815
vn -0.6722788206974154 -0.463602780923845 -0.5771599854125109
vn -0.6388479064334476 -0.33927991558050025 -0.6904798992941719
vn -0.6722788206974154 -0.463602780923845 -0.5771599854125109
vn -0.7871803921312691 -0.37415978839587355 -0.49025654813741815
vn -0.7871803921312691 -0.37415978839587355 -0.49025654813741815
vn -0.7764549770832135 -0.5132531072754772 -0.3656349496899518
vn -0.8635438991638692 -0.386529041023226 -0.323862987484718
vn -0.7871803921312691 -0.37415978839587355 -0.49025654813741815
vn -0.7440160783214672 -0.2227834520663586 -0.6299266692913875
vn -0.6388479064334476 -0.33927991558050025 -0.6904798992941719
vn -0.8635438991638692 -0.386529041023226 -0.323862987484718
vn -0.8516237885364402 -0.27403528057533677 -0.4468126987886949
vn -0.7871803921312691 -0.37415978839587355 -0.49025654813741815
vn -0.7440160783214672 -0.2227834520663586 -0.6299266692913875
vn -0.7871803921312691 -0.37415978839587355 -0.49025654813741815
vn -0.8516237885364402 -0.27403528057533677 -0.4468126987886949
vn -0.8516237885364402 -0.27403528057533677 -0.4468126987886949
vn -0.8635438991638692 -0.386529041023226 -0.323862987484718
vn -0.9052425842113363 -0.2947745062660022 -0.30601283336817187
vn -0.8516237885364402 -0.27403528057533677 -0.4468126987886949
vn -0.7894860371241194 -0.16609433281925598 -0.5908675568952656
vn -0.7440160783214672 -0.2227834520663586 -0.6299266692913875
vn -0.9052425842113363 -0.2947745062660022 -0.30601283336817187
vn -0.8889689972834766 -0.2341263318280927 -0.39359748806811773
vn -0.8516237885364402 -0.27403528057533677 -0.4468126987886949
vn -0.7894860371241194 -0.16609433281925598 -0.5908675568952656
vn -0.8516237885364402 -0.27403528057533677 -0.4468126987886949
vn -0.8889689972834766 -0.2341263318280927 -0.39359748806811773
vn -0.8889689972834766 -0.2341263318280927 -0.39359748806811773
vn -0.9052425842113363 -0.2947745062660022 -0.30601283336817187
vn -0.9303392109332524 -0.24800042155487217 -0.27011986877810173
vn -0.7894860371241194 -0.16609433281925598 -0.5908675568952656
vn -0.8889689972834766 -0.2341263318280927 -0.39359748806811773
vn -0.8912588275455554 -0.1857819132321625 -0.4136940693772624
vn -0.8912588275455554 -0.1857819132321625 -0.4136940693772624
vn -0.8889689972834766 -0.2341263318280927 -0.39359748806811773
vn -0.9303392109332524 -0.24800042155487217 -0.27011986877810173
vn -0.8932628354320095 -0.07953651779632001 -0.4424425942117263
vn -0.7894860371241194 -0.16609433281925598 -0.5908675568952656
vn -0.8912588275455554 -0.1857819132321625 -0.4136940693772624
vn -0.9303392109332524 -0.24800042155487217 -0.27011986877810173
vn -0.9475458791058977 -0.11306209210815352 -0.2989544619462282
vn -0.8912588275455554 -0.1857819132321625 -0.4136940693772624
vn -0.9475458791058977 -0.11306209210815352 -0.2989544619462282
vn -0.8932628354320095 -0.07953651779632001 -0.4424425942117263
vn -0.8912588275455554 -0.1857819132321625 -0.4136940693772624
vn -0.8932628354320095 -0.07953651779632001 -0.4424425942117263
vn -0.9475458791058977 -0.11306209210815352 -0.2989544619462282
vn -0.9361212757015623 -0.039829005343296454 -0.34941466413452504
vn -0.862084100137898 -0.09832620469241414 0.49713475211477204
vn -0.6222664111993336 -0.09066279610907818 0.7775376331051673
vn -0.8665517227296191 0.07854814109397791 0.49286742777851505
vn -0.6222664111993336 -0.09066279610907818 0.7775376331051673
vn -0.32604250550046504 -0.11256136273631596 0.9386299719409789
vn -0.3320343343413748 -0.08923298586131624 0.9390370999341582
vn -0.862084100137898 -0.09832620469241414 0.49713475211477204
vn -0.6649086201135115 -0.1434770662014432 0.7330149100618436
vn -0.6222664111993336 -0.09066279610907818 0.7775376331051673
vn -0.32604250550046504 -0.11256136273631596 0.9386299719409789
vn -0.6222664111993336 -0.09066279610907818 0.7775376331051673
vn -0.6649086201135115 -0.1434770662014432 0.7330149100618436
vn -0.8519868925356768 -0.167959254346729 0.49589114110527543
vn -0.6649086201135115 -0.1434770662014432 0.7330149100618436
vn -0.862084100137898 -0.09832620469241414 0.49713475211477204
vn -0.6089906531012597 -0.14501568510999088 0.7798082043088422
vn -0.32604250550046504 -0.11256136273631596 0.9386299719409789
vn -0.6649086201135115 -0.1434770662014432 0.7330149100618436
vn -0.8519868925356768 -0.167959254346729 0.49589114110527543
vn -0.6089906531012597 -0.14501568510999088 0.7798082043088422
vn -0.6649086201135115 -0.1434770662014432 0.7330149100618436
vn -0.32604250550046504 -0.11256136273631596 0.9386299719409789
vn -0.6089906531012597 -0.14501568510999088 0.7798082043088422
vn -0.33155989043448647 -0.08484705242256271 0.9396110986734214
vn -0.8473604449511114 -0.19651086074315044 0.493319123835921
vn -0.6089906531012597 -0.14501568510999088 0.7798082043088422
vn -0.8519868925356768 -0.167959254346729 0.49589114110527543
vn -0.6100501536005343 -0.14263023620474433 0.7794199290575932
vn -0.33155989043448647 -0.08484705242256271 0.9396110986734214
vn -0.6089906531012597 -0.14501568510999088 0.7798082043088422
vn -0.8473604449511114 -0.19651086074315044 0.493319123835921
vn -0.6100501536005343 -0.14263023620474433 0.7794199290575932
vn -0.6089906531012597 -0.14501568510999088 0.7798082043088422
vn -0.33155989043448647 -0.08484705242256271 0.9396110986734214
vn -0.6100501536005343 -0.14263023620474433 0.7794199290575932
vn -0.34102659816498887 -0.07395152245926236 0.9371403479041828
vn -0.8513123429030176 -0.19637174855568848 0.4865238238669886
vn -0.6100501536005343 -0.14263023620474433 0.7794199290575932
vn -0.8473604449511114 -0.19651086074315044 0.493319123835921
vn -0.6616287591823241 -0.06492162580736809 0.7470157746161631
vn -0.34102659816498887 -0.07395152245926236 0.9371403479041828
vn -0.6100501536005343 -0.14263023620474433 0.7794199290575932
vn -0.8513123429030176 -0.19637174855568848 0.4865238238669886
vn -0.6616287591823241 -0.06492162580736809 0.7470157746161631
vn -0.6100501536005343 -0.14263023620474433 0.7794199290575932
vn -0.8707558308972789 -0.07836183048475084 0.48543146424749645
vn -0.6616287591823241 -0.06492162580736809 0.7470157746161631
vn -0.8513123429030176 -0.19637174855568848 0.4865238238669886
vn -0.34102659816498887 -0.07395152245926236 0.9371403479041828
vn -0.6616287591823241 -0.06492162580736809 0.7470157746161631
vn -0.3499481782027596 -0.01423051698833766 0.9366609658562773
vn -0.8579396960765954 0.14616577577743314 0.4925190797191316
vn -0.6616287591823241 -0.06492162580736809 0.7470157746161631
vn -0.8707558308972789 -0.07836183048475084 0.48543146424749645
vn -0.5630257460174782 0.14622225930420205 0.8134009221813292
vn -0.3499481782027596 -0.01423051698833766 0.9366609658562773
vn -0.6616287591823241 -0.06492162580736809 0.7470157746161631
vn -0.6616287591823241 -0.06492162580736809 0.7470157746161631
vn -0.8579396960765954 0.14616577577743314 0.4925190797191316
vn -0.5630257460174782 0.14622225930420205 0.8134009221813292
vn -0.3499481782027596 -0.01423051698833766 0.9366609658562773
vn -0.5630257460174782 0.14622225930420205 0.8134009221813292
vn -0.337735658469519 0.07189574003313647 0.9384911441048596
vn -0.7923497102269854 0.3587893520392823 0.49340869222830314
vn -0.5630257460174782 0.14622225930420205 0.8134009221813292
vn -0.8579396960765954 0.14616577577743314 0.4925190797191316
vn -0.5630257460174782 0.14622225930420205 0.8134009221813292
vn -0.31473466800534633 0.1399661639506068 0.9388032603823425
vn -0.337735658469519 0.07189574003313647 0.9384911441048596
vn -0.5630257460174782 0.14622225930420205 0.8134009221813292
vn -0.7923497102269854 0.3587893520392823 0.49340869222830314
vn -0.5577619183358062 0.2851692979008084 0.7794742548597235
vn -0.31473466800534633 0.1399661639506068 0.9388032603823425
vn -0.5630257460174782 0.14622225930420205 0.8134009221813292
vn -0.5577619183358062 0.2851692979008084 0.7794742548597235
vn -0.7517092466182463 0.44371880599948277 0.4879004301607267
vn -0.5577619183358062 0.2851692979008084 0.7794742548597235
vn -0.7923497102269854 0.3587893520392823 0.49340869222830314
vn -0.5577619183358062 0.2851692979008084 0.7794742548597235
vn -0.29786985740275035 0.1802572953330656 0.9374331205638474
vn -0.31473466800534633 0.1399661639506068 0.9388032603823425
vn -0.5577619183358062 0.2851692979008084 0.7794742548597235
vn -0.7517092466182463 0.44371880599948277 0.4879004301607267
vn -0.547453132838023 0.33909744645854734 0.7650542393524307
vn -0.5577619183358062 0.2851692979008084 0.7794742548597235
vn -0.547453132838023 0.33909744645854734 0.7650542393524307
vn -0.29786985740275035 0.1802572953330656 0.9374331205638474
vn -0.7409140723503871 0.4797699076060289 0.469965076520445
vn -0.547453132838023 0.33909744645854734 0.7650542393524307
vn -0.7517092466182463 0.44371880599948277 0.4879004301607267
vn -0.547453132838023 0.33909744645854734 0.7650542393524307
vn -0.2978120166974054 0.22380736267282522 0.9280184627064588
vn -0.29786985740275035 0.1802572953330656 0.9374331205638474
vn -0.547453132838023 0.33909744645854734 0.7650542393524307
vn -0.7409140723503871 0.4797699076060289 0.469965076520445
vn -0.5499925193502009 0.3859710012767748 0.7406312272867132
vn -0.547453132838023 0.33909744645854734 0.7650542393524307
vn -0.5499925193502009 0.3859710012767748 0.7406312272867132
vn -0.2978120166974054 0.22380736267282522 0.9280184627064588
vn -0.7427993730764708 0.5090508776083242 0.4348750341918891
vn -0.5499925193502009 0.3859710012767748 0.7406312272867132
vn -0.7409140723503871 0.4797699076060289 0.469965076520445
vn -0.5499925193502009 0.3859710012767748 0.7406312272867132
vn -0.3199061082562785 0.3247407583168331 0.8900581564078442
vn -0.2978120166974054 0.22380736267282522 0.9280184627064588
vn -0.5499925193502009 0.3859710012767748 0.7406312272867132
vn -0.7427993730764708 0.5090508776083242 0.4348750341918891
vn -0.5794573249824538 0.46480050611814144 0.6694697140547123
vn -0.5794573249824538 0.46480050611814144 0.6694697140547123
vn -0.3199061082562785 0.3247407583168331 0.8900581564078442
vn -0.5499925193502009 0.3859710012767748 0.7406312272867132
vn -0.7764549770832135 0.5132531072754772 0.3656349496899518
vn -0.5794573249824538 0.46480050611814144 0.6694697140547123
vn -0.7427993730764708 0.5090508776083242 0.4348750341918891
vn -0.5794573249824538 0.46480050611814144 0.6694697140547123
vn -0.44441875032311756 0.4230186515174487 0.7896500457985156
vn -0.3199061082562785 0.3247407583168331 0.8900581564078442
vn -0.5794573249824538 0.46480050611814144 0.6694697140547123
vn -0.6722788206974154 0.463602780923845 0.5771599854125109
vn -0.44441875032311756 0.4230186515174487 0.7896500457985156
vn -0.5794573249824538 0.46480050611814144 0.6694697140547123
vn -0.7764549770832135 0.5132531072754772 0.3656349496899518
vn -0.6722788206974154 0.463602780923845 0.5771599854125109
vn -0.6722788206974154 0.463602780923845 0.5771599854125109
vn -0.6388479064334476 0.33927991558050025 0.6904798992941719
vn -0.44441875032311756 0.4230186515174487 0.7896500457985156
vn -0.7764549770832135 0.5132531072754772 0.3656349496899518
vn -0.7871803921312691 0.37415978839587355 0.49025654813741815
vn -0.6722788206974154 0.463602780923845 0.5771599854125109
vn -0.6722788206974154 0.463602780923845 0.5771599854125109
vn -0.7871803921312691 0.37415978839587355 0.49025654813741815
vn -0.6388479064334476 0.33927991558050025 0.6904798992941719
vn -0.7871803921312691 0.37415978839587355 0.49025654813741815
vn -0.7764549770832135 0.5132531072754772 0.3656349496899518
vn -0.8635438991638692 0.386529041023226 0.323862987484718
vn -0.7871803921312691 0.37415978839587355 0.49025654813741815
vn -0.7440161426375075 0.22278340510133715 0.6299266099366319
vn -0.6388479064334476 0.33927991558050025 0.6904798992941719
vn -0.8635438991638692 0.386529041023226 0.323862987484718
vn -0.8516237689596238 0.27403524909968696 0.44681275540642085
vn -0.7871803921312691 0.37415978839587355 0.49025654813741815
vn -0.7871803921312691 0.37415978839587355 0.49025654813741815
vn -0.8516237689596238 0.27403524909968696 0.44681275540642085
vn -0.7440161426375075 0.22278340510133715 0.6299266099366319
vn -0.8516237689596238 0.27403524909968696 0.44681275540642085
vn -0.8635438991638692 0.386529041023226 0.323862987484718
vn -0.9052425842113363 0.2947745062660022 0.30601283336817187
vn -0.8516237689596238 0.27403524909968696 0.44681275540642085
vn -0.789486016380187 0.16609425489278923 0.590867606517528
vn -0.7440161426375075 0.22278340510133715 0.6299266099366319
vn -0.9052425842113363 0.2947745062660022 0.30601283336817187
vn -0.8889689420286555 0.23412625726588002 0.3935976572175246
vn -0.8516237689596238 0.27403524909968696 0.44681275540642085
vn -0.8516237689596238 0.27403524909968696 0.44681275540642085
vn -0.8889689420286555 0.23412625726588002 0.3935976572175246
vn -0.789486016380187 0.16609425489278923 0.590867606517528
vn -0.8889689420286555 0.23412625726588002 0.3935976572175246
vn -0.9052425842113363 0.2947745062660022 0.30601283336817187
vn -0.9303392014327632 0.24800036810012538 0.2701199505768704
vn -0.8912587459452445 0.18578188343826094 0.41369425855605335
vn -0.789486016380187 0.16609425489278923 0.590867606517528
vn -0.8889689420286555 0.23412625726588002 0.3935976572175246
vn -0.9303392014327632 0.24800036810012538 0.2701199505768704
vn -0.8912587459452445 0.18578188343826094 0.41369425855605335
vn -0.8889689420286555 0.23412625726588002 0.3935976572175246
vn -0.8932628824004742 0.07953657269307061 0.44244248951681425
vn -0.789486016380187 0.16609425489278923 0.590867606517528
vn -0.8912587459452445 0.18578188343826094 0.41369425855605335
vn -0.9303392014327632 0.24800036810012538 0.2701199505768704
vn -0.947545824335586 0.1130621052229917 0.29895463058253474
vn -0.8912587459452445 0.18578188343826094 0.41369425855605335
vn -0.947545824335586 0.1130621052229917 0.29895463058253474
vn -0.8932628824004742 0.07953657269307061 0.44244248951681425
vn -0.8912587459452445 0.18578188343826094 0.41369425855605335
vn -0.8932628824004742 0.07953657269307061 0.44244248951681425
vn -0.947545824335586 0.1130621052229917 0.29895463058253474
vn -0.9361212757015623 0.039829005343296454 0.34941466413452504
vn -0.8665512732738633 0.07854851413247156 -0.49286815855259614
vn -0.6222685920691439 -0.0906600078442473 -0.7775362128556885
vn -0.862084100137898 -0.09832620469241414 -0.49713475211477204
vn -0.3260503811614759 -0.11256119767362129 -0.9386272560088676
vn -0.6222685920691439 -0.0906600078442473 -0.7775362128556885
vn -0.33203491194860957 -0.0892278666945604 -0.9390373821379088
vn -0.6649128331031624 -0.14347747337174777 -0.7330110087915361
vn -0.862084100137898 -0.09832620469241414 -0.49713475211477204
vn -0.6222685920691439 -0.0906600078442473 -0.7775362128556885
vn -0.6222685920691439 -0.0906600078442473 -0.7775362128556885
vn -0.3260503811614759 -0.11256119767362129 -0.9386272560088676
vn -0.6649128331031624 -0.14347747337174777 -0.7330110087915361
vn -0.862084100137898 -0.09832620469241414 -0.49713475211477204
vn -0.6649128331031624 -0.14347747337174777 -0.7330110087915361
vn -0.8519868925356768 -0.167959254346729 -0.49589114110527543
vn -0.6089925066105955 -0.14501776025769325 -0.7798063709036916
vn -0.6649128331031624 -0.14347747337174777 -0.7330110087915361
vn -0.3260503811614759 -0.11256119767362129 -0.9386272560088676
vn -0.6089925066105955 -0.14501776025769325 -0.7798063709036916
vn -0.8519868925356768 -0.167959254346729 -0.49589114110527543
vn -0.6649128331031624 -0.14347747337174777 -0.7330110087915361
vn -0.3260503811614759 -0.11256119767362129 -0.9386272560088676
vn -0.3315603907643784 -0.08485075977874579 -0.9396105873398524
vn -0.6089925066105955 -0.14501776025769325 -0.7798063709036916
vn -0.8519868925356768 -0.167959254346729 -0.49589114110527543
vn -0.6089925066105955 -0.14501776025769325 -0.7798063709036916
vn -0.8473604449511114 -0.19651086074315044 -0.493319123835921
vn -0.6100512842950696 -0.1426307168041239 -0.779418956116592
vn -0.6089925066105955 -0.14501776025769325 -0.7798063709036916
vn -0.3315603907643784 -0.08485075977874579 -0.9396105873398524
vn -0.6100512842950696 -0.1426307168041239 -0.779418956116592
vn -0.8473604449511114 -0.19651086074315044 -0.493319123835921
vn -0.6089925066105955 -0.14501776025769325 -0.7798063709036916
vn -0.3315603907643784 -0.08485075977874579 -0.9396105873398524
vn -0.34102651809260326 -0.07395187658838304 -0.9371403490975575
vn -0.6100512842950696 -0.1426307168041239 -0.779418956116592
vn -0.8473604449511114 -0.19651086074315044 -0.493319123835921
vn -0.6100512842950696 -0.1426307168041239 -0.779418956116592
vn -0.8513123429030176 -0.19637174855568848 -0.4865238238669886
vn -0.6616287591823241 -0.06492162580736809 -0.7470157746161631
vn -0.6100512842950696 -0.1426307168041239 -0.779418956116592
vn -0.34102651809260326 -0.07395187658838304 -0.9371403490975575
vn -0.6616287591823241 -0.06492162580736809 -0.7470157746161631
vn -0.8513123429030176 -0.19637174855568848 -0.4865238238669886
vn -0.6100512842950696 -0.1426307168041239 -0.779418956116592
vn -0.8513123429030176 -0.19637174855568848 -0.4865238238669886
vn -0.6616287591823241 -0.06492162580736809 -0.7470157746161631
vn -0.8707558308972789 -0.07836183048475084 -0.48543146424749645
vn -0.34102651809260326 -0.07395187658838304 -0.9371403490975575
vn -0.3499481782027596 -0.01423051698833766 -0.9366609658562773
vn -0.6616287591823241 -0.06492162580736809 -0.7470157746161631
vn -0.6616287591823241 -0.06492162580736809 -0.7470157746161631
vn -0.8579396960765954 0.14616577577743314 -0.4925190797191316
vn -0.8707558308972789 -0.07836183048475084 -0.48543146424749645
vn -0.6616287591823241 -0.06492162580736809 -0.7470157746161631
vn -0.3499481782027596 -0.01423051698833766 -0.9366609658562773
vn -0.5630257460174782 0.14622225930420205 -0.8134009221813292
vn -0.8579396960765954 0.14616577577743314 -0.4925190797191316
vn -0.6616287591823241 -0.06492162580736809 -0.7470157746161631
vn -0.5630257460174782 0.14622225930420205 -0.8134009221813292
vn -0.3499481782027596 -0.01423051698833766 -0.9366609658562773
vn -0.337735658469519 0.07189574003313647 -0.9384911441048596
vn -0.5630257460174782 0.14622225930420205 -0.8134009221813292
vn -0.5630257460174782 0.14622225930420205 -0.8134009221813292
vn -0.7923497102269854 0.3587893520392823 -0.49340869222830314
vn -0.8579396960765954 0.14616577577743314 -0.4925190797191316
vn -0.31473466800534633 0.1399661639506068 -0.9388032603823425
vn -0.5630257460174782 0.14622225930420205 -0.8134009221813292
vn -0.337735658469519 0.07189574003313647 -0.9384911441048596
vn -0.5630257460174782 0.14622225930420205 -0.8134009221813292
vn -0.5577619183358062 0.2851692979008084 -0.7794742548597235
vn -0.7923497102269854 0.3587893520392823 -0.49340869222830314
vn -0.5630257460174782 0.14622225930420205 -0.8134009221813292
vn -0.31473466800534633 0.1399661639506068 -0.9388032603823425
vn -0.5577619183358062 0.2851692979008084 -0.7794742548597235
vn -0.5577619183358062 0.2851692979008084 -0.7794742548597235
vn -0.7517092466182463 0.44371880599948277 -0.4879004301607267
vn -0.7923497102269854 0.3587893520392823 -0.49340869222830314
vn -0.29786985740275035 0.1802572953330656 -0.9374331205638474
vn -0.5577619183358062 0.2851692979008084 -0.7794742548597235
vn -0.31473466800534633 0.1399661639506068 -0.9388032603823425
vn -0.547453132838023 0.33909744645854734 -0.7650542393524307
vn -0.7517092466182463 0.44371880599948277 -0.4879004301607267
vn -0.5577619183358062 0.2851692979008084 -0.7794742548597235
vn -0.5577619183358062 0.2851692979008084 -0.7794742548597235
vn -0.29786985740275035 0.1802572953330656 -0.9374331205638474
vn -0.547453132838023 0.33909744645854734 -0.7650542393524307
vn -0.547453132838023 0.33909744645854734 -0.7650542393524307
vn -0.7409140723503871 0.4797699076060289 -0.469965076520445
vn -0.7517092466182463 0.44371880599948277 -0.4879004301607267
vn -0.2978120166974054 0.22380736267282522 -0.9280184627064588
vn -0.547453132838023 0.33909744645854734 -0.7650542393524307
vn -0.29786985740275035 0.1802572953330656 -0.9374331205638474
vn -0.5499925193502009 0.3859710012767748 -0.7406312272867132
vn -0.7409140723503871 0.4797699076060289 -0.469965076520445
vn -0.547453132838023 0.33909744645854734 -0.7650542393524307
vn -0.547453132838023 0.33909744645854734 -0.7650542393524307
vn -0.2978120166974054 0.22380736267282522 -0.9280184627064588
vn -0.5499925193502009 0.3859710012767748 -0.7406312272867132
vn -0.5499925193502009 0.3859710012767748 -0.7406312272867132
vn -0.7427993730764708 0.5090508776083242 -0.4348750341918891
vn -0.7409140723503871 0.4797699076060289 -0.469965076520445
vn -0.3199061082562785 0.3247407583168331 -0.8900581564078442
vn -0.5499925193502009 0.3859710012767748 -0.7406312272867132
vn -0.2978120166974054 0.22380736267282522 -0.9280184627064588
vn -0.5794573249824538 0.46480050611814144 -0.6694697140547123
vn -0.7427993730764708 0.5090508776083242 -0.4348750341918891
vn -0.5499925193502009 0.3859710012767748 -0.7406312272867132
vn -0.5499925193502009 0.3859710012767748 -0.7406312272867132
vn -0.3199061082562785 0.3247407583168331 -0.8900581564078442
vn -0.5794573249824538 0.46480050611814144 -0.6694697140547123
vn -0.5794573249824538 0.46480050611814144 -0.6694697140547123
vn -0.7764549770832135 0.5132531072754772 -0.3656349496899518
vn -0.7427993730764708 0.5090508776083242 -0.4348750341918891
vn -0.44441875032311756 0.4230186515174487 -0.7896500457985156
vn -0.5794573249824538 0.46480050611814144 -0.6694697140547123
vn -0.3199061082562785 0.3247407583168331 -0.8900581564078442
vn -0.5794573249824538 0.46480050611814144 -0.6694697140547123
vn -0.44441875032311756 0.4230186515174487 -0.7896500457985156
vn -0.6722788206974154 0.463602780923845 -0.5771599854125109
vn -0.6722788206974154 0.463602780923845 -0.5771599854125109
vn -0.7764549770832135 0.5132531072754772 -0.3656349496899518
vn -0.5794573249824538 0.46480050611814144 -0.6694697140547123
vn -0.6388479064334476 0.33927991558050025 -0.6904798992941719
vn -0.6722788206974154 0.463602780923845 -0.5771599854125109
vn -0.44441875032311756 0.4230186515174487 -0.7896500457985156
vn -0.7871803921312691 0.37415978839587355 -0.49025654813741815
vn -0.7764549770832135 0.5132531072754772 -0.3656349496899518
vn -0.6722788206974154 0.463602780923845 -0.5771599854125109
vn -0.6722788206974154 0.463602780923845 -0.5771599854125109
vn -0.6388479064334476 0.33927991558050025 -0.6904798992941719
vn -0.7871803921312691 0.37415978839587355 -0.49025654813741815
vn -0.7764549770832135 0.5132531072754772 -0.3656349496899518
vn -0.7871803921312691 0.37415978839587355 -0.49025654813741815
vn -0.8635438991638692 0.386529041023226 -0.323862987484718
vn -0.7440161426375075 0.22278340510133715 -0.6299266099366319
vn -0.7871803921312691 0.37415978839587355 -0.49025654813741815
vn -0.6388479064334476 0.33927991558050025 -0.6904798992941719
vn -0.8516237689596238 0.27403524909968696 -0.44681275540642085
vn -0.8635438991638692 0.386529041023226 -0.323862987484718
vn -0.7871803921312691 0.37415978839587355 -0.49025654813741815
vn -0.7871803921312691 0.37415978839587355 -0.49025654813741815
vn -0.7440161426375075 0.22278340510133715 -0.6299266099366319
vn -0.8516237689596238 0.27403524909968696 -0.44681275540642085
vn -0.8635438991638692 0.386529041023226 -0.323862987484718
vn -0.8516237689596238 0.27403524909968696 -0.44681275540642085
vn -0.9052425842113363 0.2947745062660022 -0.30601283336817187
vn -0.789486016380187 0.16609425489278923 -0.590867606517528
vn -0.8516237689596238 0.27403524909968696 -0.44681275540642085
vn -0.7440161426375075 0.22278340510133715 -0.6299266099366319
vn -0.8889689420286555 0.23412625726588002 -0.3935976572175246
vn -0.9052425842113363 0.2947745062660022 -0.30601283336817187
vn -0.8516237689596238 0.27403524909968696 -0.44681275540642085
vn -0.8516237689596238 0.27403524909968696 -0.44681275540642085
vn -0.789486016380187 0.16609425489278923 -0.590867606517528
vn -0.8889689420286555 0.23412625726588002 -0.3935976572175246
vn -0.9052425842113363 0.2947745062660022 -0.30601283336817187
vn -0.8889689420286555 0.23412625726588002 -0.3935976572175246
vn -0.9303392014327632 0.24800036810012538 -0.2701199505768704
vn -0.789486016380187 0.16609425489278923 -0.590867606517528
vn -0.8912587459452445 0.18578188343826094 -0.41369425855605335
vn -0.8889689420286555 0.23412625726588002 -0.3935976572175246
vn -0.8912587459452445 0.18578188343826094 -0.41369425855605335
vn -0.9303392014327632 0.24800036810012538 -0.2701199505768704
vn -0.8889689420286555 0.23412625726588002 -0.3935976572175246
vn -0.8912587459452445 0.18578188343826094 -0.41369425855605335
vn -0.789486016380187 0.16609425489278923 -0.590867606517528
vn -0.8932628824004742 0.07953657269307061 -0.44244248951681425
vn -0.9303392014327632 0.24800036810012538 -0.2701199505768704
vn -0.8912587459452445 0.18578188343826094 -0.41369425855605335
vn -0.947545824335586 0.1130621052229917 -0.29895463058253474
vn -0.8932628824004742 0.07953657269307061 -0.44244248951681425
vn -0.947545824335586 0.1130621052229917 -0.29895463058253474
vn -0.8912587459452445 0.18578188343826094 -0.41369425855605335
vn -0.947545824335586 0.1130621052229917 -0.29895463058253474
vn -0.8932628824004742 0.07953657269307061 -0.44244248951681425
vn -0.9361212757015623 0.039829005343296454 -0.34941466413452504
vn 0.9928760661066498 -0.11915165694434784 1.8183805590310773e-9
vn 0.7533651328234404 -0.09040877287663868 0.6513579894596061
vn 0.9928760661066498 -0.11915165694434784 3.6367611180621547e-9
vn 0.7533651328234404 -0.09040877287663868 -0.6513579894596061
vn 0.9928760661066498 -0.11915165694434784 1.8183805590310773e-9
vn 0.9928760661066498 -0.11915165694434784 3.6367611180621547e-9
vn 0.7533651328234404 -0.09040877287663868 0.6513579894596061
vn 0.9928760661066498 -0.11915165694434784 1.8183805590310773e-9
vn 0.5516048288334022 -0.06619621076459746 0.8314746986457747
vn 0.7533651328234404 -0.09040877287663868 -0.6513579894596061
vn 0.5516048288334022 -0.06619621076459746 -0.8314746986457747
vn 0.9928760661066498 -0.11915165694434784 1.8183805590310773e-9
vn 0.5516048288334022 -0.06619621076459746 0.8314746986457747
vn 0.12005207444575876 -0.014407038908583565 0.9926630529294201
vn 0.7533651328234404 -0.09040877287663868 0.6513579894596061
vn 0.12005207444575876 -0.014407038908583565 -0.9926630529294201
vn 0.5516048288334022 -0.06619621076459746 -0.8314746986457747
vn 0.7533651328234404 -0.09040877287663868 -0.6513579894596061
vn 0.12005207444575876 -0.014407038908583565 0.9926630529294201
vn 0.5516048288334022 -0.06619621076459746 0.8314746986457747
vn -0.12005210751578828 0.014407086075081408 0.9926630482453968
vn 0.5516048288334022 -0.06619621076459746 -0.8314746986457747
vn 0.12005207444575876 -0.014407038908583565 -0.9926630529294201
vn -0.12005210751578828 0.014407086075081408 -0.9926630482453968
vn -0.12005210751578828 0.014407086075081408 0.9926630482453968
vn -0.5516003180193673 0.06619582503687015 0.8314777218354206
vn 0.12005207444575876 -0.014407038908583565 0.9926630529294201
vn -0.5516003180193673 0.06619582503687015 -0.8314777218354206
vn -0.12005210751578828 0.014407086075081408 -0.9926630482453968
vn 0.12005207444575876 -0.014407038908583565 -0.9926630529294201
vn -0.5516003180193673 0.06619582503687015 0.8314777218354206
vn -0.12005210751578828 0.014407086075081408 0.9926630482453968
vn -0.7533546015223804 0.09040755955079813 0.6513703382417134
vn -0.12005210751578828 0.014407086075081408 -0.9926630482453968
vn -0.5516003180193673 0.06619582503687015 -0.8314777218354206
vn -0.7533546015223804 0.09040755955079813 -0.6513703382417134
vn -0.7533546015223804 0.09040755955079813 0.6513703382417134
vn -0.9928760661066498 0.11915165694434784 -3.0689967050170165e-11
vn -0.5516003180193673 0.06619582503687015 0.8314777218354206
vn -0.7533546015223804 0.09040755955079813 -0.6513703382417134
vn -0.5516003180193673 0.06619582503687015 -0.8314777218354206
vn -0.9928760661066498 0.11915165694434784 -3.0689967050170165e-11
vn -0.9928760661066498 0.11915165694434784 -3.0689967050170165e-11
vn -0.7533546015223804 0.09040755955079813 0.6513703382417134
vn -0.9928761090807299 0.11915129884609155 -6.137993699568728e-11
vn -0.7533546015223804 0.09040755955079813 -0.6513703382417134
vn -0.9928760661066498 0.11915165694434784 -3.0689967050170165e-11
vn -0.9928761090807299 0.11915129884609155 -6.137993699568728e-11
vn 0.7533651328234404 0.09040877287663868 0.6513579894596061
vn 0.9928760661066498 0.11915165694434784 1.8183805590310773e-9
vn 0.9928760661066498 0.11915165694434784 3.6367611180621547e-9
vn 0.9928760661066498 0.11915165694434784 3.6367611180621547e-9
vn 0.9928760661066498 0.11915165694434784 1.8183805590310773e-9
vn 0.7533651328234404 0.09040877287663868 -0.6513579894596061
vn 0.9928760661066498 0.11915165694434784 1.8183805590310773e-9
vn 0.7533651328234404 0.09040877287663868 0.6513579894596061
vn 0.5516048288334022 0.06619621076459746 0.8314746986457747
vn 0.5516048288334022 0.06619621076459746 -0.8314746986457747
vn 0.7533651328234404 0.09040877287663868 -0.6513579894596061
vn 0.9928760661066498 0.11915165694434784 1.8183805590310773e-9
vn 0.12005207444575876 0.014407038908583565 0.9926630529294201
vn 0.5516048288334022 0.06619621076459746 0.8314746986457747
vn 0.7533651328234404 0.09040877287663868 0.6513579894596061
vn 0.7533651328234404 0.09040877287663868 -0.6513579894596061
vn 0.5516048288334022 0.06619621076459746 -0.8314746986457747
vn 0.12005207444575876 0.014407038908583565 -0.9926630529294201
vn 0.5516048288334022 0.06619621076459746 0.8314746986457747
vn 0.12005207444575876 0.014407038908583565 0.9926630529294201
vn -0.12005210751578828 -0.014407086075081408 0.9926630482453968
vn 0.12005207444575876 0.014407038908583565 -0.9926630529294201
vn 0.5516048288334022 0.06619621076459746 -0.8314746986457747
vn -0.12005210751578828 -0.014407086075081408 -0.9926630482453968
vn -0.5516003180193673 -0.06619582503687015 0.8314777218354206
vn -0.12005210751578828 -0.014407086075081408 0.9926630482453968
vn 0.12005207444575876 0.014407038908583565 0.9926630529294201
vn 0.12005207444575876 0.014407038908583565 -0.9926630529294201
vn -0.12005210751578828 -0.014407086075081408 -0.9926630482453968
vn -0.5516003180193673 -0.06619582503687015 -0.8314777218354206
vn -0.12005210751578828 -0.014407086075081408 0.9926630482453968
vn -0.5516003180193673 -0.06619582503687015 0.8314777218354206
vn -0.7533546015223804 -0.09040755955079813 0.6513703382417134
vn -0.5516003180193673 -0.06619582503687015 -0.8314777218354206
vn -0.12005210751578828 -0.014407086075081408 -0.9926630482453968
vn -0.7533546015223804 -0.09040755955079813 -0.6513703382417134
vn -0.9928760661066498 -0.11915165694434784 -3.0689967050170165e-11
vn -0.7533546015223804 -0.09040755955079813 0.6513703382417134
vn -0.5516003180193673 -0.06619582503687015 0.8314777218354206
vn -0.7533546015223804 -0.09040755955079813 -0.6513703382417134
vn -0.9928760661066498 -0.11915165694434784 -3.0689967050170165e-11
vn -0.5516003180193673 -0.06619582503687015 -0.8314777218354206
vn -0.7533546015223804 -0.09040755955079813 0.6513703382417134
vn -0.9928760661066498 -0.11915165694434784 -3.0689967050170165e-11
vn -0.9928761090807299 -0.11915129884609155 -6.137993699568728e-11
vn -0.9928760661066498 -0.11915165694434784 -3.0689967050170165e-11
vn -0.7533546015223804 -0.09040755955079813 -0.6513703382417134
vn -0.9928761090807299 -0.11915129884609155 -6.137993699568728e-11
vn -0.009561346539401043 -0.4968591146661885 0.867778543653555
vn 0.05599329260399111 -0.4428894073717887 0.8948260859078874
vn -0.1067450635398556 -0.2039239372442465 0.9731497928010244
vn 0.09375289204334541 -0.056351861314929586 0.9939994280480506
vn -0.1067450635398556 -0.2039239372442465 0.9731497928010244
vn 0.05599329260399111 -0.4428894073717887 0.8948260859078874
vn 0.05599329260399111 -0.4428894073717887 0.8948260859078874
vn 0.13955989702085556 -0.2334478224253036 0.9623020052709087
vn 0.09375289204334541 -0.056351861314929586 0.9939994280480506
vn 0.13955989702085556 -0.2334478224253036 0.9623020052709087
vn 0.05599329260399111 -0.4428894073717887 0.8948260859078874
vn 0.14153546219972524 -0.6798120122985074 0.7195994308464705
vn 0.15687320552934855 -0.6824294069708144 0.7139193945316301
vn 0.14153546219972524 -0.6798120122985074 0.7195994308464705
vn 0.05599329260399111 -0.4428894073717887 0.8948260859078874
vn 0.05599329260399111 -0.4428894073717887 0.8948260859078874
vn -0.009561346539401043 -0.4968591146661885 0.867778543653555
vn 0.15687320552934855 -0.6824294069708144 0.7139193945316301
vn 0.14153546219972524 -0.6798120122985074 0.7195994308464705
vn 0.15687320552934855 -0.6824294069708144 0.7139193945316301
vn 0.2634752000353209 -0.8403123262448514 0.47376788971743716
vn 0.3452696301824041 -0.7788634363690116 0.5236035045348344
vn 0.2634752000353209 -0.8403123262448514 0.47376788971743716
vn 0.15687320552934855 -0.6824294069708144 0.7139193945316301
vn 0.43695941172169117 -0.8520057246095736 0.28836212951833484
vn 0.2634752000353209 -0.8403123262448514 0.47376788971743716
vn 0.3452696301824041 -0.7788634363690116 0.5236035045348344
vn 0.17528043272222527 -0.6156116467971694 0.7683092282618935
vn 0.15687320552934855 -0.6824294069708144 0.7139193945316301
vn -0.009561346539401043 -0.4968591146661885 0.867778543653555
vn 0.15687320552934855 -0.6824294069708144 0.7139193945316301
vn 0.17528043272222527 -0.6156116467971694 0.7683092282618935
vn 0.3452696301824041 -0.7788634363690116 0.5236035045348344
vn 0.3452696301824041 -0.7788634363690116 0.5236035045348344
vn 0.4466064514188282 -0.7552991588941195 0.47965180925846373
vn 0.43695941172169117 -0.8520057246095736 0.28836212951833484
vn 0.4466064514188282 -0.7552991588941195 0.47965180925846373
vn 0.3452696301824041 -0.7788634363690116 0.5236035045348344
vn 0.17528043272222527 -0.6156116467971694 0.7683092282618935
vn 0.4260467510114184 -0.8120156458842203 0.3988919111637227
vn 0.43695941172169117 -0.8520057246095736 0.28836212951833484
vn 0.4466064514188282 -0.7552991588941195 0.47965180925846373
vn 0.18395158667768724 -0.6604703203456594 0.7279703082552633
vn 0.4260467510114184 -0.8120156458842203 0.3988919111637227
vn 0.4466064514188282 -0.7552991588941195 0.47965180925846373
vn 0.17528043272222527 -0.6156116467971694 0.7683092282618935
vn 0.18395158667768724 -0.6604703203456594 0.7279703082552633
vn 0.4466064514188282 -0.7552991588941195 0.47965180925846373
vn 0.4260467510114184 -0.8120156458842203 0.3988919111637227
vn 0.18395158667768724 -0.6604703203456594 0.7279703082552633
vn -0.06791992035426213 -0.6342724468054122 0.7701203462073617
vn -0.009561346539401043 -0.4968591146661885 0.867778543653555
vn -0.05071212411960967 -0.460560723447455 0.886178368323688
vn 0.17528043272222527 -0.6156116467971694 0.7683092282618935
vn 0.18395158667768724 -0.6604703203456594 0.7279703082552633
vn 0.17528043272222527 -0.6156116467971694 0.7683092282618935
vn 0.00904318444970924 -0.4389002403625315 0.8984902892211584
vn 0.00904318444970924 -0.4389002403625315 0.8984902892211584
vn 0.17528043272222527 -0.6156116467971694 0.7683092282618935
vn -0.05071212411960967 -0.460560723447455 0.886178368323688
vn 0.18395158667768724 -0.6604703203456594 0.7279703082552633
vn -0.28920495054206574 -0.3664809685331751 0.8843371507999352
vn -0.06791992035426213 -0.6342724468054122 0.7701203462073617
vn -0.28920495054206574 -0.3664809685331751 0.8843371507999352
vn 0.18395158667768724 -0.6604703203456594 0.7279703082552633
vn 0.00904318444970924 -0.4389002403625315 0.8984902892211584
vn -0.6827463723143253 -0.0820150294264015 0.7260378268656634
vn -0.06791992035426213 -0.6342724468054122 0.7701203462073617
vn -0.28920495054206574 -0.3664809685331751 0.8843371507999352
vn -0.23645370332688032 -0.2992583372121969 0.9244101328912371
vn -0.05071212411960967 -0.460560723447455 0.886178368323688
vn -0.009561346539401043 -0.4968591146661885 0.867778543653555
vn -0.23239660279867833 -0.3104450327282794 0.9217460065885672
vn 0.00904318444970924 -0.4389002403625315 0.8984902892211584
vn -0.05071212411960967 -0.460560723447455 0.886178368323688
vn -0.23239660279867833 -0.3104450327282794 0.9217460065885672
vn -0.28920495054206574 -0.3664809685331751 0.8843371507999352
vn 0.00904318444970924 -0.4389002403625315 0.8984902892211584
vn -0.23645370332688032 -0.2992583372121969 0.9244101328912371
vn -0.23239660279867833 -0.3104450327282794 0.9217460065885672
vn -0.05071212411960967 -0.460560723447455 0.886178368323688
vn -0.28920495054206574 -0.3664809685331751 0.8843371507999352
vn -0.5790095740667406 -0.05542163154265897 0.8134349118990417
vn -0.6827463723143253 -0.0820150294264015 0.7260378268656634
vn -0.28920495054206574 -0.3664809685331751 0.8843371507999352
vn -0.23239660279867833 -0.3104450327282794 0.9217460065885672
vn -0.5790095740667406 -0.05542163154265897 0.8134349118990417
vn -0.714193105458222 0.09893638453032534 0.6929212075929043
vn -0.6827463723143253 -0.0820150294264015 0.7260378268656634
vn -0.5790095740667406 -0.05542163154265897 0.8134349118990417
vn -0.538811068119302 -0.07649343952386979 0.8389465934026701
vn -0.5790095740667406 -0.05542163154265897 0.8134349118990417
vn -0.23239660279867833 -0.3104450327282794 0.9217460065885672
vn -0.5790095740667406 -0.05542163154265897 0.8134349118990417
vn -0.538811068119302 -0.07649343952386979 0.8389465934026701
vn -0.714193105458222 0.09893638453032534 0.6929212075929043
vn -0.23645370332688032 -0.2992583372121969 0.9244101328912371
vn -0.538811068119302 -0.07649343952386979 0.8389465934026701
vn -0.23239660279867833 -0.3104450327282794 0.9217460065885672
vn -0.1067450635398556 -0.2039239372442465 0.9731497928010244
vn -0.23645370332688032 -0.2992583372121969 0.9244101328912371
vn -0.009561346539401043 -0.4968591146661885 0.867778543653555
vn -0.5026906966373345 -0.018282707245624984 0.8642729928269437
vn -0.714193105458222 0.09893638453032534 0.6929212075929043
vn -0.538811068119302 -0.07649343952386979 0.8389465934026701
vn -0.538811068119302 -0.07649343952386979 0.8389465934026701
vn -0.23645370332688032 -0.2992583372121969 0.9244101328912371
vn -0.5026906966373345 -0.018282707245624984 0.8642729928269437
vn -0.1067450635398556 -0.2039239372442465 0.9731497928010244
vn -0.5026906966373345 -0.018282707245624984 0.8642729928269437
vn -0.23645370332688032 -0.2992583372121969 0.9244101328912371
vn -0.714193105458222 0.09893638453032534 0.6929212075929043
vn -0.5026906966373345 -0.018282707245624984 0.8642729928269437
vn -0.6321034145591055 0.1386213700468546 0.7623840167979997
vn -0.38400591369671155 0.07312784868496924 0.9204302124510375
vn -0.6321034145591055 0.1386213700468546 0.7623840167979997
vn -0.5026906966373345 -0.018282707245624984 0.8642729928269437
vn -0.5026906966373345 -0.018282707245624984 0.8642729928269437
vn -0.1067450635398556 -0.2039239372442465 0.9731497928010244
vn -0.38400591369671155 0.07312784868496924 0.9204302124510375
vn -0.6321034145591055 0.1386213700468546 0.7623840167979997
vn -0.38400591369671155 0.07312784868496924 0.9204302124510375
vn -0.41019542486570354 0.18431286547029857 0.8931788628496381
vn -0.08755201326208438 0.11825599537320564 0.989115849904372
vn -0.38400591369671155 0.07312784868496924 0.9204302124510375
vn -0.1067450635398556 -0.2039239372442465 0.9731497928010244
vn -0.08755201326208438 0.11825599537320564 0.989115849904372
vn -0.41019542486570354 0.18431286547029857 0.8931788628496381
vn -0.38400591369671155 0.07312784868496924 0.9204302124510375
vn -0.1067450635398556 -0.2039239372442465 0.9731497928010244
vn 0.09375289204334541 -0.056351861314929586 0.9939994280480506
vn -0.08755201326208438 0.11825599537320564 0.989115849904372
vn -0.41019542486570354 0.18431286547029857 0.8931788628496381
vn -0.08755201326208438 0.11825599537320564 0.989115849904372
vn -0.08448176902402413 0.18662394767208026 0.9787922827943937
vn 0.20946062391722728 0.18374998353412786 0.9603968922166574
vn -0.08755201326208438 0.11825599537320564 0.989115849904372
vn 0.09375289204334541 -0.056351861314929586 0.9939994280480506
vn 0.20946062391722728 0.18374998353412786 0.9603968922166574
vn -0.08448176902402413 0.18662394767208026 0.9787922827943937
vn -0.08755201326208438 0.11825599537320564 0.989115849904372
vn -0.08448176902402413 0.18662394767208026 0.9787922827943937
vn 0.20946062391722728 0.18374998353412786 0.9603968922166574
vn 0.30803513940401167 0.014723681270487359 0.9512610399370912
vn 0.21282614735050606 -0.2941786009027204 -0.9317531764232729
vn 0.23605125176398092 -0.2664709624158508 -0.9344907879320308
vn 0.3811330613967054 -0.515907813931765 -0.7671875370693417
vn 0.3811330613967054 -0.515907813931765 -0.7671875370693417
vn 0.23605125176398092 -0.2664709624158508 -0.9344907879320308
vn 0.41415601460294504 -0.5061635225767902 -0.7564874645232798
vn 0.2839751762292473 -0.2267049502723772 -0.9316452998902356
vn 0.41415601460294504 -0.5061635225767902 -0.7564874645232798
vn 0.23605125176398092 -0.2664709624158508 -0.9344907879320308
vn 0.4081817633202663 -0.49389847585531926 -0.7677577375973169
vn 0.21282614735050606 -0.2941786009027204 -0.9317531764232729
vn 0.3811330613967054 -0.515907813931765 -0.7671875370693417
vn 0.21282614735050606 -0.2941786009027204 -0.9317531764232729
vn 0.4081817633202663 -0.49389847585531926 -0.7677577375973169
vn 0.23122824438636694 -0.2790066262976557 -0.932034764094129
vn 0.3811330613967054 -0.515907813931765 -0.7671875370693417
vn 0.41415601460294504 -0.5061635225767902 -0.7564874645232798
vn 0.5178170704289279 -0.7131207053501443 -0.4725720486585251
vn 0.3811330613967054 -0.515907813931765 -0.7671875370693417
vn 0.5178170704289279 -0.7131207053501443 -0.4725720486585251
vn 0.5497909334548153 -0.688354616712172 -0.4731784559148077
vn 0.4081817633202663 -0.49389847585531926 -0.7677577375973169
vn 0.3811330613967054 -0.515907813931765 -0.7671875370693417
vn 0.5497909334548153 -0.688354616712172 -0.4731784559148077
vn 0.41415601460294504 -0.5061635225767902 -0.7564874645232798
vn 0.5405560543601189 -0.6937833338888431 -0.4758821678868651
vn 0.5178170704289279 -0.7131207053501443 -0.4725720486585251
vn 0.6512122511145026 -0.5860867386695109 -0.482104696880375
vn 0.4081817633202663 -0.49389847585531926 -0.7677577375973169
vn 0.5497909334548153 -0.688354616712172 -0.4731784559148077
vn 0.41415601460294504 -0.5061635225767902 -0.7564874645232798
vn 0.2839751762292473 -0.2267049502723772 -0.9316452998902356
vn 0.4896428855202499 -0.5004957240919168 -0.7139704999683889
vn 0.4896428855202499 -0.5004957240919168 -0.7139704999683889
vn 0.5405560543601189 -0.6937833338888431 -0.4758821678868651
vn 0.41415601460294504 -0.5061635225767902 -0.7564874645232798
vn 0.3795513594719007 -0.13893493292833325 -0.9146790966974326
vn 0.4896428855202499 -0.5004957240919168 -0.7139704999683889
vn 0.2839751762292473 -0.2267049502723772 -0.9316452998902356
vn 0.5405560543601189 -0.6937833338888431 -0.4758821678868651
vn 0.4896428855202499 -0.5004957240919168 -0.7139704999683889
vn 0.588302962370613 -0.6461384449777726 -0.48621469988850297
vn 0.4896428855202499 -0.5004957240919168 -0.7139704999683889
vn 0.3795513594719007 -0.13893493292833325 -0.9146790966974326
vn 0.6187504389263253 -0.42912178284518887 -0.6580291709462786
vn 0.6187504389263253 -0.42912178284518887 -0.6580291709462786
vn 0.588302962370613 -0.6461384449777726 -0.48621469988850297
vn 0.4896428855202499 -0.5004957240919168 -0.7139704999683889
vn 0.6187504389263253 -0.42912178284518887 -0.6580291709462786
vn 0.3795513594719007 -0.13893493292833325 -0.9146790966974326
vn 0.770123642602838 -0.09829710974256281 -0.6302755376185838
vn 0.588302962370613 -0.6461384449777726 -0.48621469988850297
vn 0.6187504389263253 -0.42912178284518887 -0.6580291709462786
vn 0.7310075315481686 -0.535962571619584 -0.42234122536495955
vn 0.7310075315481686 -0.535962571619584 -0.42234122536495955
vn 0.6187504389263253 -0.42912178284518887 -0.6580291709462786
vn 0.770123642602838 -0.09829710974256281 -0.6302755376185838
vn 0.4081817633202663 -0.49389847585531926 -0.7677577375973169
vn 0.6512122511145026 -0.5860867386695109 -0.482104696880375
vn 0.42550095053077797 -0.3937955476442167 -0.8147846388788856
vn 0.42550095053077797 -0.3937955476442167 -0.8147846388788856
vn 0.23122824438636694 -0.2790066262976557 -0.932034764094129
vn 0.4081817633202663 -0.49389847585531926 -0.7677577375973169
vn 0.23122824438636694 -0.2790066262976557 -0.932034764094129
vn 0.42550095053077797 -0.3937955476442167 -0.8147846388788856
vn 0.2702981359888482 -0.22709476542726412 -0.9356104345273678
vn 0.5243194471014736 -0.34354847204225386 -0.7791428397595898
vn 0.42550095053077797 -0.3937955476442167 -0.8147846388788856
vn 0.6512122511145026 -0.5860867386695109 -0.482104696880375
vn 0.5243194471014736 -0.34354847204225386 -0.7791428397595898
vn 0.2702981359888482 -0.22709476542726412 -0.9356104345273678
vn 0.42550095053077797 -0.3937955476442167 -0.8147846388788856
vn 0.5243194471014736 -0.34354847204225386 -0.7791428397595898
vn 0.6512122511145026 -0.5860867386695109 -0.482104696880375
vn 0.7533522819886868 -0.43958836481625946 -0.48910367892769474
vn 0.2702981359888482 -0.22709476542726412 -0.9356104345273678
vn 0.5243194471014736 -0.34354847204225386 -0.7791428397595898
vn 0.304707072290646 -0.1660031532786606 -0.9378680894441417
vn 0.5705118817259456 -0.24731987270572978 -0.7831660573431042
vn 0.5243194471014736 -0.34354847204225386 -0.7791428397595898
vn 0.7533522819886868 -0.43958836481625946 -0.48910367892769474
vn 0.5705118817259456 -0.24731987270572978 -0.7831660573431042
vn 0.304707072290646 -0.1660031532786606 -0.9378680894441417
vn 0.5243194471014736 -0.34354847204225386 -0.7791428397595898
vn 0.5705118817259456 -0.24731987270572978 -0.7831660573431042
vn 0.7533522819886868 -0.43958836481625946 -0.48910367892769474
vn 0.810474814210056 -0.31619388859028436 -0.4931044517638529
vn 0.304707072290646 -0.1660031532786606 -0.9378680894441417
vn 0.5705118817259456 -0.24731987270572978 -0.7831660573431042
vn 0.32588292229684124 -0.10378743635742856 -0.9396959556205525
vn 0.6384814919141067 -0.13236192602776825 -0.7581699710627928
vn 0.5705118817259456 -0.24731987270572978 -0.7831660573431042
vn 0.810474814210056 -0.31619388859028436 -0.4931044517638529
vn 0.6384814919141067 -0.13236192602776825 -0.7581699710627928
vn 0.32588292229684124 -0.10378743635742856 -0.9396959556205525
vn 0.5705118817259456 -0.24731987270572978 -0.7831660573431042
vn 0.6384814919141067 -0.13236192602776825 -0.7581699710627928
vn 0.810474814210056 -0.31619388859028436 -0.4931044517638529
vn 0.8438456370685354 -0.19694458527030723 -0.4991366257179535
vn 0.32588292229684124 -0.10378743635742856 -0.9396959556205525
vn 0.6384814919141067 -0.13236192602776825 -0.7581699710627928
vn 0.33519343105612026 -0.01839541752686738 -0.9419697300820437
vn 0.8620547008680098 -0.07069505966472175 -0.5018604400133243
vn 0.6384814919141067 -0.13236192602776825 -0.7581699710627928
vn 0.8438456370685354 -0.19694458527030723 -0.4991366257179535
vn 0.6086138403219957 -0.010155622249923201 -0.7934015734199353
vn 0.33519343105612026 -0.01839541752686738 -0.9419697300820437
vn 0.6384814919141067 -0.13236192602776825 -0.7581699710627928
vn 0.6384814919141067 -0.13236192602776825 -0.7581699710627928
vn 0.8620547008680098 -0.07069505966472175 -0.5018604400133243
vn 0.6086138403219957 -0.010155622249923201 -0.7934015734199353
vn 0.33519343105612026 -0.01839541752686738 -0.9419697300820437
vn 0.6086138403219957 -0.010155622249923201 -0.7934015734199353
vn 0.3365934595086414 0.025263130041240037 -0.9413111160910211
vn 0.8610774209194982 -0.13659272448151316 -0.48978373064174224
vn 0.6086138403219957 -0.010155622249923201 -0.7934015734199353
vn 0.8620547008680098 -0.07069505966472175 -0.5018604400133243
vn 0.5623159465938554 -0.07402265880852314 -0.8236027089496326
vn 0.3365934595086414 0.025263130041240037 -0.9413111160910211
vn 0.6086138403219957 -0.010155622249923201 -0.7934015734199353
vn 0.6086138403219957 -0.010155622249923201 -0.7934015734199353
vn 0.8610774209194982 -0.13659272448151316 -0.48978373064174224
vn 0.5623159465938554 -0.07402265880852314 -0.8236027089496326
vn 0.3365934595086414 0.025263130041240037 -0.9413111160910211
vn 0.5623159465938554 -0.07402265880852314 -0.8236027089496326
vn 0.34404551984849124 -0.09071722130000276 -0.9345603597584202
vn 0.6156264650615816 -0.20771200809286353 -0.7601708868470375
vn 0.5623159465938554 -0.07402265880852314 -0.8236027089496326
vn 0.8610774209194982 -0.13659272448151316 -0.48978373064174224
vn 0.6156264650615816 -0.20771200809286353 -0.7601708868470375
vn 0.34404551984849124 -0.09071722130000276 -0.9345603597584202
vn 0.5623159465938554 -0.07402265880852314 -0.8236027089496326
vn 0.6156264650615816 -0.20771200809286353 -0.7601708868470375
vn 0.8610774209194982 -0.13659272448151316 -0.48978373064174224
vn 0.8519710101402801 -0.2225895081143305 -0.4739190951607363
vn 0.34404551984849124 -0.09071722130000276 -0.9345603597584202
vn 0.6156264650615816 -0.20771200809286353 -0.7601708868470375
vn 0.35104776709456575 -0.15865618188548977 -0.9228183359510354
vn 0.6645522552537921 -0.0912107707648821 -0.7416541615426795
vn 0.6156264650615816 -0.20771200809286353 -0.7601708868470375
vn 0.8519710101402801 -0.2225895081143305 -0.4739190951607363
vn 0.6645522552537921 -0.0912107707648821 -0.7416541615426795
vn 0.35104776709456575 -0.15865618188548977 -0.9228183359510354
vn 0.6156264650615816 -0.20771200809286353 -0.7601708868470375
vn 0.6645522552537921 -0.0912107707648821 -0.7416541615426795
vn 0.8519710101402801 -0.2225895081143305 -0.4739190951607363
vn 0.8685678243367322 -0.06529249013257743 -0.49125026743936
vn 0.35104776709456575 -0.15865618188548977 -0.9228183359510354
vn 0.6645522552537921 -0.0912107707648821 -0.7416541615426795
vn 0.3485846463633073 -0.048139969817252694 -0.9360402168848099
vn 0.8617671407659439 0.09722703660423924 -0.4978998879787462
vn 0.6645522552537921 -0.0912107707648821 -0.7416541615426795
vn 0.8685678243367322 -0.06529249013257743 -0.49125026743936
vn 0.5786187291132677 0.08093024279062604 -0.8115729555136723
vn 0.3485846463633073 -0.048139969817252694 -0.9360402168848099
vn 0.6645522552537921 -0.0912107707648821 -0.7416541615426795
vn 0.6645522552537921 -0.0912107707648821 -0.7416541615426795
vn 0.8617671407659439 0.09722703660423924 -0.4978998879787462
vn 0.5786187291132677 0.08093024279062604 -0.8115729555136723
vn 0.3485846463633073 -0.048139969817252694 -0.9360402168848099
vn 0.5786187291132677 0.08093024279062604 -0.8115729555136723
vn 0.33871851351913035 0.03775765985185858 -0.94012984620312
vn 0.8558944316208574 0.16321824886824038 -0.4907183766243062
vn 0.5786187291132677 0.08093024279062604 -0.8115729555136723
vn 0.8617671407659439 0.09722703660423924 -0.4978998879787462
vn 0.3369322755899095 0.06969974710649221 -0.9389454653594618
vn 0.33871851351913035 0.03775765985185858 -0.94012984620312
vn 0.5786187291132677 0.08093024279062604 -0.8115729555136723
vn 0.5786187291132677 0.08093024279062604 -0.8115729555136723
vn 0.8558944316208574 0.16321824886824038 -0.4907183766243062
vn 0.6317977916940278 0.11898114510812172 -0.7659471506046028
vn 0.5786187291132677 0.08093024279062604 -0.8115729555136723
vn 0.6317977916940278 0.11898114510812172 -0.7659471506046028
vn 0.3369322755899095 0.06969974710649221 -0.9389454653594618
vn 0.8768077897400893 0.05688469720998515 -0.47746437675959424
vn 0.6317977916940278 0.11898114510812172 -0.7659471506046028
vn 0.8558944316208574 0.16321824886824038 -0.4907183766243062
vn 0.35005557706388596 0.040439440896256056 -0.9358556216567105
vn 0.3369322755899095 0.06969974710649221 -0.9389454653594618
vn 0.6317977916940278 0.11898114510812172 -0.7659471506046028
vn 0.6317977916940278 0.11898114510812172 -0.7659471506046028
vn 0.5875131753280285 0.032143028929581485 -0.8085759670601206
vn 0.35005557706388596 0.040439440896256056 -0.9358556216567105
vn 0.6317977916940278 0.11898114510812172 -0.7659471506046028
vn 0.8768077897400893 0.05688469720998515 -0.47746437675959424
vn 0.5875131753280285 0.032143028929581485 -0.8085759670601206
vn 0.35005557706388596 0.040439440896256056 -0.9358556216567105
vn 0.5875131753280285 0.032143028929581485 -0.8085759670601206
vn 0.3413349783364669 -0.07081564500698159 -0.9372702795812364
vn 0.6852986333083935 -0.10891439723508704 -0.7200718278481429
vn 0.5875131753280285 0.032143028929581485 -0.8085759670601206
vn 0.8768077897400893 0.05688469720998515 -0.47746437675959424
vn 0.5875131753280285 0.032143028929581485 -0.8085759670601206
vn 0.6852986333083935 -0.10891439723508704 -0.7200718278481429
vn 0.3413349783364669 -0.07081564500698159 -0.9372702795812364
vn 0.6852986333083935 -0.10891439723508704 -0.7200718278481429
vn 0.8768077897400893 0.05688469720998515 -0.47746437675959424
vn 0.8496095844299331 -0.2136853016640019 -0.48218476323662607
vn 0.5861151353592214 -0.25133179980008763 -0.7702605887049463
vn 0.3413349783364669 -0.07081564500698159 -0.9372702795812364
vn 0.6852986333083935 -0.10891439723508704 -0.7200718278481429
vn 0.5861151353592214 -0.25133179980008763 -0.7702605887049463
vn 0.6852986333083935 -0.10891439723508704 -0.7200718278481429
vn 0.8496095844299331 -0.2136853016640019 -0.48218476323662607
vn 0.3413349783364669 -0.07081564500698159 -0.9372702795812364
vn 0.5861151353592214 -0.25133179980008763 -0.7702605887049463
vn 0.3083274600472701 -0.158254014579585 -0.9380244369152883
vn 0.5861151353592214 -0.25133179980008763 -0.7702605887049463
vn 0.8496095844299331 -0.2136853016640019 -0.48218476323662607
vn 0.7822405921375916 -0.3888995698449582 -0.48667934062032703
vn 0.5409555178519965 -0.33387731950073446 -0.7719411008804252
vn 0.3083274600472701 -0.158254014579585 -0.9380244369152883
vn 0.5861151353592214 -0.25133179980008763 -0.7702605887049463
vn 0.5409555178519965 -0.33387731950073446 -0.7719411008804252
vn 0.5861151353592214 -0.25133179980008763 -0.7702605887049463
vn 0.7822405921375916 -0.3888995698449582 -0.48667934062032703
vn 0.3083274600472701 -0.158254014579585 -0.9380244369152883
vn 0.5409555178519965 -0.33387731950073446 -0.7719411008804252
vn 0.2987521860292437 -0.19512560649426505 -0.9341697538632866
vn 0.5409555178519965 -0.33387731950073446 -0.7719411008804252
vn 0.7822405921375916 -0.3888995698449582 -0.48667934062032703
vn 0.7329936450732307 -0.484169722130701 -0.47780748890545693
vn 0.5280515576549578 -0.3642800737693209 -0.7671124952135707
vn 0.2987521860292437 -0.19512560649426505 -0.9341697538632866
vn 0.5409555178519965 -0.33387731950073446 -0.7719411008804252
vn 0.5280515576549578 -0.3642800737693209 -0.7671124952135707
vn 0.5409555178519965 -0.33387731950073446 -0.7719411008804252
vn 0.7329936450732307 -0.484169722130701 -0.47780748890545693
vn 0.2987521860292437 -0.19512560649426505 -0.9341697538632866
vn 0.5280515576549578 -0.3642800737693209 -0.7671124952135707
vn 0.3337544389175617 -0.18739224779702393 -0.9238463724929609
vn 0.5280515576549578 -0.3642800737693209 -0.7671124952135707
vn 0.7329936450732307 -0.484169722130701 -0.47780748890545693
vn 0.7327873759429878 -0.5058416841172282 -0.4551338838935601
vn 0.600127066379847 -0.24418664197101247 -0.7617219887079795
vn 0.3337544389175617 -0.18739224779702393 -0.9238463724929609
vn 0.5280515576549578 -0.3642800737693209 -0.7671124952135707
vn 0.600127066379847 -0.24418664197101247 -0.7617219887079795
vn 0.5280515576549578 -0.3642800737693209 -0.7671124952135707
vn 0.7327873759429878 -0.5058416841172282 -0.4551338838935601
vn 0.600127066379847 -0.24418664197101247 -0.7617219887079795
vn 0.7327873759429878 -0.5058416841172282 -0.4551338838935601
vn 0.8052585893704495 -0.3762595866551354 -0.4582437426689213
vn 0.3337544389175617 -0.18739224779702393 -0.9238463724929609
vn 0.600127066379847 -0.24418664197101247 -0.7617219887079795
vn 0.3080351635631791 0.014723683990093698 -0.9512610320718312
vn 0.8067261708529878 0.31673296652931987 -0.4988718404303979
vn 0.600127066379847 -0.24418664197101247 -0.7617219887079795
vn 0.8052585893704495 -0.3762595866551354 -0.4582437426689213
vn 0.5300552752165193 0.24642133982304823 -0.8113679365706744
vn 0.3080351635631791 0.014723683990093698 -0.9512610320718312
vn 0.600127066379847 -0.24418664197101247 -0.7617219887079795
vn 0.600127066379847 -0.24418664197101247 -0.7617219887079795
vn 0.8067261708529878 0.31673296652931987 -0.4988718404303979
vn 0.5300552752165193 0.24642133982304823 -0.8113679365706744
vn 0.3080351635631791 0.014723683990093698 -0.9512610320718312
vn 0.5300552752165193 0.24642133982304823 -0.8113679365706744
vn 0.20946062347735936 0.18374999457684052 -0.960396890199821
vn 0.20946062347735936 0.18374999457684052 -0.960396890199821
vn -0.08448176256795464 0.1866239367970354 -0.9787922854251498
vn 0.3080351635631791 0.014723683990093698 -0.9512610320718312
vn 0.5300552752165193 0.24642133982304823 -0.8113679365706744
vn 0.8067261708529878 0.31673296652931987 -0.4988718404303979
vn 0.3871325746342024 0.6007518754578371 -0.6994466053895644
vn 0.8067261708529878 0.31673296652931987 -0.4988718404303979
vn 0.36914111277723266 0.8234147424230062 -0.43095591516771253
vn 0.3871325746342024 0.6007518754578371 -0.6994466053895644
vn 0.2592639235712691 0.22654637595669028 -0.9388604568706262
vn 0.20946062347735936 0.18374999457684052 -0.960396890199821
vn 0.5300552752165193 0.24642133982304823 -0.8113679365706744
vn 0.5300552752165193 0.24642133982304823 -0.8113679365706744
vn 0.3871325746342024 0.6007518754578371 -0.6994466053895644
vn 0.2592639235712691 0.22654637595669028 -0.9388604568706262
vn -0.08448176256795464 0.1866239367970354 -0.9787922854251498
vn 0.20946062347735936 0.18374999457684052 -0.960396890199821
vn -0.0875520198428866 0.11825599530454466 -0.9891158493300783
vn -0.0875520198428866 0.11825599530454466 -0.9891158493300783
vn -0.4101954475729596 0.18431286340623199 -0.8931788528471858
vn -0.08448176256795464 0.1866239367970354 -0.9787922854251498
vn 0.09375289204334541 -0.056351861314929586 -0.9939994280480506
vn 0.20946062347735936 0.18374999457684052 -0.960396890199821
vn 0.2592639235712691 0.22654637595669028 -0.9388604568706262
vn 0.20946062347735936 0.18374999457684052 -0.960396890199821
vn 0.09375289204334541 -0.056351861314929586 -0.9939994280480506
vn -0.0875520198428866 0.11825599530454466 -0.9891158493300783
vn -0.4101954475729596 0.18431286340623199 -0.8931788528471858
vn -0.0875520198428866 0.11825599530454466 -0.9891158493300783
vn -0.3840060019090986 0.0731235119865671 -0.92043052018745
vn -0.3840060019090986 0.0731235119865671 -0.92043052018745
vn -0.6320925315277875 0.13860457890689937 -0.7623960927843438
vn -0.4101954475729596 0.18431286340623199 -0.8931788528471858
vn -0.10674572659433423 -0.20392332985219713 -0.9731498473492352
vn -0.0875520198428866 0.11825599530454466 -0.9891158493300783
vn 0.09375289204334541 -0.056351861314929586 -0.9939994280480506
vn -0.0875520198428866 0.11825599530454466 -0.9891158493300783
vn -0.10674572659433423 -0.20392332985219713 -0.9731498473492352
vn -0.3840060019090986 0.0731235119865671 -0.92043052018745
vn -0.6320925315277875 0.13860457890689937 -0.7623960927843438
vn -0.3840060019090986 0.0731235119865671 -0.92043052018745
vn -0.5026907373859699 -0.018282708194654888 -0.8642729691060684
vn -0.10674572659433423 -0.20392332985219713 -0.9731498473492352
vn -0.5026907373859699 -0.018282708194654888 -0.8642729691060684
vn -0.3840060019090986 0.0731235119865671 -0.92043052018745
vn -0.7141865350740308 0.098936984339859 -0.6929278939750402
vn -0.6320925315277875 0.13860457890689937 -0.7623960927843438
vn -0.5026907373859699 -0.018282708194654888 -0.8642729691060684
vn 0.09375289204334541 -0.056351861314929586 -0.9939994280480506
vn 0.05599329260399111 -0.4428894073717887 -0.8948260859078874
vn -0.10674572659433423 -0.20392332985219713 -0.9731498473492352
vn 0.2592639235712691 0.22654637595669028 -0.9388604568706262
vn 0.13955989702085556 -0.2334478224253036 -0.9623020052709087
vn 0.09375289204334541 -0.056351861314929586 -0.9939994280480506
vn 0.05599329260399111 -0.4428894073717887 -0.8948260859078874
vn 0.09375289204334541 -0.056351861314929586 -0.9939994280480506
vn 0.13955989702085556 -0.2334478224253036 -0.9623020052709087
vn 0.13955989702085556 -0.2334478224253036 -0.9623020052709087
vn 0.2592639235712691 0.22654637595669028 -0.9388604568706262
vn 0.21410003967395047 0.1911875915955895 -0.9579188263268924
vn 0.21410003967395047 0.1911875915955895 -0.9579188263268924
vn 0.2592639235712691 0.22654637595669028 -0.9388604568706262
vn 0.3871325746342024 0.6007518754578371 -0.6994466053895644
vn 0.13955989702085556 -0.2334478224253036 -0.9623020052709087
vn 0.14153546927659752 -0.6798120462895842 -0.7195993973428699
vn 0.05599329260399111 -0.4428894073717887 -0.8948260859078874
vn 0.3871325746342024 0.6007518754578371 -0.6994466053895644
vn 0.2596371061840467 0.656845857103116 -0.7079139023206473
vn 0.21410003967395047 0.1911875915955895 -0.9579188263268924
vn 0.2596371061840467 0.656845857103116 -0.7079139023206473
vn 0.3871325746342024 0.6007518754578371 -0.6994466053895644
vn 0.36914111277723266 0.8234147424230062 -0.43095591516771253
vn 0.36914111277723266 0.8234147424230062 -0.43095591516771253
vn 0.2563641923159444 0.8595010298938384 -0.44219382685608
vn 0.2596371061840467 0.656845857103116 -0.7079139023206473
vn 0.13955989702085556 -0.2334478224253036 -0.9623020052709087
vn 0.21410003967395047 0.1911875915955895 -0.9579188263268924
vn 0.14977306811970903 -0.5526539996560873 -0.8198424145713238
vn 0.14153546927659752 -0.6798120462895842 -0.7195993973428699
vn 0.13955989702085556 -0.2334478224253036 -0.9623020052709087
vn 0.14977306811970903 -0.5526539996560873 -0.8198424145713238
vn 0.15088087684973567 -0.16129536543794823 -0.9753044478978314
vn 0.21410003967395047 0.1911875915955895 -0.9579188263268924
vn 0.2596371061840467 0.656845857103116 -0.7079139023206473
vn 0.15088087684973567 -0.16129536543794823 -0.9753044478978314
vn 0.14977306811970903 -0.5526539996560873 -0.8198424145713238
vn 0.21410003967395047 0.1911875915955895 -0.9579188263268924
vn 0.2422663412088594 0.6111472246272119 -0.7535290901801528
vn 0.2596371061840467 0.656845857103116 -0.7079139023206473
vn 0.2563641923159444 0.8595010298938384 -0.44219382685608
vn 0.15088087684973567 -0.16129536543794823 -0.9753044478978314
vn 0.2596371061840467 0.656845857103116 -0.7079139023206473
vn 0.2422663412088594 0.6111472246272119 -0.7535290901801528
vn 0.2563641923159444 0.8595010298938384 -0.44219382685608
vn 0.3115980423654014 0.8244688667561776 -0.47239575330842454
vn 0.2422663412088594 0.6111472246272119 -0.7535290901801528
vn 0.35556394543010983 0.5409083545332675 -0.7622285960958739
vn 0.2422663412088594 0.6111472246272119 -0.7535290901801528
vn 0.3115980423654014 0.8244688667561776 -0.47239575330842454
vn 0.3115980423654014 0.8244688667561776 -0.47239575330842454
vn 0.515224285517823 0.7106917717207668 -0.47902102377771094
vn 0.35556394543010983 0.5409083545332675 -0.7622285960958739
vn 0.10361257595840692 -0.02558036748543592 -0.9942887301496348
vn 0.2422663412088594 0.6111472246272119 -0.7535290901801528
vn 0.35556394543010983 0.5409083545332675 -0.7622285960958739
vn 0.10361257595840692 -0.02558036748543592 -0.9942887301496348
vn 0.15088087684973567 -0.16129536543794823 -0.9753044478978314
vn 0.2422663412088594 0.6111472246272119 -0.7535290901801528
vn 0.5399478591005572 0.4312074920612599 -0.7228529644699281
vn 0.35556394543010983 0.5409083545332675 -0.7622285960958739
vn 0.515224285517823 0.7106917717207668 -0.47902102377771094
vn 0.515224285517823 0.7106917717207668 -0.47902102377771094
vn 0.7414789573103491 0.5086925166059796 -0.4375395746844309
vn 0.5399478591005572 0.4312074920612599 -0.7228529644699281
vn 0.1277856762930997 -0.05722066738886093 -0.9901497948077799
vn 0.10361257595840692 -0.02558036748543592 -0.9942887301496348
vn 0.35556394543010983 0.5409083545332675 -0.7622285960958739
vn 0.1277856762930997 -0.05722066738886093 -0.9901497948077799
vn 0.35556394543010983 0.5409083545332675 -0.7622285960958739
vn 0.5399478591005572 0.4312074920612599 -0.7228529644699281
vn 0.6084631841636472 0.18633386925105602 -0.7713962941882505
vn 0.5399478591005572 0.4312074920612599 -0.7228529644699281
vn 0.7414789573103491 0.5086925166059796 -0.4375395746844309
vn 0.1277856762930997 -0.05722066738886093 -0.9901497948077799
vn 0.5399478591005572 0.4312074920612599 -0.7228529644699281
vn 0.6084631841636472 0.18633386925105602 -0.7713962941882505
vn 0.7414789573103491 0.5086925166059796 -0.4375395746844309
vn 0.8239061819527024 0.08265271753751478 -0.5606666849597758
vn 0.6084631841636472 0.18633386925105602 -0.7713962941882505
vn 0.8239061819527024 0.08265271753751478 -0.5606666849597758
vn 0.21633322403717392 -0.35509203234341175 -0.9094556529836445
vn 0.6084631841636472 0.18633386925105602 -0.7713962941882505
vn 0.21633322403717392 -0.35509203234341175 -0.9094556529836445
vn 0.1277856762930997 -0.05722066738886093 -0.9901497948077799
vn 0.6084631841636472 0.18633386925105602 -0.7713962941882505
vn 0.2634754070350407 0.8403123566001286 0.47376772075866264
vn 0.4369594852192668 0.852005558586057 0.288362508685464
vn 0.34526998879075455 0.7788634450651637 0.5236032551289738
vn 0.2634754070350407 0.8403123566001286 0.47376772075866264
vn 0.34526998879075455 0.7788634450651637 0.5236032551289738
vn 0.15687339341126655 0.6824294211074218 0.7139193397342751
vn 0.4369594852192668 0.852005558586057 0.288362508685464
vn 0.2634754070350407 0.8403123566001286 0.47376772075866264
vn 0.2878569983537866 0.9166776097948349 0.2772012052635713
vn 0.14153546035327547 0.6798122341403358 0.7195992216336199
vn 0.15687339341126655 0.6824294211074218 0.7139193397342751
vn 0.0559932949337817 0.44288944597724456 0.8948260666545359
vn 0.14153546035327547 0.6798122341403358 0.7195992216336199
vn 0.2634754070350407 0.8403123566001286 0.47376772075866264
vn 0.15687339341126655 0.6824294211074218 0.7139193397342751
vn 0.17955087806824885 0.8651851039734911 0.46820531612456084
vn 0.2878569983537866 0.9166776097948349 0.2772012052635713
vn 0.2634754070350407 0.8403123566001286 0.47376772075866264
vn 0.17955087806824885 0.8651851039734911 0.46820531612456084
vn 0.2634754070350407 0.8403123566001286 0.47376772075866264
vn 0.14153546035327547 0.6798122341403358 0.7195992216336199
vn 0.2878569983537866 0.9166776097948349 0.2772012052635713
vn 0.17955087806824885 0.8651851039734911 0.46820531612456084
vn 0.17217936607860415 0.9426032105131552 0.2861004254227222
vn 0.11439293957640778 0.849058963834735 0.515764608428064
vn 0.17217936607860415 0.9426032105131552 0.2861004254227222
vn 0.17955087806824885 0.8651851039734911 0.46820531612456084
vn 0.17217936607860415 0.9426032105131552 0.2861004254227222
vn 0.11439293957640778 0.849058963834735 0.515764608428064
vn 0.09322110269573781 0.9475112683287871 0.30583038175132926
vn 0.11439293957640778 0.849058963834735 0.515764608428064
vn 0.021087449449931638 0.9380254763060512 0.345924161163256
vn 0.09322110269573781 0.9475112683287871 0.30583038175132926
vn 0.0559932949337817 0.44288944597724456 0.8948260666545359
vn 0.13955983090524743 0.23344782462213418 0.9623020143265274
vn 0.14153546035327547 0.6798122341403358 0.7195992216336199
vn 0.09375325442712903 0.056352303269718566 0.9939993688129383
vn 0.13955983090524743 0.23344782462213418 0.9623020143265274
vn 0.0559932949337817 0.44288944597724456 0.8948260666545359
vn 0.13955983090524743 0.23344782462213418 0.9623020143265274
vn 0.09375325442712903 0.056352303269718566 0.9939993688129383
vn 0.2592679904117458 -0.22654903409074084 0.9388586924028595
vn 0.14977302496284695 0.5526541027722297 0.8198423529450647
vn 0.17955087806824885 0.8651851039734911 0.46820531612456084
vn 0.14153546035327547 0.6798122341403358 0.7195992216336199
vn 0.13955983090524743 0.23344782462213418 0.9623020143265274
vn 0.14977302496284695 0.5526541027722297 0.8198423529450647
vn 0.14153546035327547 0.6798122341403358 0.7195992216336199
vn 0.11439293957640778 0.849058963834735 0.515764608428064
vn 0.17955087806824885 0.8651851039734911 0.46820531612456084
vn 0.14977302496284695 0.5526541027722297 0.8198423529450647
vn 0.2592679904117458 -0.22654903409074084 0.9388586924028595
vn 0.21409974493750883 -0.19119342450071555 0.9579177280149808
vn 0.13955983090524743 0.23344782462213418 0.9623020143265274
vn 0.13955983090524743 0.23344782462213418 0.9623020143265274
vn 0.21409974493750883 -0.19119342450071555 0.9579177280149808
vn 0.14977302496284695 0.5526541027722297 0.8198423529450647
vn 0.3871325746342024 -0.6007518754578371 0.6994466053895644
vn 0.21409974493750883 -0.19119342450071555 0.9579177280149808
vn 0.2592679904117458 -0.22654903409074084 0.9388586924028595
vn 0.15088087712628057 0.16129535437014678 0.9753044496854368
vn 0.11439293957640778 0.849058963834735 0.515764608428064
vn 0.14977302496284695 0.5526541027722297 0.8198423529450647
vn 0.21409974493750883 -0.19119342450071555 0.9579177280149808
vn 0.15088087712628057 0.16129535437014678 0.9753044496854368
vn 0.14977302496284695 0.5526541027722297 0.8198423529450647
vn 0.21409974493750883 -0.19119342450071555 0.9579177280149808
vn 0.3871325746342024 -0.6007518754578371 0.6994466053895644
vn 0.25963408555644485 -0.6568463508657273 0.7079145520270412
vn 0.25963408555644485 -0.6568463508657273 0.7079145520270412
vn 0.15088087712628057 0.16129535437014678 0.9753044496854368
vn 0.21409974493750883 -0.19119342450071555 0.9579177280149808
vn 0.3691373403672663 -0.8234137282294862 0.43096108421735574
vn 0.25963408555644485 -0.6568463508657273 0.7079145520270412
vn 0.3871325746342024 -0.6007518754578371 0.6994466053895644
vn 0.25963408555644485 -0.6568463508657273 0.7079145520270412
vn 0.3691373403672663 -0.8234137282294862 0.43096108421735574
vn 0.2563640033812401 -0.8595009524162283 0.44219408698663076
vn 0.2563640033812401 -0.8595009524162283 0.44219408698663076
vn 0.2422662417722139 -0.6111470478012169 0.753529265564002
vn 0.25963408555644485 -0.6568463508657273 0.7079145520270412
vn 0.15088087712628057 0.16129535437014678 0.9753044496854368
vn 0.25963408555644485 -0.6568463508657273 0.7079145520270412
vn 0.2422662417722139 -0.6111470478012169 0.753529265564002
vn 0.2422662417722139 -0.6111470478012169 0.753529265564002
vn 0.2563640033812401 -0.8595009524162283 0.44219408698663076
vn 0.3116037996112624 -0.824471300940256 0.4723877072847113
vn 0.11439293957640778 0.849058963834735 0.515764608428064
vn 0.15088087712628057 0.16129535437014678 0.9753044496854368
vn 0.0034315070854571933 0.7827984415858699 0.6222658793553248
vn 0.021087449449931638 0.9380254763060512 0.345924161163256
vn 0.11439293957640778 0.849058963834735 0.515764608428064
vn 0.0034315070854571933 0.7827984415858699 0.6222658793553248
vn 0.0034315070854571933 0.7827984415858699 0.6222658793553248
vn -0.1808921145537273 0.8937122909889869 0.41055618839264574
vn 0.021087449449931638 0.9380254763060512 0.345924161163256
vn -0.1808921145537273 0.8937122909889869 0.41055618839264574
vn 0.0034315070854571933 0.7827984415858699 0.6222658793553248
vn -0.13713802429017855 0.6696860864470507 0.7298723915267789
vn 0.15088087712628057 0.16129535437014678 0.9753044496854368
vn -0.13713802429017855 0.6696860864470507 0.7298723915267789
vn 0.0034315070854571933 0.7827984415858699 0.6222658793553248
vn -0.13713802429017855 0.6696860864470507 0.7298723915267789
vn -0.46209780461717187 0.7611751322226964 0.455058278744328
vn -0.1808921145537273 0.8937122909889869 0.41055618839264574
vn 0.2422662417722139 -0.6111470478012169 0.753529265564002
vn 0.1036115015928517 0.02558630254664339 0.994288689395422
vn 0.15088087712628057 0.16129535437014678 0.9753044496854368
vn -0.13713802429017855 0.6696860864470507 0.7298723915267789
vn 0.15088087712628057 0.16129535437014678 0.9753044496854368
vn 0.1036115015928517 0.02558630254664339 0.994288689395422
vn 0.3116037996112624 -0.824471300940256 0.4723877072847113
vn 0.3555747515354126 -0.5409126577227106 0.7622205014206082
vn 0.2422662417722139 -0.6111470478012169 0.753529265564002
vn 0.1036115015928517 0.02558630254664339 0.994288689395422
vn 0.2422662417722139 -0.6111470478012169 0.753529265564002
vn 0.3555747515354126 -0.5409126577227106 0.7622205014206082
vn 0.3555747515354126 -0.5409126577227106 0.7622205014206082
vn 0.3116037996112624 -0.824471300940256 0.4723877072847113
vn 0.5152308334798357 -0.7106985924350323 0.4790038610935592
vn 0.1036115015928517 0.02558630254664339 0.994288689395422
vn -0.2698150554802769 0.5332653857328659 0.8017654670883207
vn -0.13713802429017855 0.6696860864470507 0.7298723915267789
vn -0.46209780461717187 0.7611751322226964 0.455058278744328
vn -0.13713802429017855 0.6696860864470507 0.7298723915267789
vn -0.2698150554802769 0.5332653857328659 0.8017654670883207
vn 0.3555747515354126 -0.5409126577227106 0.7622205014206082
vn 0.12778589642874047 0.05721977037597107 0.9901498182356164
vn 0.1036115015928517 0.02558630254664339 0.994288689395422
vn -0.2698150554802769 0.5332653857328659 0.8017654670883207
vn 0.1036115015928517 0.02558630254664339 0.994288689395422
vn 0.12778589642874047 0.05721977037597107 0.9901498182356164
vn 0.5152308334798357 -0.7106985924350323 0.4790038610935592
vn 0.5399487736851907 -0.43121220186195053 0.7228494717167794
vn 0.3555747515354126 -0.5409126577227106 0.7622205014206082
vn 0.12778589642874047 0.05721977037597107 0.9901498182356164
vn 0.3555747515354126 -0.5409126577227106 0.7622205014206082
vn 0.5399487736851907 -0.43121220186195053 0.7228494717167794
vn 0.5399487736851907 -0.43121220186195053 0.7228494717167794
vn 0.5152308334798357 -0.7106985924350323 0.4790038610935592
vn 0.7414712999018148 -0.5086930562966984 0.4375519236587096
vn -0.2698150554802769 0.5332653857328659 0.8017654670883207
vn -0.3391946199511558 0.5721642829763297 0.7467094770272931
vn -0.46209780461717187 0.7611751322226964 0.455058278744328
vn -0.3391946199511558 0.5721642829763297 0.7467094770272931
vn -0.2698150554802769 0.5332653857328659 0.8017654670883207
vn 0.12778589642874047 0.05721977037597107 0.9901498182356164
vn -0.343466829795012 0.7474272934345141 0.5686677218373848
vn -0.46209780461717187 0.7611751322226964 0.455058278744328
vn -0.3391946199511558 0.5721642829763297 0.7467094770272931
vn 0.7414712999018148 -0.5086930562966984 0.4375519236587096
vn 0.6084594422630315 -0.18634094656073838 0.7713975361354277
vn 0.5399487736851907 -0.43121220186195053 0.7228494717167794
vn 0.12778589642874047 0.05721977037597107 0.9901498182356164
vn 0.5399487736851907 -0.43121220186195053 0.7228494717167794
vn 0.6084594422630315 -0.18634094656073838 0.7713975361354277
vn 0.6084594422630315 -0.18634094656073838 0.7713975361354277
vn 0.7414712999018148 -0.5086930562966984 0.4375519236587096
vn 0.8239061819527024 -0.08265271753751478 0.5606666849597758
vn 0.12778589642874047 0.05721977037597107 0.9901498182356164
vn 0.21633322585241632 0.35509201169260457 0.9094556606148462
vn -0.3391946199511558 0.5721642829763297 0.7467094770272931
vn 0.21633322585241632 0.35509201169260457 0.9094556606148462
vn 0.12778589642874047 0.05721977037597107 0.9901498182356164
vn 0.6084594422630315 -0.18634094656073838 0.7713975361354277
vn 0.21633322585241632 0.35509201169260457 0.9094556606148462
vn -0.343466829795012 0.7474272934345141 0.5686677218373848
vn -0.3391946199511558 0.5721642829763297 0.7467094770272931
vn 0.8239061819527024 -0.08265271753751478 0.5606666849597758
vn 0.21633322585241632 0.35509201169260457 0.9094556606148462
vn 0.6084594422630315 -0.18634094656073838 0.7713975361354277
vn -0.343466829795012 0.7474272934345141 0.5686677218373848
vn 0.21633322585241632 0.35509201169260457 0.9094556606148462
vn 0.29820404762462177 0.49254442567671075 0.8176027976438751
vn 0.21633322585241632 0.35509201169260457 0.9094556606148462
vn 0.8239061819527024 -0.08265271753751478 0.5606666849597758
vn 0.29820404762462177 0.49254442567671075 0.8176027976438751
vn -0.009564062106759084 0.49685351911244363 -0.867781717519791
vn -0.10674570008492709 0.2039233304359035 -0.9731498501347613
vn -0.23645756659680536 0.29925370620574643 -0.9244106438814094
vn -0.10674570008492709 0.2039233304359035 -0.9731498501347613
vn -0.009564062106759084 0.49685351911244363 -0.867781717519791
vn 0.055993291410304034 0.4428894460648975 -0.8948260668316323
vn 0.2596371061840467 -0.656845857103116 -0.7079139023206473
vn 0.38713500425007114 -0.6007504656004633 -0.6994464715509859
vn 0.2141000768645032 -0.19118762368114242 -0.9579188116107605
vn 0.2596371061840467 -0.656845857103116 -0.7079139023206473
vn 0.36914111277723266 -0.8234147424230062 -0.43095591516771253
vn 0.38713500425007114 -0.6007504656004633 -0.6994464715509859
vn 0.36914111277723266 -0.8234147424230062 -0.43095591516771253
vn 0.2596371061840467 -0.656845857103116 -0.7079139023206473
vn 0.2563640033812401 -0.8595009524162283 -0.44219408698663076
vn 0.2422662200369253 -0.6111470821025478 -0.7535292447321218
vn 0.2563640033812401 -0.8595009524162283 -0.44219408698663076
vn 0.2596371061840467 -0.656845857103116 -0.7079139023206473
vn 0.2563640033812401 -0.8595009524162283 -0.44219408698663076
vn 0.2422662200369253 -0.6111470821025478 -0.7535292447321218
vn 0.3116037996112624 -0.824471300940256 -0.4723877072847113
vn 0.2141000768645032 -0.19118762368114242 -0.9579188116107605
vn 0.15088087684973567 0.16129536543794823 -0.9753044478978314
vn 0.2596371061840467 -0.656845857103116 -0.7079139023206473
vn 0.2422662200369253 -0.6111470821025478 -0.7535292447321218
vn 0.2596371061840467 -0.656845857103116 -0.7079139023206473
vn 0.15088087684973567 0.16129536543794823 -0.9753044478978314
vn 0.3555695590394488 -0.5409128043290283 -0.7622228196514443
vn 0.3116037996112624 -0.824471300940256 -0.4723877072847113
vn 0.2422662200369253 -0.6111470821025478 -0.7535292447321218
vn 0.3116037996112624 -0.824471300940256 -0.4723877072847113
vn 0.3555695590394488 -0.5409128043290283 -0.7622228196514443
vn 0.5152317400614996 -0.7107018228721305 -0.47899809289748757
vn 0.3555695590394488 -0.5409128043290283 -0.7622228196514443
vn 0.2422662200369253 -0.6111470821025478 -0.7535292447321218
vn 0.10361257595840692 0.02558036748543592 -0.9942887301496348
vn 0.15088087684973567 0.16129536543794823 -0.9753044478978314
vn 0.10361257595840692 0.02558036748543592 -0.9942887301496348
vn 0.2422662200369253 -0.6111470821025478 -0.7535292447321218
vn 0.5399487479541218 -0.43121218131268474 -0.7228495031957431
vn 0.5152317400614996 -0.7107018228721305 -0.47899809289748757
vn 0.3555695590394488 -0.5409128043290283 -0.7622228196514443
vn 0.5152317400614996 -0.7107018228721305 -0.47899809289748757
vn 0.5399487479541218 -0.43121218131268474 -0.7228495031957431
vn 0.7414766462798251 -0.5086964009529673 -0.4375389750400764
vn 0.10361257595840692 0.02558036748543592 -0.9942887301496348
vn 0.1277856762930997 0.05722066738886093 -0.9901497948077799
vn 0.3555695590394488 -0.5409128043290283 -0.7622228196514443
vn 0.5399487479541218 -0.43121218131268474 -0.7228495031957431
vn 0.3555695590394488 -0.5409128043290283 -0.7622228196514443
vn 0.1277856762930997 0.05722066738886093 -0.9901497948077799
vn 0.6084631841636472 -0.18633386925105602 -0.7713962941882505
vn 0.7414766462798251 -0.5086964009529673 -0.4375389750400764
vn 0.5399487479541218 -0.43121218131268474 -0.7228495031957431
vn 0.6084631841636472 -0.18633386925105602 -0.7713962941882505
vn 0.5399487479541218 -0.43121218131268474 -0.7228495031957431
vn 0.1277856762930997 0.05722066738886093 -0.9901497948077799
vn 0.7414766462798251 -0.5086964009529673 -0.4375389750400764
vn 0.6084631841636472 -0.18633386925105602 -0.7713962941882505
vn 0.8239061819527024 -0.08265271753751478 -0.5606666849597758
vn 0.21633322403717392 0.35509203234341175 -0.9094556529836445
vn 0.8239061819527024 -0.08265271753751478 -0.5606666849597758
vn 0.6084631841636472 -0.18633386925105602 -0.7713962941882505
vn 0.1277856762930997 0.05722066738886093 -0.9901497948077799
vn 0.21633322403717392 0.35509203234341175 -0.9094556529836445
vn 0.6084631841636472 -0.18633386925105602 -0.7713962941882505
vn 0.8239061819527024 -0.08265271753751478 -0.5606666849597758
vn 0.21633322403717392 0.35509203234341175 -0.9094556529836445
vn 0.29820404762462177 0.49254442567671075 -0.8176027976438751
vn 0.21633322403717392 0.35509203234341175 -0.9094556529836445
vn -0.3434668017033186 0.7474273016106486 -0.5686677280580619
vn 0.29820404762462177 0.49254442567671075 -0.8176027976438751
vn -0.3434668017033186 0.7474273016106486 -0.5686677280580619
vn 0.21633322403717392 0.35509203234341175 -0.9094556529836445
vn -0.3391890370990115 0.5721696594616786 -0.7467078932911798
vn 0.21633322403717392 0.35509203234341175 -0.9094556529836445
vn 0.1277856762930997 0.05722066738886093 -0.9901497948077799
vn -0.3391890370990115 0.5721696594616786 -0.7467078932911798
vn -0.3391890370990115 0.5721696594616786 -0.7467078932911798
vn -0.4621013428103714 0.7611783652511573 -0.4550492778221141
vn -0.3434668017033186 0.7474273016106486 -0.5686677280580619
vn -0.26981506264306254 0.5332654498076355 -0.8017654220608297
vn -0.3391890370990115 0.5721696594616786 -0.7467078932911798
vn 0.1277856762930997 0.05722066738886093 -0.9901497948077799
vn -0.4621013428103714 0.7611783652511573 -0.4550492778221141
vn -0.3391890370990115 0.5721696594616786 -0.7467078932911798
vn -0.26981506264306254 0.5332654498076355 -0.8017654220608297
vn 0.1277856762930997 0.05722066738886093 -0.9901497948077799
vn 0.10361257595840692 0.02558036748543592 -0.9942887301496348
vn -0.26981506264306254 0.5332654498076355 -0.8017654220608297
vn -0.26981506264306254 0.5332654498076355 -0.8017654220608297
vn -0.13714310045255465 0.6696866773999812 -0.7298708955090852
vn -0.4621013428103714 0.7611783652511573 -0.4550492778221141
vn -0.13714310045255465 0.6696866773999812 -0.7298708955090852
vn -0.26981506264306254 0.5332654498076355 -0.8017654220608297
vn 0.10361257595840692 0.02558036748543592 -0.9942887301496348
vn -0.13714310045255465 0.6696866773999812 -0.7298708955090852
vn -0.1808920890968651 0.8937123051950547 -0.4105561686847651
vn -0.4621013428103714 0.7611783652511573 -0.4550492778221141
vn 0.15088087684973567 0.16129536543794823 -0.9753044478978314
vn -0.13714310045255465 0.6696866773999812 -0.7298708955090852
vn 0.10361257595840692 0.02558036748543592 -0.9942887301496348
vn -0.13714310045255465 0.6696866773999812 -0.7298708955090852
vn 0.003431506740607178 0.7827984767720011 -0.6222658350937516
vn -0.1808920890968651 0.8937123051950547 -0.4105561686847651
vn -0.13714310045255465 0.6696866773999812 -0.7298708955090852
vn 0.15088087684973567 0.16129536543794823 -0.9753044478978314
vn 0.003431506740607178 0.7827984767720011 -0.6222658350937516
vn 0.021087451579750977 0.9380254762639034 -0.34592416114771285
vn -0.1808920890968651 0.8937123051950547 -0.4105561686847651
vn 0.003431506740607178 0.7827984767720011 -0.6222658350937516
vn 0.11439292335778058 0.8490589654308777 -0.515764609397648
vn 0.021087451579750977 0.9380254762639034 -0.34592416114771285
vn 0.003431506740607178 0.7827984767720011 -0.6222658350937516
vn 0.15088087684973567 0.16129536543794823 -0.9753044478978314
vn 0.11439292335778058 0.8490589654308777 -0.515764609397648
vn 0.003431506740607178 0.7827984767720011 -0.6222658350937516
vn 0.021087451579750977 0.9380254762639034 -0.34592416114771285
vn 0.11439292335778058 0.8490589654308777 -0.515764609397648
vn 0.0932210958628134 0.9475112859201864 -0.3058303293331301
vn 0.11439292335778058 0.8490589654308777 -0.515764609397648
vn 0.17217936512500856 0.9426032052926558 -0.2861004431963716
vn 0.0932210958628134 0.9475112859201864 -0.3058303293331301
vn 0.11439292335778058 0.8490589654308777 -0.515764609397648
vn 0.15088087684973567 0.16129536543794823 -0.9753044478978314
vn 0.1497730352940473 0.5526540367862612 -0.8198423955387144
vn 0.1497730352940473 0.5526540367862612 -0.8198423955387144
vn 0.15088087684973567 0.16129536543794823 -0.9753044478978314
vn 0.2141000768645032 -0.19118762368114242 -0.9579188116107605
vn 0.2141000768645032 -0.19118762368114242 -0.9579188116107605
vn 0.13955983090524743 0.23344782462213418 -0.9623020143265274
vn 0.1497730352940473 0.5526540367862612 -0.8198423955387144
vn 0.17217936512500856 0.9426032052926558 -0.2861004431963716
vn 0.11439292335778058 0.8490589654308777 -0.515764609397648
vn 0.17955089972152546 0.8651850720294271 -0.4682053668494477
vn 0.1497730352940473 0.5526540367862612 -0.8198423955387144
vn 0.17955089972152546 0.8651850720294271 -0.4682053668494477
vn 0.11439292335778058 0.8490589654308777 -0.515764609397648
vn 0.17955089972152546 0.8651850720294271 -0.4682053668494477
vn 0.287856967155033 0.9166776187711024 -0.27720120797797393
vn 0.17217936512500856 0.9426032052926558 -0.2861004431963716
vn 0.13955983090524743 0.23344782462213418 -0.9623020143265274
vn 0.1415354583091639 0.6798121720161653 -0.7195992807249593
vn 0.1497730352940473 0.5526540367862612 -0.8198423955387144
vn 0.17955089972152546 0.8651850720294271 -0.4682053668494477
vn 0.1497730352940473 0.5526540367862612 -0.8198423955387144
vn 0.1415354583091639 0.6798121720161653 -0.7195992807249593
vn 0.1415354583091639 0.6798121720161653 -0.7195992807249593
vn 0.13955983090524743 0.23344782462213418 -0.9623020143265274
vn 0.055993291410304034 0.4428894460648975 -0.8948260668316323
vn 0.287856967155033 0.9166776187711024 -0.27720120797797393
vn 0.17955089972152546 0.8651850720294271 -0.4682053668494477
vn 0.2634753640013848 0.8403123803526932 -0.47376770256142225
vn 0.1415354583091639 0.6798121720161653 -0.7195992807249593
vn 0.2634753640013848 0.8403123803526932 -0.47376770256142225
vn 0.17955089972152546 0.8651850720294271 -0.4682053668494477
vn 0.2634753640013848 0.8403123803526932 -0.47376770256142225
vn 0.43695950988237936 0.8520055414988768 -0.2883625217994819
vn 0.287856967155033 0.9166776187711024 -0.27720120797797393
vn 0.055993291410304034 0.4428894460648975 -0.8948260668316323
vn 0.15687820469972977 0.6824298640783262 -0.7139178590735961
vn 0.1415354583091639 0.6798121720161653 -0.7195992807249593
vn 0.2634753640013848 0.8403123803526932 -0.47376770256142225
vn 0.1415354583091639 0.6798121720161653 -0.7195992807249593
vn 0.15687820469972977 0.6824298640783262 -0.7139178590735961
vn 0.15687820469972977 0.6824298640783262 -0.7139178590735961
vn 0.055993291410304034 0.4428894460648975 -0.8948260668316323
vn -0.009564062106759084 0.49685351911244363 -0.867781717519791
vn 0.43695950988237936 0.8520055414988768 -0.2883625217994819
vn 0.2634753640013848 0.8403123803526932 -0.47376770256142225
vn 0.3452774694849393 0.7788657409851151 -0.523594906951724
vn 0.15687820469972977 0.6824298640783262 -0.7139178590735961
vn 0.3452774694849393 0.7788657409851151 -0.523594906951724
vn 0.2634753640013848 0.8403123803526932 -0.47376770256142225
vn 0.4466086535936237 0.7553036106345868 -0.4796427486136397
vn 0.43695950988237936 0.8520055414988768 -0.2883625217994819
vn 0.3452774694849393 0.7788657409851151 -0.523594906951724
vn 0.43695950988237936 0.8520055414988768 -0.2883625217994819
vn 0.4466086535936237 0.7553036106345868 -0.4796427486136397
vn 0.42604693234774715 0.812016020674696 -0.3988909545285603
vn 0.3452774694849393 0.7788657409851151 -0.523594906951724
vn 0.15687820469972977 0.6824298640783262 -0.7139178590735961
vn 0.17528035631521338 0.615611591025415 -0.7683092903806182
vn -0.009564062106759084 0.49685351911244363 -0.867781717519791
vn 0.17528035631521338 0.615611591025415 -0.7683092903806182
vn 0.15687820469972977 0.6824298640783262 -0.7139178590735961
vn 0.17528035631521338 0.615611591025415 -0.7683092903806182
vn 0.4466086535936237 0.7553036106345868 -0.4796427486136397
vn 0.3452774694849393 0.7788657409851151 -0.523594906951724
vn 0.18394607569136395 0.6604739569514844 -0.727968401392942
vn 0.42604693234774715 0.812016020674696 -0.3988909545285603
vn 0.4466086535936237 0.7553036106345868 -0.4796427486136397
vn 0.4466086535936237 0.7553036106345868 -0.4796427486136397
vn 0.17528035631521338 0.615611591025415 -0.7683092903806182
vn 0.18394607569136395 0.6604739569514844 -0.727968401392942
vn 0.42604693234774715 0.812016020674696 -0.3988909545285603
vn 0.18394607569136395 0.6604739569514844 -0.727968401392942
vn -0.06791969929643848 0.6342726485240192 -0.7701201995674489
vn 0.17528035631521338 0.615611591025415 -0.7683092903806182
vn -0.009564062106759084 0.49685351911244363 -0.867781717519791
vn -0.05072935563303595 0.460547234273687 -0.8861843924826902
vn -0.23645756659680536 0.29925370620574643 -0.9244106438814094
vn -0.05072935563303595 0.460547234273687 -0.8861843924826902
vn -0.009564062106759084 0.49685351911244363 -0.867781717519791
vn 0.18394607569136395 0.6604739569514844 -0.727968401392942
vn 0.17528035631521338 0.615611591025415 -0.7683092903806182
vn 0.009022844264417896 0.4388912906007343 -0.8984948654923979
vn 0.009022844264417896 0.4388912906007343 -0.8984948654923979
vn 0.17528035631521338 0.615611591025415 -0.7683092903806182
vn -0.05072935563303595 0.460547234273687 -0.8861843924826902
vn 0.18394607569136395 0.6604739569514844 -0.727968401392942
vn -0.28918507144451655 0.3664983478418903 -0.8843364492560479
vn -0.06791969929643848 0.6342726485240192 -0.7701201995674489
vn -0.28918507144451655 0.3664983478418903 -0.8843364492560479
vn 0.18394607569136395 0.6604739569514844 -0.727968401392942
vn 0.009022844264417896 0.4388912906007343 -0.8984948654923979
vn -0.6827861372738637 0.08199307454187116 -0.7260029107887982
vn -0.06791969929643848 0.6342726485240192 -0.7701201995674489
vn -0.28918507144451655 0.3664983478418903 -0.8843364492560479
vn -0.05072935563303595 0.460547234273687 -0.8861843924826902
vn -0.23645756659680536 0.29925370620574643 -0.9244106438814094
vn -0.23237813358903908 0.3104530282992148 -0.9217479700273397
vn -0.23237813358903908 0.3104530282992148 -0.9217479700273397
vn 0.009022844264417896 0.4388912906007343 -0.8984948654923979
vn -0.05072935563303595 0.460547234273687 -0.8861843924826902
vn -0.23237813358903908 0.3104530282992148 -0.9217479700273397
vn -0.28918507144451655 0.3664983478418903 -0.8843364492560479
vn 0.009022844264417896 0.4388912906007343 -0.8984948654923979
vn -0.23645756659680536 0.29925370620574643 -0.9244106438814094
vn -0.5388118375575159 0.0764782284090369 -0.8389474860128662
vn -0.23237813358903908 0.3104530282992148 -0.9217479700273397
vn -0.28918507144451655 0.3664983478418903 -0.8843364492560479
vn -0.5790096783217965 0.055421583991409167 -0.8134348409292369
vn -0.6827861372738637 0.08199307454187116 -0.7260029107887982
vn -0.28918507144451655 0.3664983478418903 -0.8843364492560479
vn -0.23237813358903908 0.3104530282992148 -0.9217479700273397
vn -0.5790096783217965 0.055421583991409167 -0.8134348409292369
vn -0.5388118375575159 0.0764782284090369 -0.8389474860128662
vn -0.5790096783217965 0.055421583991409167 -0.8134348409292369
vn -0.23237813358903908 0.3104530282992148 -0.9217479700273397
vn -0.714186566589023 -0.09893692675653022 -0.6929278697149913
vn -0.6827861372738637 0.08199307454187116 -0.7260029107887982
vn -0.5790096783217965 0.055421583991409167 -0.8134348409292369
vn -0.714186566589023 -0.09893692675653022 -0.6929278697149913
vn -0.5790096783217965 0.055421583991409167 -0.8134348409292369
vn -0.5388118375575159 0.0764782284090369 -0.8389474860128662
vn 0.5286403802295991 -0.7041344416177335 0.4740612160031524
vn 0.5178170704289279 -0.7131207053501443 0.4725720486585251
vn 0.5405560543601189 -0.6937833338888431 0.4758821678868651
vn 0.5178170704289279 -0.7131207053501443 0.4725720486585251
vn 0.5286403802295991 -0.7041344416177335 0.4740612160031524
vn 0.5223371132140466 -0.7111978630640606 0.4704907435139715
vn 0.5405560543601189 -0.6937833338888431 0.4758821678868651
vn 0.5735485239907571 -0.6667128722891803 0.4759580197369674
vn 0.5286403802295991 -0.7041344416177335 0.4740612160031524
vn 0.5223371132140466 -0.7111978630640606 0.4704907435139715
vn 0.5497909334548153 -0.688354616712172 0.4731784559148077
vn 0.5178170704289279 -0.7131207053501443 0.4725720486585251
vn 0.5405560543601189 -0.6937833338888431 0.4758821678868651
vn 0.588302962370613 -0.6461384449777726 0.48621469988850297
vn 0.5735485239907571 -0.6667128722891803 0.4759580197369674
vn 0.5497909334548153 -0.688354616712172 0.4731784559148077
vn 0.5223371132140466 -0.7111978630640606 0.4704907435139715
vn 0.5755250423282157 -0.6667829465264526 0.47346745175841526
vn 0.588302962370613 -0.6461384449777726 0.48621469988850297
vn 0.6734265449110396 -0.5849054514866632 0.4520866083289378
vn 0.5735485239907571 -0.6667128722891803 0.4759580197369674
vn 0.588302962370613 -0.6461384449777726 0.48621469988850297
vn 0.7310075315481686 -0.535962571619584 0.42234122536495955
vn 0.6734265449110396 -0.5849054514866632 0.4520866083289378
vn 0.6734265449110396 -0.5849054514866632 0.4520866083289378
vn 0.7310075315481686 -0.535962571619584 0.42234122536495955
vn 0.8979252925883829 -0.3896880186106973 0.2046299515743861
vn 0.6512122511145026 -0.5860867386695109 0.482104696880375
vn 0.5497909334548153 -0.688354616712172 0.4731784559148077
vn 0.5755250423282157 -0.6667829465264526 0.47346745175841526
vn 0.5755250423282157 -0.6667829465264526 0.47346745175841526
vn 0.6521021537050159 -0.5844333078058214 0.4829083659043669
vn 0.6512122511145026 -0.5860867386695109 0.482104696880375
vn 0.7263303800914634 -0.4819218845486446 0.4900974149587744
vn 0.6512122511145026 -0.5860867386695109 0.482104696880375
vn 0.6521021537050159 -0.5844333078058214 0.4829083659043669
vn 0.6512122511145026 -0.5860867386695109 0.482104696880375
vn 0.7263303800914634 -0.4819218845486446 0.4900974149587744
vn 0.7533522819886868 -0.43958836481625946 0.48910367892769474
vn 0.7924794684369925 -0.3574747259422943 0.4941539359534671
vn 0.7533522819886868 -0.43958836481625946 0.48910367892769474
vn 0.7263303800914634 -0.4819218845486446 0.4900974149587744
vn 0.7533522819886868 -0.43958836481625946 0.48910367892769474
vn 0.7924794684369925 -0.3574747259422943 0.4941539359534671
vn 0.8104734315728074 -0.3161945366814775 0.4931063087077511
vn 0.8447790502204712 -0.19016525582029792 0.5001854973781222
vn 0.8104734315728074 -0.3161945366814775 0.4931063087077511
vn 0.7924794684369925 -0.3574747259422943 0.4941539359534671
vn 0.8104734315728074 -0.3161945366814775 0.4931063087077511
vn 0.8447790502204712 -0.19016525582029792 0.5001854973781222
vn 0.8438433936166753 -0.19694404926189799 0.4991406299930113
vn 0.8620543704223368 -0.07069460725599375 0.5018610713540843
vn 0.8438433936166753 -0.19694404926189799 0.4991406299930113
vn 0.8447790502204712 -0.19016525582029792 0.5001854973781222
vn 0.8620543704223368 -0.07069460725599375 0.5018610713540843
vn 0.8447790502204712 -0.19016525582029792 0.5001854973781222
vn 0.8648116791434648 -0.05149001045758776 0.4994492350981613
vn 0.8610774209194982 -0.13659272448151316 0.48978373064174224
vn 0.8620543704223368 -0.07069460725599375 0.5018610713540843
vn 0.8648116791434648 -0.05149001045758776 0.4994492350981613
vn 0.8610774209194982 -0.13659272448151316 0.48978373064174224
vn 0.8648116791434648 -0.05149001045758776 0.4994492350981613
vn 0.861442043888796 -0.13486049185552482 0.48962256152793804
vn 0.8479411844449556 -0.23502104951248162 0.4751429826990371
vn 0.8610774209194982 -0.13659272448151316 0.48978373064174224
vn 0.861442043888796 -0.13486049185552482 0.48962256152793804
vn 0.8610774209194982 -0.13659272448151316 0.48978373064174224
vn 0.8479411844449556 -0.23502104951248162 0.4751429826990371
vn 0.8519710101402801 -0.2225895081143305 0.4739190951607363
vn 0.8684667084293034 -0.06997894929386764 0.49078358061950056
vn 0.8519710101402801 -0.2225895081143305 0.4739190951607363
vn 0.8479411844449556 -0.23502104951248162 0.4751429826990371
vn 0.8519710101402801 -0.2225895081143305 0.4739190951607363
vn 0.8684667084293034 -0.06997894929386764 0.49078358061950056
vn 0.8685678243367322 -0.06529249013257743 0.49125026743936
vn 0.8617671407659439 0.09722703660423924 0.4978998879787462
vn 0.8685678243367322 -0.06529249013257743 0.49125026743936
vn 0.8684667084293034 -0.06997894929386764 0.49078358061950056
vn 0.8617671407659439 0.09722703660423924 0.4978998879787462
vn 0.8684667084293034 -0.06997894929386764 0.49078358061950056
vn 0.8584686871024082 0.13877962426734733 0.4937324469314137
vn 0.8558944316208574 0.16321824886824038 0.4907183766243062
vn 0.8617671407659439 0.09722703660423924 0.4978998879787462
vn 0.8584686871024082 0.13877962426734733 0.4937324469314137
vn 0.8558944316208574 0.16321824886824038 0.4907183766243062
vn 0.8584686871024082 0.13877962426734733 0.4937324469314137
vn 0.8620201389559057 0.15953821233896068 0.48111208552491136
vn 0.8768077897400893 0.05688469720998515 0.47746437675959424
vn 0.8558944316208574 0.16321824886824038 0.4907183766243062
vn 0.8620201389559057 0.15953821233896068 0.48111208552491136
vn 0.8768077897400893 0.05688469720998515 0.47746437675959424
vn 0.8620201389559057 0.15953821233896068 0.48111208552491136
vn 0.8787699823643293 0.059592531280194684 0.47351034657229524
vn 0.869361756775838 -0.1269063874170176 0.4776032921666164
vn 0.8768077897400893 0.05688469720998515 0.47746437675959424
vn 0.8787699823643293 0.059592531280194684 0.47351034657229524
vn 0.8768077897400893 0.05688469720998515 0.47746437675959424
vn 0.869361756775838 -0.1269063874170176 0.4776032921666164
vn 0.8496095844299331 -0.2136853016640019 0.48218476323662607
vn 0.805722030385973 -0.34289857508385085 0.4829415875198263
vn 0.8496095844299331 -0.2136853016640019 0.48218476323662607
vn 0.869361756775838 -0.1269063874170176 0.4776032921666164
vn 0.8496095844299331 -0.2136853016640019 0.48218476323662607
vn 0.805722030385973 -0.34289857508385085 0.4829415875198263
vn 0.7822405921375916 -0.3888995698449582 0.48667934062032703
vn 0.7459199804225575 -0.45874648519919026 0.4828613104441071
vn 0.7822405921375916 -0.3888995698449582 0.48667934062032703
vn 0.805722030385973 -0.34289857508385085 0.4829415875198263
vn 0.7822405921375916 -0.3888995698449582 0.48667934062032703
vn 0.7459199804225575 -0.45874648519919026 0.4828613104441071
vn 0.7329936450732307 -0.484169722130701 0.47780748890545693
vn 0.7232039919902736 -0.5043047427768557 0.47186090363803357
vn 0.7329936450732307 -0.484169722130701 0.47780748890545693
vn 0.7459199804225575 -0.45874648519919026 0.4828613104441071
vn 0.7329936450732307 -0.484169722130701 0.47780748890545693
vn 0.7232039919902736 -0.5043047427768557 0.47186090363803357
vn 0.7327873759429878 -0.5058416841172282 0.4551338838935601
vn 0.8148570405675386 -0.3436688244113184 0.4667973249336967
vn 0.7327873759429878 -0.5058416841172282 0.4551338838935601
vn 0.7232039919902736 -0.5043047427768557 0.47186090363803357
vn 0.7327873759429878 -0.5058416841172282 0.4551338838935601
vn 0.8148570405675386 -0.3436688244113184 0.4667973249336967
vn 0.8052585893704495 -0.3762595866551354 0.4582437426689213
vn 0.8052585893704495 -0.3762595866551354 0.4582437426689213
vn 0.8148570405675386 -0.3436688244113184 0.4667973249336967
vn 0.8067271114663832 0.3167268018980608 0.49887423323372027
vn 0.8148570405675386 -0.3436688244113184 0.4667973249336967
vn 0.8178573658960465 0.32672057243292735 0.47366971256211926
vn 0.8067271114663832 0.3167268018980608 0.49887423323372027
vn 0.48958501495942935 0.7579255709081363 0.4311094316884648
vn 0.8067271114663832 0.3167268018980608 0.49887423323372027
vn 0.8178573658960465 0.32672057243292735 0.47366971256211926
vn 0.8067271114663832 0.3167268018980608 0.49887423323372027
vn 0.48958501495942935 0.7579255709081363 0.4311094316884648
vn 0.36913737468445357 0.8234137314282703 0.43096104871141394
vn 0.2811002701884856 0.8629845759806009 0.4198097899281804
vn 0.36913737468445357 0.8234137314282703 0.43096104871141394
vn 0.48958501495942935 0.7579255709081363 0.4311094316884648
vn 0.36913737468445357 0.8234137314282703 0.43096104871141394
vn 0.2811002701884856 0.8629845759806009 0.4198097899281804
vn 0.2563641923159444 0.8595010298938384 0.44219382685608
vn 0.27671010362186854 0.8451015670083782 0.4574219714809927
vn 0.2563641923159444 0.8595010298938384 0.44219382685608
vn 0.2811002701884856 0.8629845759806009 0.4198097899281804
vn 0.2563641923159444 0.8595010298938384 0.44219382685608
vn 0.27671010362186854 0.8451015670083782 0.4574219714809927
vn 0.3115980423654014 0.8244688667561776 0.47239575330842454
vn 0.42553536968339933 0.7616094151872814 0.48874405146917105
vn 0.3115980423654014 0.8244688667561776 0.47239575330842454
vn 0.27671010362186854 0.8451015670083782 0.4574219714809927
vn 0.3115980423654014 0.8244688667561776 0.47239575330842454
vn 0.42553536968339933 0.7616094151872814 0.48874405146917105
vn 0.5152233356134057 0.7106885796848268 0.47902678123979614
vn 0.6529821537408997 0.583603299563059 0.4827230009384327
vn 0.5152233356134057 0.7106885796848268 0.47902678123979614
vn 0.42553536968339933 0.7616094151872814 0.48874405146917105
vn 0.5152233356134057 0.7106885796848268 0.47902678123979614
vn 0.6529821537408997 0.583603299563059 0.4827230009384327
vn 0.7414736221643021 0.5086891796647773 0.4375524952808811
vn 0.6529821537408997 0.583603299563059 0.4827230009384327
vn 0.6084594422630315 0.18634094656073838 0.7713975361354277
vn 0.7414736221643021 0.5086891796647773 0.4375524952808811
vn 0.8239061819527024 0.08265271753751478 0.5606666849597758
vn 0.7414736221643021 0.5086891796647773 0.4375524952808811
vn 0.6084594422630315 0.18634094656073838 0.7713975361354277
vn 0.2163332372690247 -0.35509203127705935 0.9094556502525211
vn 0.8239061819527024 0.08265271753751478 0.5606666849597758
vn 0.6084594422630315 0.18634094656073838 0.7713975361354277
vn 0.8239061819527024 0.08265271753751478 0.5606666849597758
vn 0.2163332372690247 -0.35509203127705935 0.9094556502525211
vn 0.29820404762462177 -0.49254442567671075 0.8176027976438751
vn 0.2163332372690247 -0.35509203127705935 0.9094556502525211
vn -0.3434668017033186 -0.7474273016106486 0.5686677280580619
vn 0.29820404762462177 -0.49254442567671075 0.8176027976438751
vn 0.12778589642874047 -0.05721977037597107 0.9901498182356164
vn 0.2163332372690247 -0.35509203127705935 0.9094556502525211
vn 0.6084594422630315 0.18634094656073838 0.7713975361354277
vn 0.6084594422630315 0.18634094656073838 0.7713975361354277
vn 0.2911400516794538 0.14427115619994854 0.9457395538925157
vn 0.12778589642874047 -0.05721977037597107 0.9901498182356164
vn -0.3434668017033186 -0.7474273016106486 0.5686677280580619
vn 0.2163332372690247 -0.35509203127705935 0.9094556502525211
vn -0.339194637046871 -0.5721643118139264 0.7467094471647843
vn 0.2163332372690247 -0.35509203127705935 0.9094556502525211
vn 0.12778589642874047 -0.05721977037597107 0.9901498182356164
vn -0.339194637046871 -0.5721643118139264 0.7467094471647843
vn -0.46209777920744843 -0.7611751435868915 0.45505828553825867
vn -0.3434668017033186 -0.7474273016106486 0.5686677280580619
vn -0.339194637046871 -0.5721643118139264 0.7467094471647843
vn 0.2347155612495927 0.23855444544902502 0.9423377217663511
vn 0.12778589642874047 -0.05721977037597107 0.9901498182356164
vn 0.2911400516794538 0.14427115619994854 0.9457395538925157
vn -0.46209777920744843 -0.7611751435868915 0.45505828553825867
vn -0.339194637046871 -0.5721643118139264 0.7467094471647843
vn -0.26981503545376156 -0.5332654540268763 0.8017654284044647
vn -0.26981503545376156 -0.5332654540268763 0.8017654284044647
vn -0.339194637046871 -0.5721643118139264 0.7467094471647843
vn 0.12778589642874047 -0.05721977037597107 0.9901498182356164
vn 0.12778589642874047 -0.05721977037597107 0.9901498182356164
vn 0.2347155612495927 0.23855444544902502 0.9423377217663511
vn 0.1036115015928517 -0.02558630254664339 0.994288689395422
vn 0.1036115015928517 -0.02558630254664339 0.994288689395422
vn -0.26981503545376156 -0.5332654540268763 0.8017654284044647
vn 0.12778589642874047 -0.05721977037597107 0.9901498182356164
vn 0.18190448646095553 0.3270100867883757 0.9273484571314254
vn 0.1036115015928517 -0.02558630254664339 0.994288689395422
vn 0.2347155612495927 0.23855444544902502 0.9423377217663511
vn -0.13713802429017855 -0.6696860864470507 0.7298723915267789
vn -0.46209777920744843 -0.7611751435868915 0.45505828553825867
vn -0.26981503545376156 -0.5332654540268763 0.8017654284044647
vn -0.26981503545376156 -0.5332654540268763 0.8017654284044647
vn 0.1036115015928517 -0.02558630254664339 0.994288689395422
vn -0.13713802429017855 -0.6696860864470507 0.7298723915267789
vn -0.46209777920744843 -0.7611751435868915 0.45505828553825867
vn -0.13713802429017855 -0.6696860864470507 0.7298723915267789
vn -0.1808920890968651 -0.8937123051950547 0.4105561686847651
vn 0.1036115015928517 -0.02558630254664339 0.994288689395422
vn 0.18190448646095553 0.3270100867883757 0.9273484571314254
vn 0.1508808640794592 -0.16129535469505576 0.9753044516500639
vn 0.1508808640794592 -0.16129535469505576 0.9753044516500639
vn -0.13713802429017855 -0.6696860864470507 0.7298723915267789
vn 0.1036115015928517 -0.02558630254664339 0.994288689395422
vn 0.2163420878489021 0.4195542114820506 0.8815726655544922
vn 0.1508808640794592 -0.16129535469505576 0.9753044516500639
vn 0.18190448646095553 0.3270100867883757 0.9273484571314254
vn 0.003431506740607178 -0.7827984767720011 0.6222658350937516
vn -0.1808920890968651 -0.8937123051950547 0.4105561686847651
vn -0.13713802429017855 -0.6696860864470507 0.7298723915267789
vn -0.13713802429017855 -0.6696860864470507 0.7298723915267789
vn 0.1508808640794592 -0.16129535469505576 0.9753044516500639
vn 0.003431506740607178 -0.7827984767720011 0.6222658350937516
vn -0.1808920890968651 -0.8937123051950547 0.4105561686847651
vn 0.003431506740607178 -0.7827984767720011 0.6222658350937516
vn 0.021087451579750977 -0.9380254762639034 0.34592416114771285
vn 0.1143930434658726 -0.8490590030795357 0.5157645207807526
vn 0.021087451579750977 -0.9380254762639034 0.34592416114771285
vn 0.003431506740607178 -0.7827984767720011 0.6222658350937516
vn 0.1143930434658726 -0.8490590030795357 0.5157645207807526
vn 0.003431506740607178 -0.7827984767720011 0.6222658350937516
vn 0.1508808640794592 -0.16129535469505576 0.9753044516500639
vn 0.021087451579750977 -0.9380254762639034 0.34592416114771285
vn 0.1143930434658726 -0.8490590030795357 0.5157645207807526
vn 0.0932210958628134 -0.9475112859201864 0.3058303293331301
vn 0.17217954666764376 -0.9426033784421648 0.28609976347201294
vn 0.0932210958628134 -0.9475112859201864 0.3058303293331301
vn 0.1143930434658726 -0.8490590030795357 0.5157645207807526
vn 0.1508808640794592 -0.16129535469505576 0.9753044516500639
vn 0.2163420878489021 0.4195542114820506 0.8815726655544922
vn 0.2140997701257723 0.19119343442504622 0.9579177204044443
vn 0.2852837756269648 0.44403734675347545 0.8493785975948283
vn 0.2140997701257723 0.19119343442504622 0.9579177204044443
vn 0.2163420878489021 0.4195542114820506 0.8815726655544922
vn 0.1508808640794592 -0.16129535469505576 0.9753044516500639
vn 0.14977303128007793 -0.5526539720149276 0.8198424399342232
vn 0.1143930434658726 -0.8490590030795357 0.5157645207807526
vn 0.14977303128007793 -0.5526539720149276 0.8198424399342232
vn 0.1508808640794592 -0.16129535469505576 0.9753044516500639
vn 0.2140997701257723 0.19119343442504622 0.9579177204044443
vn 0.17217954666764376 -0.9426033784421648 0.28609976347201294
vn 0.1143930434658726 -0.8490590030795357 0.5157645207807526
vn 0.17955101267889143 -0.8651851137401732 0.46820524645542805
vn 0.17955101267889143 -0.8651851137401732 0.46820524645542805
vn 0.1143930434658726 -0.8490590030795357 0.5157645207807526
vn 0.14977303128007793 -0.5526539720149276 0.8198424399342232
vn 0.28785714585504324 -0.916677928248996 0.2771999989922748
vn 0.17217954666764376 -0.9426033784421648 0.28609976347201294
vn 0.17955101267889143 -0.8651851137401732 0.46820524645542805
vn 0.2140997701257723 0.19119343442504622 0.9579177204044443
vn 0.2852837756269648 0.44403734675347545 0.8493785975948283
vn 0.2592679904117458 0.22654903409074084 0.9388586924028595
vn 0.41324899716823454 0.209547107476624 0.8861801600620659
vn 0.2592679904117458 0.22654903409074084 0.9388586924028595
vn 0.2852837756269648 0.44403734675347545 0.8493785975948283
vn 0.2140997701257723 0.19119343442504622 0.9579177204044443
vn 0.13955989702085556 -0.2334478224253036 0.9623020052709087
vn 0.14977303128007793 -0.5526539720149276 0.8198424399342232
vn 0.2140997701257723 0.19119343442504622 0.9579177204044443
vn 0.2592679904117458 0.22654903409074084 0.9388586924028595
vn 0.13955989702085556 -0.2334478224253036 0.9623020052709087
vn 0.14977303128007793 -0.5526539720149276 0.8198424399342232
vn 0.14153546219972524 -0.6798120122985074 0.7195994308464705
vn 0.17955101267889143 -0.8651851137401732 0.46820524645542805
vn 0.14153546219972524 -0.6798120122985074 0.7195994308464705
vn 0.14977303128007793 -0.5526539720149276 0.8198424399342232
vn 0.13955989702085556 -0.2334478224253036 0.9623020052709087
vn 0.28785714585504324 -0.916677928248996 0.2771999989922748
vn 0.17955101267889143 -0.8651851137401732 0.46820524645542805
vn 0.2634752000353209 -0.8403123262448514 0.47376788971743716
vn 0.2634752000353209 -0.8403123262448514 0.47376788971743716
vn 0.17955101267889143 -0.8651851137401732 0.46820524645542805
vn 0.14153546219972524 -0.6798120122985074 0.7195994308464705
vn 0.43695941172169117 -0.8520057246095736 0.28836212951833484
vn 0.28785714585504324 -0.916677928248996 0.2771999989922748
vn 0.2634752000353209 -0.8403123262448514 0.47376788971743716
vn 0.2592679904117458 0.22654903409074084 0.9388586924028595
vn 0.41324899716823454 0.209547107476624 0.8861801600620659
vn 0.20946062391722728 0.18374998353412786 0.9603968922166574
vn 0.2592679904117458 0.22654903409074084 0.9388586924028595
vn 0.09375289204334541 -0.056351861314929586 0.9939994280480506
vn 0.13955989702085556 -0.2334478224253036 0.9623020052709087
vn 0.2592679904117458 0.22654903409074084 0.9388586924028595
vn 0.20946062391722728 0.18374998353412786 0.9603968922166574
vn 0.09375289204334541 -0.056351861314929586 0.9939994280480506
vn 0.41324899716823454 0.209547107476624 0.8861801600620659
vn 0.30803513940401167 0.014723681270487359 0.9512610399370912
vn 0.20946062391722728 0.18374998353412786 0.9603968922166574
vn 0.30803513940401167 0.014723681270487359 0.9512610399370912
vn 0.41324899716823454 0.209547107476624 0.8861801600620659
vn 0.35676197590565994 -0.1351002049312512 0.9243748304532222
vn 0.30803513940401167 0.014723681270487359 0.9512610399370912
vn 0.35676197590565994 -0.1351002049312512 0.9243748304532222
vn 0.3337544396391356 -0.18739223666491706 0.9238463744903079
vn 0.3337544396391356 -0.18739223666491706 0.9238463744903079
vn 0.35676197590565994 -0.1351002049312512 0.9243748304532222
vn 0.30110464217111066 -0.20310957394188756 0.93170944796978
vn 0.2987521860292437 -0.19512560649426505 0.9341697538632866
vn 0.3337544396391356 -0.18739223666491706 0.9238463744903079
vn 0.30110464217111066 -0.20310957394188756 0.93170944796978
vn 0.2987521860292437 -0.19512560649426505 0.9341697538632866
vn 0.30110464217111066 -0.20310957394188756 0.93170944796978
vn 0.29747116285612796 -0.18503849760684513 0.9366278138473279
vn 0.3083274600472701 -0.158254014579585 0.9380244369152883
vn 0.2987521860292437 -0.19512560649426505 0.9341697538632866
vn 0.29747116285612796 -0.18503849760684513 0.9366278138473279
vn 0.3083274600472701 -0.158254014579585 0.9380244369152883
vn 0.29747116285612796 -0.18503849760684513 0.9366278138473279
vn 0.3193681001966061 -0.13928745175789037 0.9373382646406812
vn 0.3193681001966061 -0.13928745175789037 0.9373382646406812
vn 0.3413349353571485 -0.07081563594746627 0.9372702959179317
vn 0.3083274600472701 -0.158254014579585 0.9380244369152883
vn 0.3413349353571485 -0.07081563594746627 0.9372702959179317
vn 0.3193681001966061 -0.13928745175789037 0.9373382646406812
vn 0.3442840086397254 -0.06956053272506321 0.9362851348184306
vn 0.3553539212011589 0.012469489223309446 0.934648651914435
vn 0.3413349353571485 -0.07081563594746627 0.9372702959179317
vn 0.3442840086397254 -0.06956053272506321 0.9362851348184306
vn 0.3413349353571485 -0.07081563594746627 0.9372702959179317
vn 0.3553539212011589 0.012469489223309446 0.934648651914435
vn 0.35005557706388596 0.040439440896256056 0.9358556216567105
vn 0.3445612815044693 0.06746215790183957 0.9363366811885696
vn 0.35005557706388596 0.040439440896256056 0.9358556216567105
vn 0.3553539212011589 0.012469489223309446 0.934648651914435
vn 0.35005557706388596 0.040439440896256056 0.9358556216567105
vn 0.3445612815044693 0.06746215790183957 0.9363366811885696
vn 0.33693281373993933 0.06969953061124265 0.9389452883197508
vn 0.3397529036902762 0.03532230344800732 0.9398512112633322
vn 0.33693281373993933 0.06969953061124265 0.9389452883197508
vn 0.3445612815044693 0.06746215790183957 0.9363366811885696
vn 0.33693281373993933 0.06969953061124265 0.9389452883197508
vn 0.3397529036902762 0.03532230344800732 0.9398512112633322
vn 0.3387182363876203 0.03776311448700758 0.9401297269646893
vn 0.3397529036902762 0.03532230344800732 0.9398512112633322
vn 0.34857479139332986 -0.04814120606774584 0.9360438232708121
vn 0.3387182363876203 0.03776311448700758 0.9401297269646893
vn 0.34857479139332986 -0.04814120606774584 0.9360438232708121
vn 0.3397529036902762 0.03532230344800732 0.9398512112633322
vn 0.3493615624477775 -0.10364555792274283 0.931237937912181
vn 0.3493615624477775 -0.10364555792274283 0.931237937912181
vn 0.351043405003913 -0.15866083202216333 0.9228191958261889
vn 0.34857479139332986 -0.04814120606774584 0.9360438232708121
vn 0.351043405003913 -0.15866083202216333 0.9228191958261889
vn 0.3493615624477775 -0.10364555792274283 0.931237937912181
vn 0.3465640706742959 -0.16123850858219196 0.924064655891487
vn 0.3465640706742959 -0.16123850858219196 0.924064655891487
vn 0.3440455018313074 -0.0907165418681126 0.9345604323429999
vn 0.351043405003913 -0.15866083202216333 0.9228191958261889
vn 0.3440455018313074 -0.0907165418681126 0.9345604323429999
vn 0.3465640706742959 -0.16123850858219196 0.924064655891487
vn 0.34015741065525273 -0.032503268483221 0.9398066149555564
vn 0.34015741065525273 -0.032503268483221 0.9398066149555564
vn 0.3365937787718344 0.02526306922120338 0.9413110035613215
vn 0.3440455018313074 -0.0907165418681126 0.9345604323429999
vn 0.3365937787718344 0.02526306922120338 0.9413110035613215
vn 0.34015741065525273 -0.032503268483221 0.9398066149555564
vn 0.3366545810140823 0.02403616864167391 0.9413213880919001
vn 0.3366545810140823 0.02403616864167391 0.9413213880919001
vn 0.33519402994947356 -0.01839547361237167 0.941969515874483
vn 0.3365937787718344 0.02526306922120338 0.9413110035613215
vn 0.33519402994947356 -0.01839547361237167 0.941969515874483
vn 0.3366545810140823 0.02403616864167391 0.9413213880919001
vn 0.33311208155426925 -0.05273769757823694 0.9414112153446696
vn 0.33311208155426925 -0.05273769757823694 0.9414112153446696
vn 0.32588333657719876 -0.10378803424291569 0.9396957459142312
vn 0.33519402994947356 -0.01839547361237167 0.941969515874483
vn 0.32588333657719876 -0.10378803424291569 0.9396957459142312
vn 0.33311208155426925 -0.05273769757823694 0.9414112153446696
vn 0.31861041019087166 -0.12634080757102847 0.9394282340127449
vn 0.30470686961325855 -0.16600364245458754 0.9378680687081195
vn 0.32588333657719876 -0.10378803424291569 0.9396957459142312
vn 0.31861041019087166 -0.12634080757102847 0.9394282340127449
vn 0.30470686961325855 -0.16600364245458754 0.9378680687081195
vn 0.31861041019087166 -0.12634080757102847 0.9394282340127449
vn 0.2922655427509331 -0.1863633662787868 0.9380029574738776
vn 0.27030089977820587 -0.2270970467837985 0.9356090823208001
vn 0.30470686961325855 -0.16600364245458754 0.9378680687081195
vn 0.2922655427509331 -0.1863633662787868 0.9380029574738776
vn 0.27030089977820587 -0.2270970467837985 0.9356090823208001
vn 0.2922655427509331 -0.1863633662787868 0.9380029574738776
vn 0.25439004365914375 -0.24659518768270922 0.9351344925190324
vn 0.2312302183292595 -0.27900725856438413 0.9320340851062208
vn 0.27030089977820587 -0.2270970467837985 0.9356090823208001
vn 0.25439004365914375 -0.24659518768270922 0.9351344925190324
vn 0.2312302183292595 -0.27900725856438413 0.9320340851062208
vn 0.25439004365914375 -0.24659518768270922 0.9351344925190324
vn 0.21826814486095042 -0.28944581722978596 0.9319764674213297
vn 0.21826814486095042 -0.28944581722978596 0.9319764674213297
vn 0.21282614735050606 -0.2941786009027204 0.9317531764232729
vn 0.2312302183292595 -0.27900725856438413 0.9320340851062208
vn 0.21282614735050606 -0.2941786009027204 0.9317531764232729
vn 0.21826814486095042 -0.28944581722978596 0.9319764674213297
vn 0.2152278639295598 -0.2877609286600082 0.9332044869829167
vn 0.2152278639295598 -0.2877609286600082 0.9332044869829167
vn 0.23605125176398092 -0.2664709624158508 0.9344907879320308
vn 0.21282614735050606 -0.2941786009027204 0.9317531764232729
vn 0.23605125176398092 -0.2664709624158508 0.9344907879320308
vn 0.2152278639295598 -0.2877609286600082 0.9332044869829167
vn 0.25279394024897167 -0.2532023420970422 0.9338007269915631
vn 0.25279394024897167 -0.2532023420970422 0.9338007269915631
vn 0.2839751762292473 -0.2267049502723772 0.9316452998902356
vn 0.23605125176398092 -0.2664709624158508 0.9344907879320308
vn 0.2839751762292473 -0.2267049502723772 0.9316452998902356
vn 0.25279394024897167 -0.2532023420970422 0.9338007269915631
vn 0.3160522549717254 -0.21990168525216072 0.9229053152683362
vn 0.3160522549717254 -0.21990168525216072 0.9229053152683362
vn 0.3795513594719007 -0.13893493292833325 0.9146790966974326
vn 0.2839751762292473 -0.2267049502723772 0.9316452998902356
vn 0.3160522549717254 -0.21990168525216072 0.9229053152683362
vn 0.4236745100301656 -0.09277974105134104 0.9010504032523071
vn 0.3795513594719007 -0.13893493292833325 0.9146790966974326
vn 0.4236745100301656 -0.09277974105134104 0.9010504032523071
vn 0.4879581624962393 0.17425511048253464 0.8552964328956444
vn 0.3795513594719007 -0.13893493292833325 0.9146790966974326
vn 0.3811293035991315 0.5159051721918788 -0.7671911803740374
vn 0.414156240738536 0.5061634615150138 -0.756487381576496
vn 0.2360483104340993 0.26646893239467434 -0.9344921097631855
vn 0.414156240738536 0.5061634615150138 -0.756487381576496
vn 0.2839746648813748 0.22670463181209982 -0.931645533247732
vn 0.2360483104340993 0.26646893239467434 -0.9344921097631855
vn 0.2360483104340993 0.26646893239467434 -0.9344921097631855
vn 0.212822759835139 0.29417437453380607 -0.9317552845376293
vn 0.3811293035991315 0.5159051721918788 -0.7671911803740374
vn 0.3811293035991315 0.5159051721918788 -0.7671911803740374
vn 0.5178174472750643 0.7131213615490511 -0.4725706455123546
vn 0.414156240738536 0.5061634615150138 -0.756487381576496
vn 0.414156240738536 0.5061634615150138 -0.756487381576496
vn 0.5178174472750643 0.7131213615490511 -0.4725706455123546
vn 0.5405579935593807 0.6937848941865489 -0.4758776903760207
vn 0.3811293035991315 0.5159051721918788 -0.7671911803740374
vn 0.5497899165375723 0.68835552785229 -0.47317831200172794
vn 0.5178174472750643 0.7131213615490511 -0.4725706455123546
vn 0.2839746648813748 0.22670463181209982 -0.931645533247732
vn 0.414156240738536 0.5061634615150138 -0.756487381576496
vn 0.4896439567056469 0.5004971606431193 -0.7139687583149659
vn 0.5405579935593807 0.6937848941865489 -0.4758776903760207
vn 0.4896439567056469 0.5004971606431193 -0.7139687583149659
vn 0.414156240738536 0.5061634615150138 -0.756487381576496
vn 0.4896439567056469 0.5004971606431193 -0.7139687583149659
vn 0.3795513594719007 0.13893493292833325 -0.9146790966974326
vn 0.2839746648813748 0.22670463181209982 -0.931645533247732
vn 0.4896439567056469 0.5004971606431193 -0.7139687583149659
vn 0.5405579935593807 0.6937848941865489 -0.4758776903760207
vn 0.5883087137961311 0.6461428069851373 -0.4862019439007925
vn 0.3795513594719007 0.13893493292833325 -0.9146790966974326
vn 0.4896439567056469 0.5004971606431193 -0.7139687583149659
vn 0.6187566103887581 0.4291269241244971 -0.6580200149628146
vn 0.5883087137961311 0.6461428069851373 -0.4862019439007925
vn 0.6187566103887581 0.4291269241244971 -0.6580200149628146
vn 0.4896439567056469 0.5004971606431193 -0.7139687583149659
vn 0.6187566103887581 0.4291269241244971 -0.6580200149628146
vn 0.7701252218335897 0.09829917946789368 -0.63027328518009
vn 0.3795513594719007 0.13893493292833325 -0.9146790966974326
vn 0.6187566103887581 0.4291269241244971 -0.6580200149628146
vn 0.5883087137961311 0.6461428069851373 -0.4862019439007925
vn 0.7310221789708933 0.5359749528846907 -0.4223001583387115
vn 0.6187566103887581 0.4291269241244971 -0.6580200149628146
vn 0.7310221789708933 0.5359749528846907 -0.4223001583387115
vn 0.7701252218335897 0.09829917946789368 -0.63027328518009
vn 0.408180563543088 0.493896292959983 -0.7677597797137029
vn 0.5497899165375723 0.68835552785229 -0.47317831200172794
vn 0.3811293035991315 0.5159051721918788 -0.7671911803740374
vn 0.3811293035991315 0.5159051721918788 -0.7671911803740374
vn 0.212822759835139 0.29417437453380607 -0.9317552845376293
vn 0.408180563543088 0.493896292959983 -0.7677597797137029
vn 0.408180563543088 0.493896292959983 -0.7677597797137029
vn 0.6512129248336901 0.5860867347977026 -0.4821037915467146
vn 0.5497899165375723 0.68835552785229 -0.47317831200172794
vn 0.212822759835139 0.29417437453380607 -0.9317552845376293
vn 0.23122920384190782 0.27900528526272206 -0.9320349275033123
vn 0.408180563543088 0.493896292959983 -0.7677597797137029
vn 0.23122920384190782 0.27900528526272206 -0.9320349275033123
vn 0.42550158789017845 0.3937959253467357 -0.8147841234850154
vn 0.408180563543088 0.493896292959983 -0.7677597797137029
vn 0.6512129248336901 0.5860867347977026 -0.4821037915467146
vn 0.408180563543088 0.493896292959983 -0.7677597797137029
vn 0.42550158789017845 0.3937959253467357 -0.8147841234850154
vn 0.42550158789017845 0.3937959253467357 -0.8147841234850154
vn 0.23122920384190782 0.27900528526272206 -0.9320349275033123
vn 0.2702984436187177 0.22709502716460345 -0.935610282123068
vn 0.5243199527953624 0.3435485533688832 -0.7791424635962391
vn 0.6512129248336901 0.5860867347977026 -0.4821037915467146
vn 0.42550158789017845 0.3937959253467357 -0.8147841234850154
vn 0.2702984436187177 0.22709502716460345 -0.935610282123068
vn 0.5243199527953624 0.3435485533688832 -0.7791424635962391
vn 0.42550158789017845 0.3937959253467357 -0.8147841234850154
vn 0.6512129248336901 0.5860867347977026 -0.4821037915467146
vn 0.5243199527953624 0.3435485533688832 -0.7791424635962391
vn 0.7533517860966669 0.4395872067369995 -0.489105483569878
vn 0.5243199527953624 0.3435485533688832 -0.7791424635962391
vn 0.2702984436187177 0.22709502716460345 -0.935610282123068
vn 0.30470738556718907 0.16600332301365428 -0.9378679576194257
vn 0.5705116597076925 0.24731961031463776 -0.7831663019380941
vn 0.7533517860966669 0.4395872067369995 -0.489105483569878
vn 0.5243199527953624 0.3435485533688832 -0.7791424635962391
vn 0.30470738556718907 0.16600332301365428 -0.9378679576194257
vn 0.5705116597076925 0.24731961031463776 -0.7831663019380941
vn 0.5243199527953624 0.3435485533688832 -0.7791424635962391
vn 0.7533517860966669 0.4395872067369995 -0.489105483569878
vn 0.5705116597076925 0.24731961031463776 -0.7831663019380941
vn 0.8104749714048173 0.3161942793029163 -0.49310394285836967
vn 0.5705116597076925 0.24731961031463776 -0.7831663019380941
vn 0.30470738556718907 0.16600332301365428 -0.9378679576194257
vn 0.325882540942865 0.10378727752075248 -0.9396961054157096
vn 0.6384813337301362 0.1323619164373065 -0.7581701059493376
vn 0.8104749714048173 0.3161942793029163 -0.49310394285836967
vn 0.5705116597076925 0.24731961031463776 -0.7831663019380941
vn 0.325882540942865 0.10378727752075248 -0.9396961054157096
vn 0.6384813337301362 0.1323619164373065 -0.7581701059493376
vn 0.5705116597076925 0.24731961031463776 -0.7831663019380941
vn 0.8104749714048173 0.3161942793029163 -0.49310394285836967
vn 0.6384813337301362 0.1323619164373065 -0.7581701059493376
vn 0.843846140676995 0.19694504362628673 -0.4991355934569098
vn 0.6384813337301362 0.1323619164373065 -0.7581701059493376
vn 0.325882540942865 0.10378727752075248 -0.9396961054157096
vn 0.3351934549417417 0.018395397431169698 -0.9419697219749518
vn 0.6384813337301362 0.1323619164373065 -0.7581701059493376
vn 0.8620548859316515 0.07069508525616644 -0.5018601185210784
vn 0.843846140676995 0.19694504362628673 -0.4991355934569098
vn 0.3351934549417417 0.018395397431169698 -0.9419697219749518
vn 0.6086138705387512 0.010155624963243065 -0.7934015502061024
vn 0.6384813337301362 0.1323619164373065 -0.7581701059493376
vn 0.8620548859316515 0.07069508525616644 -0.5018601185210784
vn 0.6384813337301362 0.1323619164373065 -0.7581701059493376
vn 0.6086138705387512 0.010155624963243065 -0.7934015502061024
vn 0.6086138705387512 0.010155624963243065 -0.7934015502061024
vn 0.3351934549417417 0.018395397431169698 -0.9419697219749518
vn 0.33659350214626454 -0.02526316541817187 -0.9413110998952295
vn 0.6086138705387512 0.010155624963243065 -0.7934015502061024
vn 0.8610776377998904 0.13659257005288852 -0.4897833924167981
vn 0.8620548859316515 0.07069508525616644 -0.5018601185210784
vn 0.33659350214626454 -0.02526316541817187 -0.9413110998952295
vn 0.5623161804174219 0.07402274264092261 -0.8236025417716225
vn 0.6086138705387512 0.010155624963243065 -0.7934015502061024
vn 0.8610776377998904 0.13659257005288852 -0.4897833924167981
vn 0.6086138705387512 0.010155624963243065 -0.7934015502061024
vn 0.5623161804174219 0.07402274264092261 -0.8236025417716225
vn 0.5623161804174219 0.07402274264092261 -0.8236025417716225
vn 0.33659350214626454 -0.02526316541817187 -0.9413110998952295
vn 0.34404524262739844 0.09071725907745463 -0.934560458146464
vn 0.6156265244802552 0.20771181765939356 -0.760170890761408
vn 0.8610776377998904 0.13659257005288852 -0.4897833924167981
vn 0.5623161804174219 0.07402274264092261 -0.8236025417716225
vn 0.34404524262739844 0.09071725907745463 -0.934560458146464
vn 0.6156265244802552 0.20771181765939356 -0.760170890761408
vn 0.5623161804174219 0.07402274264092261 -0.8236025417716225
vn 0.8610776377998904 0.13659257005288852 -0.4897833924167981
vn 0.6156265244802552 0.20771181765939356 -0.760170890761408
vn 0.8519705088892324 0.2225877147557928 -0.4739208385614798
vn 0.6156265244802552 0.20771181765939356 -0.760170890761408
vn 0.34404524262739844 0.09071725907745463 -0.934560458146464
vn 0.3510485152175544 0.15865502625980182 -0.9228182500395471
vn 0.6645513329337072 0.09121050917866935 -0.7416550201484521
vn 0.8519705088892324 0.2225877147557928 -0.4739208385614798
vn 0.6156265244802552 0.20771181765939356 -0.760170890761408
vn 0.3510485152175544 0.15865502625980182 -0.9228182500395471
vn 0.6645513329337072 0.09121050917866935 -0.7416550201484521
vn 0.6156265244802552 0.20771181765939356 -0.760170890761408
vn 0.8519705088892324 0.2225877147557928 -0.4739208385614798
vn 0.6645513329337072 0.09121050917866935 -0.7416550201484521
vn 0.8685670217506701 0.0652925025270827 -0.49125168482247616
vn 0.6645513329337072 0.09121050917866935 -0.7416550201484521
vn 0.3510485152175544 0.15865502625980182 -0.9228182500395471
vn 0.3485875939795132 0.048138165508381285 -0.9360392119698093
vn 0.6645513329337072 0.09121050917866935 -0.7416550201484521
vn 0.8617672895099283 -0.097227639708182 -0.49789951276084576
vn 0.8685670217506701 0.0652925025270827 -0.49125168482247616
vn 0.3485875939795132 0.048138165508381285 -0.9360392119698093
vn 0.5786222337978025 -0.08093102540376194 -0.811570378760793
vn 0.6645513329337072 0.09121050917866935 -0.7416550201484521
vn 0.8617672895099283 -0.097227639708182 -0.49789951276084576
vn 0.6645513329337072 0.09121050917866935 -0.7416550201484521
vn 0.5786222337978025 -0.08093102540376194 -0.811570378760793
vn 0.5786222337978025 -0.08093102540376194 -0.811570378760793
vn 0.3485875939795132 0.048138165508381285 -0.9360392119698093
vn 0.33872491774204094 -0.03775920879217368 -0.9401274765966777
vn 0.5786222337978025 -0.08093102540376194 -0.811570378760793
vn 0.8558944316208574 -0.16321824886824038 -0.4907183766243062
vn 0.8617672895099283 -0.097227639708182 -0.49789951276084576
vn 0.5786222337978025 -0.08093102540376194 -0.811570378760793
vn 0.33872491774204094 -0.03775920879217368 -0.9401274765966777
vn 0.33693469526926456 -0.06969888628369772 -0.9389446609756188
vn 0.8558944316208574 -0.16321824886824038 -0.4907183766243062
vn 0.5786222337978025 -0.08093102540376194 -0.811570378760793
vn 0.6317978240328255 -0.11898112743495579 -0.7659471266750034
vn 0.6317978240328255 -0.11898112743495579 -0.7659471266750034
vn 0.5786222337978025 -0.08093102540376194 -0.811570378760793
vn 0.33693469526926456 -0.06969888628369772 -0.9389446609756188
vn 0.6317978240328255 -0.11898112743495579 -0.7659471266750034
vn 0.8768077628348103 -0.05688468309224784 -0.47746442784998055
vn 0.8558944316208574 -0.16321824886824038 -0.4907183766243062
vn 0.6317978240328255 -0.11898112743495579 -0.7659471266750034
vn 0.33693469526926456 -0.06969888628369772 -0.9389446609756188
vn 0.35005560088022886 -0.04043942057492591 -0.9358556136263467
vn 0.5875131756053499 -0.03214301425958132 -0.8085759674417894
vn 0.6317978240328255 -0.11898112743495579 -0.7659471266750034
vn 0.35005560088022886 -0.04043942057492591 -0.9358556136263467
vn 0.8768077628348103 -0.05688468309224784 -0.47746442784998055
vn 0.6317978240328255 -0.11898112743495579 -0.7659471266750034
vn 0.5875131756053499 -0.03214301425958132 -0.8085759674417894
vn 0.34133497875049057 0.07081562796453861 -0.9372702807181023
vn 0.5875131756053499 -0.03214301425958132 -0.8085759674417894
vn 0.35005560088022886 -0.04043942057492591 -0.9358556136263467
vn 0.6852986647102574 0.10891440222578003 -0.7200717972078474
vn 0.8768077628348103 -0.05688468309224784 -0.47746442784998055
vn 0.5875131756053499 -0.03214301425958132 -0.8085759674417894
vn 0.34133497875049057 0.07081562796453861 -0.9372702807181023
vn 0.6852986647102574 0.10891440222578003 -0.7200717972078474
vn 0.5875131756053499 -0.03214301425958132 -0.8085759674417894
vn 0.8768077628348103 -0.05688468309224784 -0.47746442784998055
vn 0.6852986647102574 0.10891440222578003 -0.7200717972078474
vn 0.8496097482345876 0.2136853383237354 -0.4821844583665379
vn 0.34133497875049057 0.07081562796453861 -0.9372702807181023
vn 0.5861152445766982 0.2513319184360205 -0.7702604668877059
vn 0.6852986647102574 0.10891440222578003 -0.7200717972078474
vn 0.5861152445766982 0.2513319184360205 -0.7702604668877059
vn 0.8496097482345876 0.2136853383237354 -0.4821844583665379
vn 0.6852986647102574 0.10891440222578003 -0.7200717972078474
vn 0.5861152445766982 0.2513319184360205 -0.7702604668877059
vn 0.34133497875049057 0.07081562796453861 -0.9372702807181023
vn 0.3083274084683196 0.1582540731248463 -0.9380244439920561
vn 0.8496097482345876 0.2136853383237354 -0.4821844583665379
vn 0.5861152445766982 0.2513319184360205 -0.7702604668877059
vn 0.7822406719311823 0.3888996052355747 -0.4866791840876971
vn 0.3083274084683196 0.1582540731248463 -0.9380244439920561
vn 0.5409555178519965 0.33387731950073446 -0.7719411008804252
vn 0.5861152445766982 0.2513319184360205 -0.7702604668877059
vn 0.5409555178519965 0.33387731950073446 -0.7719411008804252
vn 0.7822406719311823 0.3888996052355747 -0.4866791840876971
vn 0.5861152445766982 0.2513319184360205 -0.7702604668877059
vn 0.5409555178519965 0.33387731950073446 -0.7719411008804252
vn 0.3083274084683196 0.1582540731248463 -0.9380244439920561
vn 0.29875211966210635 0.19512559849506755 -0.9341697767586682
vn 0.7822406719311823 0.3888996052355747 -0.4866791840876971
vn 0.5409555178519965 0.33387731950073446 -0.7719411008804252
vn 0.7329935098975919 0.48416946608986106 -0.4778079557251717
vn 0.29875211966210635 0.19512559849506755 -0.9341697767586682
vn 0.5280513739027931 0.3642799680306605 -0.7671126719139463
vn 0.5409555178519965 0.33387731950073446 -0.7719411008804252
vn 0.5280513739027931 0.3642799680306605 -0.7671126719139463
vn 0.7329935098975919 0.48416946608986106 -0.4778079557251717
vn 0.5409555178519965 0.33387731950073446 -0.7719411008804252
vn 0.5280513739027931 0.3642799680306605 -0.7671126719139463
vn 0.29875211966210635 0.19512559849506755 -0.9341697767586682
vn 0.33375435279566057 0.18739216434566888 -0.923846420533086
vn 0.7329935098975919 0.48416946608986106 -0.4778079557251717
vn 0.5280513739027931 0.3642799680306605 -0.7671126719139463
vn 0.7327873205818042 0.5058417921864842 -0.4551338529181344
vn 0.33375435279566057 0.18739216434566888 -0.923846420533086
vn 0.6001283171980077 0.24418285666406048 -0.7617222166961304
vn 0.5280513739027931 0.3642799680306605 -0.7671126719139463
vn 0.6001283171980077 0.24418285666406048 -0.7617222166961304
vn 0.7327873205818042 0.5058417921864842 -0.4551338529181344
vn 0.5280513739027931 0.3642799680306605 -0.7671126719139463
vn 0.7327873205818042 0.5058417921864842 -0.4551338529181344
vn 0.6001283171980077 0.24418285666406048 -0.7617222166961304
vn 0.8052585893704495 0.3762595866551354 -0.4582437426689213
vn 0.6001283171980077 0.24418285666406048 -0.7617222166961304
vn 0.33375435279566057 0.18739216434566888 -0.923846420533086
vn 0.3080337119347467 -0.01472616133300124 -0.9512614637859015
vn 0.6001283171980077 0.24418285666406048 -0.7617222166961304
vn 0.8067308416865263 -0.316735147639955 -0.4988629023301339
vn 0.8052585893704495 0.3762595866551354 -0.4582437426689213
vn 0.3080337119347467 -0.01472616133300124 -0.9512614637859015
vn 0.5300552721089075 -0.24642136217012572 -0.8113679318137806
vn 0.6001283171980077 0.24418285666406048 -0.7617222166961304
vn 0.8067308416865263 -0.316735147639955 -0.4988629023301339
vn 0.6001283171980077 0.24418285666406048 -0.7617222166961304
vn 0.5300552721089075 -0.24642136217012572 -0.8113679318137806
vn 0.5300552721089075 -0.24642136217012572 -0.8113679318137806
vn 0.3080337119347467 -0.01472616133300124 -0.9512614637859015
vn 0.20945945545647984 -0.18374911365912555 -0.9603973134850808
vn 0.3080337119347467 -0.01472616133300124 -0.9512614637859015
vn -0.08448176256795464 -0.1866239367970354 -0.9787922854251498
vn 0.20945945545647984 -0.18374911365912555 -0.9603973134850808
vn 0.38713500425007114 -0.6007504656004633 -0.6994464715509859
vn 0.8067308416865263 -0.316735147639955 -0.4988629023301339
vn 0.5300552721089075 -0.24642136217012572 -0.8113679318137806
vn 0.8067308416865263 -0.316735147639955 -0.4988629023301339
vn 0.38713500425007114 -0.6007504656004633 -0.6994464715509859
vn 0.36914111277723266 -0.8234147424230062 -0.43095591516771253
vn 0.5300552721089075 -0.24642136217012572 -0.8113679318137806
vn 0.20945945545647984 -0.18374911365912555 -0.9603973134850808
vn 0.2592638619178131 -0.22654422159725324 -0.9388609937388793
vn 0.38713500425007114 -0.6007504656004633 -0.6994464715509859
vn 0.5300552721089075 -0.24642136217012572 -0.8113679318137806
vn 0.2592638619178131 -0.22654422159725324 -0.9388609937388793
vn 0.20945945545647984 -0.18374911365912555 -0.9603973134850808
vn -0.08448176256795464 -0.1866239367970354 -0.9787922854251498
vn -0.0875520198428866 -0.11825599530454466 -0.9891158493300783
vn -0.4101954475729596 -0.18431286340623199 -0.8931788528471858
vn -0.0875520198428866 -0.11825599530454466 -0.9891158493300783
vn -0.08448176256795464 -0.1866239367970354 -0.9787922854251498
vn 0.20945945545647984 -0.18374911365912555 -0.9603973134850808
vn 0.09375291811449028 0.05635188359306297 -0.9939994243260564
vn 0.2592638619178131 -0.22654422159725324 -0.9388609937388793
vn 0.09375291811449028 0.05635188359306297 -0.9939994243260564
vn 0.20945945545647984 -0.18374911365912555 -0.9603973134850808
vn -0.0875520198428866 -0.11825599530454466 -0.9891158493300783
vn -0.0875520198428866 -0.11825599530454466 -0.9891158493300783
vn -0.4101954475729596 -0.18431286340623199 -0.8931788528471858
vn -0.3840059553192997 -0.07312353631256803 -0.9204305376922566
vn -0.4101954475729596 -0.18431286340623199 -0.8931788528471858
vn -0.6320926146023781 -0.13860471578649988 -0.7623959990233902
vn -0.3840059553192997 -0.07312353631256803 -0.9204305376922566
vn -0.0875520198428866 -0.11825599530454466 -0.9891158493300783
vn -0.10674570008492709 0.2039233304359035 -0.9731498501347613
vn 0.09375291811449028 0.05635188359306297 -0.9939994243260564
vn -0.10674570008492709 0.2039233304359035 -0.9731498501347613
vn -0.0875520198428866 -0.11825599530454466 -0.9891158493300783
vn -0.3840059553192997 -0.07312353631256803 -0.9204305376922566
vn -0.3840059553192997 -0.07312353631256803 -0.9204305376922566
vn -0.6320926146023781 -0.13860471578649988 -0.7623959990233902
vn -0.5026907374126375 0.01828270529398897 -0.8642729691519179
vn -0.3840059553192997 -0.07312353631256803 -0.9204305376922566
vn -0.5026907374126375 0.01828270529398897 -0.8642729691519179
vn -0.10674570008492709 0.2039233304359035 -0.9731498501347613
vn -0.5026907374126375 0.01828270529398897 -0.8642729691519179
vn -0.6320926146023781 -0.13860471578649988 -0.7623959990233902
vn -0.714186566589023 -0.09893692675653022 -0.6929278697149913
vn 0.13955983090524743 0.23344782462213418 -0.9623020143265274
vn 0.2592638619178131 -0.22654422159725324 -0.9388609937388793
vn 0.09375291811449028 0.05635188359306297 -0.9939994243260564
vn 0.055993291410304034 0.4428894460648975 -0.8948260668316323
vn 0.09375291811449028 0.05635188359306297 -0.9939994243260564
vn -0.10674570008492709 0.2039233304359035 -0.9731498501347613
vn 0.09375291811449028 0.05635188359306297 -0.9939994243260564
vn 0.055993291410304034 0.4428894460648975 -0.8948260668316323
vn 0.13955983090524743 0.23344782462213418 -0.9623020143265274
vn 0.2592638619178131 -0.22654422159725324 -0.9388609937388793
vn 0.13955983090524743 0.23344782462213418 -0.9623020143265274
vn 0.2141000768645032 -0.19118762368114242 -0.9579188116107605
vn 0.2592638619178131 -0.22654422159725324 -0.9388609937388793
vn 0.2141000768645032 -0.19118762368114242 -0.9579188116107605
vn 0.38713500425007114 -0.6007504656004633 -0.6994464715509859
vn -0.5388118375575159 0.0764782284090369 -0.8389474860128662
vn -0.5026907374126375 0.01828270529398897 -0.8642729691519179
vn -0.714186566589023 -0.09893692675653022 -0.6929278697149913
vn -0.10674570008492709 0.2039233304359035 -0.9731498501347613
vn -0.5026907374126375 0.01828270529398897 -0.8642729691519179
vn -0.23645756659680536 0.29925370620574643 -0.9244106438814094
vn -0.5026907374126375 0.01828270529398897 -0.8642729691519179
vn -0.5388118375575159 0.0764782284090369 -0.8389474860128662
vn -0.23645756659680536 0.29925370620574643 -0.9244106438814094
vn 0.517817499478724 0.7131213352475821 0.47257062799999217
vn 0.414156240738536 0.5061634615150138 0.756487381576496
vn 0.5405579935593807 0.6937848941865489 0.4758776903760207
vn 0.414156240738536 0.5061634615150138 0.756487381576496
vn 0.48964393422746094 0.5004971678889392 0.7139687686512661
vn 0.5405579935593807 0.6937848941865489 0.4758776903760207
vn 0.5883087137961311 0.6461428069851373 0.4862019439007925
vn 0.5405579935593807 0.6937848941865489 0.4758776903760207
vn 0.48964393422746094 0.5004971678889392 0.7139687686512661
vn 0.414156240738536 0.5061634615150138 0.756487381576496
vn 0.517817499478724 0.7131213352475821 0.47257062799999217
vn 0.3811292937591571 0.515905208916236 0.7671911605667397
vn 0.5497899165375723 0.68835552785229 0.47317831200172794
vn 0.3811292937591571 0.515905208916236 0.7671911605667397
vn 0.517817499478724 0.7131213352475821 0.47257062799999217
vn 0.414156240738536 0.5061634615150138 0.756487381576496
vn 0.2839746648813748 0.22670463181209982 0.931645533247732
vn 0.48964393422746094 0.5004971678889392 0.7139687686512661
vn 0.23604833617759666 0.26646893067987343 0.9344921037494716
vn 0.2839746648813748 0.22670463181209982 0.931645533247732
vn 0.414156240738536 0.5061634615150138 0.756487381576496
vn 0.3811292937591571 0.515905208916236 0.7671911605667397
vn 0.23604833617759666 0.26646893067987343 0.9344921037494716
vn 0.414156240738536 0.5061634615150138 0.756487381576496
vn 0.2839746648813748 0.22670463181209982 0.931645533247732
vn 0.3795513594719007 0.13893493292833325 0.9146790966974326
vn 0.48964393422746094 0.5004971678889392 0.7139687686512661
vn 0.23604833617759666 0.26646893067987343 0.9344921037494716
vn 0.3811292937591571 0.515905208916236 0.7671911605667397
vn 0.212822759835139 0.29417437453380607 0.9317552845376293
vn 0.6187566103887581 0.4291269241244971 0.6580200149628146
vn 0.48964393422746094 0.5004971678889392 0.7139687686512661
vn 0.3795513594719007 0.13893493292833325 0.9146790966974326
vn 0.48964393422746094 0.5004971678889392 0.7139687686512661
vn 0.6187566103887581 0.4291269241244971 0.6580200149628146
vn 0.5883087137961311 0.6461428069851373 0.4862019439007925
vn 0.6187566103887581 0.4291269241244971 0.6580200149628146
vn 0.3795513594719007 0.13893493292833325 0.9146790966974326
vn 0.7701252218335897 0.09829917946789368 0.63027328518009
vn 0.5883087137961311 0.6461428069851373 0.4862019439007925
vn 0.6187566103887581 0.4291269241244971 0.6580200149628146
vn 0.7310221789708933 0.5359749528846907 0.4223001583387115
vn 0.7310221789708933 0.5359749528846907 0.4223001583387115
vn 0.6187566103887581 0.4291269241244971 0.6580200149628146
vn 0.7701252218335897 0.09829917946789368 0.63027328518009
vn 0.40818060867478256 0.4938963121560037 0.767759743370661
vn 0.212822759835139 0.29417437453380607 0.9317552845376293
vn 0.3811292937591571 0.515905208916236 0.7671911605667397
vn 0.3811292937591571 0.515905208916236 0.7671911605667397
vn 0.5497899165375723 0.68835552785229 0.47317831200172794
vn 0.40818060867478256 0.4938963121560037 0.767759743370661
vn 0.212822759835139 0.29417437453380607 0.9317552845376293
vn 0.40818060867478256 0.4938963121560037 0.767759743370661
vn 0.23122920384190782 0.27900528526272206 0.9320349275033123
vn 0.6512129248336901 0.5860867347977026 0.4821037915467146
vn 0.40818060867478256 0.4938963121560037 0.767759743370661
vn 0.5497899165375723 0.68835552785229 0.47317831200172794
vn 0.42550158789017845 0.3937959253467357 0.8147841234850154
vn 0.23122920384190782 0.27900528526272206 0.9320349275033123
vn 0.40818060867478256 0.4938963121560037 0.767759743370661
vn 0.40818060867478256 0.4938963121560037 0.767759743370661
vn 0.6512129248336901 0.5860867347977026 0.4821037915467146
vn 0.42550158789017845 0.3937959253467357 0.8147841234850154
vn 0.23122920384190782 0.27900528526272206 0.9320349275033123
vn 0.42550158789017845 0.3937959253467357 0.8147841234850154
vn 0.2702984436187177 0.22709502716460345 0.935610282123068
vn 0.6512129248336901 0.5860867347977026 0.4821037915467146
vn 0.5243199527953624 0.3435485533688832 0.7791424635962391
vn 0.42550158789017845 0.3937959253467357 0.8147841234850154
vn 0.5243199527953624 0.3435485533688832 0.7791424635962391
vn 0.2702984436187177 0.22709502716460345 0.935610282123068
vn 0.42550158789017845 0.3937959253467357 0.8147841234850154
vn 0.5243199527953624 0.3435485533688832 0.7791424635962391
vn 0.6512129248336901 0.5860867347977026 0.4821037915467146
vn 0.7533517860966669 0.4395872067369995 0.489105483569878
vn 0.2702984436187177 0.22709502716460345 0.935610282123068
vn 0.5243199527953624 0.3435485533688832 0.7791424635962391
vn 0.30470738556718907 0.16600332301365428 0.9378679576194257
vn 0.7533517860966669 0.4395872067369995 0.489105483569878
vn 0.5705113410466571 0.24732062374961022 0.7831662140345743
vn 0.5243199527953624 0.3435485533688832 0.7791424635962391
vn 0.5705113410466571 0.24732062374961022 0.7831662140345743
vn 0.30470738556718907 0.16600332301365428 0.9378679576194257
vn 0.5243199527953624 0.3435485533688832 0.7791424635962391
vn 0.5705113410466571 0.24732062374961022 0.7831662140345743
vn 0.7533517860966669 0.4395872067369995 0.489105483569878
vn 0.810473281737268 0.3161950509859425 0.49310622519090186
vn 0.30470738556718907 0.16600332301365428 0.9378679576194257
vn 0.5705113410466571 0.24732062374961022 0.7831662140345743
vn 0.3258830357744483 0.10378802108473188 0.9396958516848655
vn 0.810473281737268 0.3161950509859425 0.49310622519090186
vn 0.6384813337301362 0.1323619164373065 0.7581701059493376
vn 0.5705113410466571 0.24732062374961022 0.7831662140345743
vn 0.6384813337301362 0.1323619164373065 0.7581701059493376
vn 0.3258830357744483 0.10378802108473188 0.9396958516848655
vn 0.5705113410466571 0.24732062374961022 0.7831662140345743
vn 0.6384813337301362 0.1323619164373065 0.7581701059493376
vn 0.810473281737268 0.3161950509859425 0.49310622519090186
vn 0.8438433222439532 0.19694437062139677 0.4991406238574755
vn 0.3258830357744483 0.10378802108473188 0.9396958516848655
vn 0.6384813337301362 0.1323619164373065 0.7581701059493376
vn 0.33519416801757107 0.01839545105815588 0.9419694671842476
vn 0.8620545047955602 0.07069452236300945 0.5018608524975298
vn 0.6384813337301362 0.1323619164373065 0.7581701059493376
vn 0.8438433222439532 0.19694437062139677 0.4991406238574755
vn 0.6384813337301362 0.1323619164373065 0.7581701059493376
vn 0.6086147867044375 0.010155582946141472 0.7934008479575354
vn 0.33519416801757107 0.01839545105815588 0.9419694671842476
vn 0.6384813337301362 0.1323619164373065 0.7581701059493376
vn 0.8620545047955602 0.07069452236300945 0.5018608524975298
vn 0.6086147867044375 0.010155582946141472 0.7934008479575354
vn 0.33519416801757107 0.01839545105815588 0.9419694671842476
vn 0.6086147867044375 0.010155582946141472 0.7934008479575354
vn 0.33659377848113303 -0.025263103385881797 0.9413110027483522
vn 0.8610776377998904 0.13659257005288852 0.4897833924167981
vn 0.6086147867044375 0.010155582946141472 0.7934008479575354
vn 0.8620545047955602 0.07069452236300945 0.5018608524975298
vn 0.6086147867044375 0.010155582946141472 0.7934008479575354
vn 0.5623152177375643 0.07402236853698194 0.8236032326654205
vn 0.33659377848113303 -0.025263103385881797 0.9413110027483522
vn 0.6086147867044375 0.010155582946141472 0.7934008479575354
vn 0.8610776377998904 0.13659257005288852 0.4897833924167981
vn 0.5623152177375643 0.07402236853698194 0.8236032326654205
vn 0.33659377848113303 -0.025263103385881797 0.9413110027483522
vn 0.5623152177375643 0.07402236853698194 0.8236032326654205
vn 0.34404526748030684 0.09071659529961328 0.9345605134295213
vn 0.8610776377998904 0.13659257005288852 0.4897833924167981
vn 0.6156265244802552 0.20771181765939356 0.760170890761408
vn 0.5623152177375643 0.07402236853698194 0.8236032326654205
vn 0.5623152177375643 0.07402236853698194 0.8236032326654205
vn 0.6156265244802552 0.20771181765939356 0.760170890761408
vn 0.34404526748030684 0.09071659529961328 0.9345605134295213
vn 0.6156265244802552 0.20771181765939356 0.760170890761408
vn 0.8610776377998904 0.13659257005288852 0.4897833924167981
vn 0.8519705088892324 0.2225877147557928 0.4739208385614798
vn 0.34404526748030684 0.09071659529961328 0.9345605134295213
vn 0.6156265244802552 0.20771181765939356 0.760170890761408
vn 0.35104417685085915 0.1586596748907228 0.9228191011583327
vn 0.8519705088892324 0.2225877147557928 0.4739208385614798
vn 0.6645482308190042 0.09121318746571022 0.7416574703646399
vn 0.6156265244802552 0.20771181765939356 0.760170890761408
vn 0.6156265244802552 0.20771181765939356 0.760170890761408
vn 0.6645482308190042 0.09121318746571022 0.7416574703646399
vn 0.35104417685085915 0.1586596748907228 0.9228191011583327
vn 0.6645482308190042 0.09121318746571022 0.7416574703646399
vn 0.8519705088892324 0.2225877147557928 0.4739208385614798
vn 0.8685670217506701 0.0652925025270827 0.49125168482247616
vn 0.35104417685085915 0.1586596748907228 0.9228191011583327
vn 0.6645482308190042 0.09121318746571022 0.7416574703646399
vn 0.3485757140551092 0.04814082313016482 0.9360434993734644
vn 0.8617672895099283 -0.097227639708182 0.49789951276084576
vn 0.6645482308190042 0.09121318746571022 0.7416574703646399
vn 0.8685670217506701 0.0652925025270827 0.49125168482247616
vn 0.6645482308190042 0.09121318746571022 0.7416574703646399
vn 0.5786171543035926 -0.08093202382920847 0.8115739006797353
vn 0.3485757140551092 0.04814082313016482 0.9360434993734644
vn 0.6645482308190042 0.09121318746571022 0.7416574703646399
vn 0.8617672895099283 -0.097227639708182 0.49789951276084576
vn 0.5786171543035926 -0.08093202382920847 0.8115739006797353
vn 0.3485757140551092 0.04814082313016482 0.9360434993734644
vn 0.5786171543035926 -0.08093202382920847 0.8115739006797353
vn 0.3387173601517113 -0.03776323493412479 0.940130037824112
vn 0.8558944316208574 -0.16321824886824038 0.4907183766243062
vn 0.5786171543035926 -0.08093202382920847 0.8115739006797353
vn 0.8617672895099283 -0.097227639708182 0.49789951276084576
vn 0.5786171543035926 -0.08093202382920847 0.8115739006797353
vn 0.3369322755899095 -0.06969974710649221 0.9389454653594618
vn 0.3387173601517113 -0.03776323493412479 0.940130037824112
vn 0.5786171543035926 -0.08093202382920847 0.8115739006797353
vn 0.8558944316208574 -0.16321824886824038 0.4907183766243062
vn 0.6317978240328255 -0.11898112743495579 0.7659471266750034
vn 0.3369322755899095 -0.06969974710649221 0.9389454653594618
vn 0.5786171543035926 -0.08093202382920847 0.8115739006797353
vn 0.6317978240328255 -0.11898112743495579 0.7659471266750034
vn 0.8768077628348103 -0.05688468309224784 0.47746442784998055
vn 0.6317978240328255 -0.11898112743495579 0.7659471266750034
vn 0.8558944316208574 -0.16321824886824038 0.4907183766243062
vn 0.6317978240328255 -0.11898112743495579 0.7659471266750034
vn 0.35005560338464703 -0.040439243948761035 0.9358556203217797
vn 0.3369322755899095 -0.06969974710649221 0.9389454653594618
vn 0.35005560338464703 -0.040439243948761035 0.9358556203217797
vn 0.6317978240328255 -0.11898112743495579 0.7659471266750034
vn 0.5875126802869614 -0.03214293202549383 0.8085763306100637
vn 0.6317978240328255 -0.11898112743495579 0.7659471266750034
vn 0.8768077628348103 -0.05688468309224784 0.47746442784998055
vn 0.5875126802869614 -0.03214293202549383 0.8085763306100637
vn 0.5875126802869614 -0.03214293202549383 0.8085763306100637
vn 0.3413357551145555 0.07081579303088716 0.937269985509929
vn 0.35005560338464703 -0.040439243948761035 0.9358556203217797
vn 0.8768077628348103 -0.05688468309224784 0.47746442784998055
vn 0.6852998184187368 0.10891458026515201 0.7200706722821809
vn 0.5875126802869614 -0.03214293202549383 0.8085763306100637
vn 0.3413357551145555 0.07081579303088716 0.937269985509929
vn 0.5875126802869614 -0.03214293202549383 0.8085763306100637
vn 0.6852998184187368 0.10891458026515201 0.7200706722821809
vn 0.6852998184187368 0.10891458026515201 0.7200706722821809
vn 0.8768077628348103 -0.05688468309224784 0.47746442784998055
vn 0.8496097482345876 0.2136853383237354 0.4821844583665379
vn 0.5861163721644116 0.2513327107887992 0.7702593503284351
vn 0.3413357551145555 0.07081579303088716 0.937269985509929
vn 0.6852998184187368 0.10891458026515201 0.7200706722821809
vn 0.8496097482345876 0.2136853383237354 0.4821844583665379
vn 0.5861163721644116 0.2513327107887992 0.7702593503284351
vn 0.6852998184187368 0.10891458026515201 0.7200706722821809
vn 0.3413357551145555 0.07081579303088716 0.937269985509929
vn 0.5861163721644116 0.2513327107887992 0.7702593503284351
vn 0.3083271797187044 0.15825463079274038 0.9380244250974296
vn 0.5861163721644116 0.2513327107887992 0.7702593503284351
vn 0.8496097482345876 0.2136853383237354 0.4821844583665379
vn 0.7822406719311823 0.3888996052355747 0.4866791840876971
vn 0.5409555178519965 0.33387731950073446 0.7719411008804252
vn 0.3083271797187044 0.15825463079274038 0.9380244250974296
vn 0.5861163721644116 0.2513327107887992 0.7702593503284351
vn 0.7822406719311823 0.3888996052355747 0.4866791840876971
vn 0.5409555178519965 0.33387731950073446 0.7719411008804252
vn 0.5861163721644116 0.2513327107887992 0.7702593503284351
vn 0.3083271797187044 0.15825463079274038 0.9380244250974296
vn 0.5409555178519965 0.33387731950073446 0.7719411008804252
vn 0.29875211966210635 0.19512559849506755 0.9341697767586682
vn 0.5409555178519965 0.33387731950073446 0.7719411008804252
vn 0.7822406719311823 0.3888996052355747 0.4866791840876971
vn 0.7329935098975919 0.48416946608986106 0.4778079557251717
vn 0.5280513739027931 0.3642799680306605 0.7671126719139463
vn 0.29875211966210635 0.19512559849506755 0.9341697767586682
vn 0.5409555178519965 0.33387731950073446 0.7719411008804252
vn 0.7329935098975919 0.48416946608986106 0.4778079557251717
vn 0.5280513739027931 0.3642799680306605 0.7671126719139463
vn 0.5409555178519965 0.33387731950073446 0.7719411008804252
vn 0.29875211966210635 0.19512559849506755 0.9341697767586682
vn 0.5280513739027931 0.3642799680306605 0.7671126719139463
vn 0.33375435279566057 0.18739216434566888 0.923846420533086
vn 0.5280513739027931 0.3642799680306605 0.7671126719139463
vn 0.7329935098975919 0.48416946608986106 0.4778079557251717
vn 0.7327873205818042 0.5058417921864842 0.4551338529181344
vn 0.600126978978255 0.24418658133875004 0.7617220770048134
vn 0.33375435279566057 0.18739216434566888 0.923846420533086
vn 0.5280513739027931 0.3642799680306605 0.7671126719139463
vn 0.7327873205818042 0.5058417921864842 0.4551338529181344
vn 0.600126978978255 0.24418658133875004 0.7617220770048134
vn 0.5280513739027931 0.3642799680306605 0.7671126719139463
vn 0.600126978978255 0.24418658133875004 0.7617220770048134
vn 0.7327873205818042 0.5058417921864842 0.4551338529181344
vn 0.8052585893704495 0.3762595866551354 0.4582437426689213
vn 0.33375435279566057 0.18739216434566888 0.923846420533086
vn 0.600126978978255 0.24418658133875004 0.7617220770048134
vn 0.30803516357606575 -0.01472368114936431 0.9512610321116272
vn 0.8067271114663832 -0.3167268018980608 0.49887423323372027
vn 0.600126978978255 0.24418658133875004 0.7617220770048134
vn 0.8052585893704495 0.3762595866551354 0.4582437426689213
vn 0.30803516357606575 -0.01472368114936431 0.9512610321116272
vn 0.600126978978255 0.24418658133875004 0.7617220770048134
vn 0.5300587670375133 -0.24641835180116212 0.8113665628939055
vn 0.600126978978255 0.24418658133875004 0.7617220770048134
vn 0.8067271114663832 -0.3167268018980608 0.49887423323372027
vn 0.5300587670375133 -0.24641835180116212 0.8113665628939055
vn 0.30803516357606575 -0.01472368114936431 0.9512610321116272
vn 0.5300587670375133 -0.24641835180116212 0.8113665628939055
vn 0.20945919859253925 -0.18374944390764264 0.9603973063209846
vn 0.20945919859253925 -0.18374944390764264 0.9603973063209846
vn -0.08448137920537926 -0.18662058115336552 0.9787929583203677
vn 0.30803516357606575 -0.01472368114936431 0.9512610321116272
vn 0.8067271114663832 -0.3167268018980608 0.49887423323372027
vn 0.3871325746342024 -0.6007518754578371 0.6994466053895644
vn 0.5300587670375133 -0.24641835180116212 0.8113665628939055
vn 0.3871325746342024 -0.6007518754578371 0.6994466053895644
vn 0.8067271114663832 -0.3167268018980608 0.49887423323372027
vn 0.3691373403672663 -0.8234137282294862 0.43096108421735574
vn 0.5300587670375133 -0.24641835180116212 0.8113665628939055
vn 0.2592679904117458 -0.22654903409074084 0.9388586924028595
vn 0.20945919859253925 -0.18374944390764264 0.9603973063209846
vn 0.2592679904117458 -0.22654903409074084 0.9388586924028595
vn 0.5300587670375133 -0.24641835180116212 0.8113665628939055
vn 0.3871325746342024 -0.6007518754578371 0.6994466053895644
vn -0.08448137920537926 -0.18662058115336552 0.9787929583203677
vn 0.20945919859253925 -0.18374944390764264 0.9603973063209846
vn -0.0875520198428866 -0.11825599530454466 0.9891158493300783
vn -0.0875520198428866 -0.11825599530454466 0.9891158493300783
vn -0.41019180159906266 -0.1843117832429084 0.8931807501613177
vn -0.08448137920537926 -0.18662058115336552 0.9787929583203677
vn 0.20945919859253925 -0.18374944390764264 0.9603973063209846
vn 0.2592679904117458 -0.22654903409074084 0.9388586924028595
vn 0.09375325442712903 0.056352303269718566 0.9939993688129383
vn 0.09375325442712903 0.056352303269718566 0.9939993688129383
vn -0.0875520198428866 -0.11825599530454466 0.9891158493300783
vn 0.20945919859253925 -0.18374944390764264 0.9603973063209846
vn -0.41019180159906266 -0.1843117832429084 0.8931807501613177
vn -0.0875520198428866 -0.11825599530454466 0.9891158493300783
vn -0.38400571752633855 -0.07312387550846129 0.9204306099525943
vn -0.38400571752633855 -0.07312387550846129 0.9204306099525943
vn -0.6320926146023781 -0.13860471578649988 0.7623959990233902
vn -0.41019180159906266 -0.1843117832429084 0.8931807501613177
vn -0.0875520198428866 -0.11825599530454466 0.9891158493300783
vn 0.09375325442712903 0.056352303269718566 0.9939993688129383
vn -0.10674598643633756 0.20392498846192658 0.9731494712841068
vn -0.38400571752633855 -0.07312387550846129 0.9204306099525943
vn -0.0875520198428866 -0.11825599530454466 0.9891158493300783
vn -0.10674598643633756 0.20392498846192658 0.9731494712841068
vn -0.6320926146023781 -0.13860471578649988 0.7623959990233902
vn -0.38400571752633855 -0.07312387550846129 0.9204306099525943
vn -0.5026926411562816 0.018277322179032326 0.864271975723664
vn -0.10674598643633756 0.20392498846192658 0.9731494712841068
vn -0.5026926411562816 0.018277322179032326 0.864271975723664
vn -0.38400571752633855 -0.07312387550846129 0.9204306099525943
vn -0.5026926411562816 0.018277322179032326 0.864271975723664
vn -0.7141971569955163 -0.09894829882214788 0.6929153303973904
vn -0.6320926146023781 -0.13860471578649988 0.7623959990233902
vn -0.10674598643633756 0.20392498846192658 0.9731494712841068
vn 0.09375325442712903 0.056352303269718566 0.9939993688129383
vn 0.0559932949337817 0.44288944597724456 0.8948260666545359
vn -0.7141971569955163 -0.09894829882214788 0.6929153303973904
vn -0.5026926411562816 0.018277322179032326 0.864271975723664
vn -0.5388161571903922 0.07648148418051723 0.838944414921587
vn -0.5026926411562816 0.018277322179032326 0.864271975723664
vn -0.10674598643633756 0.20392498846192658 0.9731494712841068
vn -0.2364545591931579 0.29925479506708985 0.9244110606576077
vn -0.2364545591931579 0.29925479506708985 0.9244110606576077
vn -0.5388161571903922 0.07648148418051723 0.838944414921587
vn -0.5026926411562816 0.018277322179032326 0.864271975723664
vn -0.5790158189250212 0.05542700953840067 0.8134301002841098
vn -0.7141971569955163 -0.09894829882214788 0.6929153303973904
vn -0.5388161571903922 0.07648148418051723 0.838944414921587
vn -0.6827463746563515 0.08201498788244284 0.7260378293561924
vn -0.7141971569955163 -0.09894829882214788 0.6929153303973904
vn -0.5790158189250212 0.05542700953840067 0.8134301002841098
vn -0.5388161571903922 0.07648148418051723 0.838944414921587
vn -0.2364545591931579 0.29925479506708985 0.9244110606576077
vn -0.23238911552653319 0.3104518622533298 0.9217455940812711
vn -0.23238911552653319 0.3104518622533298 0.9217455940812711
vn -0.5790158189250212 0.05542700953840067 0.8134301002841098
vn -0.5388161571903922 0.07648148418051723 0.838944414921587
vn -0.28920469612773786 0.3664810365401822 0.8843372058180615
vn -0.6827463746563515 0.08201498788244284 0.7260378293561924
vn -0.5790158189250212 0.05542700953840067 0.8134301002841098
vn -0.5790158189250212 0.05542700953840067 0.8134301002841098
vn -0.23238911552653319 0.3104518622533298 0.9217455940812711
vn -0.28920469612773786 0.3664810365401822 0.8843372058180615
vn -0.6827463746563515 0.08201498788244284 0.7260378293561924
vn -0.28920469612773786 0.3664810365401822 0.8843372058180615
vn -0.06791970323368193 0.6342726148895406 0.7701202269216366
vn -0.2364545591931579 0.29925479506708985 0.9244110606576077
vn -0.10674598643633756 0.20392498846192658 0.9731494712841068
vn -0.009561184000807644 0.49685911543841527 0.8677785450022709
vn -0.10674598643633756 0.20392498846192658 0.9731494712841068
vn 0.0559932949337817 0.44288944597724456 0.8948260666545359
vn -0.009561184000807644 0.49685911543841527 0.8677785450022709
vn -0.2364545591931579 0.29925479506708985 0.9244110606576077
vn -0.05071218016641306 0.46056074843657663 0.8861783521291352
vn -0.23238911552653319 0.3104518622533298 0.9217455940812711
vn -0.05071218016641306 0.46056074843657663 0.8861783521291352
vn -0.2364545591931579 0.29925479506708985 0.9244110606576077
vn -0.009561184000807644 0.49685911543841527 0.8677785450022709
vn -0.23238911552653319 0.3104518622533298 0.9217455940812711
vn 0.009043181803086291 0.43890024037303693 0.8984902892426644
vn -0.28920469612773786 0.3664810365401822 0.8843372058180615
vn 0.009043181803086291 0.43890024037303693 0.8984902892426644
vn -0.23238911552653319 0.3104518622533298 0.9217455940812711
vn -0.05071218016641306 0.46056074843657663 0.8861783521291352
vn -0.28920469612773786 0.3664810365401822 0.8843372058180615
vn 0.18395159850130594 0.6604702559637831 0.7279703636796961
vn -0.06791970323368193 0.6342726148895406 0.7701202269216366
vn 0.18395159850130594 0.6604702559637831 0.7279703636796961
vn -0.28920469612773786 0.3664810365401822 0.8843372058180615
vn 0.009043181803086291 0.43890024037303693 0.8984902892426644
vn 0.18395159850130594 0.6604702559637831 0.7279703636796961
vn 0.42604696556305355 0.8120160213410426 0.39889091769552454
vn -0.06791970323368193 0.6342726148895406 0.7701202269216366
vn 0.17528035631521338 0.615611591025415 0.7683092903806182
vn 0.009043181803086291 0.43890024037303693 0.8984902892426644
vn -0.05071218016641306 0.46056074843657663 0.8861783521291352
vn 0.009043181803086291 0.43890024037303693 0.8984902892426644
vn 0.17528035631521338 0.615611591025415 0.7683092903806182
vn 0.18395159850130594 0.6604702559637831 0.7279703636796961
vn -0.05071218016641306 0.46056074843657663 0.8861783521291352
vn -0.009561184000807644 0.49685911543841527 0.8677785450022709
vn 0.17528035631521338 0.615611591025415 0.7683092903806182
vn 0.42604696556305355 0.8120160213410426 0.39889091769552454
vn 0.18395159850130594 0.6604702559637831 0.7279703636796961
vn 0.44660645105444063 0.7552993223270317 0.4796515522427548
vn 0.18395159850130594 0.6604702559637831 0.7279703636796961
vn 0.17528035631521338 0.615611591025415 0.7683092903806182
vn 0.44660645105444063 0.7552993223270317 0.4796515522427548
vn 0.44660645105444063 0.7552993223270317 0.4796515522427548
vn 0.4369594852192668 0.852005558586057 0.288362508685464
vn 0.42604696556305355 0.8120160213410426 0.39889091769552454
vn 0.17528035631521338 0.615611591025415 0.7683092903806182
vn -0.009561184000807644 0.49685911543841527 0.8677785450022709
vn 0.15687339341126655 0.6824294211074218 0.7139193397342751
vn -0.009561184000807644 0.49685911543841527 0.8677785450022709
vn 0.0559932949337817 0.44288944597724456 0.8948260666545359
vn 0.15687339341126655 0.6824294211074218 0.7139193397342751
vn 0.34526998879075455 0.7788634450651637 0.5236032551289738
vn 0.44660645105444063 0.7552993223270317 0.4796515522427548
vn 0.17528035631521338 0.615611591025415 0.7683092903806182
vn 0.4369594852192668 0.852005558586057 0.288362508685464
vn 0.44660645105444063 0.7552993223270317 0.4796515522427548
vn 0.34526998879075455 0.7788634450651637 0.5236032551289738
vn 0.15687339341126655 0.6824294211074218 0.7139193397342751
vn 0.34526998879075455 0.7788634450651637 0.5236032551289738
vn 0.17528035631521338 0.615611591025415 0.7683092903806182
vn 0.21633322403717392 -0.35509203234341175 -0.9094556529836445
vn 0.8239061819527024 0.08265271753751478 -0.5606666849597758
vn 0.29820404762462177 -0.49254442567671075 -0.8176027976438751
vn -0.3434668017033186 -0.7474273016106486 -0.5686677280580619
vn 0.21633322403717392 -0.35509203234341175 -0.9094556529836445
vn 0.29820404762462177 -0.49254442567671075 -0.8176027976438751
vn 0.21633322403717392 -0.35509203234341175 -0.9094556529836445
vn -0.3434668017033186 -0.7474273016106486 -0.5686677280580619
vn -0.3391890370990115 -0.5721696594616786 -0.7467078932911798
vn 0.1277856762930997 -0.05722066738886093 -0.9901497948077799
vn 0.21633322403717392 -0.35509203234341175 -0.9094556529836445
vn -0.3391890370990115 -0.5721696594616786 -0.7467078932911798
vn -0.4621013428103714 -0.7611783652511573 -0.4550492778221141
vn -0.3391890370990115 -0.5721696594616786 -0.7467078932911798
vn -0.3434668017033186 -0.7474273016106486 -0.5686677280580619
vn -0.3391890370990115 -0.5721696594616786 -0.7467078932911798
vn -0.26981506264306254 -0.5332654498076355 -0.8017654220608297
vn 0.1277856762930997 -0.05722066738886093 -0.9901497948077799
vn -0.3391890370990115 -0.5721696594616786 -0.7467078932911798
vn -0.4621013428103714 -0.7611783652511573 -0.4550492778221141
vn -0.26981506264306254 -0.5332654498076355 -0.8017654220608297
vn -0.26981506264306254 -0.5332654498076355 -0.8017654220608297
vn 0.10361257595840692 -0.02558036748543592 -0.9942887301496348
vn 0.1277856762930997 -0.05722066738886093 -0.9901497948077799
vn -0.4621013428103714 -0.7611783652511573 -0.4550492778221141
vn -0.13714310045255465 -0.6696866773999812 -0.7298708955090852
vn -0.26981506264306254 -0.5332654498076355 -0.8017654220608297
vn 0.10361257595840692 -0.02558036748543592 -0.9942887301496348
vn -0.26981506264306254 -0.5332654498076355 -0.8017654220608297
vn -0.13714310045255465 -0.6696866773999812 -0.7298708955090852
vn -0.13714310045255465 -0.6696866773999812 -0.7298708955090852
vn -0.4621013428103714 -0.7611783652511573 -0.4550492778221141
vn -0.1808920890968651 -0.8937123051950547 -0.4105561686847651
vn -0.13714310045255465 -0.6696866773999812 -0.7298708955090852
vn 0.15088087684973567 -0.16129536543794823 -0.9753044478978314
vn 0.10361257595840692 -0.02558036748543592 -0.9942887301496348
vn -0.1808920890968651 -0.8937123051950547 -0.4105561686847651
vn 0.0034315059919759363 -0.7827984767740119 -0.62226583509535
vn -0.13714310045255465 -0.6696866773999812 -0.7298708955090852
vn 0.15088087684973567 -0.16129536543794823 -0.9753044478978314
vn -0.13714310045255465 -0.6696866773999812 -0.7298708955090852
vn 0.0034315059919759363 -0.7827984767740119 -0.62226583509535
vn 0.0034315059919759363 -0.7827984767740119 -0.62226583509535
vn -0.1808920890968651 -0.8937123051950547 -0.4105561686847651
vn 0.021087451579750977 -0.9380254762639034 -0.34592416114771285
vn 0.1143930434658726 -0.8490590030795357 -0.5157645207807526
vn 0.15088087684973567 -0.16129536543794823 -0.9753044478978314
vn 0.0034315059919759363 -0.7827984767740119 -0.62226583509535
vn 0.1143930434658726 -0.8490590030795357 -0.5157645207807526
vn 0.0034315059919759363 -0.7827984767740119 -0.62226583509535
vn 0.021087451579750977 -0.9380254762639034 -0.34592416114771285
vn 0.1143930434658726 -0.8490590030795357 -0.5157645207807526
vn 0.021087451579750977 -0.9380254762639034 -0.34592416114771285
vn 0.0932210958628134 -0.9475112859201864 -0.3058303293331301
vn 0.15088087684973567 -0.16129536543794823 -0.9753044478978314
vn 0.1143930434658726 -0.8490590030795357 -0.5157645207807526
vn 0.14977306811970903 -0.5526539996560873 -0.8198424145713238
vn 0.17217954666764376 -0.9426033784421648 -0.28609976347201294
vn 0.1143930434658726 -0.8490590030795357 -0.5157645207807526
vn 0.0932210958628134 -0.9475112859201864 -0.3058303293331301
vn 0.17955101267889143 -0.8651851137401732 -0.46820524645542805
vn 0.14977306811970903 -0.5526539996560873 -0.8198424145713238
vn 0.1143930434658726 -0.8490590030795357 -0.5157645207807526
vn 0.1143930434658726 -0.8490590030795357 -0.5157645207807526
vn 0.17217954666764376 -0.9426033784421648 -0.28609976347201294
vn 0.17955101267889143 -0.8651851137401732 -0.46820524645542805
vn 0.14977306811970903 -0.5526539996560873 -0.8198424145713238
vn 0.17955101267889143 -0.8651851137401732 -0.46820524645542805
vn 0.14153546927659752 -0.6798120462895842 -0.7195993973428699
vn 0.28785714585504324 -0.916677928248996 -0.2771999989922748
vn 0.17955101267889143 -0.8651851137401732 -0.46820524645542805
vn 0.17217954666764376 -0.9426033784421648 -0.28609976347201294
vn 0.17955101267889143 -0.8651851137401732 -0.46820524645542805
vn 0.28785714585504324 -0.916677928248996 -0.2771999989922748
vn 0.2634735074363295 -0.8403119560408409 -0.4737694876350887
vn 0.2634735074363295 -0.8403119560408409 -0.4737694876350887
vn 0.14153546927659752 -0.6798120462895842 -0.7195993973428699
vn 0.17955101267889143 -0.8651851137401732 -0.46820524645542805
vn 0.4369556838874528 -0.8520032251192887 -0.28837516312050737
vn 0.2634735074363295 -0.8403119560408409 -0.4737694876350887
vn 0.28785714585504324 -0.916677928248996 -0.2771999989922748
vn 0.14153546927659752 -0.6798120462895842 -0.7195993973428699
vn 0.2634735074363295 -0.8403119560408409 -0.4737694876350887
vn 0.15687827579232883 -0.682431183160254 -0.7139165825465338
vn 0.15687827579232883 -0.682431183160254 -0.7139165825465338
vn 0.05599329260399111 -0.4428894073717887 -0.8948260859078874
vn 0.14153546927659752 -0.6798120462895842 -0.7195993973428699
vn 0.2634735074363295 -0.8403119560408409 -0.4737694876350887
vn 0.4369556838874528 -0.8520032251192887 -0.28837516312050737
vn 0.34527708247207334 -0.778865740965561 -0.5235951621909245
vn 0.34527708247207334 -0.778865740965561 -0.5235951621909245
vn 0.15687827579232883 -0.682431183160254 -0.7139165825465338
vn 0.2634735074363295 -0.8403119560408409 -0.4737694876350887
vn 0.44661456677063516 -0.755299433496138 -0.47964382046336324
vn 0.34527708247207334 -0.778865740965561 -0.5235951621909245
vn 0.4369556838874528 -0.8520032251192887 -0.28837516312050737
vn 0.4369556838874528 -0.8520032251192887 -0.28837516312050737
vn 0.4260467510114184 -0.8120156458842203 -0.3988919111637227
vn 0.44661456677063516 -0.755299433496138 -0.47964382046336324
vn 0.15687827579232883 -0.682431183160254 -0.7139165825465338
vn 0.34527708247207334 -0.778865740965561 -0.5235951621909245
vn 0.17528306224214235 -0.6156131990126407 -0.7683073846400543
vn 0.17528306224214235 -0.6156131990126407 -0.7683073846400543
vn 0.34527708247207334 -0.778865740965561 -0.5235951621909245
vn 0.44661456677063516 -0.755299433496138 -0.47964382046336324
vn 0.05599329260399111 -0.4428894073717887 -0.8948260859078874
vn 0.15687827579232883 -0.682431183160254 -0.7139165825465338
vn -0.009564225543050768 -0.49685351833572694 -0.8677817161632131
vn 0.17528306224214235 -0.6156131990126407 -0.7683073846400543
vn -0.009564225543050768 -0.49685351833572694 -0.8677817161632131
vn 0.15687827579232883 -0.682431183160254 -0.7139165825465338
vn -0.009564225543050768 -0.49685351833572694 -0.8677817161632131
vn -0.10674572659433423 -0.20392332985219713 -0.9731498473492352
vn 0.05599329260399111 -0.4428894073717887 -0.8948260859078874
vn 0.4260467510114184 -0.8120156458842203 -0.3988919111637227
vn 0.18394606937408262 -0.6604739862664332 -0.7279683763922391
vn 0.44661456677063516 -0.755299433496138 -0.47964382046336324
vn 0.18394606937408262 -0.6604739862664332 -0.7279683763922391
vn 0.17528306224214235 -0.6156131990126407 -0.7683073846400543
vn 0.44661456677063516 -0.755299433496138 -0.47964382046336324
vn 0.18394606937408262 -0.6604739862664332 -0.7279683763922391
vn 0.4260467510114184 -0.8120156458842203 -0.3988919111637227
vn -0.06791992035426213 -0.6342724468054122 -0.7701203462073617
vn -0.009564225543050768 -0.49685351833572694 -0.8677817161632131
vn 0.17528306224214235 -0.6156131990126407 -0.7683073846400543
vn -0.05072930956285487 -0.46054723535281344 -0.886184394559144
vn -0.10674572659433423 -0.20392332985219713 -0.9731498473492352
vn -0.009564225543050768 -0.49685351833572694 -0.8677817161632131
vn -0.2364573855766552 -0.2992539070984936 -0.9244106251512578
vn -0.05072930956285487 -0.46054723535281344 -0.886184394559144
vn -0.2364573855766552 -0.2992539070984936 -0.9244106251512578
vn -0.009564225543050768 -0.49685351833572694 -0.8677817161632131
vn -0.5026907373859699 -0.018282708194654888 -0.8642729691060684
vn -0.10674572659433423 -0.20392332985219713 -0.9731498473492352
vn -0.2364573855766552 -0.2992539070984936 -0.9244106251512578
vn 0.17528306224214235 -0.6156131990126407 -0.7683073846400543
vn 0.009022844264417896 -0.4388912906007343 -0.8984948654923979
vn -0.05072930956285487 -0.46054723535281344 -0.886184394559144
vn 0.009022844264417896 -0.4388912906007343 -0.8984948654923979
vn 0.17528306224214235 -0.6156131990126407 -0.7683073846400543
vn 0.18394606937408262 -0.6604739862664332 -0.7279683763922391
vn -0.28918529770781487 -0.3664983034097457 -0.8843363936802672
vn 0.18394606937408262 -0.6604739862664332 -0.7279683763922391
vn -0.06791992035426213 -0.6342724468054122 -0.7701203462073617
vn 0.18394606937408262 -0.6604739862664332 -0.7279683763922391
vn -0.28918529770781487 -0.3664983034097457 -0.8843363936802672
vn 0.009022844264417896 -0.4388912906007343 -0.8984948654923979
vn -0.682786104953771 -0.08199311923027067 -0.7260029361379667
vn -0.28918529770781487 -0.3664983034097457 -0.8843363936802672
vn -0.06791992035426213 -0.6342724468054122 -0.7701203462073617
vn 0.009022844264417896 -0.4388912906007343 -0.8984948654923979
vn -0.2323781906903116 -0.31045296087326685 -0.9217479783414331
vn -0.05072930956285487 -0.46054723535281344 -0.886184394559144
vn -0.2323781906903116 -0.31045296087326685 -0.9217479783414331
vn 0.009022844264417896 -0.4388912906007343 -0.8984948654923979
vn -0.28918529770781487 -0.3664983034097457 -0.8843363936802672
vn -0.2364573855766552 -0.2992539070984936 -0.9244106251512578
vn -0.05072930956285487 -0.46054723535281344 -0.886184394559144
vn -0.2323781906903116 -0.31045296087326685 -0.9217479783414331
vn -0.28918529770781487 -0.3664983034097457 -0.8843363936802672
vn -0.682786104953771 -0.08199311923027067 -0.7260029361379667
vn -0.5790095738783472 -0.05542163739547295 -0.8134349116343729
vn -0.5790095738783472 -0.05542163739547295 -0.8134349116343729
vn -0.2323781906903116 -0.31045296087326685 -0.9217479783414331
vn -0.28918529770781487 -0.3664983034097457 -0.8843363936802672
vn -0.682786104953771 -0.08199311923027067 -0.7260029361379667
vn -0.7141865350740308 0.098936984339859 -0.6929278939750402
vn -0.5790095738783472 -0.05542163739547295 -0.8134349116343729
vn -0.5388117654575922 -0.0764783486723402 -0.8389475213556713
vn -0.2364573855766552 -0.2992539070984936 -0.9244106251512578
vn -0.2323781906903116 -0.31045296087326685 -0.9217479783414331
vn -0.2323781906903116 -0.31045296087326685 -0.9217479783414331
vn -0.5790095738783472 -0.05542163739547295 -0.8134349116343729
vn -0.5388117654575922 -0.0764783486723402 -0.8389475213556713
vn -0.5790095738783472 -0.05542163739547295 -0.8134349116343729
vn -0.7141865350740308 0.098936984339859 -0.6929278939750402
vn -0.5388117654575922 -0.0764783486723402 -0.8389475213556713
vn -0.2364573855766552 -0.2992539070984936 -0.9244106251512578
vn -0.5388117654575922 -0.0764783486723402 -0.8389475213556713
vn -0.5026907373859699 -0.018282708194654888 -0.8642729691060684
vn -0.7141865350740308 0.098936984339859 -0.6929278939750402
vn -0.5026907373859699 -0.018282708194654888 -0.8642729691060684
vn -0.5388117654575922 -0.0764783486723402 -0.8389475213556713
vn -0.113199522514803 0.5887819757240331 0.8003259668190984
vn 0.31274107580560384 0.6505710636672541 0.692062360356934
vn -0.1132081067311807 0.5887916008739694 0.8003176714971438
vn -0.6141260809723232 0.5482719770661182 0.5676680331263911
vn -0.113199522514803 0.5887819757240331 0.8003259668190984
vn -0.1132081067311807 0.5887916008739694 0.8003176714971438
vn 0.31274107580560384 0.6505710636672541 0.692062360356934
vn -0.113199522514803 0.5887819757240331 0.8003259668190984
vn 0.4761321767389669 0.6884450402114086 0.5471211720287609
vn -0.113199522514803 0.5887819757240331 0.8003259668190984
vn -0.6141260809723232 0.5482719770661182 0.5676680331263911
vn -0.6141270230452873 0.5482752444705362 0.5676638581645889
vn 0.4761321767389669 0.6884450402114086 0.5471211720287609
vn 0.6745721930371567 0.7382088839759661 -2.7134651981478755e-9
vn 0.31274107580560384 0.6505710636672541 0.692062360356934
vn -0.8399449212550268 0.5426716587936822 -4.984332522870353e-9
vn -0.6141270230452873 0.5482752444705362 0.5676638581645889
vn -0.6141260809723232 0.5482719770661182 0.5676680331263911
vn 0.4761321767389669 0.6884450402114086 0.5471211720287609
vn 0.6745522501683453 0.7382271071918333 -4.430054375096391e-9
vn 0.6745721930371567 0.7382088839759661 -2.7134651981478755e-9
vn -0.8399449212550268 0.5426716587936822 -4.984332522870353e-9
vn -0.6141260809723232 0.5482719770661182 0.5676680331263911
vn -0.8399525259506024 0.5426598880967731 5.360044147467206e-9
vn 0.4761321767389669 0.6884450402114086 -0.5471211720287609
vn 0.6745721930371567 0.7382088839759661 -2.7134651981478755e-9
vn 0.6745522501683453 0.7382271071918333 -4.430054375096391e-9
vn -0.614126092976214 0.5482719877828051 -0.5676680097895795
vn -0.8399449212550268 0.5426716587936822 -4.984332522870353e-9
vn -0.8399525259506024 0.5426598880967731 5.360044147467206e-9
vn 0.6745721930371567 0.7382088839759661 -2.7134651981478755e-9
vn 0.4761321767389669 0.6884450402114086 -0.5471211720287609
vn 0.31274107580560384 0.6505710636672541 -0.692062360356934
vn -0.8399449212550268 0.5426716587936822 -4.984332522870353e-9
vn -0.614126092976214 0.5482719877828051 -0.5676680097895795
vn -0.6141270230452873 0.5482752444705362 -0.5676638581645889
vn -0.11319951980091723 0.5887819110702934 -0.8003260147672664
vn 0.31274107580560384 0.6505710636672541 -0.692062360356934
vn 0.4761321767389669 0.6884450402114086 -0.5471211720287609
vn -0.614126092976214 0.5482719877828051 -0.5676680097895795
vn -0.11319951980091723 0.5887819110702934 -0.8003260147672664
vn -0.6141270230452873 0.5482752444705362 -0.5676638581645889
vn 0.31274107580560384 0.6505710636672541 -0.692062360356934
vn -0.11319951980091723 0.5887819110702934 -0.8003260147672664
vn -0.1132081067311807 0.5887916008739694 -0.8003176714971438
vn -0.614126092976214 0.5482719877828051 -0.5676680097895795
vn -0.1132081067311807 0.5887916008739694 -0.8003176714971438
vn -0.11319951980091723 0.5887819110702934 -0.8003260147672664
vn -0.11320805528209923 -0.5887913122100655 0.8003178911440093
vn 0.31274102878913246 -0.6505709774405315 0.6920624626606954
vn -0.11319950580146824 -0.5887818143875735 0.8003260878746739
vn -0.11319950580146824 -0.5887818143875735 0.8003260878746739
vn -0.6141260124762834 -0.5482719184501117 0.5676681638413534
vn -0.11320805528209923 -0.5887913122100655 0.8003178911440093
vn 0.31274102878913246 -0.6505709774405315 0.6920624626606954
vn 0.4761321095280315 -0.6884450340374049 0.5471212382878432
vn -0.11319950580146824 -0.5887818143875735 0.8003260878746739
vn -0.6141260124762834 -0.5482719184501117 0.5676681638413534
vn -0.11319950580146824 -0.5887818143875735 0.8003260878746739
vn -0.6141269490983219 -0.5482752328283297 0.5676639494086517
vn 0.6745721930371567 -0.7382088839759661 -2.7134651981478755e-9
vn 0.4761321095280315 -0.6884450340374049 0.5471212382878432
vn 0.31274102878913246 -0.6505709774405315 0.6920624626606954
vn -0.8399449212550268 -0.5426716587936822 -4.984332522870353e-9
vn -0.6141260124762834 -0.5482719184501117 0.5676681638413534
vn -0.6141269490983219 -0.5482752328283297 0.5676639494086517
vn 0.6745522501683453 -0.7382271071918333 -4.430054375096391e-9
vn 0.4761321095280315 -0.6884450340374049 0.5471212382878432
vn 0.6745721930371567 -0.7382088839759661 -2.7134651981478755e-9
vn -0.8399449212550268 -0.5426716587936822 -4.984332522870353e-9
vn -0.8399525259506024 -0.5426598880967731 5.360044147467206e-9
vn -0.6141260124762834 -0.5482719184501117 0.5676681638413534
vn 0.6745721930371567 -0.7382088839759661 -2.7134651981478755e-9
vn 0.4761321095280315 -0.6884450340374049 -0.5471212382878432
vn 0.6745522501683453 -0.7382271071918333 -4.430054375096391e-9
vn -0.8399449212550268 -0.5426716587936822 -4.984332522870353e-9
vn -0.6141260070251616 -0.5482719654237262 -0.5676681243699839
vn -0.8399525259506024 -0.5426598880967731 5.360044147467206e-9
vn 0.4761321095280315 -0.6884450340374049 -0.5471212382878432
vn 0.6745721930371567 -0.7382088839759661 -2.7134651981478755e-9
vn 0.3127410244055661 -0.6505709161716765 -0.6920625222371909
vn -0.6141260070251616 -0.5482719654237262 -0.5676681243699839
vn -0.8399449212550268 -0.5426716587936822 -4.984332522870353e-9
vn -0.6141269490983219 -0.5482752328283297 -0.5676639494086517
vn 0.3127410244055661 -0.6505709161716765 -0.6920625222371909
vn -0.11319949239227123 -0.5887817832468497 -0.8003261126808197
vn 0.4761321095280315 -0.6884450340374049 -0.5471212382878432
vn -0.6141269490983219 -0.5482752328283297 -0.5676639494086517
vn -0.11319949239227123 -0.5887817832468497 -0.8003261126808197
vn -0.6141260070251616 -0.5482719654237262 -0.5676681243699839
vn -0.11319949239227123 -0.5887817832468497 -0.8003261126808197
vn 0.3127410244055661 -0.6505709161716765 -0.6920625222371909
vn -0.11320805528209923 -0.5887913122100655 -0.8003178911440093
vn -0.6141260070251616 -0.5482719654237262 -0.5676681243699839
vn -0.11319949239227123 -0.5887817832468497 -0.8003261126808197
vn -0.11320805528209923 -0.5887913122100655 -0.8003178911440093
f 1//1 2//2 3//3
f 4//4 5//5 6//6
f 7//7 8//8 9//9
f 10//10 11//11 12//12
f 13//13 14//14 15//15
f 16//16 17//17 18//18
f 19//19 20//20 21//21
f 22//22 23//23 24//24
f 25//25 26//26 27//27
f 28//28 29//29 30//30
f 31//31 32//32 33//33
f 34//34 35//35 36//36
f 37//37 38//38 39//39
f 40//40 41//41 42//42
f 43//43 44//44 45//45
f 46//46 47//47 48//48
f 49//49 50//50 51//51
f 52//52 53//53 54//54
f 55//55 56//56 57//57
f 58//58 59//59 60//60
f 61//61 62//62 63//63
f 64//64 65//65 66//66
f 67//67 68//68 69//69
f 70//70 71//71 72//72
f 73//73 74//74 75//75
f 76//76 77//77 78//78
f 79//79 80//80 81//81
f 82//82 83//83 84//84
f 85//85 86//86 87//87
f 88//88 89//89 90//90
f 91//91 92//92 93//93
f 94//94 95//95 96//96
f 97//97 98//98 99//99
f 100//100 101//101 102//102
f 103//103 104//104 105//105
f 106//106 107//107 108//108
f 109//109 110//110 111//111
f 112//112 113//113 114//114
f 115//115 116//116 117//117
f 118//118 119//119 120//120
f 121//121 122//122 123//123
f 124//124 125//125 126//126
f 127//127 128//128 129//129
f 130//130 131//131 132//132
f 133//133 134//134 135//135
f 136//136 137//137 138//138
f 139//139 140//140 141//141
f 142//142 143//143 144//144
f 145//145 146//146 147//147
f 148//148 149//149 150//150
f 151//151 152//152 153//153
f 154//154 155//155 156//156
f 157//157 158//158 159//159
f 160//160 161//161 162//162
f 163//163 164//164 165//165
f 166//166 167//167 168//168
f 169//169 170//170 171//171
f 172//172 173//173 174//174
f 175//175 176//176 177//177
f 178//178 179//179 180//180
f 181//181 182//182 183//183
f 184//184 185//185 186//186
f 187//187 188//188 189//189
f 190//190 191//191 192//192
f 193//193 194//194 195//195
f 196//196 197//197 198//198
f 199//199 200//200 201//201
f 202//202 203//203 204//204
f 205//205 206//206 207//207
f 208//208 209//209 210//210
f 211//211 212//212 213//213
f 214//214 215//215 216//216
f 217//217 218//218 219//219
f 220//220 221//221 222//222
f 223//223 224//224 225//225
f 226//226 227//227 228//228
f 229//229 230//230 231//231
f 232//232 233//233 234//234
f 235//235 236//236 237//237
f 238//238 239//239 240//240
f 241//241 242//242 243//243
f 244//244 245//245 246//246
f 247//247 248//248 249//249
f 250//250 251//251 252//252
f 253//253 254//254 255//255
f 256//256 257//257 258//258
f 259//259 260//260 261//261
f 262//262 263//263 264//264
f 265//265 266//266 267//267
f 268//268 269//269 270//270
f 271//271 272//272 273//273
f 274//274 275//275 276//276
f 277//277 278//278 279//279
f 280//280 281//281 282//282
f 283//283 284//284 285//285
f 286//286 287//287 288//288
f 289//289 290//290 291//291
f 292//292 293//293 294//294
f 295//295 296//296 297//297
f 298//298 299//299 300//300
f 301//301 302//302 303//303
f 304//304 305//305 306//306
f 307//307 308//308 309//309
f 310//310 311//311 312//312
f 313//313 314//314 315//315
f 316//316 317//317 318//318
f 319//319 320//320 321//321
f 322//322 323//323 324//324
f 325//325 326//326 327//327
f 328//328 329//329 330//330
f 331//331 332//332 333//333
f 334//334 335//335 336//336
f 337//337 338//338 339//339
f 340//340 341//341 342//342
f 343//343 344//344 345//345
f 346//346 347//347 348//348
f 349//349 350//350 351//351
f 352//352 353//353 354//354
f 355//355 356//356 357//357
f 358//358 359//359 360//360
f 361//361 362//362 363//363
f 364//364 365//365 366//366
f 367//367 368//368 369//369
f 370//370 371//371 372//372
f 373//373 374//374 375//375
f 376//376 377//377 378//378
f 379//379 380//380 381//381
f 382//382 383//383 384//384
f 385//385 386//386 387//387
f 388//388 389//389 390//390
f 391//391 392//392 393//393
f 394//394 395//395 396//396
f 397//397 398//398 399//399
f 400//400 401//401 402//402
f 403//403 404//404 405//405
f 406//406 407//407 408//408
f 409//409 410//410 411//411
f 412//412 413//413 414//414
f 415//415 416//416 417//417
f 418//418 419//419 420//420
f 421//421 422//422 423//423
f 424//424 425//425 426//426
f 427//427 428//428 429//429
f 430//430 431//431 432//432
f 433//433 434//434 435//435
f 436//436 437//437 438//438
f 439//439 440//440 441//441
f 442//442 443//443 444//444
f 445//445 446//446 447//447
f 448//448 449//449 450//450
f 451//451 452//452 453//453
f 454//454 455//455 456//456
f 457//457 458//458 459//459
f 460//460 461//461 462//462
f 463//463 464//464 465//465
f 466//466 467//467 468//468
f 469//469 470//470 471//471
f 472//472 473//473 474//474
f 475//475 476//476 477//477
f 478//478 479//479 480//480
f 481//481 482//482 483//483
f 484//484 485//485 486//486
f 487//487 488//488 489//489
f 490//490 491//491 492//492
f 493//493 494//494 495//495
f 496//496 497//497 498//498
f 499//499 500//500 501//501
f 502//502 503//503 504//504
f 505//505 506//506 507//507
f 508//508 509//509 510//510
f 511//511 512//512 513//513
f 514//514 515//515 516//516
f 517//517 518//518 519//519
f 520//520 521//521 522//522
f 523//523 524//524 525//525
f 526//526 527//527 528//528
f 529//529 530//530 531//531
f 532//532 533//533 534//534
f 535//535 536//536 537//537
f 538//538 539//539 540//540
f 541//541 542//542 543//543
f 544//544 545//545 546//546
f 547//547 548//548 549//549
f 550//550 551//551 552//552
f 553//553 554//554 555//555
f 556//556 557//557 558//558
f 559//559 560//560 561//561
f 562//562 563//563 564//564
f 565//565 566//566 567//567
f 568//568 569//569 570//570
f 571//571 572//572 573//573
f 574//574 575//575 576//576
f 577//577 578//578 579//579
f 580//580 581//581 582//582
f 583//583 584//584 585//585
f 586//586 587//587 588//588
f 589//589 590//590 591//591
f 592//592 593//593 594//594
f 595//595 596//596 597//597
f 598//598 599//599 600//600
f 601//601 602//602 603//603
f 604//604 605//605 606//606
f 607//607 608//608 609//609
f 610//610 611//611 612//612
f 613//613 614//614 615//615
f 616//616 617//617 618//618
f 619//619 620//620 621//621
f 622//622 623//623 624//624
f 625//625 626//626 627//627
f 628//628 629//629 630//630
f 631//631 632//632 633//633
f 634//634 635//635 636//636
f 637//637 638//638 639//639
f 640//640 641//641 642//642
f 643//643 644//644 645//645
f 646//646 647//647 648//648
f 649//649 650//650 651//651
f 652//652 653//653 654//654
f 655//655 656//656 657//657
f 658//658 659//659 660//660
f 661//661 662//662 663//663
f 664//664 665//665 666//666
f 667//667 668//668 669//669
f 670//670 671//671 672//672
f 673//673 674//674 675//675
f 676//676 677//677 678//678
f 679//679 680//680 681//681
f 682//682 683//683 684//684
f 685//685 686//686 687//687
f 688//688 689//689 690//690
f 691//691 692//692 693//693
f 694//694 695//695 696//696
f 697//697 698//698 699//699
f 700//700 701//701 702//702
f 703//703 704//704 705//705
f 706//706 707//707 708//708
f 709//709 710//710 711//711
f 712//712 713//713 714//714
f 715//715 716//716 717//717
f 718//718 719//719 720//720
f 721//721 722//722 723//723
f 724//724 725//725 726//726
f 727//727 728//728 729//729
f 730//730 731//731 732//732
f 733//733 734//734 735//735
f 736//736 737//737 738//738
f 739//739 740//740 741//741
f 742//742 743//743 744//744
f 745//745 746//746 747//747
f 748//748 749//749 750//750
f 751//751 752//752 753//753
f 754//754 755//755 756//756
f 757//757 758//758 759//759
f 760//760 761//761 762//762
f 763//763 764//764 765//765
f 766//766 767//767 768//768
f 769//769 770//770 771//771
f 772//772 773//773 774//774
f 775//775 776//776 777//777
f 778//778 779//779 780//780
f 781//781 782//782 783//783
f 784//784 785//785 786//786
f 787//787 788//788 789//789
f 790//790 791//791 792//792
f 793//793 794//794 795//795
f 796//796 797//797 798//798
f 799//799 800//800 801//801
f 802//802 803//803 804//804
f 805//805 806//806 807//807
f 808//808 809//809 810//810
f 811//811 812//812 813//813
f 814//814 815//815 816//816
f 817//817 818//818 819//819
f 820//820 821//821 822//822
f 823//823 824//824 825//825
f 826//826 827//827 828//828
f 829//829 830//830 831//831
f 832//832 833//833 834//834
f 835//835 836//836 837//837
f 838//838 839//839 840//840
f 841//841 842//842 843//843
f 844//844 845//845 846//846
f 847//847 848//848 849//849
f 850//850 851//851 852//852
f 853//853 854//854 855//855
f 856//856 857//857 858//858
f 859//859 860//860 861//861
f 862//862 863//863 864//864
f 865//865 866//866 867//867
f 868//868 869//869 870//870
f 871//871 872//872 873//873
f 874//874 875//875 876//876
f 877//877 878//878 879//879
f 880//880 881//881 882//882
f 883//883 884//884 885//885
f 886//886 887//887 888//888
f 889//889 890//890 891//891
f 892//892 893//893 894//894
f 895//895 896//896 897//897
f 898//898 899//899 900//900
f 901//901 902//902 903//903
f 904//904 905//905 906//906
f 907//907 908//908 909//909
f 910//910 911//911 912//912
f 913//913 914//914 915//915
f 916//916 917//917 918//918
f 919//919 920//920 921//921
f 922//922 923//923 924//924
f 925//925 926//926 927//927
f 928//928 929//929 930//930
f 931//931 932//932 933//933
f 934//934 935//935 936//936
f 937//937 938//938 939//939
f 940//940 941//941 942//942
f 943//943 944//944 945//945
f 946//946 947//947 948//948
f 949//949 950//950 951//951
f 952//952 953//953 954//954
f 955//955 956//956 957//957
f 958//958 959//959 960//960
f 961//961 962//962 963//963
f 964//964 965//965 966//966
f 967//967 968//968 969//969
f 970//970 971//971 972//972
f 973//973 974//974 975//975
f 976//976 977//977 978//978
f 979//979 980//980 981//981
f 982//982 983//983 984//984
f 985//985 986//986 987//987
f 988//988 989//989 990//990
f 991//991 992//992 993//993
f 994//994 995//995 996//996
f 997//997 998//998 999//999
f 1000//1000 1001//1001 1002//1002
f 1003//1003 1004//1004 1005//1005
f 1006//1006 1007//1007 1008//1008
f 1009//1009 1010//1010 1011//1011
f 1012//1012 1013//1013 1014//1014
f 1015//1015 1016//1016 1017//1017
f 1018//1018 1019//1019 1020//1020
f 1021//1021 1022//1022 1023//1023
f 1024//1024 1025//1025 1026//1026
f 1027//1027 1028//1028 1029//1029
f 1030//1030 1031//1031 1032//1032
f 1033//1033 1034//1034 1035//1035
f 1036//1036 1037//1037 1038//1038
f 1039//1039 1040//1040 1041//1041
f 1042//1042 1043//1043 1044//1044
f 1045//1045 1046//1046 1047//1047
f 1048//1048 1049//1049 1050//1050
f 1051//1051 1052//1052 1053//1053
f 1054//1054 1055//1055 1056//1056
f 1057//1057 1058//1058 1059//1059
f 1060//1060 1061//1061 1062//1062
f 1063//1063 1064//1064 1065//1065
f 1066//1066 1067//1067 1068//1068
f 1069//1069 1070//1070 1071//1071
f 1072//1072 1073//1073 1074//1074
f 1075//1075 1076//1076 1077//1077
f 1078//1078 1079//1079 1080//1080
f 1081//1081 1082//1082 1083//1083
f 1084//1084 1085//1085 1086//1086
f 1087//1087 1088//1088 1089//1089
f 1090//1090 1091//1091 1092//1092
f 1093//1093 1094//1094 1095//1095
f 1096//1096 1097//1097 1098//1098
f 1099//1099 1100//1100 1101//1101
f 1102//1102 1103//1103 1104//1104
f 1105//1105 1106//1106 1107//1107
f 1108//1108 1109//1109 1110//1110
f 1111//1111 1112//1112 1113//1113
f 1114//1114 1115//1115 1116//1116
f 1117//1117 1118//1118 1119//1119
f 1120//1120 1121//1121 1122//1122
f 1123//1123 1124//1124 1125//1125
f 1126//1126 1127//1127 1128//1128
f 1129//1129 1130//1130 1131//1131
f 1132//1132 1133//1133 1134//1134
f 1135//1135 1136//1136 1137//1137
f 1138//1138 1139//1139 1140//1140
f 1141//1141 1142//1142 1143//1143
f 1144//1144 1145//1145 1146//1146
f 1147//1147 1148//1148 1149//1149
f 1150//1150 1151//1151 1152//1152
f 1153//1153 1154//1154 1155//1155
f 1156//1156 1157//1157 1158//1158
f 1159//1159 1160//1160 1161//1161
f 1162//1162 1163//1163 1164//1164
f 1165//1165 1166//1166 1167//1167
f 1168//1168 1169//1169 1170//1170
f 1171//1171 1172//1172 1173//1173
f 1174//1174 1175//1175 1176//1176
f 1177//1177 1178//1178 1179//1179
f 1180//1180 1181//1181 1182//1182
f 1183//1183 1184//1184 1185//1185
f 1186//1186 1187//1187 1188//1188
f 1189//1189 1190//1190 1191//1191
f 1192//1192 1193//1193 1194//1194
f 1195//1195 1196//1196 1197//1197
f 1198//1198 1199//1199 1200//1200
f 1201//1201 1202//1202 1203//1203
f 1204//1204 1205//1205 1206//1206
f 1207//1207 1208//1208 1209//1209
f 1210//1210 1211//1211 1212//1212
f 1213//1213 1214//1214 1215//1215
f 1216//1216 1217//1217 1218//1218
f 1219//1219 1220//1220 1221//1221
f 1222//1222 1223//1223 1224//1224
f 1225//1225 1226//1226 1227//1227
f 1228//1228 1229//1229 1230//1230
f 1231//1231 1232//1232 1233//1233
f 1234//1234 1235//1235 1236//1236
f 1237//1237 1238//1238 1239//1239
f 1240//1240 1241//1241 1242//1242
f 1243//1243 1244//1244 1245//1245
f 1246//1246 1247//1247 1248//1248
f 1249//1249 1250//1250 1251//1251
f 1252//1252 1253//1253 1254//1254
f 1255//1255 1256//1256 1257//1257
f 1258//1258 1259//1259 1260//1260
f 1261//1261 1262//1262 1263//1263
f 1264//1264 1265//1265 1266//1266
f 1267//1267 1268//1268 1269//1269
f 1270//1270 1271//1271 1272//1272
f 1273//1273 1274//1274 1275//1275
f 1276//1276 1277//1277 1278//1278
f 1279//1279 1280//1280 1281//1281
f 1282//1282 1283//1283 1284//1284
f 1285//1285 1286//1286 1287//1287
f 1288//1288 1289//1289 1290//1290
f 1291//1291 1292//1292 1293//1293
f 1294//1294 1295//1295 1296//1296
f 1297//1297 1298//1298 1299//1299
f 1300//1300 1301//1301 1302//1302
f 1303//1303 1304//1304 1305//1305
f 1306//1306 1307//1307 1308//1308
f 1309//1309 1310//1310 1311//1311
f 1312//1312 1313//1313 1314//1314
f 1315//1315 1316//1316 1317//1317
f 1318//1318 1319//1319 1320//1320
f 1321//1321 1322//1322 1323//1323
f 1324//1324 1325//1325 1326//1326
f 1327//1327 1328//1328 1329//1329
f 1330//1330 1331//1331 1332//1332
f 1333//1333 1334//1334 1335//1335
f 1336//1336 1337//1337 1338//1338
f 1339//1339 1340//1340 1341//1341
f 1342//1342 1343//1343 1344//1344
f 1345//1345 1346//1346 1347//1347
f 1348//1348 1349//1349 1350//1350
f 1351//1351 1352//1352 1353//1353
f 1354//1354 1355//1355 1356//1356
f 1357//1357 1358//1358 1359//1359
f 1360//1360 1361//1361 1362//1362
f 1363//1363 1364//1364 1365//1365
f 1366//1366 1367//1367 1368//1368
f 1369//1369 1370//1370 1371//1371
f 1372//1372 1373//1373 1374//1374
f 1375//1375 1376//1376 1377//1377
f 1378//1378 1379//1379 1380//1380
f 1381//1381 1382//1382 1383//1383
f 1384//1384 1385//1385 1386//1386
f 1387//1387 1388//1388 1389//1389
f 1390//1390 1391//1391 1392//1392
f 1393//1393 1394//1394 1395//1395
f 1396//1396 1397//1397 1398//1398
f 1399//1399 1400//1400 1401//1401
f 1402//1402 1403//1403 1404//1404
f 1405//1405 1406//1406 1407//1407
f 1408//1408 1409//1409 1410//1410
f 1411//1411 1412//1412 1413//1413
f 1414//1414 1415//1415 1416//1416
f 1417//1417 1418//1418 1419//1419
f 1420//1420 1421//1421 1422//1422
f 1423//1423 1424//1424 1425//1425
f 1426//1426 1427//1427 1428//1428
f 1429//1429 1430//1430 1431//1431
f 1432//1432 1433//1433 1434//1434
f 1435//1435 1436//1436 1437//1437
f 1438//1438 1439//1439 1440//1440
f 1441//1441 1442//1442 1443//1443
f 1444//1444 1445//1445 1446//1446
f 1447//1447 1448//1448 1449//1449
f 1450//1450 1451//1451 1452//1452
f 1453//1453 1454//1454 1455//1455
f 1456//1456 1457//1457 1458//1458
f 1459//1459 1460//1460 1461//1461
f 1462//1462 1463//1463 1464//1464
f 1465//1465 1466//1466 1467//1467
f 1468//1468 1469//1469 1470//1470
f 1471//1471 1472//1472 1473//1473
f 1474//1474 1475//1475 1476//1476
f 1477//1477 1478//1478 1479//1479
f 1480//1480 1481//1481 1482//1482
f 1483//1483 1484//1484 1485//1485
f 1486//1486 1487//1487 1488//1488
f 1489//1489 1490//1490 1491//1491
f 1492//1492 1493//1493 1494//1494
f 1495//1495 1496//1496 1497//1497
f 1498//1498 1499//1499 1500//1500
f 1501//1501 1502//1502 1503//1503
f 1504//1504 1505//1505 1506//1506
f 1507//1507 1508//1508 1509//1509
f 1510//1510 1511//1511 1512//1512
f 1513//1513 1514//1514 1515//1515
f 1516//1516 1517//1517 1518//1518
f 1519//1519 1520//1520 1521//1521
f 1522//1522 1523//1523 1524//1524
f 1525//1525 1526//1526 1527//1527
f 1528//1528 1529//1529 1530//1530
f 1531//1531 1532//1532 1533//1533
f 1534//1534 1535//1535 1536//1536
f 1537//1537 1538//1538 1539//1539
f 1540//1540 1541//1541 1542//1542
f 1543//1543 1544//1544 1545//1545
f 1546//1546 1547//1547 1548//1548
f 1549//1549 1550//1550 1551//1551
f 1552//1552 1553//1553 1554//1554
f 1555//1555 1556//1556 1557//1557
f 1558//1558 1559//1559 1560//1560
f 1561//1561 1562//1562 1563//1563
f 1564//1564 1565//1565 1566//1566
f 1567//1567 1568//1568 1569//1569
f 1570//1570 1571//1571 1572//1572
f 1573//1573 1574//1574 1575//1575
f 1576//1576 1577//1577 1578//1578
f 1579//1579 1580//1580 1581//1581
f 1582//1582 1583//1583 1584//1584
f 1585//1585 1586//1586 1587//1587
f 1588//1588 1589//1589 1590//1590
f 1591//1591 1592//1592 1593//1593
f 1594//1594 1595//1595 1596//1596
f 1597//1597 1598//1598 1599//1599
f 1600//1600 1601//1601 1602//1602
f 1603//1603 1604//1604 1605//1605
f 1606//1606 1607//1607 1608//1608
f 1609//1609 1610//1610 1611//1611
f 1612//1612 1613//1613 1614//1614
f 1615//1615 1616//1616 1617//1617
f 1618//1618 1619//1619 1620//1620
f 1621//1621 1622//1622 1623//1623
f 1624//1624 1625//1625 1626//1626
f 1627//1627 1628//1628 1629//1629
f 1630//1630 1631//1631 1632//1632
f 1633//1633 1634//1634 1635//1635
f 1636//1636 1637//1637 1638//1638
f 1639//1639 1640//1640 1641//1641
f 1642//1642 1643//1643 1644//1644
f 1645//1645 1646//1646 1647//1647
f 1648//1648 1649//1649 1650//1650
f 1651//1651 1652//1652 1653//1653
f 1654//1654 1655//1655 1656//1656
f 1657//1657 1658//1658 1659//1659
f 1660//1660 1661//1661 1662//1662
f 1663//1663 1664//1664 1665//1665
f 1666//1666 1667//1667 1668//1668
f 1669//1669 1670//1670 1671//1671
f 1672//1672 1673//1673 1674//1674
f 1675//1675 1676//1676 1677//1677
f 1678//1678 1679//1679 1680//1680
f 1681//1681 1682//1682 1683//1683
f 1684//1684 1685//1685 1686//1686
f 1687//1687 1688//1688 1689//1689
f 1690//1690 1691//1691 1692//1692
f 1693//1693 1694//1694 1695//1695
f 1696//1696 1697//1697 1698//1698
f 1699//1699 1700//1700 1701//1701
f 1702//1702 1703//1703 1704//1704
f 1705//1705 1706//1706 1707//1707
f 1708//1708 1709//1709 1710//1710
f 1711//1711 1712//1712 1713//1713
f 1714//1714 1715//1715 1716//1716
f 1717//1717 1718//1718 1719//1719
f 1720//1720 1721//1721 1722//1722
f 1723//1723 1724//1724 1725//1725
f 1726//1726 1727//1727 1728//1728
f 1729//1729 1730//1730 1731//1731
f 1732//1732 1733//1733 1734//1734
f 1735//1735 1736//1736 1737//1737
f 1738//1738 1739//1739 1740//1740
f 1741//1741 1742//1742 1743//1743
f 1744//1744 1745//1745 1746//1746
f 1747//1747 1748//1748 1749//1749
f 1750//1750 1751//1751 1752//1752
f 1753//1753 1754//1754 1755//1755
f 1756//1756 1757//1757 1758//1758
f 1759//1759 1760//1760 1761//1761
f 1762//1762 1763//1763 1764//1764
f 1765//1765 1766//1766 1767//1767
f 1768//1768 1769//1769 1770//1770
f 1771//1771 1772//1772 1773//1773
f 1774//1774 1775//1775 1776//1776
f 1777//1777 1778//1778 1779//1779
f 1780//1780 1781//1781 1782//1782
f 1783//1783 1784//1784 1785//1785
f 1786//1786 1787//1787 1788//1788
f 1789//1789 1790//1790 1791//1791
f 1792//1792 1793//1793 1794//1794
f 1795//1795 1796//1796 1797//1797
f 1798//1798 1799//1799 1800//1800
f 1801//1801 1802//1802 1803//1803
f 1804//1804 1805//1805 1806//1806
f 1807//1807 1808//1808 1809//1809
f 1810//1810 1811//1811 1812//1812
f 1813//1813 1814//1814 1815//1815
f 1816//1816 1817//1817 1818//1818
f 1819//1819 1820//1820 1821//1821
f 1822//1822 1823//1823 1824//1824
f 1825//1825 1826//1826 1827//1827
f 1828//1828 1829//1829 1830//1830
f 1831//1831 1832//1832 1833//1833
f 1834//1834 1835//1835 1836//1836
f 1837//1837 1838//1838 1839//1839
f 1840//1840 1841//1841 1842//1842
f 1843//1843 1844//1844 1845//1845
f 1846//1846 1847//1847 1848//1848
f 1849//1849 1850//1850 1851//1851
f 1852//1852 1853//1853 1854//1854
f 1855//1855 1856//1856 1857//1857
f 1858//1858 1859//1859 1860//1860
f 1861//1861 1862//1862 1863//1863
f 1864//1864 1865//1865 1866//1866
f 1867//1867 1868//1868 1869//1869
f 1870//1870 1871//1871 1872//1872
f 1873//1873 1874//1874 1875//1875
f 1876//1876 1877//1877 1878//1878
f 1879//1879 1880//1880 1881//1881
f 1882//1882 1883//1883 1884//1884
f 1885//1885 1886//1886 1887//1887
f 1888//1888 1889//1889 1890//1890
f 1891//1891 1892//1892 1893//1893
f 1894//1894 1895//1895 1896//1896
f 1897//1897 1898//1898 1899//1899
f 1900//1900 1901//1901 1902//1902
f 1903//1903 1904//1904 1905//1905
f 1906//1906 1907//1907 1908//1908
f 1909//1909 1910//1910 1911//1911
f 1912//1912 1913//1913 1914//1914
f 1915//1915 1916//1916 1917//1917
f 1918//1918 1919//1919 1920//1920
f 1921//1921 1922//1922 1923//1923
f 1924//1924 1925//1925 1926//1926
f 1927//1927 1928//1928 1929//1929
f 1930//1930 1931//1931 1932//1932
f 1933//1933 1934//1934 1935//1935
f 1936//1936 1937//1937 1938//1938
f 1939//1939 1940//1940 1941//1941
f 1942//1942 1943//1943 1944//1944
f 1945//1945 1946//1946 1947//1947
f 1948//1948 1949//1949 1950//1950
f 1951//1951 1952//1952 1953//1953
f 1954//1954 1955//1955 1956//1956
f 1957//1957 1958//1958 1959//1959
f 1960//1960 1961//1961 1962//1962
f 1963//1963 1964//1964 1965//1965
f 1966//1966 1967//1967 1968//1968
f 1969//1969 1970//1970 1971//1971
f 1972//1972 1973//1973 1974//1974
f 1975//1975 1976//1976 1977//1977
f 1978//1978 1979//1979 1980//1980
f 1981//1981 1982//1982 1983//1983
f 1984//1984 1985//1985 1986//1986
f 1987//1987 1988//1988 1989//1989
f 1990//1990 1991//1991 1992//1992
f 1993//1993 1994//1994 1995//1995
f 1996//1996 1997//1997 1998//1998
f 1999//1999 2000//2000 2001//2001
f 2002//2002 2003//2003 2004//2004
f 2005//2005 2006//2006 2007//2007
f 2008//2008 2009//2009 2010//2010
f 2011//2011 2012//2012 2013//2013
f 2014//2014 2015//2015 2016//2016
f 2017//2017 2018//2018 2019//2019
f 2020//2020 2021//2021 2022//2022
f 2023//2023 2024//2024 2025//2025
f 2026//2026 2027//2027 2028//2028
f 2029//2029 2030//2030 2031//2031
f 2032//2032 2033//2033 2034//2034
f 2035//2035 2036//2036 2037//2037
f 2038//2038 2039//2039 2040//2040
f 2041//2041 2042//2042 2043//2043
f 2044//2044 2045//2045 2046//2046
f 2047//2047 2048//2048 2049//2049
f 2050//2050 2051//2051 2052//2052
f 2053//2053 2054//2054 2055//2055
f 2056//2056 2057//2057 2058//2058
f 2059//2059 2060//2060 2061//2061
f 2062//2062 2063//2063 2064//2064
f 2065//2065 2066//2066 2067//2067
f 2068//2068 2069//2069 2070//2070
f 2071//2071 2072//2072 2073//2073
f 2074//2074 2075//2075 2076//2076
f 2077//2077 2078//2078 2079//2079
f 2080//2080 2081//2081 2082//2082
f 2083//2083 2084//2084 2085//2085
f 2086//2086 2087//2087 2088//2088
f 2089//2089 2090//2090 2091//2091
f 2092//2092 2093//2093 2094//2094
f 2095//2095 2096//2096 2097//2097
f 2098//2098 2099//2099 2100//2100
f 2101//2101 2102//2102 2103//2103
f 2104//2104 2105//2105 2106//2106
f 2107//2107 2108//2108 2109//2109
f 2110//2110 2111//2111 2112//2112
f 2113//2113 2114//2114 2115//2115
f 2116//2116 2117//2117 2118//2118
f 2119//2119 2120//2120 2121//2121
f 2122//2122 2123//2123 2124//2124
f 2125//2125 2126//2126 2127//2127
f 2128//2128 2129//2129 2130//2130
f 2131//2131 2132//2132 2133//2133
f 2134//2134 2135//2135 2136//2136
f 2137//2137 2138//2138 2139//2139
f 2140//2140 2141//2141 2142//2142
f 2143//2143 2144//2144 2145//2145
f 2146//2146 2147//2147 2148//2148
f 2149//2149 2150//2150 2151//2151
f 2152//2152 2153//2153 2154//2154
f 2155//2155 2156//2156 2157//2157
f 2158//2158 2159//2159 2160//2160
f 2161//2161 2162//2162 2163//2163
f 2164//2164 2165//2165 2166//2166
f 2167//2167 2168//2168 2169//2169
f 2170//2170 2171//2171 2172//2172
f 2173//2173 2174//2174 2175//2175
f 2176//2176 2177//2177 2178//2178
f 2179//2179 2180//2180 2181//2181
f 2182//2182 2183//2183 2184//2184
f 2185//2185 2186//2186 2187//2187
f 2188//2188 2189//2189 2190//2190
f 2191//2191 2192//2192 2193//2193
f 2194//2194 2195//2195 2196//2196
f 2197//2197 2198//2198 2199//2199
f 2200//2200 2201//2201 2202//2202
f 2203//2203 2204//2204 2205//2205
f 2206//2206 2207//2207 2208//2208
f 2209//2209 2210//2210 2211//2211
f 2212//2212 2213//2213 2214//2214
f 2215//2215 2216//2216 2217//2217
f 2218//2218 2219//2219 2220//2220
f 2221//2221 2222//2222 2223//2223
f 2224//2224 2225//2225 2226//2226
f 2227//2227 2228//2228 2229//2229
f 2230//2230 2231//2231 2232//2232
f 2233//2233 2234//2234 2235//2235
f 2236//2236 2237//2237 2238//2238
f 2239//2239 2240//2240 2241//2241
f 2242//2242 2243//2243 2244//2244
f 2245//2245 2246//2246 2247//2247
f 2248//2248 2249//2249 2250//2250
f 2251//2251 2252//2252 2253//2253
f 2254//2254 2255//2255 2256//2256
f 2257//2257 2258//2258 2259//2259
f 2260//2260 2261//2261 2262//2262
f 2263//2263 2264//2264 2265//2265
f 2266//2266 2267//2267 2268//2268
f 2269//2269 2270//2270 2271//2271
f 2272//2272 2273//2273 2274//2274
f 2275//2275 2276//2276 2277//2277
f 2278//2278 2279//2279 2280//2280
f 2281//2281 2282//2282 2283//2283
f 2284//2284 2285//2285 2286//2286
f 2287//2287 2288//2288 2289//2289
f 2290//2290 2291//2291 2292//2292
f 2293//2293 2294//2294 2295//2295
f 2296//2296 2297//2297 2298//2298
f 2299//2299 2300//2300 2301//2301
f 2302//2302 2303//2303 2304//2304
f 2305//2305 2306//2306 2307//2307
f 2308//2308 2309//2309 2310//2310
f 2311//2311 2312//2312 2313//2313
f 2314//2314 2315//2315 2316//2316
f 2317//2317 2318//2318 2319//2319
f 2320//2320 2321//2321 2322//2322
f 2323//2323 2324//2324 2325//2325
f 2326//2326 2327//2327 2328//2328
f 2329//2329 2330//2330 2331//2331
f 2332//2332 2333//2333 2334//2334
f 2335//2335 2336//2336 2337//2337
f 2338//2338 2339//2339 2340//2340
f 2341//2341 2342//2342 2343//2343
f 2344//2344 2345//2345 2346//2346
f 2347//2347 2348//2348 2349//2349
f 2350//2350 2351//2351 2352//2352
f 2353//2353 2354//2354 2355//2355
f 2356//2356 2357//2357 2358//2358
f 2359//2359 2360//2360 2361//2361
f 2362//2362 2363//2363 2364//2364
f 2365//2365 2366//2366 2367//2367
f 2368//2368 2369//2369 2370//2370
f 2371//2371 2372//2372 2373//2373
f 2374//2374 2375//2375 2376//2376
f 2377//2377 2378//2378 2379//2379
f 2380//2380 2381//2381 2382//2382
f 2383//2383 2384//2384 2385//2385
f 2386//2386 2387//2387 2388//2388
f 2389//2389 2390//2390 2391//2391
f 2392//2392 2393//2393 2394//2394
f 2395//2395 2396//2396 2397//2397
f 2398//2398 2399//2399 2400//2400
f 2401//2401 2402//2402 2403//2403
f 2404//2404 2405//2405 2406//2406
f 2407//2407 2408//2408 2409//2409
f 2410//2410 2411//2411 2412//2412
f 2413//2413 2414//2414 2415//2415
f 2416//2416 2417//2417 2418//2418
f 2419//2419 2420//2420 2421//2421
f 2422//2422 2423//2423 2424//2424
f 2425//2425 2426//2426 2427//2427
f 2428//2428 2429//2429 2430//2430
f 2431//2431 2432//2432 2433//2433
f 2434//2434 2435//2435 2436//2436
f 2437//2437 2438//2438 2439//2439
f 2440//2440 2441//2441 2442//2442
f 2443//2443 2444//2444 2445//2445
f 2446//2446 2447//2447 2448//2448
f 2449//2449 2450//2450 2451//2451
f 2452//2452 2453//2453 2454//2454
f 2455//2455 2456//2456 2457//2457
f 2458//2458 2459//2459 2460//2460
f 2461//2461 2462//2462 2463//2463
f 2464//2464 2465//2465 2466//2466
f 2467//2467 2468//2468 2469//2469
f 2470//2470 2471//2471 2472//2472
f 2473//2473 2474//2474 2475//2475
f 2476//2476 2477//2477 2478//2478
f 2479//2479 2480//2480 2481//2481
f 2482//2482 2483//2483 2484//2484
f 2485//2485 2486//2486 2487//2487
f 2488//2488 2489//2489 2490//2490
f 2491//2491 2492//2492 2493//2493
f 2494//2494 2495//2495 2496//2496
f 2497//2497 2498//2498 2499//2499
f 2500//2500 2501//2501 2502//2502
f 2503//2503 2504//2504 2505//2505
f 2506//2506 2507//2507 2508//2508
f 2509//2509 2510//2510 2511//2511
f 2512//2512 2513//2513 2514//2514
f 2515//2515 2516//2516 2517//2517
f 2518//2518 2519//2519 2520//2520
f 2521//2521 2522//2522 2523//2523
f 2524//2524 2525//2525 2526//2526
f 2527//2527 2528//2528 2529//2529
f 2530//2530 2531//2531 2532//2532
f 2533//2533 2534//2534 2535//2535
f 2536//2536 2537//2537 2538//2538
f 2539//2539 2540//2540 2541//2541
f 2542//2542 2543//2543 2544//2544
f 2545//2545 2546//2546 2547//2547
f 2548//2548 2549//2549 2550//2550
f 2551//2551 2552//2552 2553//2553
f 2554//2554 2555//2555 2556//2556
f 2557//2557 2558//2558 2559//2559
f 2560//2560 2561//2561 2562//2562
f 2563//2563 2564//2564 2565//2565
f 2566//2566 2567//2567 2568//2568
f 2569//2569 2570//2570 2571//2571
f 2572//2572 2573//2573 2574//2574
f 2575//2575 2576//2576 2577//2577
f 2578//2578 2579//2579 2580//2580
f 2581//2581 2582//2582 2583//2583
f 2584//2584 2585//2585 2586//2586
f 2587//2587 2588//2588 2589//2589
f 2590//2590 2591//2591 2592//2592
f 2593//2593 2594//2594 2595//2595
f 2596//2596 2597//2597 2598//2598
f 2599//2599 2600//2600 2601//2601
f 2602//2602 2603//2603 2604//2604
f 2605//2605 2606//2606 2607//2607
f 2608//2608 2609//2609 2610//2610
f 2611//2611 2612//2612 2613//2613
f 2614//2614 2615//2615 2616//2616
f 2617//2617 2618//2618 2619//2619
f 2620//2620 2621//2621 2622//2622
f 2623//2623 2624//2624 2625//2625
f 2626//2626 2627//2627 2628//2628
f 2629//2629 2630//2630 2631//2631
f 2632//2632 2633//2633 2634//2634
f 2635//2635 2636//2636 2637//2637
f 2638//2638 2639//2639 2640//2640
f 2641//2641 2642//2642 2643//2643
f 2644//2644 2645//2645 2646//2646
f 2647//2647 2648//2648 2649//2649
f 2650//2650 2651//2651 2652//2652
f 2653//2653 2654//2654 2655//2655
f 2656//2656 2657//2657 2658//2658
f 2659//2659 2660//2660 2661//2661
f 2662//2662 2663//2663 2664//2664
f 2665//2665 2666//2666 2667//2667
f 2668//2668 2669//2669 2670//2670
f 2671//2671 2672//2672 2673//2673
f 2674//2674 2675//2675 2676//2676
f 2677//2677 2678//2678 2679//2679
f 2680//2680 2681//2681 2682//2682
f 2683//2683 2684//2684 2685//2685
f 2686//2686 2687//2687 2688//2688
f 2689//2689 2690//2690 2691//2691
f 2692//2692 2693//2693 2694//2694
f 2695//2695 2696//2696 2697//2697
f 2698//2698 2699//2699 2700//2700
f 2701//2701 2702//2702 2703//2703
f 2704//2704 2705//2705 2706//2706
f 2707//2707 2708//2708 2709//2709
f 2710//2710 2711//2711 2712//2712
f 2713//2713 2714//2714 2715//2715
f 2716//2716 2717//2717 2718//2718
f 2719//2719 2720//2720 2721//2721
f 2722//2722 2723//2723 2724//2724
f 2725//2725 2726//2726 2727//2727
f 2728//2728 2729//2729 2730//2730
f 2731//2731 2732//2732 2733//2733
f 2734//2734 2735//2735 2736//2736
f 2737//2737 2738//2738 2739//2739
f 2740//2740 2741//2741 2742//2742
f 2743//2743 2744//2744 2745//2745
f 2746//2746 2747//2747 2748//2748
f 2749//2749 2750//2750 2751//2751
f 2752//2752 2753//2753 2754//2754
f 2755//2755 2756//2756 2757//2757
f 2758//2758 2759//2759 2760//2760
f 2761//2761 2762//2762 2763//2763
f 2764//2764 2765//2765 2766//2766
f 2767//2767 2768//2768 2769//2769
f 2770//2770 2771//2771 2772//2772
f 2773//2773 2774//2774 2775//2775
f 2776//2776 2777//2777 2778//2778
f 2779//2779 2780//2780 2781//2781
f 2782//2782 2783//2783 2784//2784
f 2785//2785 2786//2786 2787//2787
f 2788//2788 2789//2789 2790//2790
f 2791//2791 2792//2792 2793//2793
f 2794//2794 2795//2795 2796//2796
f 2797//2797 2798//2798 2799//2799
f 2800//2800 2801//2801 2802//2802
f 2803//2803 2804//2804 2805//2805
f 2806//2806 2807//2807 2808//2808
f 2809//2809 2810//2810 2811//2811
f 2812//2812 2813//2813 2814//2814
f 2815//2815 2816//2816 2817//2817
f 2818//2818 2819//2819 2820//2820
f 2821//2821 2822//2822 2823//2823
f 2824//2824 2825//2825 2826//2826
f 2827//2827 2828//2828 2829//2829
f 2830//2830 2831//2831 2832//2832
f 2833//2833 2834//2834 2835//2835
f 2836//2836 2837//2837 2838//2838
f 2839//2839 2840//2840 2841//2841
f 2842//2842 2843//2843 2844//2844
f 2845//2845 2846//2846 2847//2847
f 2848//2848 2849//2849 2850//2850
f 2851//2851 2852//2852 2853//2853
f 2854//2854 2855//2855 2856//2856
f 2857//2857 2858//2858 2859//2859
f 2860//2860 2861//2861 2862//2862
f 2863//2863 2864//2864 2865//2865
f 2866//2866 2867//2867 2868//2868
f 2869//2869 2870//2870 2871//2871
f 2872//2872 2873//2873 2874//2874
f 2875//2875 2876//2876 2877//2877
f 2878//2878 2879//2879 2880//2880
f 2881//2881 2882//2882 2883//2883
f 2884//2884 2885//2885 2886//2886
f 2887//2887 2888//2888 2889//2889
f 2890//2890 2891//2891 2892//2892
f 2893//2893 2894//2894 2895//2895
f 2896//2896 2897//2897 2898//2898
f 2899//2899 2900//2900 2901//2901
f 2902//2902 2903//2903 2904//2904
f 2905//2905 2906//2906 2907//2907
f 2908//2908 2909//2909 2910//2910
f 2911//2911 2912//2912 2913//2913
f 2914//2914 2915//2915 2916//2916
f 2917//2917 2918//2918 2919//2919
f 2920//2920 2921//2921 2922//2922
f 2923//2923 2924//2924 2925//2925
f 2926//2926 2927//2927 2928//2928
f 2929//2929 2930//2930 2931//2931
f 2932//2932 2933//2933 2934//2934
f 2935//2935 2936//2936 2937//2937
f 2938//2938 2939//2939 2940//2940
f 2941//2941 2942//2942 2943//2943
f 2944//2944 2945//2945 2946//2946
f 2947//2947 2948//2948 2949//2949
f 2950//2950 2951//2951 2952//2952
f 2953//2953 2954//2954 2955//2955
f 2956//2956 2957//2957 2958//2958
f 2959//2959 2960//2960 2961//2961
f 2962//2962 2963//2963 2964//2964
f 2965//2965 2966//2966 2967//2967
f 2968//2968 2969//2969 2970//2970
f 2971//2971 2972//2972 2973//2973
f 2974//2974 2975//2975 2976//2976
f 2977//2977 2978//2978 2979//2979
f 2980//2980 2981//2981 2982//2982
f 2983//2983 2984//2984 2985//2985
f 2986//2986 2987//2987 2988//2988
f 2989//2989 2990//2990 2991//2991
f 2992//2992 2993//2993 2994//2994
f 2995//2995 2996//2996 2997//2997
f 2998//2998 2999//2999 3000//3000
f 3001//3001 3002//3002 3003//3003
f 3004//3004 3005//3005 3006//3006
f 3007//3007 3008//3008 3009//3009
f 3010//3010 3011//3011 3012//3012
f 3013//3013 3014//3014 3015//3015
f 3016//3016 3017//3017 3018//3018
f 3019//3019 3020//3020 3021//3021
f 3022//3022 3023//3023 3024//3024
f 3025//3025 3026//3026 3027//3027
f 3028//3028 3029//3029 3030//3030
f 3031//3031 3032//3032 3033//3033
f 3034//3034 3035//3035 3036//3036
f 3037//3037 3038//3038 3039//3039
f 3040//3040 3041//3041 3042//3042
f 3043//3043 3044//3044 3045//3045
f 3046//3046 3047//3047 3048//3048
f 3049//3049 3050//3050 3051//3051
f 3052//3052 3053//3053 3054//3054
f 3055//3055 3056//3056 3057//3057
f 3058//3058 3059//3059 3060//3060
f 3061//3061 3062//3062 3063//3063
f 3064//3064 3065//3065 3066//3066
f 3067//3067 3068//3068 3069//3069
f 3070//3070 3071//3071 3072//3072
f 3073//3073 3074//3074 3075//3075
f 3076//3076 3077//3077 3078//3078
f 3079//3079 3080//3080 3081//3081
f 3082//3082 3083//3083 3084//3084
f 3085//3085 3086//3086 3087//3087
f 3088//3088 3089//3089 3090//3090
f 3091//3091 3092//3092 3093//3093
f 3094//3094 3095//3095 3096//3096
f 3097//3097 3098//3098 3099//3099
f 3100//3100 3101//3101 3102//3102
f 3103//3103 3104//3104 3105//3105
f 3106//3106 3107//3107 3108//3108
f 3109//3109 3110//3110 3111//3111
f 3112//3112 3113//3113 3114//3114
f 3115//3115 3116//3116 3117//3117
f 3118//3118 3119//3119 3120//3120
f 3121//3121 3122//3122 3123//3123
f 3124//3124 3125//3125 3126//3126
f 3127//3127 3128//3128 3129//3129
f 3130//3130 3131//3131 3132//3132
f 3133//3133 3134//3134 3135//3135
f 3136//3136 3137//3137 3138//3138
f 3139//3139 3140//3140 3141//3141
f 3142//3142 3143//3143 3144//3144
f 3145//3145 3146//3146 3147//3147
f 3148//3148 3149//3149 3150//3150
f 3151//3151 3152//3152 3153//3153
f 3154//3154 3155//3155 3156//3156
f 3157//3157 3158//3158 3159//3159
f 3160//3160 3161//3161 3162//3162
f 3163//3163 3164//3164 3165//3165
f 3166//3166 3167//3167 3168//3168
f 3169//3169 3170//3170 3171//3171
f 3172//3172 3173//3173 3174//3174
f 3175//3175 3176//3176 3177//3177
f 3178//3178 3179//3179 3180//3180
f 3181//3181 3182//3182 3183//3183
f 3184//3184 3185//3185 3186//3186
f 3187//3187 3188//3188 3189//3189
f 3190//3190 3191//3191 3192//3192
f 3193//3193 3194//3194 3195//3195
f 3196//3196 3197//3197 3198//3198
f 3199//3199 3200//3200 3201//3201
f 3202//3202 3203//3203 3204//3204
f 3205//3205 3206//3206 3207//3207
f 3208//3208 3209//3209 3210//3210
f 3211//3211 3212//3212 3213//3213
f 3214//3214 3215//3215 3216//3216
f 3217//3217 3218//3218 3219//3219
f 3220//3220 3221//3221 3222//3222
f 3223//3223 3224//3224 3225//3225
f 3226//3226 3227//3227 3228//3228
f 3229//3229 3230//3230 3231//3231
f 3232//3232 3233//3233 3234//3234
f 3235//3235 3236//3236 3237//3237
f 3238//3238 3239//3239 3240//3240
f 3241//3241 3242//3242 3243//3243
f 3244//3244 3245//3245 3246//3246
f 3247//3247 3248//3248 3249//3249
f 3250//3250 3251//3251 3252//3252
f 3253//3253 3254//3254 3255//3255
f 3256//3256 3257//3257 3258//3258
f 3259//3259 3260//3260 3261//3261
f 3262//3262 3263//3263 3264//3264
f 3265//3265 3266//3266 3267//3267
f 3268//3268 3269//3269 3270//3270
f 3271//3271 3272//3272 3273//3273
f 3274//3274 3275//3275 3276//3276
f 3277//3277 3278//3278 3279//3279
f 3280//3280 3281//3281 3282//3282
f 3283//3283 3284//3284 3285//3285
f 3286//3286 3287//3287 3288//3288
f 3289//3289 3290//3290 3291//3291
f 3292//3292 3293//3293 3294//3294
f 3295//3295 3296//3296 3297//3297
f 3298//3298 3299//3299 3300//3300
f 3301//3301 3302//3302 3303//3303
f 3304//3304 3305//3305 3306//3306
f 3307//3307 3308//3308 3309//3309
f 3310//3310 3311//3311 3312//3312
f 3313//3313 3314//3314 3315//3315
f 3316//3316 3317//3317 3318//3318
f 3319//3319 3320//3320 3321//3321
f 3322//3322 3323//3323 3324//3324
f 3325//3325 3326//3326 3327//3327
f 3328//3328 3329//3329 3330//3330
f 3331//3331 3332//3332 3333//3333
f 3334//3334 3335//3335 3336//3336
f 3337//3337 3338//3338 3339//3339
f 3340//3340 3341//3341 3342//3342
f 3343//3343 3344//3344 3345//3345
f 3346//3346 3347//3347 3348//3348
f 3349//3349 3350//3350 3351//3351
f 3352//3352 3353//3353 3354//3354
f 3355//3355 3356//3356 3357//3357
f 3358//3358 3359//3359 3360//3360
f 3361//3361 3362//3362 3363//3363
f 3364//3364 3365//3365 3366//3366
f 3367//3367 3368//3368 3369//3369
f 3370//3370 3371//3371 3372//3372
f 3373//3373 3374//3374 3375//3375
f 3376//3376 3377//3377 3378//3378
f 3379//3379 3380//3380 3381//3381
f 3382//3382 3383//3383 3384//3384
f 3385//3385 3386//3386 3387//3387
f 3388//3388 3389//3389 3390//3390
f 3391//3391 3392//3392 3393//3393
f 3394//3394 3395//3395 3396//3396
f 3397//3397 3398//3398 3399//3399
f 3400//3400 3401//3401 3402//3402
f 3403//3403 3404//3404 3405//3405
f 3406//3406 3407//3407 3408//3408
f 3409//3409 3410//3410 3411//3411
f 3412//3412 3413//3413 3414//3414
f 3415//3415 3416//3416 3417//3417
f 3418//3418 3419//3419 3420//3420
f 3421//3421 3422//3422 3423//3423
f 3424//3424 3425//3425 3426//3426
f 3427//3427 3428//3428 3429//3429
f 3430//3430 3431//3431 3432//3432
f 3433//3433 3434//3434 3435//3435
f 3436//3436 3437//3437 3438//3438
f 3439//3439 3440//3440 3441//3441
f 3442//3442 3443//3443 3444//3444
f 3445//3445 3446//3446 3447//3447
f 3448//3448 3449//3449 3450//3450
f 3451//3451 3452//3452 3453//3453
f 3454//3454 3455//3455 3456//3456
f 3457//3457 3458//3458 3459//3459
f 3460//3460 3461//3461 3462//3462
f 3463//3463 3464//3464 3465//3465
f 3466//3466 3467//3467 3468//3468
f 3469//3469 3470//3470 3471//3471
f 3472//3472 3473//3473 3474//3474
f 3475//3475 3476//3476 3477//3477
f 3478//3478 3479//3479 3480//3480
f 3481//3481 3482//3482 3483//3483
f 3484//3484 3485//3485 3486//3486
f 3487//3487 3488//3488 3489//3489
f 3490//3490 3491//3491 3492//3492
f 3493//3493 3494//3494 3495//3495
f 3496//3496 3497//3497 3498//3498
f 3499//3499 3500//3500 3501//3501
f 3502//3502 3503//3503 3504//3504
f 3505//3505 3506//3506 3507//3507
f 3508//3508 3509//3509 3510//3510
f 3511//3511 3512//3512 3513//3513
f 3514//3514 3515//3515 3516//3516
f 3517//3517 3518//3518 3519//3519
f 3520//3520 3521//3521 3522//3522
f 3523//3523 3524//3524 3525//3525
f 3526//3526 3527//3527 3528//3528
f 3529//3529 3530//3530 3531//3531
f 3532//3532 3533//3533 3534//3534
f 3535//3535 3536//3536 3537//3537
f 3538//3538 3539//3539 3540//3540
f 3541//3541 3542//3542 3543//3543
f 3544//3544 3545//3545 3546//3546
f 3547//3547 3548//3548 3549//3549
f 3550//3550 3551//3551 3552//3552
f 3553//3553 3554//3554 3555//3555
f 3556//3556 3557//3557 3558//3558
f 3559//3559 3560//3560 3561//3561
f 3562//3562 3563//3563 3564//3564
f 3565//3565 3566//3566 3567//3567
f 3568//3568 3569//3569 3570//3570
f 3571//3571 3572//3572 3573//3573
f 3574//3574 3575//3575 3576//3576
f 3577//3577 3578//3578 3579//3579
f 3580//3580 3581//3581 3582//3582
f 3583//3583 3584//3584 3585//3585
f 3586//3586 3587//3587 3588//3588
f 3589//3589 3590//3590 3591//3591
f 3592//3592 3593//3593 3594//3594
f 3595//3595 3596//3596 3597//3597
f 3598//3598 3599//3599 3600//3600
f 3601//3601 3602//3602 3603//3603
f 3604//3604 3605//3605 3606//3606
f 3607//3607 3608//3608 3609//3609
f 3610//3610 3611//3611 3612//3612
f 3613//3613 3614//3614 3615//3615
f 3616//3616 3617//3617 3618//3618
f 3619//3619 3620//3620 3621//3621
f 3622//3622 3623//3623 3624//3624
f 3625//3625 3626//3626 3627//3627
f 3628//3628 3629//3629 3630//3630
f 3631//3631 3632//3632 3633//3633
f 3634//3634 3635//3635 3636//3636
f 3637//3637 3638//3638 3639//3639
f 3640//3640 3641//3641 3642//3642
f 3643//3643 3644//3644 3645//3645
f 3646//3646 3647//3647 3648//3648
f 3649//3649 3650//3650 3651//3651
f 3652//3652 3653//3653 3654//3654
f 3655//3655 3656//3656 3657//3657
f 3658//3658 3659//3659 3660//3660
f 3661//3661 3662//3662 3663//3663
f 3664//3664 3665//3665 3666//3666
f 3667//3667 3668//3668 3669//3669
f 3670//3670 3671//3671 3672//3672
f 3673//3673 3674//3674 3675//3675
f 3676//3676 3677//3677 3678//3678
f 3679//3679 3680//3680 3681//3681
f 3682//3682 3683//3683 3684//3684
f 3685//3685 3686//3686 3687//3687
f 3688//3688 3689//3689 3690//3690
f 3691//3691 3692//3692 3693//3693
f 3694//3694 3695//3695 3696//3696
f 3697//3697 3698//3698 3699//3699
f 3700//3700 3701//3701 3702//3702
f 3703//3703 3704//3704 3705//3705
f 3706//3706 3707//3707 3708//3708
f 3709//3709 3710//3710 3711//3711
f 3712//3712 3713//3713 3714//3714
f 3715//3715 3716//3716 3717//3717
f 3718//3718 3719//3719 3720//3720
f 3721//3721 3722//3722 3723//3723
f 3724//3724 3725//3725 3726//3726
f 3727//3727 3728//3728 3729//3729
f 3730//3730 3731//3731 3732//3732
f 3733//3733 3734//3734 3735//3735
f 3736//3736 3737//3737 3738//3738
f 3739//3739 3740//3740 3741//3741
f 3742//3742 3743//3743 3744//3744
f 3745//3745 3746//3746 3747//3747
f 3748//3748 3749//3749 3750//3750
f 3751//3751 3752//3752 3753//3753
f 3754//3754 3755//3755 3756//3756
f 3757//3757 3758//3758 3759//3759
f 3760//3760 3761//3761 3762//3762
f 3763//3763 3764//3764 3765//3765
f 3766//3766 3767//3767 3768//3768
f 3769//3769 3770//3770 3771//3771
f 3772//3772 3773//3773 3774//3774
f 3775//3775 3776//3776 3777//3777
f 3778//3778 3779//3779 3780//3780
f 3781//3781 3782//3782 3783//3783
f 3784//3784 3785//3785 3786//3786
f 3787//3787 3788//3788 3789//3789
f 3790//3790 3791//3791 3792//3792
f 3793//3793 3794//3794 3795//3795
f 3796//3796 3797//3797 3798//3798
f 3799//3799 3800//3800 3801//3801
f 3802//3802 3803//3803 3804//3804
f 3805//3805 3806//3806 3807//3807
f 3808//3808 3809//3809 3810//3810
f 3811//3811 3812//3812 3813//3813
f 3814//3814 3815//3815 3816//3816
f 3817//3817 3818//3818 3819//3819
f 3820//3820 3821//3821 3822//3822
f 3823//3823 3824//3824 3825//3825
f 3826//3826 3827//3827 3828//3828
f 3829//3829 3830//3830 3831//3831
f 3832//3832 3833//3833 3834//3834
f 3835//3835 3836//3836 3837//3837
f 3838//3838 3839//3839 3840//3840
f 3841//3841 3842//3842 3843//3843
f 3844//3844 3845//3845 3846//3846
f 3847//3847 3848//3848 3849//3849
f 3850//3850 3851//3851 3852//3852
f 3853//3853 3854//3854 3855//3855
f 3856//3856 3857//3857 3858//3858
f 3859//3859 3860//3860 3861//3861
f 3862//3862 3863//3863 3864//3864
f 3865//3865 3866//3866 3867//3867
f 3868//3868 3869//3869 3870//3870
f 3871//3871 3872//3872 3873//3873
f 3874//3874 3875//3875 3876//3876
o Mesh
usemtl material10
v 0.8286728382055601 -2.310006505192348 -0.020540999248623848
v 1.2139770213523868 -2.378221974243803 -0.020540999248623848
v 1.2139770213523868 -2.378221974243803 0.020540999248623848
v 0.9187750528227552 -2.151986448927788 -0.020540999248623848
v 1.2139770213523868 -2.378221974243803 0.020540999248623848
v 1.2139770213523868 -2.378221974243803 -0.020540999248623848
v 0.8286728382055601 -2.310006505192348 -0.020540999248623848
v 1.2139770213523868 -2.378221974243803 0.020540999248623848
v 0.8286728382055601 -2.310006505192348 0.020540999248623848
v 1.2139770213523868 -2.378221974243803 0.020540999248623848
v 0.9187750528227552 -2.151986448927788 -0.020540999248623848
v 0.9187750528227552 -2.151986448927788 0.020540999248623848
v 0.8286728382055601 -2.310006505192348 0.020540999248623848
v 0.5278559547369223 -2.2294369550498283 0.020540999248623848
v 0.8286728382055601 -2.310006505192348 -0.020540999248623848
v 0.9187750528227552 -2.151986448927788 -0.020540999248623848
v 0.8446187235306597 -2.065162658099607 -0.020540999248623848
v 0.9187750528227552 -2.151986448927788 0.020540999248623848
v 0.5278559547369223 -2.2294369550498283 -0.020540999248623848
v 0.8286728382055601 -2.310006505192348 -0.020540999248623848
v 0.5278559547369223 -2.2294369550498283 0.020540999248623848
v 0.8446187235306597 -2.065162658099607 -0.020540999248623848
v 0.8446187235306597 -2.065162658099607 0.020540999248623848
v 0.9187750528227552 -2.151986448927788 0.020540999248623848
v 0.5278559547369223 -2.2294369550498283 0.020540999248623848
v 0.3084249940048702 -2.0812736543176937 0.020540999248623848
v 0.5278559547369223 -2.2294369550498283 -0.020540999248623848
v 0.8446187235306597 -2.065162658099607 -0.020540999248623848
v 0.7513222807130056 -2.0767011889923843 -0.020540999248623848
v 0.8446187235306597 -2.065162658099607 0.020540999248623848
v 0.3084249940048702 -2.0812736543176937 -0.020540999248623848
v 0.5278559547369223 -2.2294369550498283 -0.020540999248623848
v 0.3084249940048702 -2.0812736543176937 0.020540999248623848
v 0.7513222807130056 -2.0767011889923843 0.020540999248623848
v 0.8446187235306597 -2.065162658099607 0.020540999248623848
v 0.7513222807130056 -2.0767011889923843 -0.020540999248623848
v 0.3084249940048702 -2.0812736543176937 0.020540999248623848
v 0.092289941267724 -1.901512613359415 0.020540999248623848
v 0.3084249940048702 -2.0812736543176937 -0.020540999248623848
v 0.7513222807130056 -2.0767011889923843 -0.020540999248623848
v 0.7289270490487723 -2.04425606835633 -0.020540999248623848
v 0.7513222807130056 -2.0767011889923843 0.020540999248623848
v 0.092289941267724 -1.901512613359415 -0.020540999248623848
v 0.3084249940048702 -2.0812736543176937 -0.020540999248623848
v 0.092289941267724 -1.901512613359415 0.020540999248623848
v 0.7289270490487723 -2.04425606835633 -0.020540999248623848
v 0.7289270490487723 -2.04425606835633 0.020540999248623848
v 0.7513222807130056 -2.0767011889923843 0.020540999248623848
v 0.092289941267724 -1.901512613359415 0.020540999248623848
v -0.09116298470364775 -1.6308842361820686 0.020540999248623848
v 0.092289941267724 -1.901512613359415 -0.020540999248623848
v 0.7289270490487723 -2.04425606835633 -0.020540999248623848
v 0.6605472777690753 -2.032485066067226 -0.020540999248623848
v 0.7289270490487723 -2.04425606835633 0.020540999248623848
v -0.09116298470364775 -1.6308842361820686 -0.020540999248623848
v 0.092289941267724 -1.901512613359415 -0.020540999248623848
v -0.09116298470364775 -1.6308842361820686 0.020540999248623848
v 0.6605472777690753 -2.032485066067226 -0.020540999248623848
v 0.6605472777690753 -2.032485066067226 0.020540999248623848
v 0.7289270490487723 -2.04425606835633 0.020540999248623848
v -0.09116298470364775 -1.6308842361820686 0.020540999248623848
v -0.16275499507034302 -1.3259003714139035 0.020540999248623848
v -0.09116298470364775 -1.6308842361820686 -0.020540999248623848
v 0.6605472777690753 -2.032485066067226 -0.020540999248623848
v 0.6829040951944786 -1.9994034995579837 -0.020540999248623848
v 0.6605472777690753 -2.032485066067226 0.020540999248623848
v -0.16275499507034302 -1.3259003714139035 -0.020540999248623848
v -0.09116298470364775 -1.6308842361820686 -0.020540999248623848
v -0.16275499507034302 -1.3259003714139035 0.020540999248623848
v 0.6829040951944786 -1.9994034995579837 -0.020540999248623848
v 0.6829040951944786 -1.9994034995579837 0.020540999248623848
v 0.6605472777690753 -2.032485066067226 0.020540999248623848
v -0.16275499507034302 -1.3259003714139035 0.020540999248623848
v -0.12339960738909744 -1.0749603261787817 0.020540999248623848
v -0.16275499507034302 -1.3259003714139035 -0.020540999248623848
v 0.6829040951944786 -1.9994034995579837 -0.020540999248623848
v 0.5546235186524667 -1.948135955423246 -0.020540999248623848
v 0.6829040951944786 -1.9994034995579837 0.020540999248623848
v -0.12339960738909744 -1.0749603261787817 -0.020540999248623848
v -0.16275499507034302 -1.3259003714139035 -0.020540999248623848
v -0.12339960738909744 -1.0749603261787817 0.020540999248623848
v 0.5546235186524667 -1.948135955423246 0.020540999248623848
v 0.6829040951944786 -1.9994034995579837 0.020540999248623848
v 0.5546235186524667 -1.948135955423246 -0.020540999248623848
v -0.12339960738909744 -1.0749603261787817 0.020540999248623848
v 0.0650565373129654 -1.3964843407645204 0.020540999248623848
v -0.12339960738909744 -1.0749603261787817 -0.020540999248623848
v 0.5546235186524667 -1.948135955423246 -0.020540999248623848
v 0.25372977300946836 -1.73651176411604 -0.020540999248623848
v 0.5546235186524667 -1.948135955423246 0.020540999248623848
v 0.0650565373129654 -1.3964843407645204 -0.020540999248623848
v -0.12339960738909744 -1.0749603261787817 -0.020540999248623848
v 0.0650565373129654 -1.3964843407645204 0.020540999248623848
v 0.25372977300946836 -1.73651176411604 0.020540999248623848
v 0.5546235186524667 -1.948135955423246 0.020540999248623848
v 0.25372977300946836 -1.73651176411604 -0.020540999248623848
v 0.25372977300946836 -1.73651176411604 -0.020540999248623848
v 0.0650565373129654 -1.3964843407645204 -0.020540999248623848
v 0.25372977300946836 -1.73651176411604 0.020540999248623848
v 0.0650565373129654 -1.3964843407645204 0.020540999248623848
v 0.25372977300946836 -1.73651176411604 0.020540999248623848
v 0.0650565373129654 -1.3964843407645204 -0.020540999248623848
v 0.8286728382055601 2.3100066635516097 0.020540999248623848
v 1.2139770213523868 2.378221974243803 0.020540999248623848
v 0.8286728382055601 2.3100066635516097 -0.020540999248623848
v 0.8286728382055601 2.3100066635516097 -0.020540999248623848
v 0.5278559547369223 2.2294369550498283 0.020540999248623848
v 0.8286728382055601 2.3100066635516097 0.020540999248623848
v 1.2139770213523868 2.378221974243803 -0.020540999248623848
v 0.8286728382055601 2.3100066635516097 -0.020540999248623848
v 1.2139770213523868 2.378221974243803 0.020540999248623848
v 0.8286728382055601 2.3100066635516097 -0.020540999248623848
v 0.5278559547369223 2.2294369550498283 -0.020540999248623848
v 0.5278559547369223 2.2294369550498283 0.020540999248623848
v 0.9187750528227552 2.1519851820536933 -0.020540999248623848
v 1.2139770213523868 2.378221974243803 -0.020540999248623848
v 1.2139770213523868 2.378221974243803 0.020540999248623848
v 0.5278559547369223 2.2294369550498283 -0.020540999248623848
v 0.3084249940048702 2.0812736543176937 0.020540999248623848
v 0.5278559547369223 2.2294369550498283 0.020540999248623848
v 0.9187750528227552 2.1519851820536933 -0.020540999248623848
v 1.2139770213523868 2.378221974243803 0.020540999248623848
v 0.9187750528227552 2.1519851820536933 0.020540999248623848
v 0.3084249940048702 2.0812736543176937 0.020540999248623848
v 0.5278559547369223 2.2294369550498283 -0.020540999248623848
v 0.3084249940048702 2.0812736543176937 -0.020540999248623848
v 0.9187750528227552 2.1519851820536933 -0.020540999248623848
v 0.9187750528227552 2.1519851820536933 0.020540999248623848
v 0.8446187235306597 2.065162658099607 -0.020540999248623848
v 0.3084249940048702 2.0812736543176937 -0.020540999248623848
v 0.092289941267724 1.9015127717186766 0.020540999248623848
v 0.3084249940048702 2.0812736543176937 0.020540999248623848
v 0.8446187235306597 2.065162658099607 -0.020540999248623848
v 0.9187750528227552 2.1519851820536933 0.020540999248623848
v 0.8446187235306597 2.065162658099607 0.020540999248623848
v 0.3084249940048702 2.0812736543176937 -0.020540999248623848
v 0.092289941267724 1.9015127717186766 -0.020540999248623848
v 0.092289941267724 1.9015127717186766 0.020540999248623848
v 0.8446187235306597 2.065162658099607 0.020540999248623848
v 0.7513222807130056 2.076701347351646 -0.020540999248623848
v 0.8446187235306597 2.065162658099607 -0.020540999248623848
v 0.092289941267724 1.9015127717186766 -0.020540999248623848
v -0.09116298470364775 1.6308829693079743 0.020540999248623848
v 0.092289941267724 1.9015127717186766 0.020540999248623848
v 0.7513222807130056 2.076701347351646 -0.020540999248623848
v 0.8446187235306597 2.065162658099607 0.020540999248623848
v 0.7513222807130056 2.076701347351646 0.020540999248623848
v 0.092289941267724 1.9015127717186766 -0.020540999248623848
v -0.09116298470364775 1.6308829693079743 -0.020540999248623848
v -0.09116298470364775 1.6308829693079743 0.020540999248623848
v 0.7513222807130056 2.076701347351646 -0.020540999248623848
v 0.7513222807130056 2.076701347351646 0.020540999248623848
v 0.7289270490487723 2.0442548014822357 -0.020540999248623848
v -0.09116298470364775 1.6308829693079743 -0.020540999248623848
v -0.16275499507034302 1.3259004505935346 0.020540999248623848
v -0.09116298470364775 1.6308829693079743 0.020540999248623848
v 0.7289270490487723 2.0442548014822357 -0.020540999248623848
v 0.7513222807130056 2.076701347351646 0.020540999248623848
v 0.7289270490487723 2.0442548014822357 0.020540999248623848
v -0.09116298470364775 1.6308829693079743 -0.020540999248623848
v -0.16275499507034302 1.3259004505935346 -0.020540999248623848
v -0.16275499507034302 1.3259004505935346 0.020540999248623848
v 0.7289270490487723 2.0442548014822357 -0.020540999248623848
v 0.7289270490487723 2.0442548014822357 0.020540999248623848
v 0.6605472777690753 2.032485066067226 -0.020540999248623848
v -0.16275499507034302 1.3259004505935346 -0.020540999248623848
v -0.12339960738909744 1.0749590593046872 0.020540999248623848
v -0.16275499507034302 1.3259004505935346 0.020540999248623848
v 0.6605472777690753 2.032485066067226 -0.020540999248623848
v 0.7289270490487723 2.0442548014822357 0.020540999248623848
v 0.6605472777690753 2.032485066067226 0.020540999248623848
v -0.16275499507034302 1.3259004505935346 -0.020540999248623848
v -0.12339960738909744 1.0749590593046872 -0.020540999248623848
v -0.12339960738909744 1.0749590593046872 0.020540999248623848
v 0.6605472777690753 2.032485066067226 -0.020540999248623848
v 0.6605472777690753 2.032485066067226 0.020540999248623848
v 0.6829040951944786 1.9994034995579837 -0.020540999248623848
v -0.12339960738909744 1.0749590593046872 -0.020540999248623848
v 0.0650565373129654 1.3964843407645204 0.020540999248623848
v -0.12339960738909744 1.0749590593046872 0.020540999248623848
v 0.6829040951944786 1.9994034995579837 -0.020540999248623848
v 0.6605472777690753 2.032485066067226 0.020540999248623848
v 0.6829040951944786 1.9994034995579837 0.020540999248623848
v 0.0650565373129654 1.3964843407645204 0.020540999248623848
v -0.12339960738909744 1.0749590593046872 -0.020540999248623848
v 0.0650565373129654 1.3964843407645204 -0.020540999248623848
v 0.6829040951944786 1.9994034995579837 0.020540999248623848
v 0.5546235186524667 1.9481361137825077 -0.020540999248623848
v 0.6829040951944786 1.9994034995579837 -0.020540999248623848
v 0.0650565373129654 1.3964843407645204 -0.020540999248623848
v 0.25372977300946836 1.73651176411604 0.020540999248623848
v 0.0650565373129654 1.3964843407645204 0.020540999248623848
v 0.5546235186524667 1.9481361137825077 -0.020540999248623848
v 0.6829040951944786 1.9994034995579837 0.020540999248623848
v 0.5546235186524667 1.9481361137825077 0.020540999248623848
v 0.0650565373129654 1.3964843407645204 -0.020540999248623848
v 0.25372977300946836 1.73651176411604 -0.020540999248623848
v 0.25372977300946836 1.73651176411604 0.020540999248623848
v 0.5546235186524667 1.9481361137825077 0.020540999248623848
v 0.25372977300946836 1.73651176411604 -0.020540999248623848
v 0.5546235186524667 1.9481361137825077 -0.020540999248623848
v 0.25372977300946836 1.73651176411604 -0.020540999248623848
v 0.5546235186524667 1.9481361137825077 0.020540999248623848
v 0.25372977300946836 1.73651176411604 0.020540999248623848
v 0.07433937182291456 -0.5149648807850842 0.00634999992325902
v 0.13778257644596048 -0.5549766840788104 0.00634999992325902
v 0.07433937182291456 -0.5149648807850842 -0.00634999992325902
v 0.07433937182291456 -0.5149648807850842 -0.00634999992325902
v -0.05627834048818953 -0.5079601359679216 0.00634999992325902
v 0.07433937182291456 -0.5149648807850842 0.00634999992325902
v 0.13778257644596048 -0.5549766840788104 -0.00634999992325902
v 0.07433937182291456 -0.5149648807850842 -0.00634999992325902
v 0.13778257644596048 -0.5549766840788104 0.00634999992325902
v 0.07433937182291456 -0.5149648807850842 -0.00634999992325902
v -0.05627834048818953 -0.5079601359679216 -0.00634999992325902
v -0.05627834048818953 -0.5079601359679216 0.00634999992325902
v 0.16112872900473774 -0.6092649707222624 -0.00634999992325902
v 0.13778257644596048 -0.5549766840788104 -0.00634999992325902
v 0.13778257644596048 -0.5549766840788104 0.00634999992325902
v -0.05627834048818953 -0.5079601359679216 -0.00634999992325902
v -0.2738923077235867 -0.528638252886232 0.00634999992325902
v -0.05627834048818953 -0.5079601359679216 0.00634999992325902
v 0.16112872900473774 -0.6092649707222624 -0.00634999992325902
v 0.13778257644596048 -0.5549766840788104 0.00634999992325902
v 0.16112872900473774 -0.6092649707222624 0.00634999992325902
v -0.05627834048818953 -0.5079601359679216 -0.00634999992325902
v -0.2738923077235867 -0.528638252886232 -0.00634999992325902
v -0.2738923077235867 -0.528638252886232 0.00634999992325902
v 0.21154773758765505 -0.7048589745978202 -0.00634999992325902
v 0.16112872900473774 -0.6092649707222624 -0.00634999992325902
v 0.16112872900473774 -0.6092649707222624 0.00634999992325902
v -0.2738923077235867 -0.528638252886232 -0.00634999992325902
v -0.2508740240628928 -0.6384847882731679 0.00634999992325902
v -0.2738923077235867 -0.528638252886232 0.00634999992325902
v 0.21154773758765505 -0.7048589745978202 -0.00634999992325902
v 0.16112872900473774 -0.6092649707222624 0.00634999992325902
v 0.21154773758765505 -0.7048589745978202 0.00634999992325902
v -0.2738923077235867 -0.528638252886232 -0.00634999992325902
v -0.2508740240628928 -0.6384847882731679 -0.00634999992325902
v -0.2508740240628928 -0.6384847882731679 0.00634999992325902
v 0.1769423210827793 -0.7127059135590685 -0.00634999992325902
v 0.21154773758765505 -0.7048589745978202 -0.00634999992325902
v 0.21154773758765505 -0.7048589745978202 0.00634999992325902
v -0.2508740240628928 -0.6384847882731679 -0.00634999992325902
v -0.16919982605157907 -0.6710548147769696 0.00634999992325902
v -0.2508740240628928 -0.6384847882731679 0.00634999992325902
v 0.1769423210827793 -0.7127059135590685 -0.00634999992325902
v 0.21154773758765505 -0.7048589745978202 0.00634999992325902
v 0.1769423210827793 -0.7127059135590685 0.00634999992325902
v -0.2508740240628928 -0.6384847882731679 -0.00634999992325902
v -0.16919982605157907 -0.6710548147769696 -0.00634999992325902
v -0.16919982605157907 -0.6710548147769696 0.00634999992325902
v -0.015649824060038897 -0.6374220392672058 -0.00634999992325902
v 0.1769423210827793 -0.7127059135590685 -0.00634999992325902
v 0.1769423210827793 -0.7127059135590685 0.00634999992325902
v -0.16919982605157907 -0.6710548147769696 -0.00634999992325902
v -0.08847991860488208 -0.6268412255999999 0.00634999992325902
v -0.16919982605157907 -0.6710548147769696 0.00634999992325902
v -0.015649824060038897 -0.6374220392672058 -0.00634999992325902
v 0.1769423210827793 -0.7127059135590685 0.00634999992325902
v -0.015649824060038897 -0.6374220392672058 0.00634999992325902
v -0.16919982605157907 -0.6710548147769696 -0.00634999992325902
v -0.08847991860488208 -0.6268412255999999 -0.00634999992325902
v -0.08847991860488208 -0.6268412255999999 0.00634999992325902
v -0.08847991860488208 -0.6268412255999999 -0.00634999992325902
v -0.015649824060038897 -0.6374220392672058 -0.00634999992325902
v -0.015649824060038897 -0.6374220392672058 0.00634999992325902
v -0.08847991860488208 -0.6268412255999999 -0.00634999992325902
v -0.015649824060038897 -0.6374220392672058 0.00634999992325902
v -0.08847991860488208 -0.6268412255999999 0.00634999992325902
v 0.07433937182291456 0.5149636139109898 -0.00634999992325902
v 0.13778257644596048 0.5549767632584413 -0.00634999992325902
v 0.13778257644596048 0.5549767632584413 0.00634999992325902
v 0.16112872900473774 0.6092650499018932 -0.00634999992325902
v 0.13778257644596048 0.5549767632584413 0.00634999992325902
v 0.13778257644596048 0.5549767632584413 -0.00634999992325902
v 0.07433937182291456 0.5149636139109898 -0.00634999992325902
v 0.13778257644596048 0.5549767632584413 0.00634999992325902
v 0.07433937182291456 0.5149636139109898 0.00634999992325902
v 0.13778257644596048 0.5549767632584413 0.00634999992325902
v 0.16112872900473774 0.6092650499018932 -0.00634999992325902
v 0.16112872900473774 0.6092650499018932 0.00634999992325902
v 0.07433937182291456 0.5149636139109898 0.00634999992325902
v -0.05627834048818953 0.5079602151475524 0.00634999992325902
v 0.07433937182291456 0.5149636139109898 -0.00634999992325902
v 0.21154773758765505 0.7048590537774511 -0.00634999992325902
v 0.16112872900473774 0.6092650499018932 0.00634999992325902
v 0.16112872900473774 0.6092650499018932 -0.00634999992325902
v -0.05627834048818953 0.5079602151475524 -0.00634999992325902
v 0.07433937182291456 0.5149636139109898 -0.00634999992325902
v -0.05627834048818953 0.5079602151475524 0.00634999992325902
v 0.16112872900473774 0.6092650499018932 0.00634999992325902
v 0.21154773758765505 0.7048590537774511 -0.00634999992325902
v 0.21154773758765505 0.7048590537774511 0.00634999992325902
v -0.2738923077235867 0.5286382924760475 0.00634999992325902
v -0.05627834048818953 0.5079602151475524 -0.00634999992325902
v -0.05627834048818953 0.5079602151475524 0.00634999992325902
v 0.1769423210827793 0.7127059927386994 -0.00634999992325902
v 0.21154773758765505 0.7048590537774511 0.00634999992325902
v 0.21154773758765505 0.7048590537774511 -0.00634999992325902
v -0.05627834048818953 0.5079602151475524 -0.00634999992325902
v -0.2738923077235867 0.5286382924760475 0.00634999992325902
v -0.2738923077235867 0.5286382924760475 -0.00634999992325902
v 0.21154773758765505 0.7048590537774511 0.00634999992325902
v 0.1769423210827793 0.7127059927386994 -0.00634999992325902
v 0.1769423210827793 0.7127059927386994 0.00634999992325902
v -0.2508740240628928 0.6384848278629834 0.00634999992325902
v -0.2738923077235867 0.5286382924760475 -0.00634999992325902
v -0.2738923077235867 0.5286382924760475 0.00634999992325902
v -0.015649824060038897 0.6374221184468366 -0.00634999992325902
v 0.1769423210827793 0.7127059927386994 0.00634999992325902
v 0.1769423210827793 0.7127059927386994 -0.00634999992325902
v -0.2738923077235867 0.5286382924760475 -0.00634999992325902
v -0.2508740240628928 0.6384848278629834 0.00634999992325902
v -0.2508740240628928 0.6384848278629834 -0.00634999992325902
v 0.1769423210827793 0.7127059927386994 0.00634999992325902
v -0.015649824060038897 0.6374221184468366 -0.00634999992325902
v -0.015649824060038897 0.6374221184468366 0.00634999992325902
v -0.16919982605157907 0.6710548939566006 0.00634999992325902
v -0.2508740240628928 0.6384848278629834 -0.00634999992325902
v -0.2508740240628928 0.6384848278629834 0.00634999992325902
v -0.08847991860488208 0.6268413047796308 -0.00634999992325902
v -0.015649824060038897 0.6374221184468366 0.00634999992325902
v -0.015649824060038897 0.6374221184468366 -0.00634999992325902
v -0.2508740240628928 0.6384848278629834 -0.00634999992325902
v -0.16919982605157907 0.6710548939566006 0.00634999992325902
v -0.16919982605157907 0.6710548939566006 -0.00634999992325902
v -0.015649824060038897 0.6374221184468366 0.00634999992325902
v -0.08847991860488208 0.6268413047796308 -0.00634999992325902
v -0.08847991860488208 0.6268413047796308 0.00634999992325902
v -0.08847991860488208 0.6268413047796308 0.00634999992325902
v -0.16919982605157907 0.6710548939566006 -0.00634999992325902
v -0.16919982605157907 0.6710548939566006 0.00634999992325902
v -0.16919982605157907 0.6710548939566006 -0.00634999992325902
v -0.08847991860488208 0.6268413047796308 0.00634999992325902
v -0.08847991860488208 0.6268413047796308 -0.00634999992325902
v 0.0650565373129654 -1.3964843407645204 -0.020540999248623848
v -0.16275499507034302 -1.3259003714139035 -0.020540999248623848
v -0.12339960738909744 -1.0749603261787817 -0.020540999248623848
v -0.16275499507034302 -1.3259003714139035 -0.020540999248623848
v 0.0650565373129654 -1.3964843407645204 -0.020540999248623848
v -0.09116298470364775 -1.6308842361820686 -0.020540999248623848
v 0.25372977300946836 -1.73651176411604 -0.020540999248623848
v -0.09116298470364775 -1.6308842361820686 -0.020540999248623848
v 0.0650565373129654 -1.3964843407645204 -0.020540999248623848
v -0.09116298470364775 -1.6308842361820686 -0.020540999248623848
v 0.25372977300946836 -1.73651176411604 -0.020540999248623848
v 0.092289941267724 -1.901512613359415 -0.020540999248623848
v 0.092289941267724 -1.901512613359415 -0.020540999248623848
v 0.25372977300946836 -1.73651176411604 -0.020540999248623848
v 0.3084249940048702 -2.0812736543176937 -0.020540999248623848
v 0.3084249940048702 -2.0812736543176937 -0.020540999248623848
v 0.25372977300946836 -1.73651176411604 -0.020540999248623848
v 0.5546235186524667 -1.948135955423246 -0.020540999248623848
v 0.5546235186524667 -1.948135955423246 -0.020540999248623848
v 0.5278559547369223 -2.2294369550498283 -0.020540999248623848
v 0.3084249940048702 -2.0812736543176937 -0.020540999248623848
v 0.5278559547369223 -2.2294369550498283 -0.020540999248623848
v 0.5546235186524667 -1.948135955423246 -0.020540999248623848
v 0.6605472777690753 -2.032485066067226 -0.020540999248623848
v 0.5546235186524667 -1.948135955423246 -0.020540999248623848
v 0.6829040951944786 -1.9994034995579837 -0.020540999248623848
v 0.6605472777690753 -2.032485066067226 -0.020540999248623848
v 0.6605472777690753 -2.032485066067226 -0.020540999248623848
v 0.7513222807130056 -2.0767011889923843 -0.020540999248623848
v 0.5278559547369223 -2.2294369550498283 -0.020540999248623848
v 0.7513222807130056 -2.0767011889923843 -0.020540999248623848
v 0.6605472777690753 -2.032485066067226 -0.020540999248623848
v 0.7289270490487723 -2.04425606835633 -0.020540999248623848
v 0.5278559547369223 -2.2294369550498283 -0.020540999248623848
v 0.7513222807130056 -2.0767011889923843 -0.020540999248623848
v 0.8286728382055601 -2.310006505192348 -0.020540999248623848
v 0.8446187235306597 -2.065162658099607 -0.020540999248623848
v 0.8286728382055601 -2.310006505192348 -0.020540999248623848
v 0.7513222807130056 -2.0767011889923843 -0.020540999248623848
v 0.8286728382055601 -2.310006505192348 -0.020540999248623848
v 0.8446187235306597 -2.065162658099607 -0.020540999248623848
v 0.9187750528227552 -2.151986448927788 -0.020540999248623848
v 0.8286728382055601 -2.310006505192348 -0.020540999248623848
v 0.9187750528227552 -2.151986448927788 -0.020540999248623848
v 1.2139770213523868 -2.378221974243803 -0.020540999248623848
v -0.12339960738909744 -1.0749603261787817 0.020540999248623848
v -0.16275499507034302 -1.3259003714139035 0.020540999248623848
v 0.0650565373129654 -1.3964843407645204 0.020540999248623848
v -0.09116298470364775 -1.6308842361820686 0.020540999248623848
v 0.0650565373129654 -1.3964843407645204 0.020540999248623848
v -0.16275499507034302 -1.3259003714139035 0.020540999248623848
v 0.0650565373129654 -1.3964843407645204 0.020540999248623848
v -0.09116298470364775 -1.6308842361820686 0.020540999248623848
v 0.25372977300946836 -1.73651176411604 0.020540999248623848
v 0.092289941267724 -1.901512613359415 0.020540999248623848
v 0.25372977300946836 -1.73651176411604 0.020540999248623848
v -0.09116298470364775 -1.6308842361820686 0.020540999248623848
v 0.3084249940048702 -2.0812736543176937 0.020540999248623848
v 0.25372977300946836 -1.73651176411604 0.020540999248623848
v 0.092289941267724 -1.901512613359415 0.020540999248623848
v 0.25372977300946836 -1.73651176411604 0.020540999248623848
v 0.3084249940048702 -2.0812736543176937 0.020540999248623848
v 0.5546235186524667 -1.948135955423246 0.020540999248623848
v 0.5546235186524667 -1.948135955423246 0.020540999248623848
v 0.3084249940048702 -2.0812736543176937 0.020540999248623848
v 0.5278559547369223 -2.2294369550498283 0.020540999248623848
v 0.5278559547369223 -2.2294369550498283 0.020540999248623848
v 0.6605472777690753 -2.032485066067226 0.020540999248623848
v 0.5546235186524667 -1.948135955423246 0.020540999248623848
v 0.6829040951944786 -1.9994034995579837 0.020540999248623848
v 0.5546235186524667 -1.948135955423246 0.020540999248623848
v 0.6605472777690753 -2.032485066067226 0.020540999248623848
v 0.6605472777690753 -2.032485066067226 0.020540999248623848
v 0.5278559547369223 -2.2294369550498283 0.020540999248623848
v 0.7513222807130056 -2.0767011889923843 0.020540999248623848
v 0.7513222807130056 -2.0767011889923843 0.020540999248623848
v 0.7289270490487723 -2.04425606835633 0.020540999248623848
v 0.6605472777690753 -2.032485066067226 0.020540999248623848
v 0.8286728382055601 -2.310006505192348 0.020540999248623848
v 0.7513222807130056 -2.0767011889923843 0.020540999248623848
v 0.5278559547369223 -2.2294369550498283 0.020540999248623848
v 0.8286728382055601 -2.310006505192348 0.020540999248623848
v 0.8446187235306597 -2.065162658099607 0.020540999248623848
v 0.7513222807130056 -2.0767011889923843 0.020540999248623848
v 0.8446187235306597 -2.065162658099607 0.020540999248623848
v 0.8286728382055601 -2.310006505192348 0.020540999248623848
v 0.9187750528227552 -2.151986448927788 0.020540999248623848
v 0.9187750528227552 -2.151986448927788 0.020540999248623848
v 0.8286728382055601 -2.310006505192348 0.020540999248623848
v 1.2139770213523868 -2.378221974243803 0.020540999248623848
v -0.16275499507034302 1.3259004505935346 -0.020540999248623848
v 0.0650565373129654 1.3964843407645204 -0.020540999248623848
v -0.12339960738909744 1.0749590593046872 -0.020540999248623848
v -0.09116298470364775 1.6308829693079743 -0.020540999248623848
v 0.0650565373129654 1.3964843407645204 -0.020540999248623848
v -0.16275499507034302 1.3259004505935346 -0.020540999248623848
v 0.0650565373129654 1.3964843407645204 -0.020540999248623848
v -0.09116298470364775 1.6308829693079743 -0.020540999248623848
v 0.25372977300946836 1.73651176411604 -0.020540999248623848
v 0.092289941267724 1.9015127717186766 -0.020540999248623848
v 0.25372977300946836 1.73651176411604 -0.020540999248623848
v -0.09116298470364775 1.6308829693079743 -0.020540999248623848
v 0.25372977300946836 1.73651176411604 -0.020540999248623848
v 0.092289941267724 1.9015127717186766 -0.020540999248623848
v 0.3084249940048702 2.0812736543176937 -0.020540999248623848
v 0.3084249940048702 2.0812736543176937 -0.020540999248623848
v 0.5546235186524667 1.9481361137825077 -0.020540999248623848
v 0.25372977300946836 1.73651176411604 -0.020540999248623848
v 0.5278559547369223 2.2294369550498283 -0.020540999248623848
v 0.5546235186524667 1.9481361137825077 -0.020540999248623848
v 0.3084249940048702 2.0812736543176937 -0.020540999248623848
v 0.5546235186524667 1.9481361137825077 -0.020540999248623848
v 0.5278559547369223 2.2294369550498283 -0.020540999248623848
v 0.6605472777690753 2.032485066067226 -0.020540999248623848
v 0.5546235186524667 1.9481361137825077 -0.020540999248623848
v 0.6605472777690753 2.032485066067226 -0.020540999248623848
v 0.6829040951944786 1.9994034995579837 -0.020540999248623848
v 0.5278559547369223 2.2294369550498283 -0.020540999248623848
v 0.7513222807130056 2.076701347351646 -0.020540999248623848
v 0.6605472777690753 2.032485066067226 -0.020540999248623848
v 0.6605472777690753 2.032485066067226 -0.020540999248623848
v 0.7513222807130056 2.076701347351646 -0.020540999248623848
v 0.7289270490487723 2.0442548014822357 -0.020540999248623848
v 0.7513222807130056 2.076701347351646 -0.020540999248623848
v 0.5278559547369223 2.2294369550498283 -0.020540999248623848
v 0.8286728382055601 2.3100066635516097 -0.020540999248623848
v 0.8286728382055601 2.3100066635516097 -0.020540999248623848
v 0.8446187235306597 2.065162658099607 -0.020540999248623848
v 0.7513222807130056 2.076701347351646 -0.020540999248623848
v 0.8446187235306597 2.065162658099607 -0.020540999248623848
v 0.8286728382055601 2.3100066635516097 -0.020540999248623848
v 0.9187750528227552 2.1519851820536933 -0.020540999248623848
v 0.9187750528227552 2.1519851820536933 -0.020540999248623848
v 0.8286728382055601 2.3100066635516097 -0.020540999248623848
v 1.2139770213523868 2.378221974243803 -0.020540999248623848
v 0.25372977300946836 1.73651176411604 0.020540999248623848
v -0.09116298470364775 1.6308829693079743 0.020540999248623848
v 0.0650565373129654 1.3964843407645204 0.020540999248623848
v -0.16275499507034302 1.3259004505935346 0.020540999248623848
v 0.0650565373129654 1.3964843407645204 0.020540999248623848
v -0.09116298470364775 1.6308829693079743 0.020540999248623848
v 0.0650565373129654 1.3964843407645204 0.020540999248623848
v -0.16275499507034302 1.3259004505935346 0.020540999248623848
v -0.12339960738909744 1.0749590593046872 0.020540999248623848
v -0.09116298470364775 1.6308829693079743 0.020540999248623848
v 0.25372977300946836 1.73651176411604 0.020540999248623848
v 0.092289941267724 1.9015127717186766 0.020540999248623848
v 0.25372977300946836 1.73651176411604 0.020540999248623848
v 0.3084249940048702 2.0812736543176937 0.020540999248623848
v 0.092289941267724 1.9015127717186766 0.020540999248623848
v 0.3084249940048702 2.0812736543176937 0.020540999248623848
v 0.25372977300946836 1.73651176411604 0.020540999248623848
v 0.5546235186524667 1.9481361137825077 0.020540999248623848
v 0.3084249940048702 2.0812736543176937 0.020540999248623848
v 0.5546235186524667 1.9481361137825077 0.020540999248623848
v 0.5278559547369223 2.2294369550498283 0.020540999248623848
v 0.5278559547369223 2.2294369550498283 0.020540999248623848
v 0.5546235186524667 1.9481361137825077 0.020540999248623848
v 0.6605472777690753 2.032485066067226 0.020540999248623848
v 0.5546235186524667 1.9481361137825077 0.020540999248623848
v 0.6829040951944786 1.9994034995579837 0.020540999248623848
v 0.6605472777690753 2.032485066067226 0.020540999248623848
v 0.6605472777690753 2.032485066067226 0.020540999248623848
v 0.7513222807130056 2.076701347351646 0.020540999248623848
v 0.5278559547369223 2.2294369550498283 0.020540999248623848
v 0.7513222807130056 2.076701347351646 0.020540999248623848
v 0.6605472777690753 2.032485066067226 0.020540999248623848
v 0.7289270490487723 2.0442548014822357 0.020540999248623848
v 0.5278559547369223 2.2294369550498283 0.020540999248623848
v 0.7513222807130056 2.076701347351646 0.020540999248623848
v 0.8286728382055601 2.3100066635516097 0.020540999248623848
v 0.8446187235306597 2.065162658099607 0.020540999248623848
v 0.8286728382055601 2.3100066635516097 0.020540999248623848
v 0.7513222807130056 2.076701347351646 0.020540999248623848
v 0.8286728382055601 2.3100066635516097 0.020540999248623848
v 0.8446187235306597 2.065162658099607 0.020540999248623848
v 0.9187750528227552 2.1519851820536933 0.020540999248623848
v 1.2139770213523868 2.378221974243803 0.020540999248623848
v 0.8286728382055601 2.3100066635516097 0.020540999248623848
v 0.9187750528227552 2.1519851820536933 0.020540999248623848
v 0.43883235466167986 -1.5153361339331652 -0.0142639996483922
v 0.5911069702273661 -1.3925415118641409 -0.0142639996483922
v 0.5861907900746555 -1.5162275382178563 -0.0142639996483922
v 0.5911069702273661 -1.3925415118641409 -0.0142639996483922
v 0.7634012506010133 -1.4438953617965613 -0.0142639996483922
v 0.5861907900746555 -1.5162275382178563 -0.0142639996483922
v 0.43883235466167986 -1.5153361339331652 -0.0142639996483922
v 0.4161284275220774 -1.3179564374048007 -0.0142639996483922
v 0.5911069702273661 -1.3925415118641409 -0.0142639996483922
v 0.4161284275220774 -1.3179564374048007 -0.0142639996483922
v 0.43883235466167986 -1.5153361339331652 -0.0142639996483922
v 0.27120660053874296 -1.4401785115627752 -0.0142639996483922
v 0.27120660053874296 -1.4401785115627752 -0.0142639996483922
v 0.22516669724398314 -1.1844322627319217 -0.0142639996483922
v 0.4161284275220774 -1.3179564374048007 -0.0142639996483922
v 0.22516669724398314 -1.1844322627319217 -0.0142639996483922
v 0.27120660053874296 -1.4401785115627752 -0.0142639996483922
v 0.06055192866294651 -1.2570752983841365 -0.0142639996483922
v 0.06055192866294651 -1.2570752983841365 -0.0142639996483922
v 0.15568907060621773 -1.0900896533329494 -0.0142639996483922
v 0.22516669724398314 -1.1844322627319217 -0.0142639996483922
v 0.15568907060621773 -1.0900896533329494 -0.0142639996483922
v 0.06055192866294651 -1.2570752983841365 -0.0142639996483922
v 0.03141445893685191 -0.9942432643838924 -0.0142639996483922
v -0.12244531682448062 -1.006690539900528 -0.0142639996483922
v 0.03141445893685191 -0.9942432643838924 -0.0142639996483922
v 0.06055192866294651 -1.2570752983841365 -0.0142639996483922
v 0.03141445893685191 -0.9942432643838924 -0.0142639996483922
v -0.12244531682448062 -1.006690539900528 -0.0142639996483922
v -0.074131661254698 -0.938157639708788 -0.0142639996483922
v -0.12244531682448062 -1.006690539900528 0.0142639996483922
v 0.03141445893685191 -0.9942432643838924 0.0142639996483922
v -0.074131661254698 -0.938157639708788 0.0142639996483922
v 0.06055192866294651 -1.2570752983841365 0.0142639996483922
v 0.03141445893685191 -0.9942432643838924 0.0142639996483922
v -0.12244531682448062 -1.006690539900528 0.0142639996483922
v 0.03141445893685191 -0.9942432643838924 0.0142639996483922
v 0.06055192866294651 -1.2570752983841365 0.0142639996483922
v 0.15568907060621773 -1.0900896533329494 0.0142639996483922
v 0.15568907060621773 -1.0900896533329494 0.0142639996483922
v 0.06055192866294651 -1.2570752983841365 0.0142639996483922
v 0.22516669724398314 -1.1844322627319217 0.0142639996483922
v 0.27120660053874296 -1.4401785115627752 0.0142639996483922
v 0.22516669724398314 -1.1844322627319217 0.0142639996483922
v 0.06055192866294651 -1.2570752983841365 0.0142639996483922
v 0.22516669724398314 -1.1844322627319217 0.0142639996483922
v 0.27120660053874296 -1.4401785115627752 0.0142639996483922
v 0.4161284275220774 -1.3179564374048007 0.0142639996483922
v 0.43883235466167986 -1.5153361339331652 0.0142639996483922
v 0.4161284275220774 -1.3179564374048007 0.0142639996483922
v 0.27120660053874296 -1.4401785115627752 0.0142639996483922
v 0.43883235466167986 -1.5153361339331652 0.0142639996483922
v 0.5911069702273661 -1.3925415118641409 0.0142639996483922
v 0.4161284275220774 -1.3179564374048007 0.0142639996483922
v 0.5911069702273661 -1.3925415118641409 0.0142639996483922
v 0.43883235466167986 -1.5153361339331652 0.0142639996483922
v 0.5861907900746555 -1.5162275382178563 0.0142639996483922
v 0.7634012506010133 -1.4438953617965613 0.0142639996483922
v 0.5911069702273661 -1.3925415118641409 0.0142639996483922
v 0.5861907900746555 -1.5162275382178563 0.0142639996483922
v -0.12244531682448062 1.0066906190801588 -0.0142639996483922
v 0.03141445893685191 0.9942433435635234 -0.0142639996483922
v -0.074131661254698 0.9381577188884189 -0.0142639996483922
v 0.06055192866294651 1.2570752983841365 -0.0142639996483922
v 0.03141445893685191 0.9942433435635234 -0.0142639996483922
v -0.12244531682448062 1.0066906190801588 -0.0142639996483922
v 0.03141445893685191 0.9942433435635234 -0.0142639996483922
v 0.06055192866294651 1.2570752983841365 -0.0142639996483922
v 0.15568907060621773 1.0900897325125802 -0.0142639996483922
v 0.15568907060621773 1.0900897325125802 -0.0142639996483922
v 0.06055192866294651 1.2570752983841365 -0.0142639996483922
v 0.22516669724398314 1.1844323419115526 -0.0142639996483922
v 0.27120660053874296 1.4401785115627752 -0.0142639996483922
v 0.22516669724398314 1.1844323419115526 -0.0142639996483922
v 0.06055192866294651 1.2570752983841365 -0.0142639996483922
v 0.22516669724398314 1.1844323419115526 -0.0142639996483922
v 0.27120660053874296 1.4401785115627752 -0.0142639996483922
v 0.4161284275220774 1.3179551705307062 -0.0142639996483922
v 0.43883235466167986 1.515336292292427 -0.0142639996483922
v 0.4161284275220774 1.3179551705307062 -0.0142639996483922
v 0.27120660053874296 1.4401785115627752 -0.0142639996483922
v 0.43883235466167986 1.515336292292427 -0.0142639996483922
v 0.5911069702273661 1.3925416702234026 -0.0142639996483922
v 0.4161284275220774 1.3179551705307062 -0.0142639996483922
v 0.5911069702273661 1.3925416702234026 -0.0142639996483922
v 0.43883235466167986 1.515336292292427 -0.0142639996483922
v 0.5861907900746555 1.5162275382178563 -0.0142639996483922
v 0.7634012506010133 1.4438955201558232 -0.0142639996483922
v 0.5911069702273661 1.3925416702234026 -0.0142639996483922
v 0.5861907900746555 1.5162275382178563 -0.0142639996483922
v 0.43883235466167986 1.515336292292427 0.0142639996483922
v 0.5911069702273661 1.3925416702234026 0.0142639996483922
v 0.5861907900746555 1.5162275382178563 0.0142639996483922
v 0.5911069702273661 1.3925416702234026 0.0142639996483922
v 0.7634012506010133 1.4438955201558232 0.0142639996483922
v 0.5861907900746555 1.5162275382178563 0.0142639996483922
v 0.43883235466167986 1.515336292292427 0.0142639996483922
v 0.4161284275220774 1.3179551705307062 0.0142639996483922
v 0.5911069702273661 1.3925416702234026 0.0142639996483922
v 0.4161284275220774 1.3179551705307062 0.0142639996483922
v 0.43883235466167986 1.515336292292427 0.0142639996483922
v 0.27120660053874296 1.4401785115627752 0.0142639996483922
v 0.27120660053874296 1.4401785115627752 0.0142639996483922
v 0.22516669724398314 1.1844323419115526 0.0142639996483922
v 0.4161284275220774 1.3179551705307062 0.0142639996483922
v 0.22516669724398314 1.1844323419115526 0.0142639996483922
v 0.27120660053874296 1.4401785115627752 0.0142639996483922
v 0.06055192866294651 1.2570752983841365 0.0142639996483922
v 0.06055192866294651 1.2570752983841365 0.0142639996483922
v 0.15568907060621773 1.0900897325125802 0.0142639996483922
v 0.22516669724398314 1.1844323419115526 0.0142639996483922
v 0.15568907060621773 1.0900897325125802 0.0142639996483922
v 0.06055192866294651 1.2570752983841365 0.0142639996483922
v 0.03141445893685191 0.9942433435635234 0.0142639996483922
v -0.12244531682448062 1.0066906190801588 0.0142639996483922
v 0.03141445893685191 0.9942433435635234 0.0142639996483922
v 0.06055192866294651 1.2570752983841365 0.0142639996483922
v 0.03141445893685191 0.9942433435635234 0.0142639996483922
v -0.12244531682448062 1.0066906190801588 0.0142639996483922
v -0.074131661254698 0.9381577188884189 0.0142639996483922
v 0.18988176992057704 -1.0634483204623566 -0.009906000457704067
v 0.22669763944815807 -0.8923260147743426 -0.009906000457704067
v 0.29647376830932237 -1.06421612534321 -0.009906000457704067
v 0.22669763944815807 -0.8923260147743426 -0.009906000457704067
v 0.4090063265529094 -1.04061426096404 -0.009906000457704067
v 0.29647376830932237 -1.06421612534321 -0.009906000457704067
v 0.18988176992057704 -1.0634483204623566 -0.009906000457704067
v 0.05014406240579189 -0.7923070968156604 -0.009906000457704067
v 0.22669763944815807 -0.8923260147743426 -0.009906000457704067
v 0.05014406240579189 -0.7923070968156604 -0.009906000457704067
v 0.18988176992057704 -1.0634483204623566 -0.009906000457704067
v -0.057552614922919354 -0.9302004827013245 -0.009906000457704067
v 0.05014406240579189 -0.7923070968156604 -0.009906000457704067
v -0.057552614922919354 -0.9302004827013245 -0.009906000457704067
v -0.10774998345679826 -0.7501910552409069 -0.009906000457704067
v -0.10774998345679826 -0.7501910552409069 -0.009906000457704067
v -0.057552614922919354 -0.9302004827013245 -0.009906000457704067
v -0.15588160944924828 -0.7779217414734447 -0.009906000457704067
v 0.22669763944815807 -0.8923260147743426 0.009906000457704067
v 0.29647376830932237 -1.06421612534321 0.009906000457704067
v 0.4090063265529094 -1.04061426096404 0.009906000457704067
v 0.29647376830932237 -1.06421612534321 0.009906000457704067
v 0.22669763944815807 -0.8923260147743426 0.009906000457704067
v 0.18988176992057704 -1.0634483204623566 0.009906000457704067
v 0.05014406240579189 -0.7923070968156604 0.009906000457704067
v 0.18988176992057704 -1.0634483204623566 0.009906000457704067
v 0.22669763944815807 -0.8923260147743426 0.009906000457704067
v 0.18988176992057704 -1.0634483204623566 0.009906000457704067
v 0.05014406240579189 -0.7923070968156604 0.009906000457704067
v -0.057552614922919354 -0.9302004827013245 0.009906000457704067
v -0.057552614922919354 -0.9302004827013245 0.009906000457704067
v 0.05014406240579189 -0.7923070968156604 0.009906000457704067
v -0.10774998345679826 -0.7501910552409069 0.009906000457704067
v -0.057552614922919354 -0.9302004827013245 0.009906000457704067
v -0.10774998345679826 -0.7501910552409069 0.009906000457704067
v -0.15588160944924828 -0.7779217414734447 0.009906000457704067
v 0.29647376830932237 1.0642162045228412 -0.009906000457704067
v 0.22669763944815807 0.8923260939539736 -0.009906000457704067
v 0.18988176992057704 1.0634483996419877 -0.009906000457704067
v 0.4090063265529094 1.04061426096404 -0.009906000457704067
v 0.22669763944815807 0.8923260939539736 -0.009906000457704067
v 0.29647376830932237 1.0642162045228412 -0.009906000457704067
v 0.18988176992057704 1.0634483996419877 -0.009906000457704067
v 0.22669763944815807 0.8923260939539736 -0.009906000457704067
v 0.05014406240579189 0.792305829941566 -0.009906000457704067
v 0.05014406240579189 0.792305829941566 -0.009906000457704067
v -0.057552614922919354 0.9302004827013245 -0.009906000457704067
v 0.18988176992057704 1.0634483996419877 -0.009906000457704067
v -0.10774998345679826 0.7501911344205378 -0.009906000457704067
v -0.057552614922919354 0.9302004827013245 -0.009906000457704067
v 0.05014406240579189 0.792305829941566 -0.009906000457704067
v -0.057552614922919354 0.9302004827013245 -0.009906000457704067
v -0.10774998345679826 0.7501911344205378 -0.009906000457704067
v -0.15588160944924828 0.7779218206530756 -0.009906000457704067
v -0.057552614922919354 0.9302004827013245 0.009906000457704067
v -0.15588160944924828 0.7779218206530756 0.009906000457704067
v -0.10774998345679826 0.7501911344205378 0.009906000457704067
v 0.05014406240579189 0.792305829941566 0.009906000457704067
v -0.057552614922919354 0.9302004827013245 0.009906000457704067
v -0.10774998345679826 0.7501911344205378 0.009906000457704067
v -0.057552614922919354 0.9302004827013245 0.009906000457704067
v 0.05014406240579189 0.792305829941566 0.009906000457704067
v 0.18988176992057704 1.0634483996419877 0.009906000457704067
v 0.22669763944815807 0.8923260939539736 0.009906000457704067
v 0.18988176992057704 1.0634483996419877 0.009906000457704067
v 0.05014406240579189 0.792305829941566 0.009906000457704067
v 0.18988176992057704 1.0634483996419877 0.009906000457704067
v 0.22669763944815807 0.8923260939539736 0.009906000457704067
v 0.29647376830932237 1.0642162045228412 0.009906000457704067
v 0.29647376830932237 1.0642162045228412 0.009906000457704067
v 0.22669763944815807 0.8923260939539736 0.009906000457704067
v 0.4090063265529094 1.04061426096404 0.009906000457704067
v -0.05627834048818953 -0.5079601359679216 -0.00634999992325902
v 0.07433937182291456 -0.5149648807850842 -0.00634999992325902
v -0.015649824060038897 -0.6374220392672058 -0.00634999992325902
v 0.13778257644596048 -0.5549766840788104 -0.00634999992325902
v -0.015649824060038897 -0.6374220392672058 -0.00634999992325902
v 0.07433937182291456 -0.5149648807850842 -0.00634999992325902
v -0.015649824060038897 -0.6374220392672058 -0.00634999992325902
v 0.13778257644596048 -0.5549766840788104 -0.00634999992325902
v 0.16112872900473774 -0.6092649707222624 -0.00634999992325902
v 0.16112872900473774 -0.6092649707222624 -0.00634999992325902
v 0.1769423210827793 -0.7127059135590685 -0.00634999992325902
v -0.015649824060038897 -0.6374220392672058 -0.00634999992325902
v 0.1769423210827793 -0.7127059135590685 -0.00634999992325902
v 0.16112872900473774 -0.6092649707222624 -0.00634999992325902
v 0.21154773758765505 -0.7048589745978202 -0.00634999992325902
v -0.05627834048818953 -0.5079601359679216 -0.00634999992325902
v -0.015649824060038897 -0.6374220392672058 -0.00634999992325902
v -0.08847991860488208 -0.6268412255999999 -0.00634999992325902
v -0.08847991860488208 -0.6268412255999999 -0.00634999992325902
v -0.2738923077235867 -0.528638252886232 -0.00634999992325902
v -0.05627834048818953 -0.5079601359679216 -0.00634999992325902
v -0.16919982605157907 -0.6710548147769696 -0.00634999992325902
v -0.2738923077235867 -0.528638252886232 -0.00634999992325902
v -0.08847991860488208 -0.6268412255999999 -0.00634999992325902
v -0.2738923077235867 -0.528638252886232 -0.00634999992325902
v -0.16919982605157907 -0.6710548147769696 -0.00634999992325902
v -0.2508740240628928 -0.6384847882731679 -0.00634999992325902
v -0.015649824060038897 -0.6374220392672058 0.00634999992325902
v 0.13778257644596048 -0.5549766840788104 0.00634999992325902
v 0.07433937182291456 -0.5149648807850842 0.00634999992325902
v 0.13778257644596048 -0.5549766840788104 0.00634999992325902
v -0.015649824060038897 -0.6374220392672058 0.00634999992325902
v 0.16112872900473774 -0.6092649707222624 0.00634999992325902
v -0.05627834048818953 -0.5079601359679216 0.00634999992325902
v -0.015649824060038897 -0.6374220392672058 0.00634999992325902
v 0.07433937182291456 -0.5149648807850842 0.00634999992325902
v -0.015649824060038897 -0.6374220392672058 0.00634999992325902
v 0.1769423210827793 -0.7127059135590685 0.00634999992325902
v 0.16112872900473774 -0.6092649707222624 0.00634999992325902
v 0.21154773758765505 -0.7048589745978202 0.00634999992325902
v 0.16112872900473774 -0.6092649707222624 0.00634999992325902
v 0.1769423210827793 -0.7127059135590685 0.00634999992325902
v -0.015649824060038897 -0.6374220392672058 0.00634999992325902
v -0.05627834048818953 -0.5079601359679216 0.00634999992325902
v -0.08847991860488208 -0.6268412255999999 0.00634999992325902
v -0.2738923077235867 -0.528638252886232 0.00634999992325902
v -0.08847991860488208 -0.6268412255999999 0.00634999992325902
v -0.05627834048818953 -0.5079601359679216 0.00634999992325902
v -0.08847991860488208 -0.6268412255999999 0.00634999992325902
v -0.2738923077235867 -0.528638252886232 0.00634999992325902
v -0.16919982605157907 -0.6710548147769696 0.00634999992325902
v -0.16919982605157907 -0.6710548147769696 0.00634999992325902
v -0.2738923077235867 -0.528638252886232 0.00634999992325902
v -0.2508740240628928 -0.6384847882731679 0.00634999992325902
v 0.07433937182291456 0.5149636139109898 -0.00634999992325902
v -0.015649824060038897 0.6374221184468366 -0.00634999992325902
v 0.13778257644596048 0.5549767632584413 -0.00634999992325902
v -0.015649824060038897 0.6374221184468366 -0.00634999992325902
v 0.16112872900473774 0.6092650499018932 -0.00634999992325902
v 0.13778257644596048 0.5549767632584413 -0.00634999992325902
v -0.05627834048818953 0.5079602151475524 -0.00634999992325902
v -0.015649824060038897 0.6374221184468366 -0.00634999992325902
v 0.07433937182291456 0.5149636139109898 -0.00634999992325902
v 0.16112872900473774 0.6092650499018932 -0.00634999992325902
v -0.015649824060038897 0.6374221184468366 -0.00634999992325902
v 0.1769423210827793 0.7127059927386994 -0.00634999992325902
v 0.1769423210827793 0.7127059927386994 -0.00634999992325902
v 0.21154773758765505 0.7048590537774511 -0.00634999992325902
v 0.16112872900473774 0.6092650499018932 -0.00634999992325902
v -0.015649824060038897 0.6374221184468366 -0.00634999992325902
v -0.05627834048818953 0.5079602151475524 -0.00634999992325902
v -0.08847991860488208 0.6268413047796308 -0.00634999992325902
v -0.05627834048818953 0.5079602151475524 -0.00634999992325902
v -0.2738923077235867 0.5286382924760475 -0.00634999992325902
v -0.08847991860488208 0.6268413047796308 -0.00634999992325902
v -0.2738923077235867 0.5286382924760475 -0.00634999992325902
v -0.16919982605157907 0.6710548939566006 -0.00634999992325902
v -0.08847991860488208 0.6268413047796308 -0.00634999992325902
v -0.16919982605157907 0.6710548939566006 -0.00634999992325902
v -0.2738923077235867 0.5286382924760475 -0.00634999992325902
v -0.2508740240628928 0.6384848278629834 -0.00634999992325902
v -0.015649824060038897 0.6374221184468366 0.00634999992325902
v -0.05627834048818953 0.5079602151475524 0.00634999992325902
v 0.07433937182291456 0.5149636139109898 0.00634999992325902
v 0.13778257644596048 0.5549767632584413 0.00634999992325902
v -0.015649824060038897 0.6374221184468366 0.00634999992325902
v 0.07433937182291456 0.5149636139109898 0.00634999992325902
v -0.015649824060038897 0.6374221184468366 0.00634999992325902
v 0.13778257644596048 0.5549767632584413 0.00634999992325902
v 0.16112872900473774 0.6092650499018932 0.00634999992325902
v 0.16112872900473774 0.6092650499018932 0.00634999992325902
v 0.1769423210827793 0.7127059927386994 0.00634999992325902
v -0.015649824060038897 0.6374221184468366 0.00634999992325902
v 0.1769423210827793 0.7127059927386994 0.00634999992325902
v 0.16112872900473774 0.6092650499018932 0.00634999992325902
v 0.21154773758765505 0.7048590537774511 0.00634999992325902
v -0.05627834048818953 0.5079602151475524 0.00634999992325902
v -0.015649824060038897 0.6374221184468366 0.00634999992325902
v -0.08847991860488208 0.6268413047796308 0.00634999992325902
v -0.05627834048818953 0.5079602151475524 0.00634999992325902
v -0.08847991860488208 0.6268413047796308 0.00634999992325902
v -0.2738923077235867 0.5286382924760475 0.00634999992325902
v -0.16919982605157907 0.6710548939566006 0.00634999992325902
v -0.2738923077235867 0.5286382924760475 0.00634999992325902
v -0.08847991860488208 0.6268413047796308 0.00634999992325902
v -0.2738923077235867 0.5286382924760475 0.00634999992325902
v -0.16919982605157907 0.6710548939566006 0.00634999992325902
v -0.2508740240628928 0.6384848278629834 0.00634999992325902
v 0.5911069702273661 -1.3925415118641409 0.0142639996483922
v 0.7634012506010133 -1.4438953617965613 0.0142639996483922
v 0.5911069702273661 -1.3925415118641409 -0.0142639996483922
v 0.5911069702273661 -1.3925415118641409 -0.0142639996483922
v 0.4161284275220774 -1.3179564374048007 0.0142639996483922
v 0.5911069702273661 -1.3925415118641409 0.0142639996483922
v 0.7634012506010133 -1.4438953617965613 -0.0142639996483922
v 0.5911069702273661 -1.3925415118641409 -0.0142639996483922
v 0.7634012506010133 -1.4438953617965613 0.0142639996483922
v 0.5911069702273661 -1.3925415118641409 -0.0142639996483922
v 0.4161284275220774 -1.3179564374048007 -0.0142639996483922
v 0.4161284275220774 -1.3179564374048007 0.0142639996483922
v 0.5861907900746555 -1.5162275382178563 -0.0142639996483922
v 0.7634012506010133 -1.4438953617965613 -0.0142639996483922
v 0.7634012506010133 -1.4438953617965613 0.0142639996483922
v 0.4161284275220774 -1.3179564374048007 -0.0142639996483922
v 0.22516669724398314 -1.1844322627319217 0.0142639996483922
v 0.4161284275220774 -1.3179564374048007 0.0142639996483922
v 0.5861907900746555 -1.5162275382178563 -0.0142639996483922
v 0.7634012506010133 -1.4438953617965613 0.0142639996483922
v 0.5861907900746555 -1.5162275382178563 0.0142639996483922
v 0.22516669724398314 -1.1844322627319217 0.0142639996483922
v 0.4161284275220774 -1.3179564374048007 -0.0142639996483922
v 0.22516669724398314 -1.1844322627319217 -0.0142639996483922
v 0.43883235466167986 -1.5153361339331652 -0.0142639996483922
v 0.5861907900746555 -1.5162275382178563 -0.0142639996483922
v 0.5861907900746555 -1.5162275382178563 0.0142639996483922
v 0.22516669724398314 -1.1844322627319217 -0.0142639996483922
v 0.15568907060621773 -1.0900896533329494 0.0142639996483922
v 0.22516669724398314 -1.1844322627319217 0.0142639996483922
v 0.43883235466167986 -1.5153361339331652 -0.0142639996483922
v 0.5861907900746555 -1.5162275382178563 0.0142639996483922
v 0.43883235466167986 -1.5153361339331652 0.0142639996483922
v 0.22516669724398314 -1.1844322627319217 -0.0142639996483922
v 0.15568907060621773 -1.0900896533329494 -0.0142639996483922
v 0.15568907060621773 -1.0900896533329494 0.0142639996483922
v 0.27120660053874296 -1.4401785115627752 -0.0142639996483922
v 0.43883235466167986 -1.5153361339331652 -0.0142639996483922
v 0.43883235466167986 -1.5153361339331652 0.0142639996483922
v 0.15568907060621773 -1.0900896533329494 -0.0142639996483922
v 0.03141445893685191 -0.9942432643838924 0.0142639996483922
v 0.15568907060621773 -1.0900896533329494 0.0142639996483922
v 0.27120660053874296 -1.4401785115627752 -0.0142639996483922
v 0.43883235466167986 -1.5153361339331652 0.0142639996483922
v 0.27120660053874296 -1.4401785115627752 0.0142639996483922
v 0.15568907060621773 -1.0900896533329494 -0.0142639996483922
v 0.03141445893685191 -0.9942432643838924 -0.0142639996483922
v 0.03141445893685191 -0.9942432643838924 0.0142639996483922
v 0.06055192866294651 -1.2570752983841365 -0.0142639996483922
v 0.27120660053874296 -1.4401785115627752 -0.0142639996483922
v 0.27120660053874296 -1.4401785115627752 0.0142639996483922
v 0.03141445893685191 -0.9942432643838924 -0.0142639996483922
v -0.074131661254698 -0.938157639708788 0.0142639996483922
v 0.03141445893685191 -0.9942432643838924 0.0142639996483922
v 0.06055192866294651 -1.2570752983841365 -0.0142639996483922
v 0.27120660053874296 -1.4401785115627752 0.0142639996483922
v 0.06055192866294651 -1.2570752983841365 0.0142639996483922
v -0.074131661254698 -0.938157639708788 0.0142639996483922
v 0.03141445893685191 -0.9942432643838924 -0.0142639996483922
v -0.074131661254698 -0.938157639708788 -0.0142639996483922
v -0.12244531682448062 -1.006690539900528 -0.0142639996483922
v 0.06055192866294651 -1.2570752983841365 -0.0142639996483922
v 0.06055192866294651 -1.2570752983841365 0.0142639996483922
v -0.074131661254698 -0.938157639708788 -0.0142639996483922
v -0.12244531682448062 -1.006690539900528 0.0142639996483922
v -0.074131661254698 -0.938157639708788 0.0142639996483922
v -0.12244531682448062 -1.006690539900528 -0.0142639996483922
v 0.06055192866294651 -1.2570752983841365 0.0142639996483922
v -0.12244531682448062 -1.006690539900528 0.0142639996483922
v -0.074131661254698 -0.938157639708788 -0.0142639996483922
v -0.12244531682448062 -1.006690539900528 -0.0142639996483922
v -0.12244531682448062 -1.006690539900528 0.0142639996483922
v 0.22669763944815807 -0.8923260147743426 0.009906000457704067
v 0.4090063265529094 -1.04061426096404 0.009906000457704067
v 0.22669763944815807 -0.8923260147743426 -0.009906000457704067
v 0.22669763944815807 -0.8923260147743426 -0.009906000457704067
v 0.05014406240579189 -0.7923070968156604 0.009906000457704067
v 0.22669763944815807 -0.8923260147743426 0.009906000457704067
v 0.4090063265529094 -1.04061426096404 -0.009906000457704067
v 0.22669763944815807 -0.8923260147743426 -0.009906000457704067
v 0.4090063265529094 -1.04061426096404 0.009906000457704067
v 0.22669763944815807 -0.8923260147743426 -0.009906000457704067
v 0.05014406240579189 -0.7923070968156604 -0.009906000457704067
v 0.05014406240579189 -0.7923070968156604 0.009906000457704067
v 0.29647376830932237 -1.06421612534321 -0.009906000457704067
v 0.4090063265529094 -1.04061426096404 -0.009906000457704067
v 0.4090063265529094 -1.04061426096404 0.009906000457704067
v 0.05014406240579189 -0.7923070968156604 -0.009906000457704067
v -0.10774998345679826 -0.7501910552409069 0.009906000457704067
v 0.05014406240579189 -0.7923070968156604 0.009906000457704067
v 0.29647376830932237 -1.06421612534321 -0.009906000457704067
v 0.4090063265529094 -1.04061426096404 0.009906000457704067
v 0.29647376830932237 -1.06421612534321 0.009906000457704067
v -0.10774998345679826 -0.7501910552409069 0.009906000457704067
v 0.05014406240579189 -0.7923070968156604 -0.009906000457704067
v -0.10774998345679826 -0.7501910552409069 -0.009906000457704067
v 0.18988176992057704 -1.0634483204623566 -0.009906000457704067
v 0.29647376830932237 -1.06421612534321 -0.009906000457704067
v 0.29647376830932237 -1.06421612534321 0.009906000457704067
v -0.10774998345679826 -0.7501910552409069 -0.009906000457704067
v -0.15588160944924828 -0.7779217414734447 0.009906000457704067
v -0.10774998345679826 -0.7501910552409069 0.009906000457704067
v 0.18988176992057704 -1.0634483204623566 -0.009906000457704067
v 0.29647376830932237 -1.06421612534321 0.009906000457704067
v 0.18988176992057704 -1.0634483204623566 0.009906000457704067
v -0.10774998345679826 -0.7501910552409069 -0.009906000457704067
v -0.15588160944924828 -0.7779217414734447 -0.009906000457704067
v -0.15588160944924828 -0.7779217414734447 0.009906000457704067
v -0.057552614922919354 -0.9302004827013245 -0.009906000457704067
v 0.18988176992057704 -1.0634483204623566 -0.009906000457704067
v 0.18988176992057704 -1.0634483204623566 0.009906000457704067
v -0.15588160944924828 -0.7779217414734447 -0.009906000457704067
v -0.057552614922919354 -0.9302004827013245 0.009906000457704067
v -0.15588160944924828 -0.7779217414734447 0.009906000457704067
v -0.057552614922919354 -0.9302004827013245 -0.009906000457704067
v 0.18988176992057704 -1.0634483204623566 0.009906000457704067
v -0.057552614922919354 -0.9302004827013245 0.009906000457704067
v -0.15588160944924828 -0.7779217414734447 -0.009906000457704067
v -0.057552614922919354 -0.9302004827013245 -0.009906000457704067
v -0.057552614922919354 -0.9302004827013245 0.009906000457704067
v 0.4090063265529094 1.04061426096404 0.009906000457704067
v 0.22669763944815807 0.8923260939539736 -0.009906000457704067
v 0.4090063265529094 1.04061426096404 -0.009906000457704067
v 0.29647376830932237 1.0642162045228412 -0.009906000457704067
v 0.4090063265529094 1.04061426096404 0.009906000457704067
v 0.4090063265529094 1.04061426096404 -0.009906000457704067
v 0.22669763944815807 0.8923260939539736 -0.009906000457704067
v 0.4090063265529094 1.04061426096404 0.009906000457704067
v 0.22669763944815807 0.8923260939539736 0.009906000457704067
v 0.4090063265529094 1.04061426096404 0.009906000457704067
v 0.29647376830932237 1.0642162045228412 -0.009906000457704067
v 0.29647376830932237 1.0642162045228412 0.009906000457704067
v 0.22669763944815807 0.8923260939539736 0.009906000457704067
v 0.05014406240579189 0.792305829941566 0.009906000457704067
v 0.22669763944815807 0.8923260939539736 -0.009906000457704067
v 0.18988176992057704 1.0634483996419877 -0.009906000457704067
v 0.29647376830932237 1.0642162045228412 0.009906000457704067
v 0.29647376830932237 1.0642162045228412 -0.009906000457704067
v 0.05014406240579189 0.792305829941566 -0.009906000457704067
v 0.22669763944815807 0.8923260939539736 -0.009906000457704067
v 0.05014406240579189 0.792305829941566 0.009906000457704067
v 0.29647376830932237 1.0642162045228412 0.009906000457704067
v 0.18988176992057704 1.0634483996419877 -0.009906000457704067
v 0.18988176992057704 1.0634483996419877 0.009906000457704067
v 0.05014406240579189 0.792305829941566 0.009906000457704067
v -0.10774998345679826 0.7501911344205378 0.009906000457704067
v 0.05014406240579189 0.792305829941566 -0.009906000457704067
v -0.057552614922919354 0.9302004827013245 -0.009906000457704067
v 0.18988176992057704 1.0634483996419877 0.009906000457704067
v 0.18988176992057704 1.0634483996419877 -0.009906000457704067
v -0.10774998345679826 0.7501911344205378 -0.009906000457704067
v 0.05014406240579189 0.792305829941566 -0.009906000457704067
v -0.10774998345679826 0.7501911344205378 0.009906000457704067
v 0.18988176992057704 1.0634483996419877 0.009906000457704067
v -0.057552614922919354 0.9302004827013245 -0.009906000457704067
v -0.057552614922919354 0.9302004827013245 0.009906000457704067
v -0.15588160944924828 0.7779218206530756 0.009906000457704067
v -0.10774998345679826 0.7501911344205378 -0.009906000457704067
v -0.10774998345679826 0.7501911344205378 0.009906000457704067
v -0.15588160944924828 0.7779218206530756 -0.009906000457704067
v -0.057552614922919354 0.9302004827013245 0.009906000457704067
v -0.057552614922919354 0.9302004827013245 -0.009906000457704067
v -0.10774998345679826 0.7501911344205378 -0.009906000457704067
v -0.15588160944924828 0.7779218206530756 0.009906000457704067
v -0.15588160944924828 0.7779218206530756 -0.009906000457704067
v -0.057552614922919354 0.9302004827013245 0.009906000457704067
v -0.15588160944924828 0.7779218206530756 -0.009906000457704067
v -0.15588160944924828 0.7779218206530756 0.009906000457704067
v 0.7634012506010133 1.4438955201558232 0.0142639996483922
v 0.5911069702273661 1.3925416702234026 -0.0142639996483922
v 0.7634012506010133 1.4438955201558232 -0.0142639996483922
v 0.5861907900746555 1.5162275382178563 -0.0142639996483922
v 0.7634012506010133 1.4438955201558232 0.0142639996483922
v 0.7634012506010133 1.4438955201558232 -0.0142639996483922
v 0.5911069702273661 1.3925416702234026 -0.0142639996483922
v 0.7634012506010133 1.4438955201558232 0.0142639996483922
v 0.5911069702273661 1.3925416702234026 0.0142639996483922
v 0.7634012506010133 1.4438955201558232 0.0142639996483922
v 0.5861907900746555 1.5162275382178563 -0.0142639996483922
v 0.5861907900746555 1.5162275382178563 0.0142639996483922
v 0.5911069702273661 1.3925416702234026 0.0142639996483922
v 0.4161284275220774 1.3179551705307062 0.0142639996483922
v 0.5911069702273661 1.3925416702234026 -0.0142639996483922
v 0.43883235466167986 1.515336292292427 -0.0142639996483922
v 0.5861907900746555 1.5162275382178563 0.0142639996483922
v 0.5861907900746555 1.5162275382178563 -0.0142639996483922
v 0.4161284275220774 1.3179551705307062 -0.0142639996483922
v 0.5911069702273661 1.3925416702234026 -0.0142639996483922
v 0.4161284275220774 1.3179551705307062 0.0142639996483922
v 0.5861907900746555 1.5162275382178563 0.0142639996483922
v 0.43883235466167986 1.515336292292427 -0.0142639996483922
v 0.43883235466167986 1.515336292292427 0.0142639996483922
v 0.4161284275220774 1.3179551705307062 0.0142639996483922
v 0.22516669724398314 1.1844323419115526 0.0142639996483922
v 0.4161284275220774 1.3179551705307062 -0.0142639996483922
v 0.27120660053874296 1.4401785115627752 -0.0142639996483922
v 0.43883235466167986 1.515336292292427 0.0142639996483922
v 0.43883235466167986 1.515336292292427 -0.0142639996483922
v 0.22516669724398314 1.1844323419115526 -0.0142639996483922
v 0.4161284275220774 1.3179551705307062 -0.0142639996483922
v 0.22516669724398314 1.1844323419115526 0.0142639996483922
v 0.43883235466167986 1.515336292292427 0.0142639996483922
v 0.27120660053874296 1.4401785115627752 -0.0142639996483922
v 0.27120660053874296 1.4401785115627752 0.0142639996483922
v 0.22516669724398314 1.1844323419115526 0.0142639996483922
v 0.15568907060621773 1.0900897325125802 0.0142639996483922
v 0.22516669724398314 1.1844323419115526 -0.0142639996483922
v 0.06055192866294651 1.2570752983841365 -0.0142639996483922
v 0.27120660053874296 1.4401785115627752 0.0142639996483922
v 0.27120660053874296 1.4401785115627752 -0.0142639996483922
v 0.15568907060621773 1.0900897325125802 -0.0142639996483922
v 0.22516669724398314 1.1844323419115526 -0.0142639996483922
v 0.15568907060621773 1.0900897325125802 0.0142639996483922
v 0.27120660053874296 1.4401785115627752 0.0142639996483922
v 0.06055192866294651 1.2570752983841365 -0.0142639996483922
v 0.06055192866294651 1.2570752983841365 0.0142639996483922
v 0.15568907060621773 1.0900897325125802 0.0142639996483922
v 0.03141445893685191 0.9942433435635234 0.0142639996483922
v 0.15568907060621773 1.0900897325125802 -0.0142639996483922
v -0.12244531682448062 1.0066906190801588 -0.0142639996483922
v 0.06055192866294651 1.2570752983841365 0.0142639996483922
v 0.06055192866294651 1.2570752983841365 -0.0142639996483922
v 0.03141445893685191 0.9942433435635234 -0.0142639996483922
v 0.15568907060621773 1.0900897325125802 -0.0142639996483922
v 0.03141445893685191 0.9942433435635234 0.0142639996483922
v 0.06055192866294651 1.2570752983841365 0.0142639996483922
v -0.12244531682448062 1.0066906190801588 -0.0142639996483922
v -0.12244531682448062 1.0066906190801588 0.0142639996483922
v 0.03141445893685191 0.9942433435635234 0.0142639996483922
v -0.074131661254698 0.9381577188884189 0.0142639996483922
v 0.03141445893685191 0.9942433435635234 -0.0142639996483922
v -0.074131661254698 0.9381577188884189 -0.0142639996483922
v -0.12244531682448062 1.0066906190801588 0.0142639996483922
v -0.12244531682448062 1.0066906190801588 -0.0142639996483922
v -0.12244531682448062 1.0066906190801588 0.0142639996483922
v -0.074131661254698 0.9381577188884189 -0.0142639996483922
v -0.074131661254698 0.9381577188884189 0.0142639996483922
v -0.074131661254698 0.9381577188884189 -0.0142639996483922
v 0.03141445893685191 0.9942433435635234 -0.0142639996483922
v -0.074131661254698 0.9381577188884189 0.0142639996483922
vn -0.2119240389717043 -0.9772861411612873 0
vn 0.8687044226586124 -0.4953308248568498 0
vn 0.8687044226586124 -0.4953308248568498 0
vn 0.63012775423941 0.7764914766674504 0
vn 0.8687044226586124 -0.4953308248568498 0
vn 0.8687044226586124 -0.4953308248568498 0
vn -0.2119240389717043 -0.9772861411612873 0
vn 0.8687044226586124 -0.4953308248568498 0
vn -0.2119240389717043 -0.9772861411612873 0
vn 0.8687044226586124 -0.4953308248568498 0
vn 0.63012775423941 0.7764914766674504 0
vn 0.6696305547427999 0.7426943652370402 0
vn -0.2119240389717043 -0.9772861411612873 0
vn -0.3525251058626413 -0.9358023561289711 0
vn -0.2119240389717043 -0.9772861411612873 0
vn 0.63012775423941 0.7764914766674504 0
vn 0.5571636190175099 0.8304027346073175 0
vn 0.6696305547427999 0.7426943652370402 0
vn -0.4540010270963293 -0.891001160153834 0
vn -0.2119240389717043 -0.9772861411612873 0
vn -0.3525251058626413 -0.9358023561289711 0
vn 0.5571636190175099 0.8304027346073175 0
vn 0.23748132417971157 0.9713921044901748 0
vn 0.6696305547427999 0.7426943652370402 0
vn -0.3525251058626413 -0.9358023561289711 0
vn -0.5879505348916502 -0.8088968837377372 0
vn -0.4540010270963293 -0.891001160153834 0
vn 0.5571636190175099 0.8304027346073175 0
vn 0.044780830016683995 0.9989968354619633 0
vn 0.23748132417971157 0.9713921044901748 0
vn -0.6145488990251677 -0.7888787300383717 0
vn -0.4540010270963293 -0.891001160153834 0
vn -0.5879505348916502 -0.8088968837377372 0
vn 0.3603989677817632 0.932798254727055 0
vn 0.23748132417971157 0.9713921044901748 0
vn 0.044780830016683995 0.9989968354619633 0
vn -0.5879505348916502 -0.8088968837377372 0
vn -0.7152472453572143 -0.6988715032170912 0
vn -0.6145488990251677 -0.7888787300383717 0
vn 0.044780830016683995 0.9989968354619633 0
vn 0.5608357708294995 0.8279270729708511 0
vn 0.3603989677817632 0.932798254727055 0
vn -0.7775823795030643 -0.6287810772330482 0
vn -0.6145488990251677 -0.7888787300383717 0
vn -0.7152472453572143 -0.6988715032170912 0
vn 0.5608357708294995 0.8279270729708511 0
vn 0.3318440936619232 0.9433342448473377 0
vn 0.3603989677817632 0.932798254727055 0
vn -0.7152472453572143 -0.6988715032170912 0
vn -0.8878803610091586 -0.46007441195337767 0
vn -0.7775823795030643 -0.6287810772330482 0
vn 0.5608357708294995 0.8279270729708511 0
vn 0.443588767679175 0.896230442011914 0
vn 0.3318440936619232 0.9433342448473377 0
vn -0.9375786519079539 -0.3477733047352311 0
vn -0.7775823795030643 -0.6287810772330482 0
vn -0.8878803610091586 -0.46007441195337767 0
vn 0.443588767679175 0.896230442011914 0
vn 0.956854774501162 0.2905665853368731 0
vn 0.3318440936619232 0.9433342448473377 0
vn -0.8878803610091586 -0.46007441195337767 0
vn -0.9928057653795197 -0.11973601057821312 0
vn -0.9375786519079539 -0.3477733047352311 0
vn 0.443588767679175 0.896230442011914 0
vn 0.8147564169679341 0.5798033985840148 0
vn 0.956854774501162 0.2905665853368731 0
vn -0.9999610817339186 0.008822415629035674 0
vn -0.9375786519079539 -0.3477733047352311 0
vn -0.9928057653795197 -0.11973601057821312 0
vn 0.8147564169679341 0.5798033985840148 0
vn 0.5011045373343835 0.8653867590059912 0
vn 0.956854774501162 0.2905665853368731 0
vn -0.9928057653795197 -0.11973601057821312 0
vn -0.5595120484137894 0.8288222171731436 0
vn -0.9999610817339186 0.008822415629035674 0
vn 0.8147564169679341 0.5798033985840148 0
vn 0.4909625962385761 0.8711806523877106 0
vn 0.5011045373343835 0.8653867590059912 0
vn 0.6856675163194056 0.7279148693799143 0
vn -0.9999610817339186 0.008822415629035674 0
vn -0.5595120484137894 0.8288222171731436 0
vn 0.544965506841486 0.8384584642980248 0
vn 0.5011045373343835 0.8653867590059912 0
vn 0.4909625962385761 0.8711806523877106 0
vn -0.5595120484137894 0.8288222171731436 0
vn 0.8667854449792018 0.4986812532792936 0
vn 0.6856675163194056 0.7279148693799143 0
vn 0.4909625962385761 0.8711806523877106 0
vn 0.694628570708815 0.7193685764300722 0
vn 0.544965506841486 0.8384584642980248 0
vn 0.8706772037693209 0.49185486358928715 0
vn 0.6856675163194056 0.7279148693799143 0
vn 0.8667854449792018 0.4986812532792936 0
vn 0.7959195365769101 0.6054024209525402 0
vn 0.544965506841486 0.8384584642980248 0
vn 0.694628570708815 0.7193685764300722 0
vn 0.694628570708815 0.7193685764300722 0
vn 0.8706772037693209 0.49185486358928715 0
vn 0.7959195365769101 0.6054024209525402 0
vn 0.8667854449792018 0.4986812532792936 0
vn 0.7959195365769101 0.6054024209525402 0
vn 0.8706772037693209 0.49185486358928715 0
vn -0.2119240389717043 0.9772861411612873 0
vn 0.8687063657327634 0.49532741710445854 0
vn -0.2119240389717043 0.9772861411612873 0
vn -0.2119240389717043 0.9772861411612873 0
vn -0.35252544584387385 0.9358022280549336 0
vn -0.2119240389717043 0.9772861411612873 0
vn 0.8687063657327634 0.49532741710445854 0
vn -0.2119240389717043 0.9772861411612873 0
vn 0.8687063657327634 0.49532741710445854 0
vn -0.2119240389717043 0.9772861411612873 0
vn -0.4540011584981573 0.8910010931992907 0
vn -0.35252544584387385 0.9358022280549336 0
vn 0.6301286271564915 -0.776490768288893 0
vn 0.8687063657327634 0.49532741710445854 0
vn 0.8687063657327634 0.49532741710445854 0
vn -0.4540011584981573 0.8910010931992907 0
vn -0.5879503937967541 0.8088969862932126 0
vn -0.35252544584387385 0.9358022280549336 0
vn 0.6301286271564915 -0.776490768288893 0
vn 0.8687063657327634 0.49532741710445854 0
vn 0.6696293790570463 -0.7426954252610383 0
vn -0.5879503937967541 0.8088969862932126 0
vn -0.4540011584981573 0.8910010931992907 0
vn -0.6145486793177681 0.7888789011938313 0
vn 0.6301286271564915 -0.776490768288893 0
vn 0.6696293790570463 -0.7426954252610383 0
vn 0.5571572605547481 -0.8304070008201573 0
vn -0.6145486793177681 0.7888789011938313 0
vn -0.7152478702163562 0.6988708637158701 0
vn -0.5879503937967541 0.8088969862932126 0
vn 0.5571572605547481 -0.8304070008201573 0
vn 0.6696293790570463 -0.7426954252610383 0
vn 0.23747576518543748 -0.9713934635098133 0
vn -0.6145486793177681 0.7888789011938313 0
vn -0.7775835740640743 0.6287795999758106 0
vn -0.7152478702163562 0.6988708637158701 0
vn 0.23747576518543748 -0.9713934635098133 0
vn 0.044786117487825454 -0.9989965984328307 0
vn 0.5571572605547481 -0.8304070008201573 0
vn -0.7775835740640743 0.6287795999758106 0
vn -0.8878806897694121 0.4600737774907334 0
vn -0.7152478702163562 0.6988708637158701 0
vn 0.044786117487825454 -0.9989965984328307 0
vn 0.23747576518543748 -0.9713934635098133 0
vn 0.3604147724898947 -0.9327921482147334 0
vn -0.7775835740640743 0.6287795999758106 0
vn -0.9375784786113845 0.34777377193336684 0
vn -0.8878806897694121 0.4600737774907334 0
vn 0.044786117487825454 -0.9989965984328307 0
vn 0.3604147724898947 -0.9327921482147334 0
vn 0.5608437411828512 -0.8279216738170486 0
vn -0.9375784786113845 0.34777377193336684 0
vn -0.9928057418456564 0.1197362057119563 0
vn -0.8878806897694121 0.4600737774907334 0
vn 0.5608437411828512 -0.8279216738170486 0
vn 0.3604147724898947 -0.9327921482147334 0
vn 0.33183822818906566 -0.9433363081702842 0
vn -0.9375784786113845 0.34777377193336684 0
vn -0.9999610818597976 -0.008822401361493804 0
vn -0.9928057418456564 0.1197362057119563 0
vn 0.5608437411828512 -0.8279216738170486 0
vn 0.33183822818906566 -0.9433363081702842 0
vn 0.4435728319301798 -0.8962383292257927 0
vn -0.9999610818597976 -0.008822401361493804 0
vn -0.5595150908631734 -0.8288201633022539 0
vn -0.9928057418456564 0.1197362057119563 0
vn 0.4435728319301798 -0.8962383292257927 0
vn 0.33183822818906566 -0.9433363081702842 0
vn 0.9568534583508465 -0.29057091947066044 0
vn -0.9999610818597976 -0.008822401361493804 0
vn 0.6856686181580854 -0.7279138314891274 0
vn -0.5595150908631734 -0.8288201633022539 0
vn 0.4435728319301798 -0.8962383292257927 0
vn 0.9568534583508465 -0.29057091947066044 0
vn 0.8147560643924355 -0.5798038940329302 0
vn 0.6856686181580854 -0.7279138314891274 0
vn 0.8667860055905536 -0.4986802788484548 0
vn -0.5595150908631734 -0.8288201633022539 0
vn 0.8147560643924355 -0.5798038940329302 0
vn 0.9568534583508465 -0.29057091947066044 0
vn 0.5011036544121827 -0.8653872702638719 0
vn 0.8667860055905536 -0.4986802788484548 0
vn 0.6856686181580854 -0.7279138314891274 0
vn 0.8706774607394786 -0.491854408702671 0
vn 0.5011036544121827 -0.8653872702638719 0
vn 0.49096241754590897 -0.8711807530917315 0
vn 0.8147560643924355 -0.5798038940329302 0
vn 0.8706774607394786 -0.491854408702671 0
vn 0.7959195859895477 -0.6054023559899869 0
vn 0.8667860055905536 -0.4986802788484548 0
vn 0.49096241754590897 -0.8711807530917315 0
vn 0.5011036544121827 -0.8653872702638719 0
vn 0.544965627285838 -0.8384583860138518 0
vn 0.8706774607394786 -0.491854408702671 0
vn 0.6946287274085503 -0.7193684251194085 0
vn 0.7959195859895477 -0.6054023559899869 0
vn 0.544965627285838 -0.8384583860138518 0
vn 0.6946287274085503 -0.7193684251194085 0
vn 0.49096241754590897 -0.8711807530917315 0
vn 0.6946287274085503 -0.7193684251194085 0
vn 0.544965627285838 -0.8384583860138518 0
vn 0.7959195859895477 -0.6054023559899869 0
vn 0.235465105171728 0.9718828037610642 0
vn 0.7358016516993108 0.6771971126315929 0
vn 0.235465105171728 0.9718828037610642 0
vn 0.235465105171728 0.9718828037610642 0
vn -0.013925005245537497 0.9999030424140691 0
vn 0.235465105171728 0.9718828037610642 0
vn 0.7358015946814946 0.6771971745837172 0
vn 0.235465105171728 0.9718828037610642 0
vn 0.7358016516993108 0.6771971126315929 0
vn 0.235465105171728 0.9718828037610642 0
vn -0.06059666760008112 0.9981623334286689 0
vn -0.013925005245537497 0.9999030424140691 0
vn 0.9030540512484223 0.42952692642465606 0
vn 0.7358015946814946 0.6771971745837172 0
vn 0.7358016516993108 0.6771971126315929 0
vn -0.06059666760008112 0.9981623334286689 0
vn -0.3443735311030414 0.938832717301449 0
vn -0.013925005245537497 0.9999030424140691 0
vn 0.9030540512484223 0.42952692642465606 0
vn 0.7358016516993108 0.6771971126315929 0
vn 0.8923147794751323 0.45141370640494094 0
vn -0.06059666760008112 0.9981623334286689 0
vn -0.8139197107264895 0.5809773700333841 0
vn -0.3443735311030414 0.938832717301449 0
vn 0.9488438856259542 0.3157455949181893 0
vn 0.9030540512484223 0.42952692642465606 0
vn 0.8923147794751323 0.45141370640494094 0
vn -0.8139197107264895 0.5809773700333841 0
vn -0.8921819232771486 -0.45167622892674775 0
vn -0.3443735311030414 0.938832717301449 0
vn 0.9488438856259542 0.3157455949181893 0
vn 0.8923147794751323 0.45141370640494094 0
vn 0.9860413263154941 -0.16650075915136642 0
vn -0.8139197107264895 0.5809773700333841 0
vn -0.6844985013715743 -0.7290142670895191 0
vn -0.8921819232771486 -0.45167622892674775 0
vn -0.22193742384379178 -0.9750609108653577 0
vn 0.9488438856259542 0.3157455949181893 0
vn 0.9860413263154941 -0.16650075915136642 0
vn -0.6844985013715743 -0.7290142670895191 0
vn -0.08542677911481823 -0.9963444511864699 0
vn -0.8921819232771486 -0.45167622892674775 0
vn -0.22193742384379178 -0.9750609108653577 0
vn 0.9860413263154941 -0.16650075915136642 0
vn -0.3218871799523936 -0.946778032794538 0
vn -0.6844985013715743 -0.7290142670895191 0
vn 0.2239227658419516 -0.9746068925149721 0
vn -0.08542677911481823 -0.9963444511864699 0
vn -0.33189766763196465 -0.9433153970016932 0
vn -0.22193742384379178 -0.9750609108653577 0
vn -0.3218871799523936 -0.946778032794538 0
vn 0.2239227658419516 -0.9746068925149721 0
vn 0.3153394879138591 -0.9489789288294156 0
vn -0.08542677911481823 -0.9963444511864699 0
vn -0.33189766763196465 -0.9433153970016932 0
vn -0.3218871799523936 -0.946778032794538 0
vn -0.27420056783980906 -0.9616725266931182 0
vn 0.2239227658419516 -0.9746068925149721 0
vn 0.10130469294676674 -0.9948554463774932 0
vn 0.3153394879138591 -0.9489789288294156 0
vn 0.10130469294676674 -0.9948554463774932 0
vn -0.33189766763196465 -0.9433153970016932 0
vn -0.27420056783980906 -0.9616725266931182 0
vn 0.10130469294676674 -0.9948554463774932 0
vn -0.27420056783980906 -0.9616725266931182 0
vn 0.3153394879138591 -0.9489789288294156 0
vn 0.23546508876201794 -0.9718828077367636 0
vn 0.7358064204592345 -0.6771919311472695 0
vn 0.7358064774764929 -0.6771918691948651 0
vn 0.9030540512484223 -0.42952692642465606 0
vn 0.7358064774764929 -0.6771918691948651 0
vn 0.7358064204592345 -0.6771919311472695 0
vn 0.23546508876201794 -0.9718828077367636 0
vn 0.7358064774764929 -0.6771918691948651 0
vn 0.235465105171728 -0.9718828037610642 0
vn 0.7358064774764929 -0.6771918691948651 0
vn 0.9030540512484223 -0.42952692642465606 0
vn 0.8923147794751323 -0.45141370640494094 0
vn 0.235465105171728 -0.9718828037610642 0
vn -0.013930544781184329 -0.9999029652531787 0
vn 0.23546508876201794 -0.9718828077367636 0
vn 0.9488438856259542 -0.3157455949181893 0
vn 0.8923147794751323 -0.45141370640494094 0
vn 0.9030540512484223 -0.42952692642465606 0
vn -0.060598893291782224 -0.9981621983083767 0
vn 0.23546508876201794 -0.9718828077367636 0
vn -0.013930544781184329 -0.9999029652531787 0
vn 0.8923147794751323 -0.45141370640494094 0
vn 0.9488438856259542 -0.3157455949181893 0
vn 0.9860413263154941 0.16650075915136642 0
vn -0.34437340968923214 -0.9388327618372787 0
vn -0.060598893291782224 -0.9981621983083767 0
vn -0.013930544781184329 -0.9999029652531787 0
vn -0.22193742384379178 0.9750609108653577 0
vn 0.9860413263154941 0.16650075915136642 0
vn 0.9488438856259542 -0.3157455949181893 0
vn -0.060598893291782224 -0.9981621983083767 0
vn -0.34437340968923214 -0.9388327618372787 0
vn -0.8139196638722099 -0.5809774356738382 0
vn 0.9860413263154941 0.16650075915136642 0
vn -0.22193742384379178 0.9750609108653577 0
vn -0.3218871799523936 0.946778032794538 0
vn -0.8921819571224806 0.45167616207311645 0
vn -0.8139196638722099 -0.5809774356738382 0
vn -0.34437340968923214 -0.9388327618372787 0
vn -0.33189766763196465 0.9433153970016932 0
vn -0.3218871799523936 0.946778032794538 0
vn -0.22193742384379178 0.9750609108653577 0
vn -0.8139196638722099 -0.5809774356738382 0
vn -0.8921819571224806 0.45167616207311645 0
vn -0.6844986610816439 0.7290141171317855 0
vn -0.3218871799523936 0.946778032794538 0
vn -0.33189766763196465 0.9433153970016932 0
vn -0.27420056783980906 0.9616725266931182 0
vn -0.0854270916296405 0.9963444243913351 0
vn -0.6844986610816439 0.7290141171317855 0
vn -0.8921819571224806 0.45167616207311645 0
vn 0.10130471024975969 0.9948554446155543 0
vn -0.27420056783980906 0.9616725266931182 0
vn -0.33189766763196465 0.9433153970016932 0
vn -0.6844986610816439 0.7290141171317855 0
vn -0.0854270916296405 0.9963444243913351 0
vn 0.22392263372941557 0.9746069228687441 0
vn -0.27420056783980906 0.9616725266931182 0
vn 0.10130471024975969 0.9948554446155543 0
vn 0.3153395190114215 0.9489789184958985 0
vn 0.3153395190114215 0.9489789184958985 0
vn 0.22392263372941557 0.9746069228687441 0
vn -0.0854270916296405 0.9963444243913351 0
vn 0.22392263372941557 0.9746069228687441 0
vn 0.3153395190114215 0.9489789184958985 0
vn 0.10130471024975969 0.9948554446155543 0
vn 0 0 -1
vn 0 0 -1
vn 0 0 -1
vn 0 0 -1
vn 0 0 -1
vn 0 0 -1
vn 0 0 -1
vn 0 0 -1
vn 0 0 -1
vn 0 0 -1
vn 0 0 -1
vn 0 0 -1
vn 0 0 -1
vn 0 0 -1
vn 0 0 -1
vn 0 0 -1
vn 0 0 -1
vn 0 0 -1
vn 0 0 -1
vn 0 0 -1
vn 0 0 -1
vn 0 0 -1
vn 0 0 -1
vn 0 0 -1
vn 0 0 -1
vn 0 0 -1
vn 0 0 -1
vn 0 0 -1
vn 0 0 -1
vn 0 0 -1
vn 0 0 -1
vn 0 0 -1
vn 0 0 -1
vn 0 0 -1
vn 0 0 -1
vn 0 0 -1
vn 0 0 -1
vn 0 0 -1
vn 0 0 -1
vn 0 0 -1
vn 0 0 -1
vn 0 0 -1
vn 0 0 -1
vn 0 0 -1
vn 0 0 -1
vn 0 0 1
vn 0 0 1
vn 0 0 1
vn 0 0 1
vn 0 0 1
vn 0 0 1
vn 0 0 1
vn 0 0 1
vn 0 0 1
vn 0 0 1
vn 0 0 1
vn 0 0 1
vn 0 0 1
vn 0 0 1
vn 0 0 1
vn 0 0 1
vn 0 0 1
vn 0 0 1
vn 0 0 1
vn 0 0 1
vn 0 0 1
vn 0 0 1
vn 0 0 1
vn 0 0 1
vn 0 0 1
vn 0 0 1
vn 0 0 1
vn 0 0 1
vn 0 0 1
vn 0 0 1
vn 0 0 1
vn 0 0 1
vn 0 0 1
vn 0 0 1
vn 0 0 1
vn 0 0 1
vn 0 0 1
vn 0 0 1
vn 0 0 1
vn 0 0 1
vn 0 0 1
vn 0 0 1
vn 0 0 1
vn 0 0 1
vn 0 0 1
vn 0 0 -1
vn 0 0 -1
vn 0 0 -1
vn 0 0 -1
vn 0 0 -1
vn 0 0 -1
vn 0 0 -1
vn 0 0 -1
vn 0 0 -1
vn 0 0 -1
vn 0 0 -1
vn 0 0 -1
vn 0 0 -1
vn 0 0 -1
vn 0 0 -1
vn 0 0 -1
vn 0 0 -1
vn 0 0 -1
vn 0 0 -1
vn 0 0 -1
vn 0 0 -1
vn 0 0 -1
vn 0 0 -1
vn 0 0 -1
vn 0 0 -1
vn 0 0 -1
vn 0 0 -1
vn 0 0 -1
vn 0 0 -1
vn 0 0 -1
vn 0 0 -1
vn 0 0 -1
vn 0 0 -1
vn 0 0 -1
vn 0 0 -1
vn 0 0 -1
vn 0 0 -1
vn 0 0 -1
vn 0 0 -1
vn 0 0 -1
vn 0 0 -1
vn 0 0 -1
vn 0 0 -1
vn 0 0 -1
vn 0 0 -1
vn 0 0 1
vn 0 0 1
vn 0 0 1
vn 0 0 1
vn 0 0 1
vn 0 0 1
vn 0 0 1
vn 0 0 1
vn 0 0 1
vn 0 0 1
vn 0 0 1
vn 0 0 1
vn 0 0 1
vn 0 0 1
vn 0 0 1
vn 0 0 1
vn 0 0 1
vn 0 0 1
vn 0 0 1
vn 0 0 1
vn 0 0 1
vn 0 0 1
vn 0 0 1
vn 0 0 1
vn 0 0 1
vn 0 0 1
vn 0 0 1
vn 0 0 1
vn 0 0 1
vn 0 0 1
vn 0 0 1
vn 0 0 1
vn 0 0 1
vn 0 0 1
vn 0 0 1
vn 0 0 1
vn 0 0 1
vn 0 0 1
vn 0 0 1
vn 0 0 1
vn 0 0 1
vn 0 0 1
vn 0 0 1
vn 0 0 1
vn 0 0 1
vn 0 0 -1
vn 0 0 -1
vn 0 0 -1
vn 0 0 -1
vn 0 0 -1
vn 0 0 -1
vn 0 0 -1
vn 0 0 -1
vn 0 0 -1
vn 0 0 -1
vn 0 0 -1
vn 0 0 -1
vn 0 0 -1
vn 0 0 -1
vn 0 0 -1
vn 0 0 -1
vn 0 0 -1
vn 0 0 -1
vn 0 0 -1
vn 0 0 -1
vn 0 0 -1
vn 0 0 -1
vn 0 0 -1
vn 0 0 -1
vn 0 0 -1
vn 0 0 -1
vn 0 0 -1
vn 0 0 -1
vn 0 0 -1
vn 0 0 -1
vn 0 0 1
vn 0 0 1
vn 0 0 1
vn 0 0 1
vn 0 0 1
vn 0 0 1
vn 0 0 1
vn 0 0 1
vn 0 0 1
vn 0 0 1
vn 0 0 1
vn 0 0 1
vn 0 0 1
vn 0 0 1
vn 0 0 1
vn 0 0 1
vn 0 0 1
vn 0 0 1
vn 0 0 1
vn 0 0 1
vn 0 0 1
vn 0 0 1
vn 0 0 1
vn 0 0 1
vn 0 0 1
vn 0 0 1
vn 0 0 1
vn 0 0 1
vn 0 0 1
vn 0 0 1
vn 0 0 -1
vn 0 0 -1
vn 0 0 -1
vn 0 0 -1
vn 0 0 -1
vn 0 0 -1
vn 0 0 -1
vn 0 0 -1
vn 0 0 -1
vn 0 0 -1
vn 0 0 -1
vn 0 0 -1
vn 0 0 -1
vn 0 0 -1
vn 0 0 -1
vn 0 0 -1
vn 0 0 -1
vn 0 0 -1
vn 0 0 -1
vn 0 0 -1
vn 0 0 -1
vn 0 0 -1
vn 0 0 -1
vn 0 0 -1
vn 0 0 -1
vn 0 0 -1
vn 0 0 -1
vn 0 0 -1
vn 0 0 -1
vn 0 0 -1
vn 0 0 1
vn 0 0 1
vn 0 0 1
vn 0 0 1
vn 0 0 1
vn 0 0 1
vn 0 0 1
vn 0 0 1
vn 0 0 1
vn 0 0 1
vn 0 0 1
vn 0 0 1
vn 0 0 1
vn 0 0 1
vn 0 0 1
vn 0 0 1
vn 0 0 1
vn 0 0 1
vn 0 0 1
vn 0 0 1
vn 0 0 1
vn 0 0 1
vn 0 0 1
vn 0 0 1
vn 0 0 1
vn 0 0 1
vn 0 0 1
vn 0 0 1
vn 0 0 1
vn 0 0 1
vn 0 0 -1
vn 0 0 -1
vn 0 0 -1
vn 0 0 -1
vn 0 0 -1
vn 0 0 -1
vn 0 0 -1
vn 0 0 -1
vn 0 0 -1
vn 0 0 -1
vn 0 0 -1
vn 0 0 -1
vn 0 0 -1
vn 0 0 -1
vn 0 0 -1
vn 0 0 -1
vn 0 0 -1
vn 0 0 -1
vn 0 0 1
vn 0 0 1
vn 0 0 1
vn 0 0 1
vn 0 0 1
vn 0 0 1
vn 0 0 1
vn 0 0 1
vn 0 0 1
vn 0 0 1
vn 0 0 1
vn 0 0 1
vn 0 0 1
vn 0 0 1
vn 0 0 1
vn 0 0 1
vn 0 0 1
vn 0 0 1
vn 0 0 -1
vn 0 0 -1
vn 0 0 -1
vn 0 0 -1
vn 0 0 -1
vn 0 0 -1
vn 0 0 -1
vn 0 0 -1
vn 0 0 -1
vn 0 0 -1
vn 0 0 -1
vn 0 0 -1
vn 0 0 -1
vn 0 0 -1
vn 0 0 -1
vn 0 0 -1
vn 0 0 -1
vn 0 0 -1
vn 0 0 1
vn 0 0 1
vn 0 0 1
vn 0 0 1
vn 0 0 1
vn 0 0 1
vn 0 0 1
vn 0 0 1
vn 0 0 1
vn 0 0 1
vn 0 0 1
vn 0 0 1
vn 0 0 1
vn 0 0 1
vn 0 0 1
vn 0 0 1
vn 0 0 1
vn 0 0 1
vn 0 0 -1
vn 0 0 -1
vn 0 0 -1
vn 0 0 -1
vn 0 0 -1
vn 0 0 -1
vn 0 0 -1
vn 0 0 -1
vn 0 0 -1
vn 0 0 -1
vn 0 0 -1
vn 0 0 -1
vn 0 0 -1
vn 0 0 -1
vn 0 0 -1
vn 0 0 -1
vn 0 0 -1
vn 0 0 -1
vn 0 0 -1
vn 0 0 -1
vn 0 0 -1
vn 0 0 -1
vn 0 0 -1
vn 0 0 -1
vn 0 0 -1
vn 0 0 -1
vn 0 0 -1
vn 0 0 1
vn 0 0 1
vn 0 0 1
vn 0 0 1
vn 0 0 1
vn 0 0 1
vn 0 0 1
vn 0 0 1
vn 0 0 1
vn 0 0 1
vn 0 0 1
vn 0 0 1
vn 0 0 1
vn 0 0 1
vn 0 0 1
vn 0 0 1
vn 0 0 1
vn 0 0 1
vn 0 0 1
vn 0 0 1
vn 0 0 1
vn 0 0 1
vn 0 0 1
vn 0 0 1
vn 0 0 1
vn 0 0 1
vn 0 0 1
vn 0 0 -1
vn 0 0 -1
vn 0 0 -1
vn 0 0 -1
vn 0 0 -1
vn 0 0 -1
vn 0 0 -1
vn 0 0 -1
vn 0 0 -1
vn 0 0 -1
vn 0 0 -1
vn 0 0 -1
vn 0 0 -1
vn 0 0 -1
vn 0 0 -1
vn 0 0 -1
vn 0 0 -1
vn 0 0 -1
vn 0 0 -1
vn 0 0 -1
vn 0 0 -1
vn 0 0 -1
vn 0 0 -1
vn 0 0 -1
vn 0 0 -1
vn 0 0 -1
vn 0 0 -1
vn 0 0 1
vn 0 0 1
vn 0 0 1
vn 0 0 1
vn 0 0 1
vn 0 0 1
vn 0 0 1
vn 0 0 1
vn 0 0 1
vn 0 0 1
vn 0 0 1
vn 0 0 1
vn 0 0 1
vn 0 0 1
vn 0 0 1
vn 0 0 1
vn 0 0 1
vn 0 0 1
vn 0 0 1
vn 0 0 1
vn 0 0 1
vn 0 0 1
vn 0 0 1
vn 0 0 1
vn 0 0 1
vn 0 0 1
vn 0 0 1
vn 0.34092499090407796 0.9400905012694547 0
vn 0.9992110166934237 -0.0397157918024403 0
vn 0.34092499090407796 0.9400905012694547 0
vn 0.34092499090407796 0.9400905012694547 0
vn 0.463178668261462 0.8862649272466663 0
vn 0.34092499090407796 0.9400905012694547 0
vn 0.9992110155606128 -0.03971582030285724 0
vn 0.34092499090407796 0.9400905012694547 0
vn 0.9992110166934237 -0.0397157918024403 0
vn 0.34092499090407796 0.9400905012694547 0
vn 0.5229029268283607 0.8523922390040481 0
vn 0.463178668261462 0.8862649272466663 0
vn 0.27544269543552485 -0.9613174925752742 0
vn 0.9992110155606128 -0.03971582030285724 0
vn 0.9992110166934237 -0.0397157918024403 0
vn 0.5229029268283607 0.8523922390040481 0
vn 0.6249798247804496 0.7806409024752666 0
vn 0.463178668261462 0.8862649272466663 0
vn 0.27544269543552485 -0.9613174925752742 0
vn 0.9992110166934237 -0.0397157918024403 0
vn 0.1478491010788477 -0.9890099308450733 0
vn 0.6249798247804496 0.7806409024752666 0
vn 0.5229029268283607 0.8523922390040481 0
vn 0.6987005521255147 0.7154142425612595 0
vn -0.16415676983649455 -0.9864342628461605 0
vn 0.27544269543552485 -0.9613174925752742 0
vn 0.1478491010788477 -0.9890099308450733 0
vn 0.6987005521255147 0.7154142425612595 0
vn 0.7340504309923955 0.6790949600459998 0
vn 0.6249798247804496 0.7806409024752666 0
vn -0.16415676983649455 -0.9864342628461605 0
vn 0.1478491010788477 -0.9890099308450733 0
vn -0.2989793268413656 -0.9542595884357066 0
vn 0.6987005521255147 0.7154142425612595 0
vn 0.6687209097794824 0.7435135135447781 0
vn 0.7340504309923955 0.6790949600459998 0
vn -0.5212327373414564 -0.8534145730672358 0
vn -0.16415676983649455 -0.9864342628461605 0
vn -0.2989793268413656 -0.9542595884357066 0
vn 0.6687209097794824 0.7435135135447781 0
vn 0.5733251666316287 0.8193279278206104 0
vn 0.7340504309923955 0.6790949600459998 0
vn -0.5212327373414564 -0.8534145730672358 0
vn -0.2989793268413656 -0.9542595884357066 0
vn -0.5997066807206322 -0.8002199054628931 0
vn 0.6687209097794824 0.7435135135447781 0
vn 0.5271047381331173 0.8498003265694936 0
vn 0.5733251666316287 0.8193279278206104 0
vn -0.714185483543143 -0.6999564951454105 0
vn -0.5212327373414564 -0.8534145730672358 0
vn -0.5997066807206322 -0.8002199054628931 0
vn 0.5271047381331173 0.8498003265694936 0
vn 0.16589322459845535 0.9861437207792414 0
vn 0.5733251666316287 0.8193279278206104 0
vn -0.714185483543143 -0.6999564951454105 0
vn -0.5997066807206322 -0.8002199054628931 0
vn -0.7644944443251006 -0.6446303162247767 0
vn 0.16589322459845535 0.9861437207792414 0
vn 0.5271047381331173 0.8498003265694936 0
vn -0.37182922233381305 0.9283011523307679 0
vn -0.8732429813823064 -0.4872850248740883 0
vn -0.714185483543143 -0.6999564951454105 0
vn -0.7644944443251006 -0.6446303162247767 0
vn -0.37182922233381305 0.9283011523307679 0
vn -0.976042911389574 -0.21757811270016114 0
vn 0.16589322459845535 0.9861437207792414 0
vn -0.8732429813823064 -0.4872850248740883 0
vn -0.7644944443251006 -0.6446303162247767 0
vn -0.976042911389574 -0.21757811270016114 0
vn -0.37182922233381305 0.9283011523307679 0
vn -0.8732429813823064 -0.4872850248740883 0
vn -0.976042911389574 -0.21757811270016114 0
vn 0.5689993922110735 0.8223379424928834 0
vn 0.926568489200819 0.3761260889915931 0
vn 0.5689993922110735 0.8223379424928834 0
vn 0.5689993922110735 0.8223379424928834 0
vn 0.4282317460947387 0.9036689502448622 0
vn 0.5689993922110735 0.8223379424928834 0
vn 0.926568489200819 0.3761260889915931 0
vn 0.5689993922110735 0.8223379424928834 0
vn 0.926568489200819 0.3761260889915931 0
vn 0.5689993922110735 0.8223379424928834 0
vn 0.3504944259182578 0.9365648175114368 0
vn 0.4282317460947387 0.9036689502448622 0
vn 0.13865934782030281 -0.9903401361461871 0
vn 0.926568489200819 0.3761260889915931 0
vn 0.926568489200819 0.3761260889915931 0
vn 0.3504944259182578 0.9365648175114368 0
vn 0.15341977608137053 0.9881611064533667 0
vn 0.4282317460947387 0.9036689502448622 0
vn 0.13865934782030281 -0.9903401361461871 0
vn 0.926568489200819 0.3761260889915931 0
vn 0.06759185707306839 -0.9977130553708384 0
vn 0.15341977608137053 0.9881611064533667 0
vn 0.3504944259182578 0.9365648175114368 0
vn -0.05243591770272533 0.9986242909796823 0
vn -0.2808379209206357 -0.9597552095055149 0
vn 0.13865934782030281 -0.9903401361461871 0
vn 0.06759185707306839 -0.9977130553708384 0
vn -0.05243591770272533 0.9986242909796823 0
vn -0.9999505631584649 -0.009943401785575323 0
vn 0.15341977608137053 0.9881611064533667 0
vn -0.2808379209206357 -0.9597552095055149 0
vn 0.06759185707306839 -0.9977130553708384 0
vn -0.40607194097166216 -0.9138411124235475 0
vn -0.05243591770272533 0.9986242909796823 0
vn -0.9129502015528191 -0.4080709858402913 0
vn -0.9999505631584649 -0.009943401785575323 0
vn -0.576726066114642 -0.8169376014506429 0
vn -0.2808379209206357 -0.9597552095055149 0
vn -0.40607194097166216 -0.9138411124235475 0
vn -0.9129502015528191 -0.4080709858402913 0
vn -0.7020479917690868 -0.7121296351458717 0
vn -0.9999505631584649 -0.009943401785575323 0
vn -0.576726066114642 -0.8169376014506429 0
vn -0.40607194097166216 -0.9138411124235475 0
vn -0.7020479917690868 -0.7121296351458717 0
vn -0.9129502015528191 -0.4080709858402913 0
vn -0.576726066114642 -0.8169376014506429 0
vn -0.7020479917690868 -0.7121296351458717 0
vn 0.9265684801258297 -0.37612611134739077 0
vn 0.5690013441454905 -0.8223365918896136 0
vn 0.926568489200819 -0.3761260889915931 0
vn 0.13865981019624368 0.9903400714079693 0
vn 0.9265684801258297 -0.37612611134739077 0
vn 0.926568489200819 -0.3761260889915931 0
vn 0.5690013441454905 -0.8223365918896136 0
vn 0.9265684801258297 -0.37612611134739077 0
vn 0.5690013441454905 -0.8223365918896136 0
vn 0.9265684801258297 -0.37612611134739077 0
vn 0.13865981019624368 0.9903400714079693 0
vn 0.06759210491724013 0.9977130385801605 0
vn 0.5690013441454905 -0.8223365918896136 0
vn 0.4282336874918344 -0.903668030250681 0
vn 0.5690013441454905 -0.8223365918896136 0
vn -0.28083808042255315 0.959755162832988 0
vn 0.06759210491724013 0.9977130385801605 0
vn 0.13865981019624368 0.9903400714079693 0
vn 0.35049216153629115 -0.9365656649171046 0
vn 0.5690013441454905 -0.8223365918896136 0
vn 0.4282336874918344 -0.903668030250681 0
vn 0.06759210491724013 0.9977130385801605 0
vn -0.28083808042255315 0.959755162832988 0
vn -0.4060721841724238 0.9138410043554825 0
vn 0.4282336874918344 -0.903668030250681 0
vn 0.15341264671316865 -0.9881622133174596 0
vn 0.35049216153629115 -0.9365656649171046 0
vn -0.5767261374225536 0.8169375511100355 0
vn -0.4060721841724238 0.9138410043554825 0
vn -0.28083808042255315 0.959755162832988 0
vn -0.05244119645194642 -0.9986240137883168 0
vn 0.35049216153629115 -0.9365656649171046 0
vn 0.15341264671316865 -0.9881622133174596 0
vn -0.4060721841724238 0.9138410043554825 0
vn -0.5767261374225536 0.8169375511100355 0
vn -0.7020479310531003 0.7121296950022947 0
vn -0.9999505631190557 0.009943405748713972 0
vn -0.05244119645194642 -0.9986240137883168 0
vn 0.15341264671316865 -0.9881622133174596 0
vn -0.9129501128692877 0.40807118424602673 0
vn -0.7020479310531003 0.7121296950022947 0
vn -0.5767261374225536 0.8169375511100355 0
vn -0.05244119645194642 -0.9986240137883168 0
vn -0.9999505631190557 0.009943405748713972 0
vn -0.9129501128692877 0.40807118424602673 0
vn -0.7020479310531003 0.7121296950022947 0
vn -0.9129501128692877 0.40807118424602673 0
vn -0.9999505631190557 0.009943405748713972 0
vn 0.9992110116587026 0.039715918470959295 0
vn 0.34092837822229133 -0.9400892728473813 0
vn 0.9992110135467249 0.0397158709702649 0
vn 0.2754424236759641 0.9613175704414805 0
vn 0.9992110116587026 0.039715918470959295 0
vn 0.9992110135467249 0.0397158709702649 0
vn 0.34092837822229133 -0.9400892728473813 0
vn 0.9992110116587026 0.039715918470959295 0
vn 0.34092837822229133 -0.9400892728473813 0
vn 0.9992110116587026 0.039715918470959295 0
vn 0.2754424236759641 0.9613175704414805 0
vn 0.1478494254626673 0.9890098823522235 0
vn 0.34092837822229133 -0.9400892728473813 0
vn 0.46318062784190683 -0.8862639031304261 0
vn 0.34092837822229133 -0.9400892728473813 0
vn -0.1641564473676837 0.9864343165095287 0
vn 0.1478494254626673 0.9890098823522235 0
vn 0.2754424236759641 0.9613175704414805 0
vn 0.5229014949567862 -0.8523931173888949 0
vn 0.34092837822229133 -0.9400892728473813 0
vn 0.46318062784190683 -0.8862639031304261 0
vn 0.1478494254626673 0.9890098823522235 0
vn -0.1641564473676837 0.9864343165095287 0
vn -0.2989796270402018 0.954259494380277 0
vn 0.46318062784190683 -0.8862639031304261 0
vn 0.6249769428763325 -0.7806432097142416 0
vn 0.5229014949567862 -0.8523931173888949 0
vn -0.5212331081884416 0.8534143465680762 0
vn -0.2989796270402018 0.954259494380277 0
vn -0.1641564473676837 0.9864343165095287 0
vn 0.6986990420406441 -0.7154157173640279 0
vn 0.5229014949567862 -0.8523931173888949 0
vn 0.6249769428763325 -0.7806432097142416 0
vn -0.2989796270402018 0.954259494380277 0
vn -0.5212331081884416 0.8534143465680762 0
vn -0.5997067929965255 0.8002198213202562 0
vn 0.6249769428763325 -0.7806432097142416 0
vn 0.7340504309923955 -0.6790949600459998 0
vn 0.6986990420406441 -0.7154157173640279 0
vn -0.7141854241125281 0.6999565557841492 0
vn -0.5997067929965255 0.8002198213202562 0
vn -0.5212331081884416 0.8534143465680762 0
vn 0.6687209097794824 -0.7435135135447781 0
vn 0.6986990420406441 -0.7154157173640279 0
vn 0.7340504309923955 -0.6790949600459998 0
vn -0.5997067929965255 0.8002198213202562 0
vn -0.7141854241125281 0.6999565557841492 0
vn -0.7644943641114965 0.6446304113534815 0
vn 0.7340504309923955 -0.6790949600459998 0
vn 0.5733251666316287 -0.8193279278206104 0
vn 0.6687209097794824 -0.7435135135447781 0
vn -0.8732429067433257 0.4872851586314398 0
vn -0.7644943641114965 0.6446304113534815 0
vn -0.7141854241125281 0.6999565557841492 0
vn 0.5271047381331173 -0.8498003265694936 0
vn 0.6687209097794824 -0.7435135135447781 0
vn 0.5733251666316287 -0.8193279278206104 0
vn -0.7644943641114965 0.6446304113534815 0
vn -0.8732429067433257 0.4872851586314398 0
vn -0.976042905954401 0.21757813708203447 0
vn 0.5733251666316287 -0.8193279278206104 0
vn 0.16589322459845535 -0.9861437207792414 0
vn 0.5271047381331173 -0.8498003265694936 0
vn -0.37182922233381305 -0.9283011523307679 0
vn -0.976042905954401 0.21757813708203447 0
vn -0.8732429067433257 0.4872851586314398 0
vn -0.976042905954401 0.21757813708203447 0
vn -0.37182922233381305 -0.9283011523307679 0
vn 0.16589322459845535 -0.9861437207792414 0
vn -0.37182922233381305 -0.9283011523307679 0
vn 0.5271047381331173 -0.8498003265694936 0
vn 0.16589322459845535 -0.9861437207792414 0
f 3877//3877 3878//3878 3879//3879
f 3880//3880 3881//3881 3882//3882
f 3883//3883 3884//3884 3885//3885
f 3886//3886 3887//3887 3888//3888
f 3889//3889 3890//3890 3891//3891
f 3892//3892 3893//3893 3894//3894
f 3895//3895 3896//3896 3897//3897
f 3898//3898 3899//3899 3900//3900
f 3901//3901 3902//3902 3903//3903
f 3904//3904 3905//3905 3906//3906
f 3907//3907 3908//3908 3909//3909
f 3910//3910 3911//3911 3912//3912
f 3913//3913 3914//3914 3915//3915
f 3916//3916 3917//3917 3918//3918
f 3919//3919 3920//3920 3921//3921
f 3922//3922 3923//3923 3924//3924
f 3925//3925 3926//3926 3927//3927
f 3928//3928 3929//3929 3930//3930
f 3931//3931 3932//3932 3933//3933
f 3934//3934 3935//3935 3936//3936
f 3937//3937 3938//3938 3939//3939
f 3940//3940 3941//3941 3942//3942
f 3943//3943 3944//3944 3945//3945
f 3946//3946 3947//3947 3948//3948
f 3949//3949 3950//3950 3951//3951
f 3952//3952 3953//3953 3954//3954
f 3955//3955 3956//3956 3957//3957
f 3958//3958 3959//3959 3960//3960
f 3961//3961 3962//3962 3963//3963
f 3964//3964 3965//3965 3966//3966
f 3967//3967 3968//3968 3969//3969
f 3970//3970 3971//3971 3972//3972
f 3973//3973 3974//3974 3975//3975
f 3976//3976 3977//3977 3978//3978
f 3979//3979 3980//3980 3981//3981
f 3982//3982 3983//3983 3984//3984
f 3985//3985 3986//3986 3987//3987
f 3988//3988 3989//3989 3990//3990
f 3991//3991 3992//3992 3993//3993
f 3994//3994 3995//3995 3996//3996
f 3997//3997 3998//3998 3999//3999
f 4000//4000 4001//4001 4002//4002
f 4003//4003 4004//4004 4005//4005
f 4006//4006 4007//4007 4008//4008
f 4009//4009 4010//4010 4011//4011
f 4012//4012 4013//4013 4014//4014
f 4015//4015 4016//4016 4017//4017
f 4018//4018 4019//4019 4020//4020
f 4021//4021 4022//4022 4023//4023
f 4024//4024 4025//4025 4026//4026
f 4027//4027 4028//4028 4029//4029
f 4030//4030 4031//4031 4032//4032
f 4033//4033 4034//4034 4035//4035
f 4036//4036 4037//4037 4038//4038
f 4039//4039 4040//4040 4041//4041
f 4042//4042 4043//4043 4044//4044
f 4045//4045 4046//4046 4047//4047
f 4048//4048 4049//4049 4050//4050
f 4051//4051 4052//4052 4053//4053
f 4054//4054 4055//4055 4056//4056
f 4057//4057 4058//4058 4059//4059
f 4060//4060 4061//4061 4062//4062
f 4063//4063 4064//4064 4065//4065
f 4066//4066 4067//4067 4068//4068
f 4069//4069 4070//4070 4071//4071
f 4072//4072 4073//4073 4074//4074
f 4075//4075 4076//4076 4077//4077
f 4078//4078 4079//4079 4080//4080
f 4081//4081 4082//4082 4083//4083
f 4084//4084 4085//4085 4086//4086
f 4087//4087 4088//4088 4089//4089
f 4090//4090 4091//4091 4092//4092
f 4093//4093 4094//4094 4095//4095
f 4096//4096 4097//4097 4098//4098
f 4099//4099 4100//4100 4101//4101
f 4102//4102 4103//4103 4104//4104
f 4105//4105 4106//4106 4107//4107
f 4108//4108 4109//4109 4110//4110
f 4111//4111 4112//4112 4113//4113
f 4114//4114 4115//4115 4116//4116
f 4117//4117 4118//4118 4119//4119
f 4120//4120 4121//4121 4122//4122
f 4123//4123 4124//4124 4125//4125
f 4126//4126 4127//4127 4128//4128
f 4129//4129 4130//4130 4131//4131
f 4132//4132 4133//4133 4134//4134
f 4135//4135 4136//4136 4137//4137
f 4138//4138 4139//4139 4140//4140
f 4141//4141 4142//4142 4143//4143
f 4144//4144 4145//4145 4146//4146
f 4147//4147 4148//4148 4149//4149
f 4150//4150 4151//4151 4152//4152
f 4153//4153 4154//4154 4155//4155
f 4156//4156 4157//4157 4158//4158
f 4159//4159 4160//4160 4161//4161
f 4162//4162 4163//4163 4164//4164
f 4165//4165 4166//4166 4167//4167
f 4168//4168 4169//4169 4170//4170
f 4171//4171 4172//4172 4173//4173
f 4174//4174 4175//4175 4176//4176
f 4177//4177 4178//4178 4179//4179
f 4180//4180 4181//4181 4182//4182
f 4183//4183 4184//4184 4185//4185
f 4186//4186 4187//4187 4188//4188
f 4189//4189 4190//4190 4191//4191
f 4192//4192 4193//4193 4194//4194
f 4195//4195 4196//4196 4197//4197
f 4198//4198 4199//4199 4200//4200
f 4201//4201 4202//4202 4203//4203
f 4204//4204 4205//4205 4206//4206
f 4207//4207 4208//4208 4209//4209
f 4210//4210 4211//4211 4212//4212
f 4213//4213 4214//4214 4215//4215
f 4216//4216 4217//4217 4218//4218
f 4219//4219 4220//4220 4221//4221
f 4222//4222 4223//4223 4224//4224
f 4225//4225 4226//4226 4227//4227
f 4228//4228 4229//4229 4230//4230
f 4231//4231 4232//4232 4233//4233
f 4234//4234 4235//4235 4236//4236
f 4237//4237 4238//4238 4239//4239
f 4240//4240 4241//4241 4242//4242
f 4243//4243 4244//4244 4245//4245
f 4246//4246 4247//4247 4248//4248
f 4249//4249 4250//4250 4251//4251
f 4252//4252 4253//4253 4254//4254
f 4255//4255 4256//4256 4257//4257
f 4258//4258 4259//4259 4260//4260
f 4261//4261 4262//4262 4263//4263
f 4264//4264 4265//4265 4266//4266
f 4267//4267 4268//4268 4269//4269
f 4270//4270 4271//4271 4272//4272
f 4273//4273 4274//4274 4275//4275
f 4276//4276 4277//4277 4278//4278
f 4279//4279 4280//4280 4281//4281
f 4282//4282 4283//4283 4284//4284
f 4285//4285 4286//4286 4287//4287
f 4288//4288 4289//4289 4290//4290
f 4291//4291 4292//4292 4293//4293
f 4294//4294 4295//4295 4296//4296
f 4297//4297 4298//4298 4299//4299
f 4300//4300 4301//4301 4302//4302
f 4303//4303 4304//4304 4305//4305
f 4306//4306 4307//4307 4308//4308
f 4309//4309 4310//4310 4311//4311
f 4312//4312 4313//4313 4314//4314
f 4315//4315 4316//4316 4317//4317
f 4318//4318 4319//4319 4320//4320
f 4321//4321 4322//4322 4323//4323
f 4324//4324 4325//4325 4326//4326
f 4327//4327 4328//4328 4329//4329
f 4330//4330 4331//4331 4332//4332
f 4333//4333 4334//4334 4335//4335
f 4336//4336 4337//4337 4338//4338
f 4339//4339 4340//4340 4341//4341
f 4342//4342 4343//4343 4344//4344
f 4345//4345 4346//4346 4347//4347
f 4348//4348 4349//4349 4350//4350
f 4351//4351 4352//4352 4353//4353
f 4354//4354 4355//4355 4356//4356
f 4357//4357 4358//4358 4359//4359
f 4360//4360 4361//4361 4362//4362
f 4363//4363 4364//4364 4365//4365
f 4366//4366 4367//4367 4368//4368
f 4369//4369 4370//4370 4371//4371
f 4372//4372 4373//4373 4374//4374
f 4375//4375 4376//4376 4377//4377
f 4378//4378 4379//4379 4380//4380
f 4381//4381 4382//4382 4383//4383
f 4384//4384 4385//4385 4386//4386
f 4387//4387 4388//4388 4389//4389
f 4390//4390 4391//4391 4392//4392
f 4393//4393 4394//4394 4395//4395
f 4396//4396 4397//4397 4398//4398
f 4399//4399 4400//4400 4401//4401
f 4402//4402 4403//4403 4404//4404
f 4405//4405 4406//4406 4407//4407
f 4408//4408 4409//4409 4410//4410
f 4411//4411 4412//4412 4413//4413
f 4414//4414 4415//4415 4416//4416
f 4417//4417 4418//4418 4419//4419
f 4420//4420 4421//4421 4422//4422
f 4423//4423 4424//4424 4425//4425
f 4426//4426 4427//4427 4428//4428
f 4429//4429 4430//4430 4431//4431
f 4432//4432 4433//4433 4434//4434
f 4435//4435 4436//4436 4437//4437
f 4438//4438 4439//4439 4440//4440
f 4441//4441 4442//4442 4443//4443
f 4444//4444 4445//4445 4446//4446
f 4447//4447 4448//4448 4449//4449
f 4450//4450 4451//4451 4452//4452
f 4453//4453 4454//4454 4455//4455
f 4456//4456 4457//4457 4458//4458
f 4459//4459 4460//4460 4461//4461
f 4462//4462 4463//4463 4464//4464
f 4465//4465 4466//4466 4467//4467
f 4468//4468 4469//4469 4470//4470
f 4471//4471 4472//4472 4473//4473
f 4474//4474 4475//4475 4476//4476
f 4477//4477 4478//4478 4479//4479
f 4480//4480 4481//4481 4482//4482
f 4483//4483 4484//4484 4485//4485
f 4486//4486 4487//4487 4488//4488
f 4489//4489 4490//4490 4491//4491
f 4492//4492 4493//4493 4494//4494
f 4495//4495 4496//4496 4497//4497
f 4498//4498 4499//4499 4500//4500
f 4501//4501 4502//4502 4503//4503
f 4504//4504 4505//4505 4506//4506
f 4507//4507 4508//4508 4509//4509
f 4510//4510 4511//4511 4512//4512
f 4513//4513 4514//4514 4515//4515
f 4516//4516 4517//4517 4518//4518
f 4519//4519 4520//4520 4521//4521
f 4522//4522 4523//4523 4524//4524
f 4525//4525 4526//4526 4527//4527
f 4528//4528 4529//4529 4530//4530
f 4531//4531 4532//4532 4533//4533
f 4534//4534 4535//4535 4536//4536
f 4537//4537 4538//4538 4539//4539
f 4540//4540 4541//4541 4542//4542
f 4543//4543 4544//4544 4545//4545
f 4546//4546 4547//4547 4548//4548
f 4549//4549 4550//4550 4551//4551
f 4552//4552 4553//4553 4554//4554
f 4555//4555 4556//4556 4557//4557
f 4558//4558 4559//4559 4560//4560
f 4561//4561 4562//4562 4563//4563
f 4564//4564 4565//4565 4566//4566
f 4567//4567 4568//4568 4569//4569
f 4570//4570 4571//4571 4572//4572
f 4573//4573 4574//4574 4575//4575
f 4576//4576 4577//4577 4578//4578
f 4579//4579 4580//4580 4581//4581
f 4582//4582 4583//4583 4584//4584
f 4585//4585 4586//4586 4587//4587
f 4588//4588 4589//4589 4590//4590
f 4591//4591 4592//4592 4593//4593
f 4594//4594 4595//4595 4596//4596
f 4597//4597 4598//4598 4599//4599
f 4600//4600 4601//4601 4602//4602
f 4603//4603 4604//4604 4605//4605
f 4606//4606 4607//4607 4608//4608
f 4609//4609 4610//4610 4611//4611
f 4612//4612 4613//4613 4614//4614
f 4615//4615 4616//4616 4617//4617
f 4618//4618 4619//4619 4620//4620
f 4621//4621 4622//4622 4623//4623
f 4624//4624 4625//4625 4626//4626
f 4627//4627 4628//4628 4629//4629
f 4630//4630 4631//4631 4632//4632
f 4633//4633 4634//4634 4635//4635
f 4636//4636 4637//4637 4638//4638
f 4639//4639 4640//4640 4641//4641
f 4642//4642 4643//4643 4644//4644
f 4645//4645 4646//4646 4647//4647
f 4648//4648 4649//4649 4650//4650
f 4651//4651 4652//4652 4653//4653
f 4654//4654 4655//4655 4656//4656
f 4657//4657 4658//4658 4659//4659
f 4660//4660 4661//4661 4662//4662
f 4663//4663 4664//4664 4665//4665
f 4666//4666 4667//4667 4668//4668
f 4669//4669 4670//4670 4671//4671
f 4672//4672 4673//4673 4674//4674
f 4675//4675 4676//4676 4677//4677
f 4678//4678 4679//4679 4680//4680
f 4681//4681 4682//4682 4683//4683
f 4684//4684 4685//4685 4686//4686
f 4687//4687 4688//4688 4689//4689
f 4690//4690 4691//4691 4692//4692
f 4693//4693 4694//4694 4695//4695
f 4696//4696 4697//4697 4698//4698
f 4699//4699 4700//4700 4701//4701
f 4702//4702 4703//4703 4704//4704
f 4705//4705 4706//4706 4707//4707
f 4708//4708 4709//4709 4710//4710
f 4711//4711 4712//4712 4713//4713
f 4714//4714 4715//4715 4716//4716
f 4717//4717 4718//4718 4719//4719
f 4720//4720 4721//4721 4722//4722
f 4723//4723 4724//4724 4725//4725
f 4726//4726 4727//4727 4728//4728
f 4729//4729 4730//4730 4731//4731
f 4732//4732 4733//4733 4734//4734
f 4735//4735 4736//4736 4737//4737
f 4738//4738 4739//4739 4740//4740
f 4741//4741 4742//4742 4743//4743
f 4744//4744 4745//4745 4746//4746
f 4747//4747 4748//4748 4749//4749
f 4750//4750 4751//4751 4752//4752
f 4753//4753 4754//4754 4755//4755
f 4756//4756 4757//4757 4758//4758
f 4759//4759 4760//4760 4761//4761
f 4762//4762 4763//4763 4764//4764
f 4765//4765 4766//4766 4767//4767
f 4768//4768 4769//4769 4770//4770
f 4771//4771 4772//4772 4773//4773
f 4774//4774 4775//4775 4776//4776
f 4777//4777 4778//4778 4779//4779
f 4780//4780 4781//4781 4782//4782
f 4783//4783 4784//4784 4785//4785
f 4786//4786 4787//4787 4788//4788
f 4789//4789 4790//4790 4791//4791
f 4792//4792 4793//4793 4794//4794
f 4795//4795 4796//4796 4797//4797
f 4798//4798 4799//4799 4800//4800
f 4801//4801 4802//4802 4803//4803
f 4804//4804 4805//4805 4806//4806
f 4807//4807 4808//4808 4809//4809
f 4810//4810 4811//4811 4812//4812
f 4813//4813 4814//4814 4815//4815
f 4816//4816 4817//4817 4818//4818
f 4819//4819 4820//4820 4821//4821
f 4822//4822 4823//4823 4824//4824
f 4825//4825 4826//4826 4827//4827
f 4828//4828 4829//4829 4830//4830
f 4831//4831 4832//4832 4833//4833
f 4834//4834 4835//4835 4836//4836
f 4837//4837 4838//4838 4839//4839
f 4840//4840 4841//4841 4842//4842
f 4843//4843 4844//4844 4845//4845
f 4846//4846 4847//4847 4848//4848
f 4849//4849 4850//4850 4851//4851
f 4852//4852 4853//4853 4854//4854
f 4855//4855 4856//4856 4857//4857
f 4858//4858 4859//4859 4860//4860
f 4861//4861 4862//4862 4863//4863
f 4864//4864 4865//4865 4866//4866
f 4867//4867 4868//4868 4869//4869
f 4870//4870 4871//4871 4872//4872
f 4873//4873 4874//4874 4875//4875
f 4876//4876 4877//4877 4878//4878
f 4879//4879 4880//4880 4881//4881
f 4882//4882 4883//4883 4884//4884
f 4885//4885 4886//4886 4887//4887
f 4888//4888 4889//4889 4890//4890
f 4891//4891 4892//4892 4893//4893
f 4894//4894 4895//4895 4896//4896
f 4897//4897 4898//4898 4899//4899
f 4900//4900 4901//4901 4902//4902
f 4903//4903 4904//4904 4905//4905
f 4906//4906 4907//4907 4908//4908
f 4909//4909 4910//4910 4911//4911
f 4912//4912 4913//4913 4914//4914
f 4915//4915 4916//4916 4917//4917
f 4918//4918 4919//4919 4920//4920
f 4921//4921 4922//4922 4923//4923
f 4924//4924 4925//4925 4926//4926
f 4927//4927 4928//4928 4929//4929
f 4930//4930 4931//4931 4932//4932
o Mesh
usemtl material6
v -0.23424690253459265 -0.20599513319223675 -0.03298899903893471
v -0.21055027059154352 -0.15924957736810885 -1.358145531645101e-17
v -0.21899978569248937 -0.20306465546275043 -1.7620707287723002e-17
v -0.21899978569248937 -0.20306465546275043 -1.7620707287723002e-17
v -0.21055027059154352 -0.15924957736810885 -1.358145531645101e-17
v -0.23424690253459265 -0.20599513319223675 0.03298899903893471
v -0.21055027059154352 -0.15924957736810885 -1.358145531645101e-17
v -0.23424690253459265 -0.20599513319223675 -0.03298899903893471
v -0.23001028374546348 -0.16299038933769674 -0.04210299998521805
v -0.21055027059154352 -0.15924957736810885 -1.358145531645101e-17
v -0.23001028374546348 -0.16299038933769674 0.04210299998521805
v -0.23424690253459265 -0.20599513319223675 0.03298899903893471
v -0.23001028374546348 -0.16299038933769674 -0.04210299998521805
v -0.23424690253459265 -0.20599513319223675 -0.03298899903893471
v -0.27699204352227147 -0.17202360742656778 -0.05954200029373169
v -0.27699204352227147 -0.17202360742656778 0.05954200029373169
v -0.23424690253459265 -0.20599513319223675 0.03298899903893471
v -0.23001028374546348 -0.16299038933769674 0.04210299998521805
v -0.27699204352227147 -0.17202360742656778 -0.05954200029373169
v -0.23424690253459265 -0.20599513319223675 -0.03298899903893471
v -0.27105825670427613 -0.21307292121890625 -0.04665299877524376
v -0.23424690253459265 -0.20599513319223675 0.03298899903893471
v -0.27699204352227147 -0.17202360742656778 0.05954200029373169
v -0.27105825670427613 -0.21307292121890625 0.04665299877524376
v -0.30786961087395964 -0.22015070924557575 -0.03298899903893471
v -0.27699204352227147 -0.17202360742656778 -0.05954200029373169
v -0.27105825670427613 -0.21307292121890625 -0.04665299877524376
v -0.30786961087395964 -0.22015070924557575 0.03298899903893471
v -0.27105825670427613 -0.21307292121890625 0.04665299877524376
v -0.27699204352227147 -0.17202360742656778 0.05954200029373169
v -0.27699204352227147 -0.17202360742656778 -0.05954200029373169
v -0.30786961087395964 -0.22015070924557575 -0.03298899903893471
v -0.32397265761125466 -0.18105548935916735 -0.04210299998521805
v -0.27699204352227147 -0.17202360742656778 0.05954200029373169
v -0.32397265761125466 -0.18105548935916735 0.04210299998521805
v -0.30786961087395964 -0.22015070924557575 0.03298899903893471
v -0.30786961087395964 -0.22015070924557575 -0.03298899903893471
v -0.34343378275629866 -0.1847963112262091 -1.5936574178009938e-17
v -0.32397265761125466 -0.18105548935916735 -0.04210299998521805
v -0.34343378275629866 -0.1847963112262091 -1.5936574178009938e-17
v -0.30786961087395964 -0.22015070924557575 0.03298899903893471
v -0.32397265761125466 -0.18105548935916735 0.04210299998521805
v -0.34343378275629866 -0.1847963112262091 -1.5936574178009938e-17
v -0.30786961087395964 -0.22015070924557575 -0.03298899903893471
v -0.32311783970718694 -0.22308118697506205 -1.9466006613624673e-17
v -0.30786961087395964 -0.22015070924557575 0.03298899903893471
v -0.34343378275629866 -0.1847963112262091 -1.5936574178009938e-17
v -0.32311783970718694 -0.22308118697506205 -1.9466006613624673e-17
v -0.23424690253459265 0.20599513319223675 -0.03298899903893471
v -0.21055027059154352 0.15924957736810885 1.578055302523141e-17
v -0.23001028374546348 0.1629903992351506 -0.04210299998521805
v -0.27699204352227147 0.17202360742656778 -0.05954200029373169
v -0.23424690253459265 0.20599513319223675 -0.03298899903893471
v -0.23001028374546348 0.1629903992351506 -0.04210299998521805
v -0.21055027059154352 0.15924957736810885 1.578055302523141e-17
v -0.23424690253459265 0.20599513319223675 -0.03298899903893471
v -0.21899978569248937 0.20306465546275043 1.981980665086463e-17
v -0.23424690253459265 0.20599513319223675 -0.03298899903893471
v -0.27699204352227147 0.17202360742656778 -0.05954200029373169
v -0.27105825670427613 0.21307292121890625 -0.04665299877524376
v -0.23424690253459265 0.20599513319223675 0.03298899903893471
v -0.21055027059154352 0.15924957736810885 1.578055302523141e-17
v -0.21899978569248937 0.20306465546275043 1.981980665086463e-17
v -0.27699204352227147 0.17202360742656778 -0.05954200029373169
v -0.30786961087395964 0.22015070924557575 -0.03298899903893471
v -0.27105825670427613 0.21307292121890625 -0.04665299877524376
v -0.21055027059154352 0.15924957736810885 1.578055302523141e-17
v -0.23424690253459265 0.20599513319223675 0.03298899903893471
v -0.23001028374546348 0.1629903992351506 0.04210299998521805
v -0.30786961087395964 0.22015070924557575 -0.03298899903893471
v -0.27699204352227147 0.17202360742656778 -0.05954200029373169
v -0.32397265761125466 0.18105548935916735 -0.04210299998521805
v -0.23424690253459265 0.20599513319223675 0.03298899903893471
v -0.27699204352227147 0.17202360742656778 0.05954200029373169
v -0.23001028374546348 0.1629903992351506 0.04210299998521805
v -0.30786961087395964 0.22015070924557575 -0.03298899903893471
v -0.32397265761125466 0.18105548935916735 -0.04210299998521805
v -0.34343378275629866 0.1847963112262091 1.813567188679034e-17
v -0.27699204352227147 0.17202360742656778 0.05954200029373169
v -0.23424690253459265 0.20599513319223675 0.03298899903893471
v -0.27105825670427613 0.21307292121890625 0.04665299877524376
v -0.30786961087395964 0.22015070924557575 -0.03298899903893471
v -0.34343378275629866 0.1847963112262091 1.813567188679034e-17
v -0.32311783970718694 0.22308118697506205 2.1665104322405075e-17
v -0.27699204352227147 0.17202360742656778 0.05954200029373169
v -0.27105825670427613 0.21307292121890625 0.04665299877524376
v -0.30786961087395964 0.22015070924557575 0.03298899903893471
v -0.34343378275629866 0.1847963112262091 1.813567188679034e-17
v -0.30786961087395964 0.22015070924557575 0.03298899903893471
v -0.32311783970718694 0.22308118697506205 2.1665104322405075e-17
v -0.32397265761125466 0.18105548935916735 0.04210299998521805
v -0.27699204352227147 0.17202360742656778 0.05954200029373169
v -0.30786961087395964 0.22015070924557575 0.03298899903893471
v -0.30786961087395964 0.22015070924557575 0.03298899903893471
v -0.34343378275629866 0.1847963112262091 1.813567188679034e-17
v -0.32397265761125466 0.18105548935916735 0.04210299998521805
v -0.28292579664356604 -0.1309729673754117 0.04665299877524376
v -0.2566500866201977 6.631294088014977e-7 0.03298899903893471
v -0.2939487287791087 6.631294088014977e-7 0.04665299877524376
v -0.2566500866201977 6.631294088014977e-7 0.03298899903893471
v -0.28292579664356604 -0.1309729673754117 0.04665299877524376
v -0.24611333048275852 -0.1238951793487422 0.03298899903893471
v -0.2939487287791087 6.631294088014977e-7 0.04665299877524376
v -0.3197371171165488 -0.1380507554020812 0.03298899903893471
v -0.28292579664356604 -0.1309729673754117 0.04665299877524376
v -0.23086621364065524 -0.12096469172180203 -1.0052023708016888e-17
v -0.2566500866201977 6.631294088014977e-7 0.03298899903893471
v -0.24611333048275852 -0.1238951793487422 0.03298899903893471
v -0.3197371171165488 -0.1380507554020812 0.03298899903893471
v -0.2939487287791087 6.631294088014977e-7 0.04665299877524376
v -0.3312485166258445 6.631294088014977e-7 0.03298899903893471
v -0.2939487287791087 6.631294088014977e-7 0.04665299877524376
v -0.3197371171165488 0.13805074550462734 0.03298899903893471
v -0.3312485166258445 6.631294088014977e-7 0.03298899903893471
v -0.34669919523704557 6.631294088014977e-7 1.0996103759482594e-18
v -0.3197371171165488 -0.1380507554020812 0.03298899903893471
v -0.3312485166258445 6.631294088014977e-7 0.03298899903893471
v -0.3197371171165488 0.13805074550462734 0.03298899903893471
v -0.34669919523704557 6.631294088014977e-7 1.0996103759482594e-18
v -0.3312485166258445 6.631294088014977e-7 0.03298899903893471
v -0.3197371171165488 0.13805074550462734 0.03298899903893471
v -0.2939487287791087 6.631294088014977e-7 0.04665299877524376
v -0.28292579664356604 0.13097295747795784 0.04665299877524376
v -0.2566500866201977 6.631294088014977e-7 0.03298899903893471
v -0.28292579664356604 0.13097295747795784 0.04665299877524376
v -0.2939487287791087 6.631294088014977e-7 0.04665299877524376
v -0.28292579664356604 0.13097295747795784 0.04665299877524376
v -0.2566500866201977 6.631294088014977e-7 0.03298899903893471
v -0.24611333048275852 0.12389516945128834 0.03298899903893471
v -0.24611333048275852 0.12389516945128834 0.03298899903893471
v -0.2566500866201977 6.631294088014977e-7 0.03298899903893471
v -0.23086621364065524 0.12096469172180203 1.225112141679729e-17
v -0.34669919523704557 6.631294088014977e-7 1.0996103759482594e-18
v -0.3349842676553528 -0.14098255939038512 -1.1897443802287991e-17
v -0.3197371171165488 -0.1380507554020812 0.03298899903893471
v -0.34669919523704557 6.631294088014977e-7 1.0996103759482594e-18
v -0.3197371171165488 0.13805074550462734 0.03298899903893471
v -0.3349842676553528 0.14098255939038512 1.4096542338249005e-17
v -0.34669919523704557 6.631294088014977e-7 1.0996103759482594e-18
v -0.3197371171165488 -0.1380507554020812 -0.03298899903893471
v -0.3349842676553528 -0.14098255939038512 -1.1897443802287991e-17
v -0.3197371171165488 0.13805074550462734 -0.03298899903893471
v -0.34669919523704557 6.631294088014977e-7 1.0996103759482594e-18
v -0.3349842676553528 0.14098255939038512 1.4096542338249005e-17
v -0.3197371171165488 -0.1380507554020812 -0.03298899903893471
v -0.34669919523704557 6.631294088014977e-7 1.0996103759482594e-18
v -0.3312485166258445 6.631294088014977e-7 -0.03298899903893471
v -0.34669919523704557 6.631294088014977e-7 1.0996103759482594e-18
v -0.3197371171165488 0.13805074550462734 -0.03298899903893471
v -0.3312485166258445 6.631294088014977e-7 -0.03298899903893471
v -0.2939487287791087 6.631294088014977e-7 -0.04665299877524376
v -0.3197371171165488 -0.1380507554020812 -0.03298899903893471
v -0.3312485166258445 6.631294088014977e-7 -0.03298899903893471
v -0.3197371171165488 0.13805074550462734 -0.03298899903893471
v -0.2939487287791087 6.631294088014977e-7 -0.04665299877524376
v -0.3312485166258445 6.631294088014977e-7 -0.03298899903893471
v -0.3197371171165488 -0.1380507554020812 -0.03298899903893471
v -0.2939487287791087 6.631294088014977e-7 -0.04665299877524376
v -0.28292579664356604 -0.1309729673754117 -0.04665299877524376
v -0.2939487287791087 6.631294088014977e-7 -0.04665299877524376
v -0.3197371171165488 0.13805074550462734 -0.03298899903893471
v -0.28292579664356604 0.13097295747795784 -0.04665299877524376
v -0.2566500866201977 6.631294088014977e-7 -0.03298899903893471
v -0.28292579664356604 -0.1309729673754117 -0.04665299877524376
v -0.2939487287791087 6.631294088014977e-7 -0.04665299877524376
v -0.28292579664356604 0.13097295747795784 -0.04665299877524376
v -0.2566500866201977 6.631294088014977e-7 -0.03298899903893471
v -0.2939487287791087 6.631294088014977e-7 -0.04665299877524376
v -0.28292579664356604 -0.1309729673754117 -0.04665299877524376
v -0.2566500866201977 6.631294088014977e-7 -0.03298899903893471
v -0.24611333048275852 -0.1238951793487422 -0.03298899903893471
v -0.2566500866201977 6.631294088014977e-7 -0.03298899903893471
v -0.28292579664356604 0.13097295747795784 -0.04665299877524376
v -0.24611333048275852 0.12389516945128834 -0.03298899903893471
v -0.23086621364065524 0.12096469172180203 1.225112141679729e-17
v -0.2566500866201977 6.631294088014977e-7 -0.03298899903893471
v -0.24611333048275852 0.12389516945128834 -0.03298899903893471
v -0.2566500866201977 6.631294088014977e-7 -0.03298899903893471
v -0.23086621364065524 -0.12096469172180203 -1.0052023708016888e-17
v -0.24611333048275852 -0.1238951793487422 -0.03298899903893471
v -0.2566500866201977 6.631294088014977e-7 -0.03298899903893471
v -0.23086621364065524 0.12096469172180203 1.225112141679729e-17
v -0.24119940800899664 6.631294088014977e-7 1.0996103759482594e-18
v -0.23086621364065524 -0.12096469172180203 -1.0052023708016888e-17
v -0.2566500866201977 6.631294088014977e-7 -0.03298899903893471
v -0.24119940800899664 6.631294088014977e-7 1.0996103759482594e-18
v -0.24119940800899664 6.631294088014977e-7 1.0996103759482594e-18
v -0.23086621364065524 0.12096469172180203 1.225112141679729e-17
v -0.2566500866201977 6.631294088014977e-7 0.03298899903893471
v -0.23086621364065524 -0.12096469172180203 -1.0052023708016888e-17
v -0.24119940800899664 6.631294088014977e-7 1.0996103759482594e-18
v -0.2566500866201977 6.631294088014977e-7 0.03298899903893471
v -0.21055027059154352 -0.15924957736810885 -1.358145531645101e-17
v -0.24611333048275852 -0.1238951793487422 0.03298899903893471
v -0.23001028374546348 -0.16299038933769674 0.04210299998521805
v -0.27699204352227147 -0.17202360742656778 0.05954200029373169
v -0.23001028374546348 -0.16299038933769674 0.04210299998521805
v -0.24611333048275852 -0.1238951793487422 0.03298899903893471
v -0.24611333048275852 -0.1238951793487422 0.03298899903893471
v -0.21055027059154352 -0.15924957736810885 -1.358145531645101e-17
v -0.23086621364065524 -0.12096469172180203 -1.0052023708016888e-17
v -0.27699204352227147 -0.17202360742656778 0.05954200029373169
v -0.24611333048275852 -0.1238951793487422 0.03298899903893471
v -0.28292579664356604 -0.1309729673754117 0.04665299877524376
v -0.24611333048275852 -0.1238951793487422 -0.03298899903893471
v -0.23086621364065524 -0.12096469172180203 -1.0052023708016888e-17
v -0.21055027059154352 -0.15924957736810885 -1.358145531645101e-17
v -0.3197371171165488 -0.1380507554020812 0.03298899903893471
v -0.27699204352227147 -0.17202360742656778 0.05954200029373169
v -0.28292579664356604 -0.1309729673754117 0.04665299877524376
v -0.23001028374546348 -0.16299038933769674 -0.04210299998521805
v -0.24611333048275852 -0.1238951793487422 -0.03298899903893471
v -0.21055027059154352 -0.15924957736810885 -1.358145531645101e-17
v -0.27699204352227147 -0.17202360742656778 0.05954200029373169
v -0.3197371171165488 -0.1380507554020812 0.03298899903893471
v -0.32397265761125466 -0.18105548935916735 0.04210299998521805
v -0.27699204352227147 -0.17202360742656778 -0.05954200029373169
v -0.24611333048275852 -0.1238951793487422 -0.03298899903893471
v -0.23001028374546348 -0.16299038933769674 -0.04210299998521805
v -0.3197371171165488 -0.1380507554020812 0.03298899903893471
v -0.34343378275629866 -0.1847963112262091 -1.5936574178009938e-17
v -0.32397265761125466 -0.18105548935916735 0.04210299998521805
v -0.24611333048275852 -0.1238951793487422 -0.03298899903893471
v -0.27699204352227147 -0.17202360742656778 -0.05954200029373169
v -0.28292579664356604 -0.1309729673754117 -0.04665299877524376
v -0.34343378275629866 -0.1847963112262091 -1.5936574178009938e-17
v -0.3197371171165488 -0.1380507554020812 0.03298899903893471
v -0.3349842676553528 -0.14098255939038512 -1.1897443802287991e-17
v -0.28292579664356604 -0.1309729673754117 -0.04665299877524376
v -0.27699204352227147 -0.17202360742656778 -0.05954200029373169
v -0.3197371171165488 -0.1380507554020812 -0.03298899903893471
v -0.3197371171165488 -0.1380507554020812 -0.03298899903893471
v -0.34343378275629866 -0.1847963112262091 -1.5936574178009938e-17
v -0.3349842676553528 -0.14098255939038512 -1.1897443802287991e-17
v -0.3197371171165488 -0.1380507554020812 -0.03298899903893471
v -0.27699204352227147 -0.17202360742656778 -0.05954200029373169
v -0.32397265761125466 -0.18105548935916735 -0.04210299998521805
v -0.34343378275629866 -0.1847963112262091 -1.5936574178009938e-17
v -0.3197371171165488 -0.1380507554020812 -0.03298899903893471
v -0.32397265761125466 -0.18105548935916735 -0.04210299998521805
v -0.21055027059154352 0.15924957736810885 1.578055302523141e-17
v -0.24611333048275852 0.12389516945128834 0.03298899903893471
v -0.23086621364065524 0.12096469172180203 1.225112141679729e-17
v -0.24611333048275852 0.12389516945128834 -0.03298899903893471
v -0.21055027059154352 0.15924957736810885 1.578055302523141e-17
v -0.23086621364065524 0.12096469172180203 1.225112141679729e-17
v -0.24611333048275852 0.12389516945128834 0.03298899903893471
v -0.21055027059154352 0.15924957736810885 1.578055302523141e-17
v -0.23001028374546348 0.1629903992351506 0.04210299998521805
v -0.23001028374546348 0.1629903992351506 -0.04210299998521805
v -0.21055027059154352 0.15924957736810885 1.578055302523141e-17
v -0.24611333048275852 0.12389516945128834 -0.03298899903893471
v -0.24611333048275852 0.12389516945128834 0.03298899903893471
v -0.23001028374546348 0.1629903992351506 0.04210299998521805
v -0.27699204352227147 0.17202360742656778 0.05954200029373169
v -0.24611333048275852 0.12389516945128834 -0.03298899903893471
v -0.27699204352227147 0.17202360742656778 -0.05954200029373169
v -0.23001028374546348 0.1629903992351506 -0.04210299998521805
v -0.28292579664356604 0.13097295747795784 0.04665299877524376
v -0.24611333048275852 0.12389516945128834 0.03298899903893471
v -0.27699204352227147 0.17202360742656778 0.05954200029373169
v -0.27699204352227147 0.17202360742656778 -0.05954200029373169
v -0.24611333048275852 0.12389516945128834 -0.03298899903893471
v -0.28292579664356604 0.13097295747795784 -0.04665299877524376
v -0.27699204352227147 0.17202360742656778 0.05954200029373169
v -0.3197371171165488 0.13805074550462734 0.03298899903893471
v -0.28292579664356604 0.13097295747795784 0.04665299877524376
v -0.3197371171165488 0.13805074550462734 -0.03298899903893471
v -0.27699204352227147 0.17202360742656778 -0.05954200029373169
v -0.28292579664356604 0.13097295747795784 -0.04665299877524376
v -0.3197371171165488 0.13805074550462734 0.03298899903893471
v -0.27699204352227147 0.17202360742656778 0.05954200029373169
v -0.32397265761125466 0.18105548935916735 0.04210299998521805
v -0.27699204352227147 0.17202360742656778 -0.05954200029373169
v -0.3197371171165488 0.13805074550462734 -0.03298899903893471
v -0.32397265761125466 0.18105548935916735 -0.04210299998521805
v -0.34343378275629866 0.1847963112262091 1.813567188679034e-17
v -0.3197371171165488 0.13805074550462734 0.03298899903893471
v -0.32397265761125466 0.18105548935916735 0.04210299998521805
v -0.3197371171165488 0.13805074550462734 -0.03298899903893471
v -0.34343378275629866 0.1847963112262091 1.813567188679034e-17
v -0.32397265761125466 0.18105548935916735 -0.04210299998521805
v -0.34343378275629866 0.1847963112262091 1.813567188679034e-17
v -0.3349842676553528 0.14098255939038512 1.4096542338249005e-17
v -0.3197371171165488 0.13805074550462734 0.03298899903893471
v -0.34343378275629866 0.1847963112262091 1.813567188679034e-17
v -0.3197371171165488 0.13805074550462734 -0.03298899903893471
v -0.3349842676553528 0.14098255939038512 1.4096542338249005e-17
vn 0.6743293647149559 -0.2160784145240103 -0.7061090756107825
vn 0.9819091763228811 -0.1893525005193252 4.112215152806543e-10
vn 0.9819084866256712 -0.18935607698852486 5.411232981552801e-9
vn 0.9819084866256712 -0.18935607698852486 5.411232981552801e-9
vn 0.9819091763228811 -0.1893525005193252 4.112215152806543e-10
vn 0.6743293647149559 -0.2160784145240103 0.7061090756107825
vn 0.9819091763228811 -0.1893525005193252 4.112215152806543e-10
vn 0.6743293647149559 -0.2160784145240103 -0.7061090756107825
vn 0.674326952849682 -0.21607775920487246 -0.7061115794528963
vn 0.9819091763228811 -0.1893525005193252 4.112215152806543e-10
vn 0.674326952849682 -0.21607775920487246 0.7061115794528963
vn 0.6743293647149559 -0.2160784145240103 0.7061090756107825
vn 0.674326952849682 -0.21607775920487246 -0.7061115794528963
vn 0.6743293647149559 -0.2160784145240103 -0.7061090756107825
vn 0.056082471857302335 -0.2917059942574737 -0.9548624870967723
vn 0.056082471857302335 -0.2917059942574737 0.9548624870967723
vn 0.6743293647149559 -0.2160784145240103 0.7061090756107825
vn 0.674326952849682 -0.21607775920487246 0.7061115794528963
vn 0.056082471857302335 -0.2917059942574737 -0.9548624870967723
vn 0.6743293647149559 -0.2160784145240103 -0.7061090756107825
vn 0.05608720724104051 -0.29170778178916423 -0.9548616628745475
vn 0.6743293647149559 -0.2160784145240103 0.7061090756107825
vn 0.056082471857302335 -0.2917059942574737 0.9548624870967723
vn 0.05608720724104051 -0.29170778178916423 0.9548616628745475
vn -0.5672898328733611 -0.4013124351295449 -0.7191179144819775
vn 0.056082471857302335 -0.2917059942574737 -0.9548624870967723
vn 0.05608720724104051 -0.29170778178916423 -0.9548616628745475
vn -0.5672898328733611 -0.4013124351295449 0.7191179144819775
vn 0.05608720724104051 -0.29170778178916423 0.9548616628745475
vn 0.056082471857302335 -0.2917059942574737 0.9548624870967723
vn 0.056082471857302335 -0.2917059942574737 -0.9548624870967723
vn -0.5672898328733611 -0.4013124351295449 -0.7191179144819775
vn -0.5672932700184475 -0.4013072069058076 -0.7191181206708924
vn 0.056082471857302335 -0.2917059942574737 0.9548624870967723
vn -0.5672932700184475 -0.4013072069058076 0.7191181206708924
vn -0.5672898328733611 -0.4013124351295449 0.7191179144819775
vn -0.5672898328733611 -0.4013124351295449 -0.7191179144819775
vn -0.8833370199373981 -0.4687384230123628 -2.2923384793517334e-9
vn -0.5672932700184475 -0.4013072069058076 -0.7191181206708924
vn -0.8833370199373981 -0.4687384230123628 -2.2923384793517334e-9
vn -0.5672898328733611 -0.4013124351295449 0.7191179144819775
vn -0.5672932700184475 -0.4013072069058076 0.7191181206708924
vn -0.8833370199373981 -0.4687384230123628 -2.2923384793517334e-9
vn -0.5672898328733611 -0.4013124351295449 -0.7191179144819775
vn -0.8833345180286417 -0.4687431378261525 -5.218019270832621e-9
vn -0.5672898328733611 -0.4013124351295449 0.7191179144819775
vn -0.8833370199373981 -0.4687384230123628 -2.2923384793517334e-9
vn -0.8833345180286417 -0.4687431378261525 -5.218019270832621e-9
vn 0.6743293611907545 0.21607843758146952 -0.706109071920493
vn 0.9819091739487334 0.1893525128307409 4.551754423260657e-9
vn 0.6743269493255054 0.21607778226232793 -0.7061115757626064
vn 0.05608243747332421 0.2917060332019975 -0.9548624772188955
vn 0.6743293611907545 0.21607843758146952 -0.706109071920493
vn 0.6743269493255054 0.21607778226232793 -0.7061115757626064
vn 0.9819091739487334 0.1893525128307409 4.551754423260657e-9
vn 0.6743293611907545 0.21607843758146952 -0.706109071920493
vn 0.9819084866256712 0.18935607698852486 5.411232981552801e-9
vn 0.6743293611907545 0.21607843758146952 -0.706109071920493
vn 0.05608243747332421 0.2917060332019975 -0.9548624772188955
vn 0.05608720724104051 0.29170778178916423 -0.9548616628745475
vn 0.6743293611907545 0.21607843758146952 0.706109071920493
vn 0.9819091739487334 0.1893525128307409 4.551754423260657e-9
vn 0.9819084866256712 0.18935607698852486 5.411232981552801e-9
vn 0.05608243747332421 0.2917060332019975 -0.9548624772188955
vn -0.5672898328733611 0.4013124351295449 -0.7191179144819775
vn 0.05608720724104051 0.29170778178916423 -0.9548616628745475
vn 0.9819091739487334 0.1893525128307409 4.551754423260657e-9
vn 0.6743293611907545 0.21607843758146952 0.706109071920493
vn 0.6743269493255054 0.21607778226232793 0.7061115757626064
vn -0.5672898328733611 0.4013124351295449 -0.7191179144819775
vn 0.05608243747332421 0.2917060332019975 -0.9548624772188955
vn -0.5672932700184475 0.4013072069058076 -0.7191181206708924
vn 0.6743293611907545 0.21607843758146952 0.706109071920493
vn 0.05608243747332421 0.2917060332019975 0.9548624772188955
vn 0.6743269493255054 0.21607778226232793 0.7061115757626064
vn -0.5672898328733611 0.4013124351295449 -0.7191179144819775
vn -0.5672932700184475 0.4013072069058076 -0.7191181206708924
vn -0.8833370199373981 0.4687384230123628 -5.1193852123991575e-9
vn 0.05608243747332421 0.2917060332019975 0.9548624772188955
vn 0.6743293611907545 0.21607843758146952 0.706109071920493
vn 0.05608720724104051 0.29170778178916423 0.9548616628745475
vn -0.5672898328733611 0.4013124351295449 -0.7191179144819775
vn -0.8833370199373981 0.4687384230123628 -5.1193852123991575e-9
vn -0.8833345180286417 0.4687431378261525 -5.218019270832621e-9
vn 0.05608243747332421 0.2917060332019975 0.9548624772188955
vn 0.05608720724104051 0.29170778178916423 0.9548616628745475
vn -0.5672898328733611 0.4013124351295449 0.7191179144819775
vn -0.8833370199373981 0.4687384230123628 -5.1193852123991575e-9
vn -0.5672898328733611 0.4013124351295449 0.7191179144819775
vn -0.8833345180286417 0.4687431378261525 -5.218019270832621e-9
vn -0.5672932700184475 0.4013072069058076 0.7191181206708924
vn 0.05608243747332421 0.2917060332019975 0.9548624772188955
vn -0.5672898328733611 0.4013124351295449 0.7191179144819775
vn -0.5672898328733611 0.4013124351295449 0.7191179144819775
vn -0.8833370199373981 0.4687384230123628 -5.1193852123991575e-9
vn -0.5672932700184475 0.4013072069058076 0.7191181206708924
vn 0.1165941484839962 0.009915780901038604 0.9931301434496964
vn 0.6557501460949782 6.858232514961578e-10 0.7549779770936466
vn -0.1253177201968241 1.5011214356616903e-13 0.9921166609853251
vn 0.6557501460949782 6.858232514961578e-10 0.7549779770936466
vn 0.1165941484839962 0.009915780901038604 0.9931301434496964
vn 0.6603153209144607 0.05615670169100661 0.7488859070785217
vn -0.1253177201968241 1.5011214356616903e-13 0.9921166609853251
vn -0.6665582930998101 -0.05558290267084064 0.7433778197058019
vn 0.1165941484839962 0.009915780901038604 0.9931301434496964
vn 0.9963874445262452 0.08492385053951994 1.4810736044203089e-9
vn 0.6557501460949782 6.858232514961578e-10 0.7549779770936466
vn 0.6603153209144607 0.05615670169100661 0.7488859070785217
vn -0.6665582930998101 -0.05558290267084064 0.7433778197058019
vn -0.1253177201968241 1.5011214356616903e-13 0.9921166609853251
vn -0.6624872286336576 2.2789077604820127e-10 0.7490732086367099
vn -0.1253177201968241 1.5011214356616903e-13 0.9921166609853251
vn -0.6665583359358309 0.05558344189290049 0.7433777409781616
vn -0.6624872286336576 2.2789077604820127e-10 0.7490732086367099
vn -0.9999999999999999 1.2034066320834635e-10 1.837006710888232e-8
vn -0.6665582930998101 -0.05558290267084064 0.7433778197058019
vn -0.6624872286336576 2.2789077604820127e-10 0.7490732086367099
vn -0.6665583359358309 0.05558344189290049 0.7433777409781616
vn -0.9999999999999999 1.2034066320834635e-10 1.837006710888232e-8
vn -0.6624872286336576 2.2789077604820127e-10 0.7490732086367099
vn -0.6665583359358309 0.05558344189290049 0.7433777409781616
vn -0.1253177201968241 1.5011214356616903e-13 0.9921166609853251
vn 0.11659409626493715 -0.009915884209235006 0.9931301485487749
vn 0.6557501460949782 6.858232514961578e-10 0.7549779770936466
vn 0.11659409626493715 -0.009915884209235006 0.9931301485487749
vn -0.1253177201968241 1.5011214356616903e-13 0.9921166609853251
vn 0.11659409626493715 -0.009915884209235006 0.9931301485487749
vn 0.6557501460949782 6.858232514961578e-10 0.7549779770936466
vn 0.6603152671287722 -0.05615730238504094 0.7488859094585059
vn 0.6603152671287722 -0.05615730238504094 0.7488859094585059
vn 0.6557501460949782 6.858232514961578e-10 0.7549779770936466
vn 0.9963873662883574 -0.0849247684774616 -5.810485151989376e-10
vn -0.9999999999999999 1.2034066320834635e-10 1.837006710888232e-8
vn -0.996565429862957 -0.08280908163999708 4.913568549694014e-9
vn -0.6665582930998101 -0.05558290267084064 0.7433778197058019
vn -0.9999999999999999 1.2034066320834635e-10 1.837006710888232e-8
vn -0.6665583359358309 0.05558344189290049 0.7433777409781616
vn -0.9965653651143366 0.08280986085321784 4.620971723769744e-9
vn -0.9999999999999999 1.2034066320834635e-10 1.837006710888232e-8
vn -0.6665583242200793 -0.055582911217561995 -0.7433777911624078
vn -0.996565429862957 -0.08280908163999708 4.913568549694014e-9
vn -0.666558335715324 0.05558344782617996 -0.7433777407322416
vn -0.9999999999999999 1.2034066320834635e-10 1.837006710888232e-8
vn -0.9965653651143366 0.08280986085321784 4.620971723769744e-9
vn -0.6665583242200793 -0.055582911217561995 -0.7433777911624078
vn -0.9999999999999999 1.2034066320834635e-10 1.837006710888232e-8
vn -0.6624872286336576 1.695913407860357e-10 -0.7490732086367099
vn -0.9999999999999999 1.2034066320834635e-10 1.837006710888232e-8
vn -0.666558335715324 0.05558344782617996 -0.7433777407322416
vn -0.6624872286336576 1.695913407860357e-10 -0.7490732086367099
vn -0.1253177201968241 1.5011214356616903e-13 -0.9921166609853251
vn -0.6665583242200793 -0.055582911217561995 -0.7433777911624078
vn -0.6624872286336576 1.695913407860357e-10 -0.7490732086367099
vn -0.666558335715324 0.05558344782617996 -0.7433777407322416
vn -0.1253177201968241 1.5011214356616903e-13 -0.9921166609853251
vn -0.6624872286336576 1.695913407860357e-10 -0.7490732086367099
vn -0.6665583242200793 -0.055582911217561995 -0.7433777911624078
vn -0.1253177201968241 1.5011214356616903e-13 -0.9921166609853251
vn 0.116594148482372 0.009915782305761492 -0.9931301434358617
vn -0.1253177201968241 1.5011214356616903e-13 -0.9921166609853251
vn -0.666558335715324 0.05558344782617996 -0.7433777407322416
vn 0.11659409626493715 -0.009915884209235006 -0.9931301485487749
vn 0.6557501460949782 -2.474965044475922e-10 -0.7549779770936466
vn 0.116594148482372 0.009915782305761492 -0.9931301434358617
vn -0.1253177201968241 1.5011214356616903e-13 -0.9921166609853251
vn 0.11659409626493715 -0.009915884209235006 -0.9931301485487749
vn 0.6557501460949782 -2.474965044475922e-10 -0.7549779770936466
vn -0.1253177201968241 1.5011214356616903e-13 -0.9921166609853251
vn 0.116594148482372 0.009915782305761492 -0.9931301434358617
vn 0.6557501460949782 -2.474965044475922e-10 -0.7549779770936466
vn 0.6603153209144607 0.05615670169100661 -0.7488859070785217
vn 0.6557501460949782 -2.474965044475922e-10 -0.7549779770936466
vn 0.11659409626493715 -0.009915884209235006 -0.9931301485487749
vn 0.6603152671287722 -0.05615730238504094 -0.7488859094585059
vn 0.9963873662883574 -0.0849247684774616 -5.810485151989376e-10
vn 0.6557501460949782 -2.474965044475922e-10 -0.7549779770936466
vn 0.6603152671287722 -0.05615730238504094 -0.7488859094585059
vn 0.6557501460949782 -2.474965044475922e-10 -0.7549779770936466
vn 0.9963874445262452 0.08492385053951994 1.4810736044203089e-9
vn 0.6603153209144607 0.05615670169100661 -0.7488859070785217
vn 0.6557501460949782 -2.474965044475922e-10 -0.7549779770936466
vn 0.9963873662883574 -0.0849247684774616 -5.810485151989376e-10
vn 1 -5.466863794475225e-10 -9.45005448269049e-9
vn 0.9963874445262452 0.08492385053951994 1.4810736044203089e-9
vn 0.6557501460949782 -2.474965044475922e-10 -0.7549779770936466
vn 1 -5.466863794475225e-10 -9.45005448269049e-9
vn 1 -5.466863794475225e-10 -9.45005448269049e-9
vn 0.9963873662883574 -0.0849247684774616 -5.810485151989376e-10
vn 0.6557501460949782 6.858232514961578e-10 0.7549779770936466
vn 0.9963874445262452 0.08492385053951994 1.4810736044203089e-9
vn 1 -5.466863794475225e-10 -9.45005448269049e-9
vn 0.6557501460949782 6.858232514961578e-10 0.7549779770936466
vn 0.8833382927467279 0.46873602439677703 -4.614452279281701e-9
vn 0.5672855691617436 0.40131088607979987 0.7191221424310913
vn 0.5672887521123632 0.40130639151042397 0.7191221397368323
vn -0.05608124719605653 0.29169889849914277 0.9548647267164715
vn 0.5672887521123632 0.40130639151042397 0.7191221397368323
vn 0.5672855691617436 0.40131088607979987 0.7191221424310913
vn 0.5672855691617436 0.40131088607979987 0.7191221424310913
vn 0.8833382927467279 0.46873602439677703 -4.614452279281701e-9
vn 0.8833345535274387 0.4687430709295664 2.668840038074835e-9
vn -0.05608124719605653 0.29169889849914277 0.9548647267164715
vn 0.5672855691617436 0.40131088607979987 0.7191221424310913
vn -0.05608479660343637 0.2916995670048908 0.9548643140253542
vn 0.5672855691617436 0.40131088607979987 -0.7191221424310913
vn 0.8833345535274387 0.4687430709295664 2.668840038074835e-9
vn 0.8833382927467279 0.46873602439677703 -4.614452279281701e-9
vn -0.6743254382088353 0.21606976460739055 0.7061154722897445
vn -0.05608124719605653 0.29169889849914277 0.9548647267164715
vn -0.05608479660343637 0.2916995670048908 0.9548643140253542
vn 0.5672887521123632 0.40130639151042397 -0.7191221397368323
vn 0.5672855691617436 0.40131088607979987 -0.7191221424310913
vn 0.8833382927467279 0.46873602439677703 -4.614452279281701e-9
vn -0.05608124719605653 0.29169889849914277 0.9548647267164715
vn -0.6743254382088353 0.21606976460739055 0.7061154722897445
vn -0.6743254958246684 0.21606203025340173 0.7061177839168145
vn -0.05608124719605653 0.29169889849914277 -0.9548647267164715
vn 0.5672855691617436 0.40131088607979987 -0.7191221424310913
vn 0.5672887521123632 0.40130639151042397 -0.7191221397368323
vn -0.6743254382088353 0.21606976460739055 0.7061154722897445
vn -0.9819106644384491 0.1893447835617431 -6.007715683677284e-9
vn -0.6743254958246684 0.21606203025340173 0.7061177839168145
vn 0.5672855691617436 0.40131088607979987 -0.7191221424310913
vn -0.05608124719605653 0.29169889849914277 -0.9548647267164715
vn -0.05608479660343637 0.2916995670048908 -0.9548643140253542
vn -0.9819106644384491 0.1893447835617431 -6.007715683677284e-9
vn -0.6743254382088353 0.21606976460739055 0.7061154722897445
vn -0.9819074259378805 0.18936157711649315 -2.9041702480849677e-9
vn -0.05608479660343637 0.2916995670048908 -0.9548643140253542
vn -0.05608124719605653 0.29169889849914277 -0.9548647267164715
vn -0.6743254382088353 0.21606976460739055 -0.7061154722897445
vn -0.6743254382088353 0.21606976460739055 -0.7061154722897445
vn -0.9819106644384491 0.1893447835617431 -6.007715683677284e-9
vn -0.9819074259378805 0.18936157711649315 -2.9041702480849677e-9
vn -0.6743254382088353 0.21606976460739055 -0.7061154722897445
vn -0.05608124719605653 0.29169889849914277 -0.9548647267164715
vn -0.6743254958246684 0.21606203025340173 -0.7061177839168145
vn -0.9819106644384491 0.1893447835617431 -6.007715683677284e-9
vn -0.6743254382088353 0.21606976460739055 -0.7061154722897445
vn -0.6743254958246684 0.21606203025340173 -0.7061177839168145
vn 0.8833383501107538 -0.4687359162936111 -7.690102847057679e-9
vn 0.5672856310310059 -0.40131078995501207 0.7191221472680684
vn 0.8833345535274387 -0.4687430709295664 -3.4488602985125147e-9
vn 0.5672856310310059 -0.40131078995501207 -0.7191221472680684
vn 0.8833383501107538 -0.4687359162936111 -7.690102847057679e-9
vn 0.8833345535274387 -0.4687430709295664 -3.4488602985125147e-9
vn 0.5672856310310059 -0.40131078995501207 0.7191221472680684
vn 0.8833383501107538 -0.4687359162936111 -7.690102847057679e-9
vn 0.5672888040770261 -0.40130621426105617 0.7191221976578924
vn 0.5672888040770261 -0.40130621426105617 -0.7191221976578924
vn 0.8833383501107538 -0.4687359162936111 -7.690102847057679e-9
vn 0.5672856310310059 -0.40131078995501207 -0.7191221472680684
vn 0.5672856310310059 -0.40131078995501207 0.7191221472680684
vn 0.5672888040770261 -0.40130621426105617 0.7191221976578924
vn -0.056081187012336685 -0.2916988399215613 0.954864748145884
vn 0.5672856310310059 -0.40131078995501207 -0.7191221472680684
vn -0.056081187012336685 -0.2916988399215613 -0.954864748145884
vn 0.5672888040770261 -0.40130621426105617 -0.7191221976578924
vn -0.05608479057940663 -0.2916995247331167 0.9548643272926988
vn 0.5672856310310059 -0.40131078995501207 0.7191221472680684
vn -0.056081187012336685 -0.2916988399215613 0.954864748145884
vn -0.056081187012336685 -0.2916988399215613 -0.954864748145884
vn 0.5672856310310059 -0.40131078995501207 -0.7191221472680684
vn -0.05608479057940663 -0.2916995247331167 -0.9548643272926988
vn -0.056081187012336685 -0.2916988399215613 0.954864748145884
vn -0.674325445256901 -0.21606971849237616 0.7061154796700803
vn -0.05608479057940663 -0.2916995247331167 0.9548643272926988
vn -0.674325445256901 -0.21606971849237616 -0.7061154796700803
vn -0.056081187012336685 -0.2916988399215613 -0.954864748145884
vn -0.05608479057940663 -0.2916995247331167 -0.9548643272926988
vn -0.674325445256901 -0.21606971849237616 0.7061154796700803
vn -0.056081187012336685 -0.2916988399215613 0.954864748145884
vn -0.6743255609363731 -0.21606200871927259 0.7061177283258356
vn -0.056081187012336685 -0.2916988399215613 -0.954864748145884
vn -0.674325445256901 -0.21606971849237616 -0.7061154796700803
vn -0.6743255609363731 -0.21606200871927259 -0.7061177283258356
vn -0.9819106668125022 -0.18934477125029694 4.680320282975069e-9
vn -0.674325445256901 -0.21606971849237616 0.7061154796700803
vn -0.6743255609363731 -0.21606200871927259 0.7061177283258356
vn -0.674325445256901 -0.21606971849237616 -0.7061154796700803
vn -0.9819106668125022 -0.18934477125029694 4.680320282975069e-9
vn -0.6743255609363731 -0.21606200871927259 -0.7061177283258356
vn -0.9819106668125022 -0.18934477125029694 4.680320282975069e-9
vn -0.9819074259378805 -0.18936157711649315 -4.194711182016374e-9
vn -0.674325445256901 -0.21606971849237616 0.7061154796700803
vn -0.9819106668125022 -0.18934477125029694 4.680320282975069e-9
vn -0.674325445256901 -0.21606971849237616 -0.7061154796700803
vn -0.9819074259378805 -0.18936157711649315 -4.194711182016374e-9
f 4933//4933 4934//4934 4935//4935
f 4936//4936 4937//4937 4938//4938
f 4939//4939 4940//4940 4941//4941
f 4942//4942 4943//4943 4944//4944
f 4945//4945 4946//4946 4947//4947
f 4948//4948 4949//4949 4950//4950
f 4951//4951 4952//4952 4953//4953
f 4954//4954 4955//4955 4956//4956
f 4957//4957 4958//4958 4959//4959
f 4960//4960 4961//4961 4962//4962
f 4963//4963 4964//4964 4965//4965
f 4966//4966 4967//4967 4968//4968
f 4969//4969 4970//4970 4971//4971
f 4972//4972 4973//4973 4974//4974
f 4975//4975 4976//4976 4977//4977
f 4978//4978 4979//4979 4980//4980
f 4981//4981 4982//4982 4983//4983
f 4984//4984 4985//4985 4986//4986
f 4987//4987 4988//4988 4989//4989
f 4990//4990 4991//4991 4992//4992
f 4993//4993 4994//4994 4995//4995
f 4996//4996 4997//4997 4998//4998
f 4999//4999 5000//5000 5001//5001
f 5002//5002 5003//5003 5004//5004
f 5005//5005 5006//5006 5007//5007
f 5008//5008 5009//5009 5010//5010
f 5011//5011 5012//5012 5013//5013
f 5014//5014 5015//5015 5016//5016
f 5017//5017 5018//5018 5019//5019
f 5020//5020 5021//5021 5022//5022
f 5023//5023 5024//5024 5025//5025
f 5026//5026 5027//5027 5028//5028
f 5029//5029 5030//5030 5031//5031
f 5032//5032 5033//5033 5034//5034
f 5035//5035 5036//5036 5037//5037
f 5038//5038 5039//5039 5040//5040
f 5041//5041 5042//5042 5043//5043
f 5044//5044 5045//5045 5046//5046
f 5047//5047 5048//5048 5049//5049
f 5050//5050 5051//5051 5052//5052
f 5053//5053 5054//5054 5055//5055
f 5056//5056 5057//5057 5058//5058
f 5059//5059 5060//5060 5061//5061
f 5062//5062 5063//5063 5064//5064
f 5065//5065 5066//5066 5067//5067
f 5068//5068 5069//5069 5070//5070
f 5071//5071 5072//5072 5073//5073
f 5074//5074 5075//5075 5076//5076
f 5077//5077 5078//5078 5079//5079
f 5080//5080 5081//5081 5082//5082
f 5083//5083 5084//5084 5085//5085
f 5086//5086 5087//5087 5088//5088
f 5089//5089 5090//5090 5091//5091
f 5092//5092 5093//5093 5094//5094
f 5095//5095 5096//5096 5097//5097
f 5098//5098 5099//5099 5100//5100
f 5101//5101 5102//5102 5103//5103
f 5104//5104 5105//5105 5106//5106
f 5107//5107 5108//5108 5109//5109
f 5110//5110 5111//5111 5112//5112
f 5113//5113 5114//5114 5115//5115
f 5116//5116 5117//5117 5118//5118
f 5119//5119 5120//5120 5121//5121
f 5122//5122 5123//5123 5124//5124
f 5125//5125 5126//5126 5127//5127
f 5128//5128 5129//5129 5130//5130
f 5131//5131 5132//5132 5133//5133
f 5134//5134 5135//5135 5136//5136
f 5137//5137 5138//5138 5139//5139
f 5140//5140 5141//5141 5142//5142
f 5143//5143 5144//5144 5145//5145
f 5146//5146 5147//5147 5148//5148
f 5149//5149 5150//5150 5151//5151
f 5152//5152 5153//5153 5154//5154
f 5155//5155 5156//5156 5157//5157
f 5158//5158 5159//5159 5160//5160
f 5161//5161 5162//5162 5163//5163
f 5164//5164 5165//5165 5166//5166
f 5167//5167 5168//5168 5169//5169
f 5170//5170 5171//5171 5172//5172
f 5173//5173 5174//5174 5175//5175
f 5176//5176 5177//5177 5178//5178
f 5179//5179 5180//5180 5181//5181
f 5182//5182 5183//5183 5184//5184
f 5185//5185 5186//5186 5187//5187
f 5188//5188 5189//5189 5190//5190
f 5191//5191 5192//5192 5193//5193
f 5194//5194 5195//5195 5196//5196
f 5197//5197 5198//5198 5199//5199
f 5200//5200 5201//5201 5202//5202
f 5203//5203 5204//5204 5205//5205
f 5206//5206 5207//5207 5208//5208
f 5209//5209 5210//5210 5211//5211
f 5212//5212 5213//5213 5214//5214
f 5215//5215 5216//5216 5217//5217
f 5218//5218 5219//5219 5220//5220
o Mesh
usemtl material10
v 1.1514736409887076 2.03961598362623 0.017116999253630638
v 0.8283881580571724 1.7952861706973033 -0.017116999253630638
v 1.1514736409887076 2.03961598362623 -0.017116999253630638
v 0.8791735340187549 2.030317127773138 -0.017116999253630638
v 1.1514736409887076 2.03961598362623 0.017116999253630638
v 1.1514736409887076 2.03961598362623 -0.017116999253630638
v 0.8283881580571724 1.7952861706973033 -0.017116999253630638
v 1.1514736409887076 2.03961598362623 0.017116999253630638
v 0.8283881580571724 1.7952861706973033 0.017116999253630638
v 1.1514736409887076 2.03961598362623 0.017116999253630638
v 0.8791735340187549 2.030317127773138 -0.017116999253630638
v 0.8791735340187549 2.030317127773138 0.017116999253630638
v 0.8283881580571724 1.7952861706973033 0.017116999253630638
v 0.6959670657165076 1.7767427762179173 0.017116999253630638
v 0.8283881580571724 1.7952861706973033 -0.017116999253630638
v 0.6115622892584016 1.9744864615095368 -0.017116999253630638
v 0.8791735340187549 2.030317127773138 0.017116999253630638
v 0.8791735340187549 2.030317127773138 -0.017116999253630638
v 0.6959670657165076 1.7767427762179173 -0.017116999253630638
v 0.8283881580571724 1.7952861706973033 -0.017116999253630638
v 0.6959670657165076 1.7767427762179173 0.017116999253630638
v 0.8791735340187549 2.030317127773138 0.017116999253630638
v 0.6115622892584016 1.9744864615095368 -0.017116999253630638
v 0.6115622892584016 1.9744864615095368 0.017116999253630638
v 0.6959670657165076 1.7767427762179173 -0.017116999253630638
v 0.6959670657165076 1.7767427762179173 0.017116999253630638
v 0.7127541891752815 1.711956101903028 0.017116999253630638
v 0.4404551773481024 1.8921793935465112 -0.017116999253630638
v 0.6115622892584016 1.9744864615095368 0.017116999253630638
v 0.6115622892584016 1.9744864615095368 -0.017116999253630638
v 0.7127541891752815 1.711956101903028 -0.017116999253630638
v 0.6959670657165076 1.7767427762179173 -0.017116999253630638
v 0.7127541891752815 1.711956101903028 0.017116999253630638
v 0.6115622892584016 1.9744864615095368 0.017116999253630638
v 0.4404551773481024 1.8921793935465112 -0.017116999253630638
v 0.4404551773481024 1.8921793935465112 0.017116999253630638
v 0.7127541891752815 1.711956101903028 0.017116999253630638
v 0.5182771853805423 1.5803567048777378 0.017116999253630638
v 0.7127541891752815 1.711956101903028 -0.017116999253630638
v 0.23733756446258883 1.7480610634386196 -0.017116999253630638
v 0.4404551773481024 1.8921793935465112 0.017116999253630638
v 0.4404551773481024 1.8921793935465112 -0.017116999253630638
v 0.5182771853805423 1.5803567048777378 -0.017116999253630638
v 0.7127541891752815 1.711956101903028 -0.017116999253630638
v 0.5182771853805423 1.5803567048777378 0.017116999253630638
v 0.4404551773481024 1.8921793935465112 0.017116999253630638
v 0.23733756446258883 1.7480610634386196 -0.017116999253630638
v 0.23733756446258883 1.7480610634386196 0.017116999253630638
v 0.5182771853805423 1.5803567048777378 -0.017116999253630638
v 0.5182771853805423 1.5803567048777378 0.017116999253630638
v 0.470857857096431 1.61620005691283 0.017116999253630638
v 0.025985269791620746 1.3976573078166978 -0.017116999253630638
v 0.23733756446258883 1.7480610634386196 0.017116999253630638
v 0.23733756446258883 1.7480610634386196 -0.017116999253630638
v 0.470857857096431 1.61620005691283 -0.017116999253630638
v 0.5182771853805423 1.5803567048777378 -0.017116999253630638
v 0.470857857096431 1.61620005691283 0.017116999253630638
v 0.23733756446258883 1.7480610634386196 0.017116999253630638
v 0.025985269791620746 1.3976573078166978 -0.017116999253630638
v 0.025985269791620746 1.3976573078166978 0.017116999253630638
v 0.470857857096431 1.61620005691283 -0.017116999253630638
v 0.470857857096431 1.61620005691283 0.017116999253630638
v 0.48325682770290207 1.563297295040711 0.017116999253630638
v -0.15825235124960385 1.0781193559128657 -0.017116999253630638
v 0.025985269791620746 1.3976573078166978 0.017116999253630638
v 0.025985269791620746 1.3976573078166978 -0.017116999253630638
v 0.48325682770290207 1.563297295040711 -0.017116999253630638
v 0.470857857096431 1.61620005691283 -0.017116999253630638
v 0.48325682770290207 1.563297295040711 0.017116999253630638
v 0.025985269791620746 1.3976573078166978 0.017116999253630638
v -0.15825235124960385 1.0781193559128657 -0.017116999253630638
v -0.15825235124960385 1.0781193559128657 0.017116999253630638
v 0.48325682770290207 1.563297295040711 0.017116999253630638
v 0.24911692013607356 1.4051071609289743 0.017116999253630638
v 0.48325682770290207 1.563297295040711 -0.017116999253630638
v -0.15825235124960385 1.0781193559128657 -0.017116999253630638
v -0.10990476310218816 1.0035475836315169 -0.017116999253630638
v -0.15825235124960385 1.0781193559128657 0.017116999253630638
v 0.24911692013607356 1.4051071609289743 -0.017116999253630638
v 0.48325682770290207 1.563297295040711 -0.017116999253630638
v 0.24911692013607356 1.4051071609289743 0.017116999253630638
v -0.10990476310218816 1.0035475836315169 -0.017116999253630638
v -0.10990476310218816 1.0035475836315169 0.017116999253630638
v -0.15825235124960385 1.0781193559128657 0.017116999253630638
v 0.24911692013607356 1.4051071609289743 0.017116999253630638
v 0.0826410490771291 1.2474177588030597 0.017116999253630638
v 0.24911692013607356 1.4051071609289743 -0.017116999253630638
v -0.10990476310218816 1.0035475836315169 -0.017116999253630638
v 0.0826410490771291 1.2474177588030597 -0.017116999253630638
v -0.10990476310218816 1.0035475836315169 0.017116999253630638
v 0.0826410490771291 1.2474177588030597 0.017116999253630638
v -0.10990476310218816 1.0035475836315169 0.017116999253630638
v 0.0826410490771291 1.2474177588030597 -0.017116999253630638
v 0.0826410490771291 1.2474177588030597 -0.017116999253630638
v 0.24911692013607356 1.4051071609289743 -0.017116999253630638
v 0.0826410490771291 1.2474177588030597 0.017116999253630638
v 0.470857857096431 -1.6162013237869246 -0.017116999253630638
v 0.5182771853805423 -1.5803567048777378 -0.017116999253630638
v 0.6959670657165076 -1.7767440430920118 -0.017116999253630638
v 0.7127541891752815 -1.7119573687771226 -0.017116999253630638
v 0.6959670657165076 -1.7767440430920118 -0.017116999253630638
v 0.5182771853805423 -1.5803567048777378 -0.017116999253630638
v 0.470857857096431 -1.6162013237869246 -0.017116999253630638
v 0.6959670657165076 -1.7767440430920118 -0.017116999253630638
v 0.4404551773481024 -1.8921792351872495 -0.017116999253630638
v 0.4404551773481024 -1.8921792351872495 -0.017116999253630638
v 0.6959670657165076 -1.7767440430920118 -0.017116999253630638
v 0.6115622892584016 -1.9744864615095368 -0.017116999253630638
v 0.8283881580571724 -1.7952860123380416 -0.017116999253630638
v 0.6115622892584016 -1.9744864615095368 -0.017116999253630638
v 0.6959670657165076 -1.7767440430920118 -0.017116999253630638
v 0.6115622892584016 -1.9744864615095368 -0.017116999253630638
v 0.8283881580571724 -1.7952860123380416 -0.017116999253630638
v 0.8791735340187549 -2.0303169694138763 -0.017116999253630638
v 0.8791735340187549 -2.0303169694138763 -0.017116999253630638
v 0.8283881580571724 -1.7952860123380416 -0.017116999253630638
v 1.1514736409887076 -2.03961598362623 -0.017116999253630638
v 0.4404551773481024 -1.8921792351872495 -0.017116999253630638
v 0.23733756446258883 -1.7480609050793576 -0.017116999253630638
v 0.470857857096431 -1.6162013237869246 -0.017116999253630638
v 0.24911692013607356 -1.4051070025697123 -0.017116999253630638
v 0.470857857096431 -1.6162013237869246 -0.017116999253630638
v 0.23733756446258883 -1.7480609050793576 -0.017116999253630638
v 0.470857857096431 -1.6162013237869246 -0.017116999253630638
v 0.24911692013607356 -1.4051070025697123 -0.017116999253630638
v 0.48325682770290207 -1.5632985619148054 -0.017116999253630638
v 0.23733756446258883 -1.7480609050793576 -0.017116999253630638
v 0.025985269791620746 -1.3976585746907921 -0.017116999253630638
v 0.24911692013607356 -1.4051070025697123 -0.017116999253630638
v 0.24911692013607356 -1.4051070025697123 -0.017116999253630638
v 0.025985269791620746 -1.3976585746907921 -0.017116999253630638
v 0.0826410490771291 -1.247419025677154 -0.017116999253630638
v -0.15825235124960385 -1.0781193559128657 -0.017116999253630638
v 0.0826410490771291 -1.247419025677154 -0.017116999253630638
v 0.025985269791620746 -1.3976585746907921 -0.017116999253630638
v 0.0826410490771291 -1.247419025677154 -0.017116999253630638
v -0.15825235124960385 -1.0781193559128657 -0.017116999253630638
v -0.10990476310218816 -1.003547504451886 -0.017116999253630638
v 0.24911692013607356 -1.4051070025697123 0.017116999253630638
v 0.23733756446258883 -1.7480609050793576 0.017116999253630638
v 0.470857857096431 -1.6162013237869246 0.017116999253630638
v 0.470857857096431 -1.6162013237869246 0.017116999253630638
v 0.48325682770290207 -1.5632985619148054 0.017116999253630638
v 0.24911692013607356 -1.4051070025697123 0.017116999253630638
v 0.23733756446258883 -1.7480609050793576 0.017116999253630638
v 0.24911692013607356 -1.4051070025697123 0.017116999253630638
v 0.025985269791620746 -1.3976585746907921 0.017116999253630638
v 0.0826410490771291 -1.247419025677154 0.017116999253630638
v 0.025985269791620746 -1.3976585746907921 0.017116999253630638
v 0.24911692013607356 -1.4051070025697123 0.017116999253630638
v 0.025985269791620746 -1.3976585746907921 0.017116999253630638
v 0.0826410490771291 -1.247419025677154 0.017116999253630638
v -0.15825235124960385 -1.0781193559128657 0.017116999253630638
v 0.0826410490771291 -1.247419025677154 0.017116999253630638
v -0.10990476310218816 -1.003547504451886 0.017116999253630638
v -0.15825235124960385 -1.0781193559128657 0.017116999253630638
v 0.4404551773481024 -1.8921792351872495 0.017116999253630638
v 0.470857857096431 -1.6162013237869246 0.017116999253630638
v 0.23733756446258883 -1.7480609050793576 0.017116999253630638
v 0.470857857096431 -1.6162013237869246 0.017116999253630638
v 0.4404551773481024 -1.8921792351872495 0.017116999253630638
v 0.6959670657165076 -1.7767440430920118 0.017116999253630638
v 0.6959670657165076 -1.7767440430920118 0.017116999253630638
v 0.5182771853805423 -1.5803567048777378 0.017116999253630638
v 0.470857857096431 -1.6162013237869246 0.017116999253630638
v 0.5182771853805423 -1.5803567048777378 0.017116999253630638
v 0.6959670657165076 -1.7767440430920118 0.017116999253630638
v 0.7127541891752815 -1.7119573687771226 0.017116999253630638
v 0.6115622892584016 -1.9744864615095368 0.017116999253630638
v 0.6959670657165076 -1.7767440430920118 0.017116999253630638
v 0.4404551773481024 -1.8921792351872495 0.017116999253630638
v 0.6115622892584016 -1.9744864615095368 0.017116999253630638
v 0.8283881580571724 -1.7952860123380416 0.017116999253630638
v 0.6959670657165076 -1.7767440430920118 0.017116999253630638
v 0.8283881580571724 -1.7952860123380416 0.017116999253630638
v 0.6115622892584016 -1.9744864615095368 0.017116999253630638
v 0.8791735340187549 -2.0303169694138763 0.017116999253630638
v 0.8283881580571724 -1.7952860123380416 0.017116999253630638
v 0.8791735340187549 -2.0303169694138763 0.017116999253630638
v 1.1514736409887076 -2.03961598362623 0.017116999253630638
v 0.8283881580571724 1.7952861706973033 -0.017116999253630638
v 0.8791735340187549 2.030317127773138 -0.017116999253630638
v 1.1514736409887076 2.03961598362623 -0.017116999253630638
v 0.8791735340187549 2.030317127773138 -0.017116999253630638
v 0.8283881580571724 1.7952861706973033 -0.017116999253630638
v 0.6115622892584016 1.9744864615095368 -0.017116999253630638
v 0.6959670657165076 1.7767427762179173 -0.017116999253630638
v 0.6115622892584016 1.9744864615095368 -0.017116999253630638
v 0.8283881580571724 1.7952861706973033 -0.017116999253630638
v 0.6115622892584016 1.9744864615095368 -0.017116999253630638
v 0.6959670657165076 1.7767427762179173 -0.017116999253630638
v 0.4404551773481024 1.8921793935465112 -0.017116999253630638
v 0.5182771853805423 1.5803567048777378 -0.017116999253630638
v 0.6959670657165076 1.7767427762179173 -0.017116999253630638
v 0.7127541891752815 1.711956101903028 -0.017116999253630638
v 0.5182771853805423 1.5803567048777378 -0.017116999253630638
v 0.470857857096431 1.61620005691283 -0.017116999253630638
v 0.6959670657165076 1.7767427762179173 -0.017116999253630638
v 0.470857857096431 1.61620005691283 -0.017116999253630638
v 0.4404551773481024 1.8921793935465112 -0.017116999253630638
v 0.6959670657165076 1.7767427762179173 -0.017116999253630638
v 0.4404551773481024 1.8921793935465112 -0.017116999253630638
v 0.470857857096431 1.61620005691283 -0.017116999253630638
v 0.23733756446258883 1.7480610634386196 -0.017116999253630638
v 0.24911692013607356 1.4051071609289743 -0.017116999253630638
v 0.23733756446258883 1.7480610634386196 -0.017116999253630638
v 0.470857857096431 1.61620005691283 -0.017116999253630638
v 0.24911692013607356 1.4051071609289743 -0.017116999253630638
v 0.470857857096431 1.61620005691283 -0.017116999253630638
v 0.48325682770290207 1.563297295040711 -0.017116999253630638
v 0.23733756446258883 1.7480610634386196 -0.017116999253630638
v 0.24911692013607356 1.4051071609289743 -0.017116999253630638
v 0.025985269791620746 1.3976573078166978 -0.017116999253630638
v 0.0826410490771291 1.2474177588030597 -0.017116999253630638
v 0.025985269791620746 1.3976573078166978 -0.017116999253630638
v 0.24911692013607356 1.4051071609289743 -0.017116999253630638
v 0.0826410490771291 1.2474177588030597 -0.017116999253630638
v -0.15825235124960385 1.0781193559128657 -0.017116999253630638
v 0.025985269791620746 1.3976573078166978 -0.017116999253630638
v -0.15825235124960385 1.0781193559128657 -0.017116999253630638
v 0.0826410490771291 1.2474177588030597 -0.017116999253630638
v -0.10990476310218816 1.0035475836315169 -0.017116999253630638
v 0.470857857096431 1.61620005691283 0.017116999253630638
v 0.6959670657165076 1.7767427762179173 0.017116999253630638
v 0.4404551773481024 1.8921793935465112 0.017116999253630638
v 0.4404551773481024 1.8921793935465112 0.017116999253630638
v 0.6959670657165076 1.7767427762179173 0.017116999253630638
v 0.6115622892584016 1.9744864615095368 0.017116999253630638
v 0.4404551773481024 1.8921793935465112 0.017116999253630638
v 0.23733756446258883 1.7480610634386196 0.017116999253630638
v 0.470857857096431 1.61620005691283 0.017116999253630638
v 0.8283881580571724 1.7952861706973033 0.017116999253630638
v 0.6115622892584016 1.9744864615095368 0.017116999253630638
v 0.6959670657165076 1.7767427762179173 0.017116999253630638
v 0.6115622892584016 1.9744864615095368 0.017116999253630638
v 0.8283881580571724 1.7952861706973033 0.017116999253630638
v 0.8791735340187549 2.030317127773138 0.017116999253630638
v 0.8283881580571724 1.7952861706973033 0.017116999253630638
v 1.1514736409887076 2.03961598362623 0.017116999253630638
v 0.8791735340187549 2.030317127773138 0.017116999253630638
v 0.5182771853805423 1.5803567048777378 0.017116999253630638
v 0.6959670657165076 1.7767427762179173 0.017116999253630638
v 0.470857857096431 1.61620005691283 0.017116999253630638
v 0.6959670657165076 1.7767427762179173 0.017116999253630638
v 0.5182771853805423 1.5803567048777378 0.017116999253630638
v 0.7127541891752815 1.711956101903028 0.017116999253630638
v 0.24911692013607356 1.4051071609289743 0.017116999253630638
v 0.470857857096431 1.61620005691283 0.017116999253630638
v 0.23733756446258883 1.7480610634386196 0.017116999253630638
v 0.470857857096431 1.61620005691283 0.017116999253630638
v 0.24911692013607356 1.4051071609289743 0.017116999253630638
v 0.48325682770290207 1.563297295040711 0.017116999253630638
v 0.24911692013607356 1.4051071609289743 0.017116999253630638
v 0.23733756446258883 1.7480610634386196 0.017116999253630638
v 0.025985269791620746 1.3976573078166978 0.017116999253630638
v 0.025985269791620746 1.3976573078166978 0.017116999253630638
v 0.0826410490771291 1.2474177588030597 0.017116999253630638
v 0.24911692013607356 1.4051071609289743 0.017116999253630638
v -0.15825235124960385 1.0781193559128657 0.017116999253630638
v 0.0826410490771291 1.2474177588030597 0.017116999253630638
v 0.025985269791620746 1.3976573078166978 0.017116999253630638
v 0.0826410490771291 1.2474177588030597 0.017116999253630638
v -0.15825235124960385 1.0781193559128657 0.017116999253630638
v -0.10990476310218816 1.0035475836315169 0.017116999253630638
v 0.24571132938029816 -1.0560822393995741 -0.011886999942362309
v 0.2931442205864525 -1.1774235985230292 -0.011886999942362309
v 0.24696525100778827 -1.2642287821379479 -0.011886999942362309
v 0.24696525100778827 -1.2642287821379479 -0.011886999942362309
v 0.2931442205864525 -1.1774235985230292 -0.011886999942362309
v 0.42819075766763826 -1.2782834041618873 -0.011886999942362309
v 0.24696525100778827 -1.2642287821379479 -0.011886999942362309
v 0.06549212414263861 -0.9972933429458557 -0.011886999942362309
v 0.24571132938029816 -1.0560822393995741 -0.011886999942362309
v 0.42819075766763826 -1.2782834041618873 -0.011886999942362309
v 0.5086178407850089 -1.4369026918731111 -0.011886999942362309
v 0.24696525100778827 -1.2642287821379479 -0.011886999942362309
v 0.5086178407850089 -1.4369026918731111 -0.011886999942362309
v 0.42819075766763826 -1.2782834041618873 -0.011886999942362309
v 0.57876596437386 -1.3338853996514444 -0.011886999942362309
v 0.57876596437386 -1.3338853996514444 -0.011886999942362309
v 0.7185398452968766 -1.3738388079673807 -0.011886999942362309
v 0.5086178407850089 -1.4369026918731111 -0.011886999942362309
v 0.06549212414263861 -0.9972933429458557 -0.011886999942362309
v 0.24696525100778827 -1.2642287821379479 -0.011886999942362309
v -0.026223589595515073 -1.013448125499831 -0.011886999942362309
v -0.026223589595515073 -1.013448125499831 -0.011886999942362309
v -0.09517320578122318 -0.8861435900139092 -0.011886999942362309
v 0.06549212414263861 -0.9972933429458557 -0.011886999942362309
v -0.09517320578122318 -0.8861435900139092 -0.011886999942362309
v -0.026223589595515073 -1.013448125499831 -0.011886999942362309
v -0.1316329011821093 -0.9069253134792546 -0.011886999942362309
v 0.24696525100778827 -1.2642287821379479 0.011886999942362309
v 0.42819075766763826 -1.2782834041618873 0.011886999942362309
v 0.2931442205864525 -1.1774235985230292 0.011886999942362309
v 0.24571132938029816 -1.0560822393995741 0.011886999942362309
v 0.24696525100778827 -1.2642287821379479 0.011886999942362309
v 0.2931442205864525 -1.1774235985230292 0.011886999942362309
v 0.24696525100778827 -1.2642287821379479 0.011886999942362309
v 0.24571132938029816 -1.0560822393995741 0.011886999942362309
v 0.06549212414263861 -0.9972933429458557 0.011886999942362309
v 0.5086178407850089 -1.4369026918731111 0.011886999942362309
v 0.42819075766763826 -1.2782834041618873 0.011886999942362309
v 0.24696525100778827 -1.2642287821379479 0.011886999942362309
v 0.42819075766763826 -1.2782834041618873 0.011886999942362309
v 0.5086178407850089 -1.4369026918731111 0.011886999942362309
v 0.57876596437386 -1.3338853996514444 0.011886999942362309
v 0.5086178407850089 -1.4369026918731111 0.011886999942362309
v 0.7185398452968766 -1.3738388079673807 0.011886999942362309
v 0.57876596437386 -1.3338853996514444 0.011886999942362309
v 0.24696525100778827 -1.2642287821379479 0.011886999942362309
v 0.06549212414263861 -0.9972933429458557 0.011886999942362309
v -0.026223589595515073 -1.013448125499831 0.011886999942362309
v -0.09517320578122318 -0.8861435900139092 0.011886999942362309
v -0.026223589595515073 -1.013448125499831 0.011886999942362309
v 0.06549212414263861 -0.9972933429458557 0.011886999942362309
v -0.026223589595515073 -1.013448125499831 0.011886999942362309
v -0.09517320578122318 -0.8861435900139092 0.011886999942362309
v -0.1316329011821093 -0.9069253134792546 0.011886999942362309
v -0.026223589595515073 1.0134469378053674 -0.011886999942362309
v -0.09517320578122318 0.8861436691935402 -0.011886999942362309
v -0.1316329011821093 0.9069253926588855 -0.011886999942362309
v -0.09517320578122318 0.8861436691935402 -0.011886999942362309
v -0.026223589595515073 1.0134469378053674 -0.011886999942362309
v 0.06549212414263861 0.9972934221254867 -0.011886999942362309
v 0.24696525100778827 1.264228861317579 -0.011886999942362309
v 0.06549212414263861 0.9972934221254867 -0.011886999942362309
v -0.026223589595515073 1.0134469378053674 -0.011886999942362309
v 0.24696525100778827 1.264228861317579 -0.011886999942362309
v 0.24571132938029816 1.0560823185792052 -0.011886999942362309
v 0.06549212414263861 0.9972934221254867 -0.011886999942362309
v 0.24571132938029816 1.0560823185792052 -0.011886999942362309
v 0.24696525100778827 1.264228861317579 -0.011886999942362309
v 0.2931442205864525 1.1774235985230292 -0.011886999942362309
v 0.24696525100778827 1.264228861317579 -0.011886999942362309
v 0.42819075766763826 1.2782834833415182 -0.011886999942362309
v 0.2931442205864525 1.1774235985230292 -0.011886999942362309
v 0.24696525100778827 1.264228861317579 -0.011886999942362309
v 0.5086178407850089 1.4369026918731111 -0.011886999942362309
v 0.42819075766763826 1.2782834833415182 -0.011886999942362309
v 0.42819075766763826 1.2782834833415182 -0.011886999942362309
v 0.5086178407850089 1.4369026918731111 -0.011886999942362309
v 0.57876596437386 1.3338855580107063 -0.011886999942362309
v 0.5086178407850089 1.4369026918731111 -0.011886999942362309
v 0.7185398452968766 1.3738389663266424 -0.011886999942362309
v 0.57876596437386 1.3338855580107063 -0.011886999942362309
v 0.24696525100778827 1.264228861317579 0.011886999942362309
v 0.24571132938029816 1.0560823185792052 0.011886999942362309
v 0.2931442205864525 1.1774235985230292 0.011886999942362309
v 0.24571132938029816 1.0560823185792052 0.011886999942362309
v 0.24696525100778827 1.264228861317579 0.011886999942362309
v 0.06549212414263861 0.9972934221254867 0.011886999942362309
v 0.42819075766763826 1.2782834833415182 0.011886999942362309
v 0.24696525100778827 1.264228861317579 0.011886999942362309
v 0.2931442205864525 1.1774235985230292 0.011886999942362309
v 0.06549212414263861 0.9972934221254867 0.011886999942362309
v 0.24696525100778827 1.264228861317579 0.011886999942362309
v -0.026223589595515073 1.0134469378053674 0.011886999942362309
v 0.06549212414263861 0.9972934221254867 0.011886999942362309
v -0.026223589595515073 1.0134469378053674 0.011886999942362309
v -0.09517320578122318 0.8861436691935402 0.011886999942362309
v -0.09517320578122318 0.8861436691935402 0.011886999942362309
v -0.026223589595515073 1.0134469378053674 0.011886999942362309
v -0.1316329011821093 0.9069253926588855 0.011886999942362309
v 0.24696525100778827 1.264228861317579 0.011886999942362309
v 0.42819075766763826 1.2782834833415182 0.011886999942362309
v 0.5086178407850089 1.4369026918731111 0.011886999942362309
v 0.5086178407850089 1.4369026918731111 0.011886999942362309
v 0.42819075766763826 1.2782834833415182 0.011886999942362309
v 0.57876596437386 1.3338855580107063 0.011886999942362309
v 0.57876596437386 1.3338855580107063 0.011886999942362309
v 0.7185398452968766 1.3738389663266424 0.011886999942362309
v 0.5086178407850089 1.4369026918731111 0.011886999942362309
v -0.138969852315119 -0.7789140206079045 -0.008255000226199627
v -0.1160160304429178 -0.6262766352418555 -0.008255000226199627
v 0.023488714931384436 -0.6318852056273291 -0.008255000226199627
v -0.1160160304429178 -0.6262766352418555 -0.008255000226199627
v -0.138969852315119 -0.7789140206079045 -0.008255000226199627
v -0.21414607964814864 -0.6454430150571759 -0.008255000226199627
v 0.023488714931384436 -0.6318852056273291 -0.008255000226199627
v 0.03718231277982498 -0.8088896869153974 -0.008255000226199627
v -0.138969852315119 -0.7789140206079045 -0.008255000226199627
v 0.03718231277982498 -0.8088896869153974 -0.008255000226199627
v 0.023488714931384436 -0.6318852056273291 -0.008255000226199627
v 0.17343301830987592 -0.7105153298905429 -0.008255000226199627
v 0.03718231277982498 -0.8088896869153974 -0.008255000226199627
v 0.17343301830987592 -0.7105153298905429 -0.008255000226199627
v 0.26709803564009293 -0.8153404514449566 -0.008255000226199627
v 0.26709803564009293 -0.8153404514449566 -0.008255000226199627
v 0.3457047218940353 -0.9846694176726787 -0.008255000226199627
v 0.03718231277982498 -0.8088896869153974 -0.008255000226199627
v -0.138969852315119 -0.7789140206079045 0.008255000226199627
v 0.023488714931384436 -0.6318852056273291 0.008255000226199627
v -0.1160160304429178 -0.6262766352418555 0.008255000226199627
v -0.138969852315119 -0.7789140206079045 0.008255000226199627
v -0.1160160304429178 -0.6262766352418555 0.008255000226199627
v -0.21414607964814864 -0.6454430150571759 0.008255000226199627
v 0.023488714931384436 -0.6318852056273291 0.008255000226199627
v -0.138969852315119 -0.7789140206079045 0.008255000226199627
v 0.03718231277982498 -0.8088896869153974 0.008255000226199627
v 0.03718231277982498 -0.8088896869153974 0.008255000226199627
v 0.17343301830987592 -0.7105153298905429 0.008255000226199627
v 0.023488714931384436 -0.6318852056273291 0.008255000226199627
v 0.03718231277982498 -0.8088896869153974 0.008255000226199627
v 0.26709803564009293 -0.8153404514449566 0.008255000226199627
v 0.17343301830987592 -0.7105153298905429 0.008255000226199627
v 0.26709803564009293 -0.8153404514449566 0.008255000226199627
v 0.03718231277982498 -0.8088896869153974 0.008255000226199627
v 0.3457047218940353 -0.9846694176726787 0.008255000226199627
v -0.138969852315119 0.7789140997875353 -0.008255000226199627
v -0.1160160304429178 0.6262767144214865 -0.008255000226199627
v -0.21414607964814864 0.6454430546469914 -0.008255000226199627
v -0.138969852315119 0.7789140997875353 -0.008255000226199627
v 0.023488714931384436 0.6318839387532347 -0.008255000226199627
v -0.1160160304429178 0.6262767144214865 -0.008255000226199627
v 0.023488714931384436 0.6318839387532347 -0.008255000226199627
v -0.138969852315119 0.7789140997875353 -0.008255000226199627
v 0.03718231277982498 0.8088897660950283 -0.008255000226199627
v 0.03718231277982498 0.8088897660950283 -0.008255000226199627
v 0.17343301830987592 0.7105154090701737 -0.008255000226199627
v 0.023488714931384436 0.6318839387532347 -0.008255000226199627
v 0.17343301830987592 0.7105154090701737 -0.008255000226199627
v 0.03718231277982498 0.8088897660950283 -0.008255000226199627
v 0.26709803564009293 0.8153405306245874 -0.008255000226199627
v 0.26709803564009293 0.8153405306245874 -0.008255000226199627
v 0.03718231277982498 0.8088897660950283 -0.008255000226199627
v 0.3457047218940353 0.9846681507985843 -0.008255000226199627
v 0.03718231277982498 0.8088897660950283 0.008255000226199627
v 0.26709803564009293 0.8153405306245874 0.008255000226199627
v 0.3457047218940353 0.9846681507985843 0.008255000226199627
v 0.03718231277982498 0.8088897660950283 0.008255000226199627
v 0.17343301830987592 0.7105154090701737 0.008255000226199627
v 0.26709803564009293 0.8153405306245874 0.008255000226199627
v 0.03718231277982498 0.8088897660950283 0.008255000226199627
v 0.023488714931384436 0.6318839387532347 0.008255000226199627
v 0.17343301830987592 0.7105154090701737 0.008255000226199627
v -0.138969852315119 0.7789140997875353 0.008255000226199627
v 0.023488714931384436 0.6318839387532347 0.008255000226199627
v 0.03718231277982498 0.8088897660950283 0.008255000226199627
v 0.023488714931384436 0.6318839387532347 0.008255000226199627
v -0.138969852315119 0.7789140997875353 0.008255000226199627
v -0.1160160304429178 0.6262767144214865 0.008255000226199627
v -0.1160160304429178 0.6262767144214865 0.008255000226199627
v -0.138969852315119 0.7789140997875353 0.008255000226199627
v -0.21414607964814864 0.6454430546469914 0.008255000226199627
v -0.15585537014001877 -0.5806217392435827 -0.0052919997833669186
v -0.268477224640535 -0.431581682458474 -0.0052919997833669186
v -0.08663210304769858 -0.362077723273356 -0.0052919997833669186
v -0.268477224640535 -0.431581682458474 -0.0052919997833669186
v -0.15585537014001877 -0.5806217392435827 -0.0052919997833669186
v -0.31602764993882854 -0.553124910050913 -0.0052919997833669186
v -0.08663210304769858 -0.362077723273356 -0.0052919997833669186
v -0.03309357184983619 -0.47050155905225066 -0.0052919997833669186
v -0.15585537014001877 -0.5806217392435827 -0.0052919997833669186
v -0.03309357184983619 -0.47050155905225066 -0.0052919997833669186
v -0.08663210304769858 -0.362077723273356 -0.0052919997833669186
v -0.030492995274452595 -0.44787597952209807 -0.0052919997833669186
v -0.03309357184983619 -0.47050155905225066 -0.0052919997833669186
v 0.04965477589058381 -0.5173878962601217 -0.0052919997833669186
v -0.15585537014001877 -0.5806217392435827 -0.0052919997833669186
v 0.04965477589058381 -0.5173878962601217 -0.0052919997833669186
v -0.03309357184983619 -0.47050155905225066 -0.0052919997833669186
v -0.007240721723903498 -0.4608559360056245 -0.0052919997833669186
v -0.03309357184983619 -0.47050155905225066 0.0052919997833669186
v -0.15585537014001877 -0.5806217392435827 0.0052919997833669186
v 0.04965477589058381 -0.5173878962601217 0.0052919997833669186
v 0.04965477589058381 -0.5173878962601217 0.0052919997833669186
v -0.007240721723903498 -0.4608559360056245 0.0052919997833669186
v -0.03309357184983619 -0.47050155905225066 0.0052919997833669186
v -0.08663210304769858 -0.362077723273356 0.0052919997833669186
v -0.15585537014001877 -0.5806217392435827 0.0052919997833669186
v -0.03309357184983619 -0.47050155905225066 0.0052919997833669186
v -0.08663210304769858 -0.362077723273356 0.0052919997833669186
v -0.03309357184983619 -0.47050155905225066 0.0052919997833669186
v -0.030492995274452595 -0.44787597952209807 0.0052919997833669186
v -0.15585537014001877 -0.5806217392435827 0.0052919997833669186
v -0.08663210304769858 -0.362077723273356 0.0052919997833669186
v -0.268477224640535 -0.431581682458474 0.0052919997833669186
v -0.15585537014001877 -0.5806217392435827 0.0052919997833669186
v -0.268477224640535 -0.431581682458474 0.0052919997833669186
v -0.31602764993882854 -0.553124910050913 0.0052919997833669186
v 0.04965477589058381 0.5173866293860273 -0.0052919997833669186
v -0.03309357184983619 0.47050159864206614 -0.0052919997833669186
v -0.15585537014001877 0.5806217788333982 -0.0052919997833669186
v -0.03309357184983619 0.47050159864206614 -0.0052919997833669186
v 0.04965477589058381 0.5173866293860273 -0.0052919997833669186
v -0.007240721723903498 0.46085597559543995 -0.0052919997833669186
v -0.08663210304769858 0.38943381067209804 -0.0052919997833669186
v -0.15585537014001877 0.5806217788333982 -0.0052919997833669186
v -0.03309357184983619 0.47050159864206614 -0.0052919997833669186
v -0.08663210304769858 0.38943381067209804 -0.0052919997833669186
v -0.03309357184983619 0.47050159864206614 -0.0052919997833669186
v -0.030492995274452595 0.447876058701729 -0.0052919997833669186
v -0.15585537014001877 0.5806217788333982 -0.0052919997833669186
v -0.08663210304769858 0.38943381067209804 -0.0052919997833669186
v -0.268477224640535 0.4315804155843796 -0.0052919997833669186
v -0.15585537014001877 0.5806217788333982 -0.0052919997833669186
v -0.268477224640535 0.4315804155843796 -0.0052919997833669186
v -0.31602764993882854 0.5531249496407284 -0.0052919997833669186
v -0.08663210304769858 0.38943381067209804 0.0052919997833669186
v -0.03309357184983619 0.47050159864206614 0.0052919997833669186
v -0.15585537014001877 0.5806217788333982 0.0052919997833669186
v -0.03309357184983619 0.47050159864206614 0.0052919997833669186
v -0.08663210304769858 0.38943381067209804 0.0052919997833669186
v -0.030492995274452595 0.447876058701729 0.0052919997833669186
v -0.08663210304769858 0.38943381067209804 0.0052919997833669186
v -0.15585537014001877 0.5806217788333982 0.0052919997833669186
v -0.268477224640535 0.4315804155843796 0.0052919997833669186
v -0.268477224640535 0.4315804155843796 0.0052919997833669186
v -0.15585537014001877 0.5806217788333982 0.0052919997833669186
v -0.31602764993882854 0.5531249496407284 0.0052919997833669186
v 0.04965477589058381 0.5173866293860273 0.0052919997833669186
v -0.15585537014001877 0.5806217788333982 0.0052919997833669186
v -0.03309357184983619 0.47050159864206614 0.0052919997833669186
v -0.03309357184983619 0.47050159864206614 0.0052919997833669186
v -0.007240721723903498 0.46085597559543995 0.0052919997833669186
v 0.04965477589058381 0.5173866293860273 0.0052919997833669186
v -0.007240721723903498 -0.4608559360056245 0.0052919997833669186
v 0.04965477589058381 -0.5173878962601217 0.0052919997833669186
v -0.007240721723903498 -0.4608559360056245 -0.0052919997833669186
v -0.007240721723903498 -0.4608559360056245 -0.0052919997833669186
v -0.03309357184983619 -0.47050155905225066 0.0052919997833669186
v -0.007240721723903498 -0.4608559360056245 0.0052919997833669186
v 0.04965477589058381 -0.5173878962601217 -0.0052919997833669186
v -0.007240721723903498 -0.4608559360056245 -0.0052919997833669186
v 0.04965477589058381 -0.5173878962601217 0.0052919997833669186
v -0.15585537014001877 -0.5806217392435827 -0.0052919997833669186
v 0.04965477589058381 -0.5173878962601217 -0.0052919997833669186
v 0.04965477589058381 -0.5173878962601217 0.0052919997833669186
v -0.15585537014001877 -0.5806217392435827 -0.0052919997833669186
v 0.04965477589058381 -0.5173878962601217 0.0052919997833669186
v -0.15585537014001877 -0.5806217392435827 0.0052919997833669186
v -0.03309357184983619 -0.47050155905225066 0.0052919997833669186
v -0.007240721723903498 -0.4608559360056245 -0.0052919997833669186
v -0.03309357184983619 -0.47050155905225066 -0.0052919997833669186
v -0.03309357184983619 -0.47050155905225066 -0.0052919997833669186
v -0.030492995274452595 -0.44787597952209807 0.0052919997833669186
v -0.03309357184983619 -0.47050155905225066 0.0052919997833669186
v -0.030492995274452595 -0.44787597952209807 0.0052919997833669186
v -0.03309357184983619 -0.47050155905225066 -0.0052919997833669186
v -0.030492995274452595 -0.44787597952209807 -0.0052919997833669186
v -0.030492995274452595 -0.44787597952209807 -0.0052919997833669186
v -0.08663210304769858 -0.362077723273356 0.0052919997833669186
v -0.030492995274452595 -0.44787597952209807 0.0052919997833669186
v -0.030492995274452595 -0.44787597952209807 -0.0052919997833669186
v -0.08663210304769858 -0.362077723273356 -0.0052919997833669186
v -0.08663210304769858 -0.362077723273356 0.0052919997833669186
v -0.08663210304769858 -0.362077723273356 -0.0052919997833669186
v -0.268477224640535 -0.431581682458474 0.0052919997833669186
v -0.08663210304769858 -0.362077723273356 0.0052919997833669186
v -0.268477224640535 -0.431581682458474 0.0052919997833669186
v -0.08663210304769858 -0.362077723273356 -0.0052919997833669186
v -0.268477224640535 -0.431581682458474 -0.0052919997833669186
v -0.268477224640535 -0.431581682458474 -0.0052919997833669186
v -0.31602764993882854 -0.553124910050913 0.0052919997833669186
v -0.268477224640535 -0.431581682458474 0.0052919997833669186
v -0.268477224640535 -0.431581682458474 -0.0052919997833669186
v -0.31602764993882854 -0.553124910050913 -0.0052919997833669186
v -0.31602764993882854 -0.553124910050913 0.0052919997833669186
v 0.04965477589058381 0.5173866293860273 0.0052919997833669186
v -0.007240721723903498 0.46085597559543995 -0.0052919997833669186
v 0.04965477589058381 0.5173866293860273 -0.0052919997833669186
v -0.15585537014001877 0.5806217788333982 -0.0052919997833669186
v 0.04965477589058381 0.5173866293860273 0.0052919997833669186
v 0.04965477589058381 0.5173866293860273 -0.0052919997833669186
v 0.04965477589058381 0.5173866293860273 0.0052919997833669186
v -0.15585537014001877 0.5806217788333982 -0.0052919997833669186
v -0.15585537014001877 0.5806217788333982 0.0052919997833669186
v -0.007240721723903498 0.46085597559543995 -0.0052919997833669186
v 0.04965477589058381 0.5173866293860273 0.0052919997833669186
v -0.007240721723903498 0.46085597559543995 0.0052919997833669186
v -0.007240721723903498 0.46085597559543995 0.0052919997833669186
v -0.03309357184983619 0.47050159864206614 0.0052919997833669186
v -0.007240721723903498 0.46085597559543995 -0.0052919997833669186
v -0.03309357184983619 0.47050159864206614 -0.0052919997833669186
v -0.007240721723903498 0.46085597559543995 -0.0052919997833669186
v -0.03309357184983619 0.47050159864206614 0.0052919997833669186
v -0.03309357184983619 0.47050159864206614 -0.0052919997833669186
v -0.03309357184983619 0.47050159864206614 0.0052919997833669186
v -0.030492995274452595 0.447876058701729 0.0052919997833669186
v -0.030492995274452595 0.447876058701729 -0.0052919997833669186
v -0.03309357184983619 0.47050159864206614 -0.0052919997833669186
v -0.030492995274452595 0.447876058701729 0.0052919997833669186
v -0.030492995274452595 0.447876058701729 0.0052919997833669186
v -0.08663210304769858 0.38943381067209804 0.0052919997833669186
v -0.030492995274452595 0.447876058701729 -0.0052919997833669186
v -0.08663210304769858 0.38943381067209804 -0.0052919997833669186
v -0.030492995274452595 0.447876058701729 -0.0052919997833669186
v -0.08663210304769858 0.38943381067209804 0.0052919997833669186
v -0.08663210304769858 0.38943381067209804 0.0052919997833669186
v -0.268477224640535 0.4315804155843796 0.0052919997833669186
v -0.08663210304769858 0.38943381067209804 -0.0052919997833669186
v -0.268477224640535 0.4315804155843796 -0.0052919997833669186
v -0.08663210304769858 0.38943381067209804 -0.0052919997833669186
v -0.268477224640535 0.4315804155843796 0.0052919997833669186
v -0.268477224640535 0.4315804155843796 0.0052919997833669186
v -0.31602764993882854 0.5531249496407284 0.0052919997833669186
v -0.268477224640535 0.4315804155843796 -0.0052919997833669186
v -0.31602764993882854 0.5531249496407284 -0.0052919997833669186
v -0.268477224640535 0.4315804155843796 -0.0052919997833669186
v -0.31602764993882854 0.5531249496407284 0.0052919997833669186
v 0.023488714931384436 0.6318839387532347 -0.008255000226199627
v 0.17343301830987592 0.7105154090701737 -0.008255000226199627
v 0.17343301830987592 0.7105154090701737 0.008255000226199627
v 0.26709803564009293 0.8153405306245874 -0.008255000226199627
v 0.17343301830987592 0.7105154090701737 0.008255000226199627
v 0.17343301830987592 0.7105154090701737 -0.008255000226199627
v 0.023488714931384436 0.6318839387532347 -0.008255000226199627
v 0.17343301830987592 0.7105154090701737 0.008255000226199627
v 0.023488714931384436 0.6318839387532347 0.008255000226199627
v 0.17343301830987592 0.7105154090701737 0.008255000226199627
v 0.26709803564009293 0.8153405306245874 -0.008255000226199627
v 0.26709803564009293 0.8153405306245874 0.008255000226199627
v 0.023488714931384436 0.6318839387532347 0.008255000226199627
v -0.1160160304429178 0.6262767144214865 0.008255000226199627
v 0.023488714931384436 0.6318839387532347 -0.008255000226199627
v 0.3457047218940353 0.9846681507985843 -0.008255000226199627
v 0.26709803564009293 0.8153405306245874 0.008255000226199627
v 0.26709803564009293 0.8153405306245874 -0.008255000226199627
v -0.1160160304429178 0.6262767144214865 -0.008255000226199627
v 0.023488714931384436 0.6318839387532347 -0.008255000226199627
v -0.1160160304429178 0.6262767144214865 0.008255000226199627
v 0.26709803564009293 0.8153405306245874 0.008255000226199627
v 0.3457047218940353 0.9846681507985843 -0.008255000226199627
v 0.3457047218940353 0.9846681507985843 0.008255000226199627
v -0.1160160304429178 0.6262767144214865 0.008255000226199627
v -0.21414607964814864 0.6454430546469914 0.008255000226199627
v -0.1160160304429178 0.6262767144214865 -0.008255000226199627
v 0.3457047218940353 0.9846681507985843 -0.008255000226199627
v 0.03718231277982498 0.8088897660950283 -0.008255000226199627
v 0.3457047218940353 0.9846681507985843 0.008255000226199627
v -0.21414607964814864 0.6454430546469914 -0.008255000226199627
v -0.1160160304429178 0.6262767144214865 -0.008255000226199627
v -0.21414607964814864 0.6454430546469914 0.008255000226199627
v 0.03718231277982498 0.8088897660950283 0.008255000226199627
v 0.3457047218940353 0.9846681507985843 0.008255000226199627
v 0.03718231277982498 0.8088897660950283 -0.008255000226199627
v -0.21414607964814864 0.6454430546469914 0.008255000226199627
v -0.138969852315119 0.7789140997875353 0.008255000226199627
v -0.21414607964814864 0.6454430546469914 -0.008255000226199627
v 0.03718231277982498 0.8088897660950283 -0.008255000226199627
v -0.138969852315119 0.7789140997875353 -0.008255000226199627
v 0.03718231277982498 0.8088897660950283 0.008255000226199627
v -0.138969852315119 0.7789140997875353 0.008255000226199627
v 0.03718231277982498 0.8088897660950283 0.008255000226199627
v -0.138969852315119 0.7789140997875353 -0.008255000226199627
v -0.138969852315119 0.7789140997875353 -0.008255000226199627
v -0.21414607964814864 0.6454430546469914 -0.008255000226199627
v -0.138969852315119 0.7789140997875353 0.008255000226199627
v 0.023488714931384436 -0.6318852056273291 0.008255000226199627
v 0.17343301830987592 -0.7105153298905429 0.008255000226199627
v 0.023488714931384436 -0.6318852056273291 -0.008255000226199627
v 0.023488714931384436 -0.6318852056273291 -0.008255000226199627
v -0.1160160304429178 -0.6262766352418555 0.008255000226199627
v 0.023488714931384436 -0.6318852056273291 0.008255000226199627
v 0.17343301830987592 -0.7105153298905429 -0.008255000226199627
v 0.023488714931384436 -0.6318852056273291 -0.008255000226199627
v 0.17343301830987592 -0.7105153298905429 0.008255000226199627
v -0.1160160304429178 -0.6262766352418555 0.008255000226199627
v 0.023488714931384436 -0.6318852056273291 -0.008255000226199627
v -0.1160160304429178 -0.6262766352418555 -0.008255000226199627
v 0.26709803564009293 -0.8153404514449566 -0.008255000226199627
v 0.17343301830987592 -0.7105153298905429 -0.008255000226199627
v 0.17343301830987592 -0.7105153298905429 0.008255000226199627
v -0.1160160304429178 -0.6262766352418555 -0.008255000226199627
v -0.21414607964814864 -0.6454430150571759 0.008255000226199627
v -0.1160160304429178 -0.6262766352418555 0.008255000226199627
v 0.26709803564009293 -0.8153404514449566 -0.008255000226199627
v 0.17343301830987592 -0.7105153298905429 0.008255000226199627
v 0.26709803564009293 -0.8153404514449566 0.008255000226199627
v -0.1160160304429178 -0.6262766352418555 -0.008255000226199627
v -0.21414607964814864 -0.6454430150571759 -0.008255000226199627
v -0.21414607964814864 -0.6454430150571759 0.008255000226199627
v 0.3457047218940353 -0.9846694176726787 -0.008255000226199627
v 0.26709803564009293 -0.8153404514449566 -0.008255000226199627
v 0.26709803564009293 -0.8153404514449566 0.008255000226199627
v -0.21414607964814864 -0.6454430150571759 -0.008255000226199627
v -0.138969852315119 -0.7789140206079045 0.008255000226199627
v -0.21414607964814864 -0.6454430150571759 0.008255000226199627
v 0.3457047218940353 -0.9846694176726787 -0.008255000226199627
v 0.26709803564009293 -0.8153404514449566 0.008255000226199627
v 0.3457047218940353 -0.9846694176726787 0.008255000226199627
v -0.21414607964814864 -0.6454430150571759 -0.008255000226199627
v -0.138969852315119 -0.7789140206079045 -0.008255000226199627
v -0.138969852315119 -0.7789140206079045 0.008255000226199627
v 0.03718231277982498 -0.8088896869153974 -0.008255000226199627
v 0.3457047218940353 -0.9846694176726787 -0.008255000226199627
v 0.3457047218940353 -0.9846694176726787 0.008255000226199627
v -0.138969852315119 -0.7789140206079045 -0.008255000226199627
v 0.03718231277982498 -0.8088896869153974 0.008255000226199627
v -0.138969852315119 -0.7789140206079045 0.008255000226199627
v 0.03718231277982498 -0.8088896869153974 -0.008255000226199627
v 0.3457047218940353 -0.9846694176726787 0.008255000226199627
v 0.03718231277982498 -0.8088896869153974 0.008255000226199627
v -0.138969852315119 -0.7789140206079045 -0.008255000226199627
v 0.03718231277982498 -0.8088896869153974 -0.008255000226199627
v 0.03718231277982498 -0.8088896869153974 0.008255000226199627
v 0.2931442205864525 1.1774235985230292 -0.011886999942362309
v 0.42819075766763826 1.2782834833415182 -0.011886999942362309
v 0.42819075766763826 1.2782834833415182 0.011886999942362309
v 0.57876596437386 1.3338855580107063 -0.011886999942362309
v 0.42819075766763826 1.2782834833415182 0.011886999942362309
v 0.42819075766763826 1.2782834833415182 -0.011886999942362309
v 0.2931442205864525 1.1774235985230292 -0.011886999942362309
v 0.42819075766763826 1.2782834833415182 0.011886999942362309
v 0.2931442205864525 1.1774235985230292 0.011886999942362309
v 0.42819075766763826 1.2782834833415182 0.011886999942362309
v 0.57876596437386 1.3338855580107063 -0.011886999942362309
v 0.57876596437386 1.3338855580107063 0.011886999942362309
v 0.2931442205864525 1.1774235985230292 0.011886999942362309
v 0.24571132938029816 1.0560823185792052 0.011886999942362309
v 0.2931442205864525 1.1774235985230292 -0.011886999942362309
v 0.7185398452968766 1.3738389663266424 -0.011886999942362309
v 0.57876596437386 1.3338855580107063 0.011886999942362309
v 0.57876596437386 1.3338855580107063 -0.011886999942362309
v 0.24571132938029816 1.0560823185792052 -0.011886999942362309
v 0.2931442205864525 1.1774235985230292 -0.011886999942362309
v 0.24571132938029816 1.0560823185792052 0.011886999942362309
v 0.57876596437386 1.3338855580107063 0.011886999942362309
v 0.7185398452968766 1.3738389663266424 -0.011886999942362309
v 0.7185398452968766 1.3738389663266424 0.011886999942362309
v 0.24571132938029816 1.0560823185792052 0.011886999942362309
v 0.06549212414263861 0.9972934221254867 0.011886999942362309
v 0.24571132938029816 1.0560823185792052 -0.011886999942362309
v 0.5086178407850089 1.4369026918731111 -0.011886999942362309
v 0.7185398452968766 1.3738389663266424 0.011886999942362309
v 0.7185398452968766 1.3738389663266424 -0.011886999942362309
v 0.06549212414263861 0.9972934221254867 -0.011886999942362309
v 0.24571132938029816 1.0560823185792052 -0.011886999942362309
v 0.06549212414263861 0.9972934221254867 0.011886999942362309
v 0.7185398452968766 1.3738389663266424 0.011886999942362309
v 0.5086178407850089 1.4369026918731111 -0.011886999942362309
v 0.5086178407850089 1.4369026918731111 0.011886999942362309
v 0.06549212414263861 0.9972934221254867 0.011886999942362309
v -0.09517320578122318 0.8861436691935402 0.011886999942362309
v 0.06549212414263861 0.9972934221254867 -0.011886999942362309
v 0.24696525100778827 1.264228861317579 -0.011886999942362309
v 0.5086178407850089 1.4369026918731111 0.011886999942362309
v 0.5086178407850089 1.4369026918731111 -0.011886999942362309
v -0.09517320578122318 0.8861436691935402 -0.011886999942362309
v 0.06549212414263861 0.9972934221254867 -0.011886999942362309
v -0.09517320578122318 0.8861436691935402 0.011886999942362309
v 0.5086178407850089 1.4369026918731111 0.011886999942362309
v 0.24696525100778827 1.264228861317579 -0.011886999942362309
v 0.24696525100778827 1.264228861317579 0.011886999942362309
v -0.1316329011821093 0.9069253926588855 0.011886999942362309
v -0.09517320578122318 0.8861436691935402 -0.011886999942362309
v -0.09517320578122318 0.8861436691935402 0.011886999942362309
v -0.026223589595515073 1.0134469378053674 -0.011886999942362309
v 0.24696525100778827 1.264228861317579 0.011886999942362309
v 0.24696525100778827 1.264228861317579 -0.011886999942362309
v -0.09517320578122318 0.8861436691935402 -0.011886999942362309
v -0.1316329011821093 0.9069253926588855 0.011886999942362309
v -0.1316329011821093 0.9069253926588855 -0.011886999942362309
v 0.24696525100778827 1.264228861317579 0.011886999942362309
v -0.026223589595515073 1.0134469378053674 -0.011886999942362309
v -0.026223589595515073 1.0134469378053674 0.011886999942362309
v -0.026223589595515073 1.0134469378053674 0.011886999942362309
v -0.1316329011821093 0.9069253926588855 -0.011886999942362309
v -0.1316329011821093 0.9069253926588855 0.011886999942362309
v -0.1316329011821093 0.9069253926588855 -0.011886999942362309
v -0.026223589595515073 1.0134469378053674 0.011886999942362309
v -0.026223589595515073 1.0134469378053674 -0.011886999942362309
v 0.8283881580571724 -1.7952860123380416 0.017116999253630638
v 1.1514736409887076 -2.03961598362623 0.017116999253630638
v 0.8283881580571724 -1.7952860123380416 -0.017116999253630638
v 0.8283881580571724 -1.7952860123380416 -0.017116999253630638
v 0.6959670657165076 -1.7767440430920118 0.017116999253630638
v 0.8283881580571724 -1.7952860123380416 0.017116999253630638
v 1.1514736409887076 -2.03961598362623 -0.017116999253630638
v 0.8283881580571724 -1.7952860123380416 -0.017116999253630638
v 1.1514736409887076 -2.03961598362623 0.017116999253630638
v 0.8283881580571724 -1.7952860123380416 -0.017116999253630638
v 0.6959670657165076 -1.7767440430920118 -0.017116999253630638
v 0.6959670657165076 -1.7767440430920118 0.017116999253630638
v 0.8791735340187549 -2.0303169694138763 -0.017116999253630638
v 1.1514736409887076 -2.03961598362623 -0.017116999253630638
v 1.1514736409887076 -2.03961598362623 0.017116999253630638
v 0.6959670657165076 -1.7767440430920118 -0.017116999253630638
v 0.7127541891752815 -1.7119573687771226 0.017116999253630638
v 0.6959670657165076 -1.7767440430920118 0.017116999253630638
v 0.8791735340187549 -2.0303169694138763 -0.017116999253630638
v 1.1514736409887076 -2.03961598362623 0.017116999253630638
v 0.8791735340187549 -2.0303169694138763 0.017116999253630638
v 0.7127541891752815 -1.7119573687771226 0.017116999253630638
v 0.6959670657165076 -1.7767440430920118 -0.017116999253630638
v 0.7127541891752815 -1.7119573687771226 -0.017116999253630638
v 0.6115622892584016 -1.9744864615095368 -0.017116999253630638
v 0.8791735340187549 -2.0303169694138763 -0.017116999253630638
v 0.8791735340187549 -2.0303169694138763 0.017116999253630638
v 0.7127541891752815 -1.7119573687771226 -0.017116999253630638
v 0.5182771853805423 -1.5803567048777378 0.017116999253630638
v 0.7127541891752815 -1.7119573687771226 0.017116999253630638
v 0.6115622892584016 -1.9744864615095368 -0.017116999253630638
v 0.8791735340187549 -2.0303169694138763 0.017116999253630638
v 0.6115622892584016 -1.9744864615095368 0.017116999253630638
v 0.5182771853805423 -1.5803567048777378 0.017116999253630638
v 0.7127541891752815 -1.7119573687771226 -0.017116999253630638
v 0.5182771853805423 -1.5803567048777378 -0.017116999253630638
v 0.4404551773481024 -1.8921792351872495 -0.017116999253630638
v 0.6115622892584016 -1.9744864615095368 -0.017116999253630638
v 0.6115622892584016 -1.9744864615095368 0.017116999253630638
v 0.5182771853805423 -1.5803567048777378 -0.017116999253630638
v 0.470857857096431 -1.6162013237869246 0.017116999253630638
v 0.5182771853805423 -1.5803567048777378 0.017116999253630638
v 0.4404551773481024 -1.8921792351872495 -0.017116999253630638
v 0.6115622892584016 -1.9744864615095368 0.017116999253630638
v 0.4404551773481024 -1.8921792351872495 0.017116999253630638
v 0.470857857096431 -1.6162013237869246 -0.017116999253630638
v 0.470857857096431 -1.6162013237869246 0.017116999253630638
v 0.5182771853805423 -1.5803567048777378 -0.017116999253630638
v 0.23733756446258883 -1.7480609050793576 -0.017116999253630638
v 0.4404551773481024 -1.8921792351872495 -0.017116999253630638
v 0.4404551773481024 -1.8921792351872495 0.017116999253630638
v 0.470857857096431 -1.6162013237869246 -0.017116999253630638
v 0.48325682770290207 -1.5632985619148054 0.017116999253630638
v 0.470857857096431 -1.6162013237869246 0.017116999253630638
v 0.23733756446258883 -1.7480609050793576 -0.017116999253630638
v 0.4404551773481024 -1.8921792351872495 0.017116999253630638
v 0.23733756446258883 -1.7480609050793576 0.017116999253630638
v 0.48325682770290207 -1.5632985619148054 -0.017116999253630638
v 0.48325682770290207 -1.5632985619148054 0.017116999253630638
v 0.470857857096431 -1.6162013237869246 -0.017116999253630638
v 0.025985269791620746 -1.3976585746907921 -0.017116999253630638
v 0.23733756446258883 -1.7480609050793576 -0.017116999253630638
v 0.23733756446258883 -1.7480609050793576 0.017116999253630638
v 0.48325682770290207 -1.5632985619148054 -0.017116999253630638
v 0.24911692013607356 -1.4051070025697123 0.017116999253630638
v 0.48325682770290207 -1.5632985619148054 0.017116999253630638
v 0.025985269791620746 -1.3976585746907921 -0.017116999253630638
v 0.23733756446258883 -1.7480609050793576 0.017116999253630638
v 0.025985269791620746 -1.3976585746907921 0.017116999253630638
v 0.48325682770290207 -1.5632985619148054 -0.017116999253630638
v 0.24911692013607356 -1.4051070025697123 -0.017116999253630638
v 0.24911692013607356 -1.4051070025697123 0.017116999253630638
v -0.15825235124960385 -1.0781193559128657 -0.017116999253630638
v 0.025985269791620746 -1.3976585746907921 -0.017116999253630638
v 0.025985269791620746 -1.3976585746907921 0.017116999253630638
v 0.24911692013607356 -1.4051070025697123 -0.017116999253630638
v 0.0826410490771291 -1.247419025677154 0.017116999253630638
v 0.24911692013607356 -1.4051070025697123 0.017116999253630638
v -0.15825235124960385 -1.0781193559128657 -0.017116999253630638
v 0.025985269791620746 -1.3976585746907921 0.017116999253630638
v -0.15825235124960385 -1.0781193559128657 0.017116999253630638
v 0.24911692013607356 -1.4051070025697123 -0.017116999253630638
v 0.0826410490771291 -1.247419025677154 -0.017116999253630638
v 0.0826410490771291 -1.247419025677154 0.017116999253630638
v -0.15825235124960385 -1.0781193559128657 -0.017116999253630638
v -0.15825235124960385 -1.0781193559128657 0.017116999253630638
v -0.10990476310218816 -1.003547504451886 -0.017116999253630638
v 0.0826410490771291 -1.247419025677154 -0.017116999253630638
v -0.10990476310218816 -1.003547504451886 0.017116999253630638
v 0.0826410490771291 -1.247419025677154 0.017116999253630638
v -0.10990476310218816 -1.003547504451886 -0.017116999253630638
v -0.15825235124960385 -1.0781193559128657 0.017116999253630638
v -0.10990476310218816 -1.003547504451886 0.017116999253630638
v 0.0826410490771291 -1.247419025677154 -0.017116999253630638
v -0.10990476310218816 -1.003547504451886 -0.017116999253630638
v -0.10990476310218816 -1.003547504451886 0.017116999253630638
v 0.2931442205864525 -1.1774235985230292 0.011886999942362309
v 0.42819075766763826 -1.2782834041618873 0.011886999942362309
v 0.2931442205864525 -1.1774235985230292 -0.011886999942362309
v 0.2931442205864525 -1.1774235985230292 -0.011886999942362309
v 0.24571132938029816 -1.0560822393995741 0.011886999942362309
v 0.2931442205864525 -1.1774235985230292 0.011886999942362309
v 0.42819075766763826 -1.2782834041618873 -0.011886999942362309
v 0.2931442205864525 -1.1774235985230292 -0.011886999942362309
v 0.42819075766763826 -1.2782834041618873 0.011886999942362309
v 0.24571132938029816 -1.0560822393995741 0.011886999942362309
v 0.2931442205864525 -1.1774235985230292 -0.011886999942362309
v 0.24571132938029816 -1.0560822393995741 -0.011886999942362309
v 0.57876596437386 -1.3338853996514444 -0.011886999942362309
v 0.42819075766763826 -1.2782834041618873 -0.011886999942362309
v 0.42819075766763826 -1.2782834041618873 0.011886999942362309
v 0.24571132938029816 -1.0560822393995741 -0.011886999942362309
v 0.06549212414263861 -0.9972933429458557 0.011886999942362309
v 0.24571132938029816 -1.0560822393995741 0.011886999942362309
v 0.57876596437386 -1.3338853996514444 -0.011886999942362309
v 0.42819075766763826 -1.2782834041618873 0.011886999942362309
v 0.57876596437386 -1.3338853996514444 0.011886999942362309
v 0.06549212414263861 -0.9972933429458557 0.011886999942362309
v 0.24571132938029816 -1.0560822393995741 -0.011886999942362309
v 0.06549212414263861 -0.9972933429458557 -0.011886999942362309
v 0.7185398452968766 -1.3738388079673807 -0.011886999942362309
v 0.57876596437386 -1.3338853996514444 -0.011886999942362309
v 0.57876596437386 -1.3338853996514444 0.011886999942362309
v 0.06549212414263861 -0.9972933429458557 -0.011886999942362309
v -0.09517320578122318 -0.8861435900139092 0.011886999942362309
v 0.06549212414263861 -0.9972933429458557 0.011886999942362309
v 0.7185398452968766 -1.3738388079673807 -0.011886999942362309
v 0.57876596437386 -1.3338853996514444 0.011886999942362309
v 0.7185398452968766 -1.3738388079673807 0.011886999942362309
v 0.06549212414263861 -0.9972933429458557 -0.011886999942362309
v -0.09517320578122318 -0.8861435900139092 -0.011886999942362309
v -0.09517320578122318 -0.8861435900139092 0.011886999942362309
v 0.5086178407850089 -1.4369026918731111 -0.011886999942362309
v 0.7185398452968766 -1.3738388079673807 -0.011886999942362309
v 0.7185398452968766 -1.3738388079673807 0.011886999942362309
v -0.09517320578122318 -0.8861435900139092 -0.011886999942362309
v -0.1316329011821093 -0.9069253134792546 0.011886999942362309
v -0.09517320578122318 -0.8861435900139092 0.011886999942362309
v 0.5086178407850089 -1.4369026918731111 -0.011886999942362309
v 0.7185398452968766 -1.3738388079673807 0.011886999942362309
v 0.5086178407850089 -1.4369026918731111 0.011886999942362309
v -0.09517320578122318 -0.8861435900139092 -0.011886999942362309
v -0.1316329011821093 -0.9069253134792546 -0.011886999942362309
v -0.1316329011821093 -0.9069253134792546 0.011886999942362309
v 0.24696525100778827 -1.2642287821379479 -0.011886999942362309
v 0.5086178407850089 -1.4369026918731111 -0.011886999942362309
v 0.5086178407850089 -1.4369026918731111 0.011886999942362309
v -0.1316329011821093 -0.9069253134792546 -0.011886999942362309
v -0.026223589595515073 -1.013448125499831 0.011886999942362309
v -0.1316329011821093 -0.9069253134792546 0.011886999942362309
v 0.24696525100778827 -1.2642287821379479 -0.011886999942362309
v 0.5086178407850089 -1.4369026918731111 0.011886999942362309
v 0.24696525100778827 -1.2642287821379479 0.011886999942362309
v -0.1316329011821093 -0.9069253134792546 -0.011886999942362309
v -0.026223589595515073 -1.013448125499831 -0.011886999942362309
v -0.026223589595515073 -1.013448125499831 0.011886999942362309
v -0.026223589595515073 -1.013448125499831 -0.011886999942362309
v 0.24696525100778827 -1.2642287821379479 -0.011886999942362309
v 0.24696525100778827 -1.2642287821379479 0.011886999942362309
v -0.026223589595515073 -1.013448125499831 -0.011886999942362309
v 0.24696525100778827 -1.2642287821379479 0.011886999942362309
v -0.026223589595515073 -1.013448125499831 0.011886999942362309
vn 0.977441754133931 -0.2112051544721011 0
vn 0.49983790983548537 -0.8661189663616038 0
vn 0.977441754133931 -0.2112051544721011 0
vn -0.0912543591135927 0.9958276165796806 0
vn 0.977441754133931 -0.2112051544721011 0
vn 0.977441754133931 -0.2112051544721011 0
vn 0.49983790983548537 -0.8661189663616038 0
vn 0.977441754133931 -0.2112051544721011 0
vn 0.4998379351816778 -0.8661189517342968 0
vn 0.977441754133931 -0.2112051544721011 0
vn -0.0912543591135927 0.9958276165796806 0
vn -0.14813900106834965 0.9889665496681227 0
vn 0.4998379351816778 -0.8661189517342968 0
vn 0.37989878325444126 -0.9250280614564051 0
vn 0.49983790983548537 -0.8661189663616038 0
vn -0.2648109191016034 0.9643003562814669 0
vn -0.14813900106834965 0.9889665496681227 0
vn -0.0912543591135927 0.9958276165796806 0
vn 0.8317849277102151 -0.5550980400200604 0
vn 0.49983790983548537 -0.8661189663616038 0
vn 0.37989878325444126 -0.9250280614564051 0
vn -0.14813900106834965 0.9889665496681227 0
vn -0.2648109191016034 0.9643003562814669 0
vn -0.33995828230064173 0.9404405171488505 0
vn 0.8317849277102151 -0.5550980400200604 0
vn 0.37989878325444126 -0.9250280614564051 0
vn 0.851394751069282 -0.5245254787440505 0
vn -0.49266353685150305 0.8702198799481471 0
vn -0.33995828230064173 0.9404405171488505 0
vn -0.2648109191016034 0.9643003562814669 0
vn 0.661171496085182 -0.7502347984227884 0
vn 0.8317849277102151 -0.5550980400200604 0
vn 0.851394751069282 -0.5245254787440505 0
vn -0.33995828230064173 0.9404405171488505 0
vn -0.49266353685150305 0.8702198799481471 0
vn -0.5401335093320637 0.8415793439103824 0
vn 0.851394751069282 -0.5245254787440505 0
vn 0.4620585565497985 -0.8868494180632451 0
vn 0.661171496085182 -0.7502347984227884 0
vn -0.7188561305343486 0.6951588765118255 0
vn -0.5401335093320637 0.8415793439103824 0
vn -0.49266353685150305 0.8702198799481471 0
vn 0.20278175256763922 -0.9792239584617998 0
vn 0.661171496085182 -0.7502347984227884 0
vn 0.4620585565497985 -0.8868494180632451 0
vn -0.5401335093320637 0.8415793439103824 0
vn -0.7188561305343486 0.6951588765118255 0
vn -0.8035794026835194 0.5951975668488558 0
vn 0.20278175256763922 -0.9792239584617998 0
vn 0.4620585565497985 -0.8868494180632451 0
vn -0.22215696110339683 -0.9750109151354684 0
vn -0.8594432817306219 0.5112311077077555 0
vn -0.8035794026835194 0.5951975668488558 0
vn -0.7188561305343486 0.6951588765118255 0
vn 0.9514980059566399 -0.3076549116470235 0
vn 0.20278175256763922 -0.9792239584617998 0
vn -0.22215696110339683 -0.9750109151354684 0
vn -0.8035794026835194 0.5951975668488558 0
vn -0.8594432817306219 0.5112311077077555 0
vn -0.8627787318284694 0.505581704479561 0
vn 0.9514980059566399 -0.3076549116470235 0
vn -0.22215696110339683 -0.9750109151354684 0
vn 0.7835466385099713 -0.6213329745633369 0
vn -0.9124059147235943 0.40928650940068995 0
vn -0.8627787318284694 0.505581704479561 0
vn -0.8594432817306219 0.5112311077077555 0
vn 0.6294418883487122 -0.7770475591571004 0
vn 0.9514980059566399 -0.3076549116470235 0
vn 0.7835466385099713 -0.6213329745633369 0
vn -0.8627787318284694 0.505581704479561 0
vn -0.9124059147235943 0.40928650940068995 0
vn -0.9829993468398208 0.18360905237075237 0
vn 0.7835466385099713 -0.6213329745633369 0
vn 0.5983854552550836 -0.8012083667431128 0
vn 0.6294418883487122 -0.7770475591571004 0
vn -0.9124059147235943 0.40928650940068995 0
vn 0.31123475687731855 -0.950333060622178 0
vn -0.9829993468398208 0.18360905237075237 0
vn 0.6409768860442678 -0.7675601810652984 0
vn 0.6294418883487122 -0.7770475591571004 0
vn 0.5983854552550836 -0.8012083667431128 0
vn 0.31123475687731855 -0.950333060622178 0
vn 0.6899785541374331 -0.7238298106809484 0
vn -0.9829993468398208 0.18360905237075237 0
vn 0.5983854552550836 -0.8012083667431128 0
vn 0.728755400371362 -0.6847740988308305 0
vn 0.6409768860442678 -0.7675601810652984 0
vn 0.31123475687731855 -0.950333060622178 0
vn 0.760220749046594 -0.6496648464547206 0
vn 0.6899785541374331 -0.7238298106809484 0
vn 0.728755400371362 -0.6847740988308305 0
vn 0.6899785541374331 -0.7238298106809484 0
vn 0.760220749046594 -0.6496648464547206 0
vn 0.760220749046594 -0.6496648464547206 0
vn 0.6409768860442678 -0.7675601810652984 0
vn 0.728755400371362 -0.6847740988308305 0
vn 0 0 -1
vn 0 0 -1
vn 0 0 -1
vn 0 0 -1
vn 0 0 -1
vn 0 0 -1
vn 0 0 -1
vn 0 0 -1
vn 0 0 -1
vn 0 0 -1
vn 0 0 -1
vn 0 0 -1
vn 0 0 -1
vn 0 0 -1
vn 0 0 -1
vn 0 0 -1
vn 0 0 -1
vn 0 0 -1
vn 0 0 -1
vn 0 0 -1
vn 0 0 -1
vn 0 0 -1
vn 0 0 -1
vn 0 0 -1
vn 0 0 -1
vn 0 0 -1
vn 0 0 -1
vn 0 0 -1
vn 0 0 -1
vn 0 0 -1
vn 0 0 -1
vn 0 0 -1
vn 0 0 -1
vn 0 0 -1
vn 0 0 -1
vn 0 0 -1
vn 0 0 -1
vn 0 0 -1
vn 0 0 -1
vn 0 0 -1
vn 0 0 -1
vn 0 0 -1
vn 0 0 1
vn 0 0 1
vn 0 0 1
vn 0 0 1
vn 0 0 1
vn 0 0 1
vn 0 0 1
vn 0 0 1
vn 0 0 1
vn 0 0 1
vn 0 0 1
vn 0 0 1
vn 0 0 1
vn 0 0 1
vn 0 0 1
vn 0 0 1
vn 0 0 1
vn 0 0 1
vn 0 0 1
vn 0 0 1
vn 0 0 1
vn 0 0 1
vn 0 0 1
vn 0 0 1
vn 0 0 1
vn 0 0 1
vn 0 0 1
vn 0 0 1
vn 0 0 1
vn 0 0 1
vn 0 0 1
vn 0 0 1
vn 0 0 1
vn 0 0 1
vn 0 0 1
vn 0 0 1
vn 0 0 1
vn 0 0 1
vn 0 0 1
vn 0 0 1
vn 0 0 1
vn 0 0 1
vn 0 0 -1
vn 0 0 -1
vn 0 0 -1
vn 0 0 -1
vn 0 0 -1
vn 0 0 -1
vn 0 0 -1
vn 0 0 -1
vn 0 0 -1
vn 0 0 -1
vn 0 0 -1
vn 0 0 -1
vn 0 0 -1
vn 0 0 -1
vn 0 0 -1
vn 0 0 -1
vn 0 0 -1
vn 0 0 -1
vn 0 0 -1
vn 0 0 -1
vn 0 0 -1
vn 0 0 -1
vn 0 0 -1
vn 0 0 -1
vn 0 0 -1
vn 0 0 -1
vn 0 0 -1
vn 0 0 -1
vn 0 0 -1
vn 0 0 -1
vn 0 0 -1
vn 0 0 -1
vn 0 0 -1
vn 0 0 -1
vn 0 0 -1
vn 0 0 -1
vn 0 0 -1
vn 0 0 -1
vn 0 0 -1
vn 0 0 -1
vn 0 0 -1
vn 0 0 -1
vn 0 0 1
vn 0 0 1
vn 0 0 1
vn 0 0 1
vn 0 0 1
vn 0 0 1
vn 0 0 1
vn 0 0 1
vn 0 0 1
vn 0 0 1
vn 0 0 1
vn 0 0 1
vn 0 0 1
vn 0 0 1
vn 0 0 1
vn 0 0 1
vn 0 0 1
vn 0 0 1
vn 0 0 1
vn 0 0 1
vn 0 0 1
vn 0 0 1
vn 0 0 1
vn 0 0 1
vn 0 0 1
vn 0 0 1
vn 0 0 1
vn 0 0 1
vn 0 0 1
vn 0 0 1
vn 0 0 1
vn 0 0 1
vn 0 0 1
vn 0 0 1
vn 0 0 1
vn 0 0 1
vn 0 0 1
vn 0 0 1
vn 0 0 1
vn 0 0 1
vn 0 0 1
vn 0 0 1
vn 0 0 -1
vn 0 0 -1
vn 0 0 -1
vn 0 0 -1
vn 0 0 -1
vn 0 0 -1
vn 0 0 -1
vn 0 0 -1
vn 0 0 -1
vn 0 0 -1
vn 0 0 -1
vn 0 0 -1
vn 0 0 -1
vn 0 0 -1
vn 0 0 -1
vn 0 0 -1
vn 0 0 -1
vn 0 0 -1
vn 0 0 -1
vn 0 0 -1
vn 0 0 -1
vn 0 0 -1
vn 0 0 -1
vn 0 0 -1
vn 0 0 -1
vn 0 0 -1
vn 0 0 -1
vn 0 0 1
vn 0 0 1
vn 0 0 1
vn 0 0 1
vn 0 0 1
vn 0 0 1
vn 0 0 1
vn 0 0 1
vn 0 0 1
vn 0 0 1
vn 0 0 1
vn 0 0 1
vn 0 0 1
vn 0 0 1
vn 0 0 1
vn 0 0 1
vn 0 0 1
vn 0 0 1
vn 0 0 1
vn 0 0 1
vn 0 0 1
vn 0 0 1
vn 0 0 1
vn 0 0 1
vn 0 0 1
vn 0 0 1
vn 0 0 1
vn 0 0 -1
vn 0 0 -1
vn 0 0 -1
vn 0 0 -1
vn 0 0 -1
vn 0 0 -1
vn 0 0 -1
vn 0 0 -1
vn 0 0 -1
vn 0 0 -1
vn 0 0 -1
vn 0 0 -1
vn 0 0 -1
vn 0 0 -1
vn 0 0 -1
vn 0 0 -1
vn 0 0 -1
vn 0 0 -1
vn 0 0 -1
vn 0 0 -1
vn 0 0 -1
vn 0 0 -1
vn 0 0 -1
vn 0 0 -1
vn 0 0 -1
vn 0 0 -1
vn 0 0 -1
vn 0 0 1
vn 0 0 1
vn 0 0 1
vn 0 0 1
vn 0 0 1
vn 0 0 1
vn 0 0 1
vn 0 0 1
vn 0 0 1
vn 0 0 1
vn 0 0 1
vn 0 0 1
vn 0 0 1
vn 0 0 1
vn 0 0 1
vn 0 0 1
vn 0 0 1
vn 0 0 1
vn 0 0 1
vn 0 0 1
vn 0 0 1
vn 0 0 1
vn 0 0 1
vn 0 0 1
vn 0 0 1
vn 0 0 1
vn 0 0 1
vn 0 0 -1
vn 0 0 -1
vn 0 0 -1
vn 0 0 -1
vn 0 0 -1
vn 0 0 -1
vn 0 0 -1
vn 0 0 -1
vn 0 0 -1
vn 0 0 -1
vn 0 0 -1
vn 0 0 -1
vn 0 0 -1
vn 0 0 -1
vn 0 0 -1
vn 0 0 -1
vn 0 0 -1
vn 0 0 -1
vn 0 0 1
vn 0 0 1
vn 0 0 1
vn 0 0 1
vn 0 0 1
vn 0 0 1
vn 0 0 1
vn 0 0 1
vn 0 0 1
vn 0 0 1
vn 0 0 1
vn 0 0 1
vn 0 0 1
vn 0 0 1
vn 0 0 1
vn 0 0 1
vn 0 0 1
vn 0 0 1
vn 0 0 -1
vn 0 0 -1
vn 0 0 -1
vn 0 0 -1
vn 0 0 -1
vn 0 0 -1
vn 0 0 -1
vn 0 0 -1
vn 0 0 -1
vn 0 0 -1
vn 0 0 -1
vn 0 0 -1
vn 0 0 -1
vn 0 0 -1
vn 0 0 -1
vn 0 0 -1
vn 0 0 -1
vn 0 0 -1
vn 0 0 1
vn 0 0 1
vn 0 0 1
vn 0 0 1
vn 0 0 1
vn 0 0 1
vn 0 0 1
vn 0 0 1
vn 0 0 1
vn 0 0 1
vn 0 0 1
vn 0 0 1
vn 0 0 1
vn 0 0 1
vn 0 0 1
vn 0 0 1
vn 0 0 1
vn 0 0 1
vn 0 0 -1
vn 0 0 -1
vn 0 0 -1
vn 0 0 -1
vn 0 0 -1
vn 0 0 -1
vn 0 0 -1
vn 0 0 -1
vn 0 0 -1
vn 0 0 -1
vn 0 0 -1
vn 0 0 -1
vn 0 0 -1
vn 0 0 -1
vn 0 0 -1
vn 0 0 -1
vn 0 0 -1
vn 0 0 -1
vn 0 0 1
vn 0 0 1
vn 0 0 1
vn 0 0 1
vn 0 0 1
vn 0 0 1
vn 0 0 1
vn 0 0 1
vn 0 0 1
vn 0 0 1
vn 0 0 1
vn 0 0 1
vn 0 0 1
vn 0 0 1
vn 0 0 1
vn 0 0 1
vn 0 0 1
vn 0 0 1
vn 0 0 -1
vn 0 0 -1
vn 0 0 -1
vn 0 0 -1
vn 0 0 -1
vn 0 0 -1
vn 0 0 -1
vn 0 0 -1
vn 0 0 -1
vn 0 0 -1
vn 0 0 -1
vn 0 0 -1
vn 0 0 -1
vn 0 0 -1
vn 0 0 -1
vn 0 0 -1
vn 0 0 -1
vn 0 0 -1
vn 0 0 1
vn 0 0 1
vn 0 0 1
vn 0 0 1
vn 0 0 1
vn 0 0 1
vn 0 0 1
vn 0 0 1
vn 0 0 1
vn 0 0 1
vn 0 0 1
vn 0 0 1
vn 0 0 1
vn 0 0 1
vn 0 0 1
vn 0 0 1
vn 0 0 1
vn 0 0 1
vn 0.4929776423937988 0.8700419783549824 0
vn 0.6274834261041238 -0.7786299184880009 0
vn 0.49297761679171725 0.8700419928614703 0
vn 0.49297761679171725 0.8700419928614703 0
vn 0.06774595061864086 0.9977026040733665 0
vn 0.4929776423937988 0.8700419783549824 0
vn 0.6274834661908358 -0.7786298861828604 0
vn 0.49297761679171725 0.8700419928614703 0
vn 0.6274834261041238 -0.7786299184880009 0
vn 0.29408565586661684 -0.955779068097592 0
vn 0.6274834661908358 -0.7786298861828604 0
vn 0.6274834261041238 -0.7786299184880009 0
vn 0.29408565586661684 -0.955779068097592 0
vn 0.6274834261041238 -0.7786299184880009 0
vn 0.29408565586661684 -0.955779068097592 0
vn 0.06774595061864086 0.9977026040733665 0
vn 0.49297761679171725 0.8700419928614703 0
vn 0.8650260751397475 0.5017269071201227 0
vn 0.8650260751397475 0.5017269071201227 0
vn 0.9320664230284598 0.36228743155529447 0
vn 0.06774595061864086 0.9977026040733665 0
vn 0.9320664230284598 0.36228743155529447 0
vn 0.8650260751397475 0.5017269071201227 0
vn 0.87075495800331 0.4917171983087982 0
vn 0.87075495800331 0.4917171983087982 0
vn 0.3279153656980447 0.9447071043128222 0
vn 0.9320664230284598 0.36228743155529447 0
vn 0.87075495800331 0.4917171983087982 0
vn -0.12573532672421575 0.9920638223489228 0
vn 0.3279153656980447 0.9447071043128222 0
vn -0.12573532672421575 0.9920638223489228 0
vn -0.5351968042224536 0.844727400260032 0
vn 0.3279153656980447 0.9447071043128222 0
vn -0.5351968042224536 0.844727400260032 0
vn -0.12573532672421575 0.9920638223489228 0
vn -0.7484928881739356 0.6631428174632069 0
vn -0.7484928881739356 0.6631428174632069 0
vn -0.9312686981608366 0.36433310558583676 0
vn -0.5351968042224536 0.844727400260032 0
vn -0.7484928881739356 0.6631428174632069 0
vn -0.9312686981608366 0.36433310558583676 0
vn -0.9312686981608366 0.36433310558583676 0
vn 0.6274834661908358 0.7786298861828604 0
vn 0.4929672172060315 -0.8700478853259407 0
vn 0.6274834661908358 0.7786298861828604 0
vn 0.2940912179087447 0.9557773566835276 0
vn 0.6274834661908358 0.7786298861828604 0
vn 0.6274834661908358 0.7786298861828604 0
vn 0.6274834661908358 0.7786298861828604 0
vn 0.2940912179087447 0.9557773566835276 0
vn 0.2940912179087447 0.9557773566835276 0
vn 0.4929672172060315 -0.8700478853259407 0
vn 0.6274834661908358 0.7786298861828604 0
vn 0.49296724280849946 -0.8700478708196382 0
vn 0.49296724280849946 -0.8700478708196382 0
vn 0.06774515417318498 -0.9977026581532453 0
vn 0.4929672172060315 -0.8700478853259407 0
vn 0.8650255723554521 -0.5017277739682373 0
vn 0.4929672172060315 -0.8700478853259407 0
vn 0.06774515417318498 -0.9977026581532453 0
vn 0.8650255723554521 -0.5017277739682373 0
vn 0.06774515417318498 -0.9977026581532453 0
vn 0.8975513081147375 -0.4409100240429149 0
vn 0.7861469060114021 -0.6180396768563485 0
vn 0.8650255723554521 -0.5017277739682373 0
vn 0.8975513081147375 -0.4409100240429149 0
vn 0.8975513081147375 -0.4409100240429149 0
vn 0.2462773793473808 -0.9691993873408021 0
vn 0.7861469060114021 -0.6180396768563485 0
vn -0.06145852389967346 -0.9981096381861428 0
vn 0.7861469060114021 -0.6180396768563485 0
vn 0.2462773793473808 -0.9691993873408021 0
vn 0.2462773793473808 -0.9691993873408021 0
vn -0.4475917627320623 -0.8942380074311344 0
vn -0.06145852389967346 -0.9981096381861428 0
vn -0.7174555091703981 -0.6966043298466102 0
vn -0.06145852389967346 -0.9981096381861428 0
vn -0.4475917627320623 -0.8942380074311344 0
vn -0.4475917627320623 -0.8942380074311344 0
vn -0.9312700190268696 -0.3643297293135626 0
vn -0.7174555091703981 -0.6966043298466102 0
vn -0.9312700190268696 -0.3643297293135626 0
vn -0.7174555091703981 -0.6966043298466102 0
vn -0.9312700190268696 -0.3643297293135626 0
vn 0.2794375725928953 -0.9601638625898135 0
vn 0.6015719697158499 -0.7988186059752193 0
vn 0.6015719697158499 -0.7988186059752193 0
vn 0.8185695604640485 -0.5744074117572775 0
vn 0.6015719697158499 -0.7988186059752193 0
vn 0.6015719697158499 -0.7988186059752193 0
vn 0.2794375725928953 -0.9601638625898135 0
vn 0.6015719697158499 -0.7988186059752193 0
vn 0.2794375725928953 -0.9601638625898135 0
vn 0.6015719697158499 -0.7988186059752193 0
vn 0.8185695604640485 -0.5744074117572775 0
vn 0.8703815664772196 -0.4923778312806753 0
vn 0.2794375725928953 -0.9601638625898135 0
vn -0.021080059428379008 -0.9997777908587969 0
vn 0.2794375725928953 -0.9601638625898135 0
vn 0.7326448888181658 0.6806110981233098 0
vn 0.8703815664772196 -0.4923778312806753 0
vn 0.8185695604640485 -0.5744074117572775 0
vn -0.09700573229186304 -0.9952838227875099 0
vn 0.2794375725928953 -0.9601638625898135 0
vn -0.021080059428379008 -0.9997777908587969 0
vn 0.8703815664772196 -0.4923778312806753 0
vn 0.7326448888181658 0.6806110981233098 0
vn -0.3205781325226321 0.9472220758345434 0
vn -0.021080059428379008 -0.9997777908587969 0
vn -0.8173920638396648 -0.5760817771566232 0
vn -0.09700573229186304 -0.9952838227875099 0
vn 0.7326448888181658 0.6806110981233098 0
vn -0.4334676303887956 0.9011691369577202 0
vn -0.3205781325226321 0.9472220758345434 0
vn -0.9837470146480738 0.17956004892793495 0
vn -0.09700573229186304 -0.9952838227875099 0
vn -0.8173920638396648 -0.5760817771566232 0
vn -0.3359826797833148 0.9418681642807674 0
vn -0.3205781325226321 0.9472220758345434 0
vn -0.4334676303887956 0.9011691369577202 0
vn -0.8173920638396648 -0.5760817771566232 0
vn -0.6727911227468972 0.7398324845213066 0
vn -0.9837470146480738 0.17956004892793495 0
vn -0.4334676303887956 0.9011691369577202 0
vn -0.412235663851365 0.9110772510874282 0
vn -0.3359826797833148 0.9418681642807674 0
vn -0.6727911227468972 0.7398324845213066 0
vn -0.3359826797833148 0.9418681642807674 0
vn -0.412235663851365 0.9110772510874282 0
vn -0.412235663851365 0.9110772510874282 0
vn -0.9837470146480738 0.17956004892793495 0
vn -0.6727911227468972 0.7398324845213066 0
vn 0.2794376203432717 0.9601638486929662 0
vn 0.6015691616136294 0.7988207206848574 0
vn 0.2794376203432717 0.9601638486929662 0
vn 0.2794376203432717 0.9601638486929662 0
vn -0.021073033523460374 0.9997779389735099 0
vn 0.2794376203432717 0.9601638486929662 0
vn 0.6015691616136294 0.7988207206848574 0
vn 0.2794376203432717 0.9601638486929662 0
vn 0.6015691616136294 0.7988207206848574 0
vn -0.021073033523460374 0.9997779389735099 0
vn 0.2794376203432717 0.9601638486929662 0
vn -0.09700201149517386 0.9952841854294129 0
vn 0.8185705136166176 0.5744060534477565 0
vn 0.6015691616136294 0.7988207206848574 0
vn 0.6015691616136294 0.7988207206848574 0
vn -0.09700201149517386 0.9952841854294129 0
vn -0.8173921565284216 0.5760816456421922 0
vn -0.021073033523460374 0.9997779389735099 0
vn 0.8185705136166176 0.5744060534477565 0
vn 0.6015691616136294 0.7988207206848574 0
vn 0.8703828452788747 0.49237557072244215 0
vn -0.09700201149517386 0.9952841854294129 0
vn -0.9837470123940217 -0.17956006127710172 0
vn -0.8173921565284216 0.5760816456421922 0
vn 0.7326477054599618 -0.6806080661322294 0
vn 0.8185705136166176 0.5744060534477565 0
vn 0.8703828452788747 0.49237557072244215 0
vn -0.9837470123940217 -0.17956006127710172 0
vn -0.6727910591299935 -0.7398325423734359 0
vn -0.8173921565284216 0.5760816456421922 0
vn 0.7326477054599618 -0.6806080661322294 0
vn 0.8703828452788747 0.49237557072244215 0
vn -0.3205802131036599 -0.9472213716795097 0
vn -0.9837470123940217 -0.17956006127710172 0
vn -0.4122356071004901 -0.911077276765528 0
vn -0.6727910591299935 -0.7398325423734359 0
vn -0.4334701252351955 -0.9011679369177443 0
vn 0.7326477054599618 -0.6806080661322294 0
vn -0.3205802131036599 -0.9472213716795097 0
vn -0.4122356071004901 -0.911077276765528 0
vn -0.33598436906526935 -0.9418675616793547 0
vn -0.6727910591299935 -0.7398325423734359 0
vn -0.4334701252351955 -0.9011679369177443 0
vn -0.3205802131036599 -0.9472213716795097 0
vn -0.33598436906526935 -0.9418675616793547 0
vn -0.4122356071004901 -0.911077276765528 0
vn -0.4334701252351955 -0.9011679369177443 0
vn -0.33598436906526935 -0.9418675616793547 0
vn 0.7727995150081817 -0.6346502261900796 0
vn 0.48043285933185886 -0.8770315089403656 0
vn 0.48043285933185886 -0.8770315089403656 0
vn 0.3242926819137095 -0.9459567941810101 0
vn 0.48043285933185886 -0.8770315089403656 0
vn 0.48043285933185886 -0.8770315089403656 0
vn 0.7727995150081817 -0.6346502261900796 0
vn 0.48043285933185886 -0.8770315089403656 0
vn 0.7727995150081817 -0.6346502261900796 0
vn 0.48043285933185886 -0.8770315089403656 0
vn 0.3242926819137095 -0.9459567941810101 0
vn 0.30048725410858246 -0.9537858303195138 0
vn 0.7727995150081817 -0.6346502261900796 0
vn 0.7386947813438749 -0.6740400730040649 0
vn 0.7727995150081817 -0.6346502261900796 0
vn 0.8990555976061221 -0.4378344806123642 0
vn 0.30048725410858246 -0.9537858303195138 0
vn 0.3242926819137095 -0.9459567941810101 0
vn 0.5054394109704712 -0.8628620989693679 0
vn 0.7727995150081817 -0.6346502261900796 0
vn 0.7386947813438749 -0.6740400730040649 0
vn 0.30048725410858246 -0.9537858303195138 0
vn 0.8990555976061221 -0.4378344806123642 0
vn 0.510060105043614 0.8601387616209941 0
vn 0.7386947813438749 -0.6740400730040649 0
vn 0.4019168491111317 -0.9156761689596272 0
vn 0.5054394109704712 -0.8628620989693679 0
vn -0.06814148718107127 0.9976756676018274 0
vn 0.510060105043614 0.8601387616209941 0
vn 0.8990555976061221 -0.4378344806123642 0
vn 0.4888952761654495 -0.8723424837431162 0
vn 0.5054394109704712 -0.8628620989693679 0
vn 0.4019168491111317 -0.9156761689596272 0
vn 0.510060105043614 0.8601387616209941 0
vn -0.06814148718107127 0.9976756676018274 0
vn -0.35928226267887997 0.933228940680873 0
vn 0.4019168491111317 -0.9156761689596272 0
vn 0.4907434145896587 -0.8713041380808899 0
vn 0.4888952761654495 -0.8723424837431162 0
vn -0.5992013983601585 0.8005983288786147 0
vn -0.35928226267887997 0.933228940680873 0
vn -0.06814148718107127 0.9976756676018274 0
vn 0.2855062865244203 -0.9583768362992896 0
vn 0.4888952761654495 -0.8723424837431162 0
vn 0.4907434145896587 -0.8713041380808899 0
vn -0.35928226267887997 0.933228940680873 0
vn -0.5992013983601585 0.8005983288786147 0
vn -0.6406772628616921 0.7678102922285235 0
vn -0.976767185517272 0.21430320878761314 0
vn 0.2855062865244203 -0.9583768362992896 0
vn 0.4907434145896587 -0.8713041380808899 0
vn -0.6821688653807705 0.7311946656705806 0
vn -0.6406772628616921 0.7678102922285235 0
vn -0.5992013983601585 0.8005983288786147 0
vn 0.2855062865244203 -0.9583768362992896 0
vn -0.976767185517272 0.21430320878761314 0
vn -0.8016584973940749 0.5977822793926512 0
vn -0.6406772628616921 0.7678102922285235 0
vn -0.6821688653807705 0.7311946656705806 0
vn -0.6918933422295964 0.7219997250542125 0
vn -0.6918933422295964 0.7219997250542125 0
vn -0.8016584973940749 0.5977822793926512 0
vn -0.976767185517272 0.21430320878761314 0
vn -0.8016584973940749 0.5977822793926512 0
vn -0.6918933422295964 0.7219997250542125 0
vn -0.6821688653807705 0.7311946656705806 0
vn 0.4998361418480556 0.8661199866660799 0
vn 0.9774417514935121 0.21120516669176329 0
vn 0.4998361418480556 0.8661199866660799 0
vn 0.4998361418480556 0.8661199866660799 0
vn 0.3798896743486736 0.9250318023307409 0
vn 0.4998361418480556 0.8661199866660799 0
vn 0.977441754133931 0.2112051544721011 0
vn 0.4998361418480556 0.8661199866660799 0
vn 0.9774417514935121 0.21120516669176329 0
vn 0.4998361418480556 0.8661199866660799 0
vn 0.831782460843245 0.5551017364713928 0
vn 0.3798896743486736 0.9250318023307409 0
vn -0.0912545498696701 -0.9958275990994043 0
vn 0.977441754133931 0.2112051544721011 0
vn 0.9774417514935121 0.21120516669176329 0
vn 0.831782460843245 0.5551017364713928 0
vn 0.8513958684167519 0.524523665093278 0
vn 0.3798896743486736 0.9250318023307409 0
vn -0.0912545498696701 -0.9958275990994043 0
vn 0.9774417514935121 0.21120516669176329 0
vn -0.14813880457998174 -0.9889665791004336 0
vn 0.8513958684167519 0.524523665093278 0
vn 0.831782460843245 0.5551017364713928 0
vn 0.6611743333391942 0.7502322979807468 0
vn -0.26481071057159505 -0.9643004135468195 0
vn -0.0912545498696701 -0.9958275990994043 0
vn -0.14813880457998174 -0.9889665791004336 0
vn 0.6611743333391942 0.7502322979807468 0
vn 0.46206057142300144 0.8868483682886548 0
vn 0.8513958684167519 0.524523665093278 0
vn -0.26481071057159505 -0.9643004135468195 0
vn -0.14813880457998174 -0.9889665791004336 0
vn -0.3399584838746216 -0.9404404442821824 0
vn 0.46206057142300144 0.8868483682886548 0
vn 0.6611743333391942 0.7502322979807468 0
vn 0.20277769559266987 0.979224798588213 0
vn -0.49266391827024136 -0.8702196640128357 0
vn -0.26481071057159505 -0.9643004135468195 0
vn -0.3399584838746216 -0.9404404442821824 0
vn 0.20277769559266987 0.979224798588213 0
vn -0.22218544239768515 0.9750044252138268 0
vn 0.46206057142300144 0.8868483682886548 0
vn -0.49266391827024136 -0.8702196640128357 0
vn -0.3399584838746216 -0.9404404442821824 0
vn -0.54013367800299 -0.8415792356557773 0
vn 0.9514963840600742 0.30765992771338246 0
vn -0.22218544239768515 0.9750044252138268 0
vn 0.20277769559266987 0.979224798588213 0
vn -0.7188553607812375 -0.6951596725041499 0
vn -0.49266391827024136 -0.8702196640128357 0
vn -0.54013367800299 -0.8415792356557773 0
vn 0.9514963840600742 0.30765992771338246 0
vn 0.7835482752638743 0.6213309104905435 0
vn -0.22218544239768515 0.9750044252138268 0
vn -0.7188553607812375 -0.6951596725041499 0
vn -0.54013367800299 -0.8415792356557773 0
vn -0.8035784066595448 -0.5951989115837721 0
vn 0.6294447794048085 0.7770452172686168 0
vn 0.7835482752638743 0.6213309104905435 0
vn 0.9514963840600742 0.30765992771338246 0
vn -0.859442933670599 -0.5112316928396305 0
vn -0.7188553607812375 -0.6951596725041499 0
vn -0.8035784066595448 -0.5951989115837721 0
vn 0.6294447794048085 0.7770452172686168 0
vn 0.5983866615161636 0.8012074658411142 0
vn 0.7835482752638743 0.6213309104905435 0
vn -0.859442933670599 -0.5112316928396305 0
vn -0.8035784066595448 -0.5951989115837721 0
vn -0.8627789738876783 -0.5055812914035933 0
vn 0.6294447794048085 0.7770452172686168 0
vn 0.6409757612486996 0.7675611203621833 0
vn 0.5983866615161636 0.8012074658411142 0
vn -0.9124064779348736 -0.4092852538541784 0
vn -0.859442933670599 -0.5112316928396305 0
vn -0.8627789738876783 -0.5055812914035933 0
vn 0.6409757612486996 0.7675611203621833 0
vn 0.7287545027003686 0.6847750541556977 0
vn 0.5983866615161636 0.8012074658411142 0
vn -0.9124064779348736 -0.4092852538541784 0
vn -0.8627789738876783 -0.5055812914035933 0
vn -0.982999445338519 -0.1836085250312844 0
vn 0.6409757612486996 0.7675611203621833 0
vn 0.7602213440761831 0.6496641501660698 0
vn 0.7287545027003686 0.6847750541556977 0
vn -0.9124064779348736 -0.4092852538541784 0
vn -0.982999445338519 -0.1836085250312844 0
vn 0.31123827613524896 0.9503319080554745 0
vn 0.7602213440761831 0.6496641501660698 0
vn 0.6899807757999956 0.7238276929120883 0
vn 0.7287545027003686 0.6847750541556977 0
vn 0.31123827613524896 0.9503319080554745 0
vn -0.982999445338519 -0.1836085250312844 0
vn 0.6899807757999956 0.7238276929120883 0
vn 0.7602213440761831 0.6496641501660698 0
vn 0.31123827613524896 0.9503319080554745 0
vn 0.6899807757999956 0.7238276929120883 0
vn 0.7727995407892888 0.6346501947969954 0
vn 0.48043244761764786 0.8770317344749369 0
vn 0.7727995407892888 0.6346501947969954 0
vn 0.7727995407892888 0.6346501947969954 0
vn 0.7386949807183524 0.6740398545052906 0
vn 0.7727995407892888 0.6346501947969954 0
vn 0.48043249974158114 0.877031705921773 0
vn 0.7727995407892888 0.6346501947969954 0
vn 0.48043244761764786 0.8770317344749369 0
vn 0.7386949807183524 0.6740398545052906 0
vn 0.7727995407892888 0.6346501947969954 0
vn 0.5054395114387557 0.8628620401179738 0
vn 0.32429236800538513 0.9459569017949284 0
vn 0.48043249974158114 0.877031705921773 0
vn 0.48043244761764786 0.8770317344749369 0
vn 0.5054395114387557 0.8628620401179738 0
vn 0.4019168491111317 0.9156761689596272 0
vn 0.7386949807183524 0.6740398545052906 0
vn 0.32429236800538513 0.9459569017949284 0
vn 0.48043244761764786 0.8770317344749369 0
vn 0.30048707996932905 0.9537858851815254 0
vn 0.4019168491111317 0.9156761689596272 0
vn 0.5054395114387557 0.8628620401179738 0
vn 0.4888952761654495 0.8723424837431162 0
vn 0.8990557779097318 0.43783411037415404 0
vn 0.32429236800538513 0.9459569017949284 0
vn 0.30048707996932905 0.9537858851815254 0
vn 0.4888952761654495 0.8723424837431162 0
vn 0.4907434145896587 0.8713041380808899 0
vn 0.4019168491111317 0.9156761689596272 0
vn 0.8990557779097318 0.43783411037415404 0
vn 0.30048707996932905 0.9537858851815254 0
vn 0.510060780121088 -0.8601383613014055 0
vn 0.4888952761654495 0.8723424837431162 0
vn 0.2855062865244203 0.9583768362992896 0
vn 0.4907434145896587 0.8713041380808899 0
vn -0.0681411478978373 -0.9976756907748956 0
vn 0.8990557779097318 0.43783411037415404 0
vn 0.510060780121088 -0.8601383613014055 0
vn 0.2855062865244203 0.9583768362992896 0
vn -0.9767675664520223 -0.21430147252735798 0
vn 0.4907434145896587 0.8713041380808899 0
vn -0.0681411478978373 -0.9976756907748956 0
vn 0.510060780121088 -0.8601383613014055 0
vn -0.35928226267887997 -0.933228940680873 0
vn 0.2855062865244203 0.9583768362992896 0
vn -0.801661621396548 -0.5977780899128519 0
vn -0.9767675664520223 -0.21430147252735798 0
vn -0.5992007125418896 -0.8005988421733395 0
vn -0.0681411478978373 -0.9976756907748956 0
vn -0.35928226267887997 -0.933228940680873 0
vn -0.801661621396548 -0.5977780899128519 0
vn -0.6918943088217558 -0.7219987987663584 0
vn -0.9767675664520223 -0.21430147252735798 0
vn -0.5992007125418896 -0.8005988421733395 0
vn -0.35928226267887997 -0.933228940680873 0
vn -0.6406758603365661 -0.7678114625231907 0
vn -0.801661621396548 -0.5977780899128519 0
vn -0.6821681333379963 -0.7311953486300046 0
vn -0.6918943088217558 -0.7219987987663584 0
vn -0.6821681333379963 -0.7311953486300046 0
vn -0.5992007125418896 -0.8005988421733395 0
vn -0.6406758603365661 -0.7678114625231907 0
vn -0.6821681333379963 -0.7311953486300046 0
vn -0.6406758603365661 -0.7678114625231907 0
vn -0.6918943088217558 -0.7219987987663584 0
f 5221//5221 5222//5222 5223//5223
f 5224//5224 5225//5225 5226//5226
f 5227//5227 5228//5228 5229//5229
f 5230//5230 5231//5231 5232//5232
f 5233//5233 5234//5234 5235//5235
f 5236//5236 5237//5237 5238//5238
f 5239//5239 5240//5240 5241//5241
f 5242//5242 5243//5243 5244//5244
f 5245//5245 5246//5246 5247//5247
f 5248//5248 5249//5249 5250//5250
f 5251//5251 5252//5252 5253//5253
f 5254//5254 5255//5255 5256//5256
f 5257//5257 5258//5258 5259//5259
f 5260//5260 5261//5261 5262//5262
f 5263//5263 5264//5264 5265//5265
f 5266//5266 5267//5267 5268//5268
f 5269//5269 5270//5270 5271//5271
f 5272//5272 5273//5273 5274//5274
f 5275//5275 5276//5276 5277//5277
f 5278//5278 5279//5279 5280//5280
f 5281//5281 5282//5282 5283//5283
f 5284//5284 5285//5285 5286//5286
f 5287//5287 5288//5288 5289//5289
f 5290//5290 5291//5291 5292//5292
f 5293//5293 5294//5294 5295//5295
f 5296//5296 5297//5297 5298//5298
f 5299//5299 5300//5300 5301//5301
f 5302//5302 5303//5303 5304//5304
f 5305//5305 5306//5306 5307//5307
f 5308//5308 5309//5309 5310//5310
f 5311//5311 5312//5312 5313//5313
f 5314//5314 5315//5315 5316//5316
f 5317//5317 5318//5318 5319//5319
f 5320//5320 5321//5321 5322//5322
f 5323//5323 5324//5324 5325//5325
f 5326//5326 5327//5327 5328//5328
f 5329//5329 5330//5330 5331//5331
f 5332//5332 5333//5333 5334//5334
f 5335//5335 5336//5336 5337//5337
f 5338//5338 5339//5339 5340//5340
f 5341//5341 5342//5342 5343//5343
f 5344//5344 5345//5345 5346//5346
f 5347//5347 5348//5348 5349//5349
f 5350//5350 5351//5351 5352//5352
f 5353//5353 5354//5354 5355//5355
f 5356//5356 5357//5357 5358//5358
f 5359//5359 5360//5360 5361//5361
f 5362//5362 5363//5363 5364//5364
f 5365//5365 5366//5366 5367//5367
f 5368//5368 5369//5369 5370//5370
f 5371//5371 5372//5372 5373//5373
f 5374//5374 5375//5375 5376//5376
f 5377//5377 5378//5378 5379//5379
f 5380//5380 5381//5381 5382//5382
f 5383//5383 5384//5384 5385//5385
f 5386//5386 5387//5387 5388//5388
f 5389//5389 5390//5390 5391//5391
f 5392//5392 5393//5393 5394//5394
f 5395//5395 5396//5396 5397//5397
f 5398//5398 5399//5399 5400//5400
f 5401//5401 5402//5402 5403//5403
f 5404//5404 5405//5405 5406//5406
f 5407//5407 5408//5408 5409//5409
f 5410//5410 5411//5411 5412//5412
f 5413//5413 5414//5414 5415//5415
f 5416//5416 5417//5417 5418//5418
f 5419//5419 5420//5420 5421//5421
f 5422//5422 5423//5423 5424//5424
f 5425//5425 5426//5426 5427//5427
f 5428//5428 5429//5429 5430//5430
f 5431//5431 5432//5432 5433//5433
f 5434//5434 5435//5435 5436//5436
f 5437//5437 5438//5438 5439//5439
f 5440//5440 5441//5441 5442//5442
f 5443//5443 5444//5444 5445//5445
f 5446//5446 5447//5447 5448//5448
f 5449//5449 5450//5450 5451//5451
f 5452//5452 5453//5453 5454//5454
f 5455//5455 5456//5456 5457//5457
f 5458//5458 5459//5459 5460//5460
f 5461//5461 5462//5462 5463//5463
f 5464//5464 5465//5465 5466//5466
f 5467//5467 5468//5468 5469//5469
f 5470//5470 5471//5471 5472//5472
f 5473//5473 5474//5474 5475//5475
f 5476//5476 5477//5477 5478//5478
f 5479//5479 5480//5480 5481//5481
f 5482//5482 5483//5483 5484//5484
f 5485//5485 5486//5486 5487//5487
f 5488//5488 5489//5489 5490//5490
f 5491//5491 5492//5492 5493//5493
f 5494//5494 5495//5495 5496//5496
f 5497//5497 5498//5498 5499//5499
f 5500//5500 5501//5501 5502//5502
f 5503//5503 5504//5504 5505//5505
f 5506//5506 5507//5507 5508//5508
f 5509//5509 5510//5510 5511//5511
f 5512//5512 5513//5513 5514//5514
f 5515//5515 5516//5516 5517//5517
f 5518//5518 5519//5519 5520//5520
f 5521//5521 5522//5522 5523//5523
f 5524//5524 5525//5525 5526//5526
f 5527//5527 5528//5528 5529//5529
f 5530//5530 5531//5531 5532//5532
f 5533//5533 5534//5534 5535//5535
f 5536//5536 5537//5537 5538//5538
f 5539//5539 5540//5540 5541//5541
f 5542//5542 5543//5543 5544//5544
f 5545//5545 5546//5546 5547//5547
f 5548//5548 5549//5549 5550//5550
f 5551//5551 5552//5552 5553//5553
f 5554//5554 5555//5555 5556//5556
f 5557//5557 5558//5558 5559//5559
f 5560//5560 5561//5561 5562//5562
f 5563//5563 5564//5564 5565//5565
f 5566//5566 5567//5567 5568//5568
f 5569//5569 5570//5570 5571//5571
f 5572//5572 5573//5573 5574//5574
f 5575//5575 5576//5576 5577//5577
f 5578//5578 5579//5579 5580//5580
f 5581//5581 5582//5582 5583//5583
f 5584//5584 5585//5585 5586//5586
f 5587//5587 5588//5588 5589//5589
f 5590//5590 5591//5591 5592//5592
f 5593//5593 5594//5594 5595//5595
f 5596//5596 5597//5597 5598//5598
f 5599//5599 5600//5600 5601//5601
f 5602//5602 5603//5603 5604//5604
f 5605//5605 5606//5606 5607//5607
f 5608//5608 5609//5609 5610//5610
f 5611//5611 5612//5612 5613//5613
f 5614//5614 5615//5615 5616//5616
f 5617//5617 5618//5618 5619//5619
f 5620//5620 5621//5621 5622//5622
f 5623//5623 5624//5624 5625//5625
f 5626//5626 5627//5627 5628//5628
f 5629//5629 5630//5630 5631//5631
f 5632//5632 5633//5633 5634//5634
f 5635//5635 5636//5636 5637//5637
f 5638//5638 5639//5639 5640//5640
f 5641//5641 5642//5642 5643//5643
f 5644//5644 5645//5645 5646//5646
f 5647//5647 5648//5648 5649//5649
f 5650//5650 5651//5651 5652//5652
f 5653//5653 5654//5654 5655//5655
f 5656//5656 5657//5657 5658//5658
f 5659//5659 5660//5660 5661//5661
f 5662//5662 5663//5663 5664//5664
f 5665//5665 5666//5666 5667//5667
f 5668//5668 5669//5669 5670//5670
f 5671//5671 5672//5672 5673//5673
f 5674//5674 5675//5675 5676//5676
f 5677//5677 5678//5678 5679//5679
f 5680//5680 5681//5681 5682//5682
f 5683//5683 5684//5684 5685//5685
f 5686//5686 5687//5687 5688//5688
f 5689//5689 5690//5690 5691//5691
f 5692//5692 5693//5693 5694//5694
f 5695//5695 5696//5696 5697//5697
f 5698//5698 5699//5699 5700//5700
f 5701//5701 5702//5702 5703//5703
f 5704//5704 5705//5705 5706//5706
f 5707//5707 5708//5708 5709//5709
f 5710//5710 5711//5711 5712//5712
f 5713//5713 5714//5714 5715//5715
f 5716//5716 5717//5717 5718//5718
f 5719//5719 5720//5720 5721//5721
f 5722//5722 5723//5723 5724//5724
f 5725//5725 5726//5726 5727//5727
f 5728//5728 5729//5729 5730//5730
f 5731//5731 5732//5732 5733//5733
f 5734//5734 5735//5735 5736//5736
f 5737//5737 5738//5738 5739//5739
f 5740//5740 5741//5741 5742//5742
f 5743//5743 5744//5744 5745//5745
f 5746//5746 5747//5747 5748//5748
f 5749//5749 5750//5750 5751//5751
f 5752//5752 5753//5753 5754//5754
f 5755//5755 5756//5756 5757//5757
f 5758//5758 5759//5759 5760//5760
f 5761//5761 5762//5762 5763//5763
f 5764//5764 5765//5765 5766//5766
f 5767//5767 5768//5768 5769//5769
f 5770//5770 5771//5771 5772//5772
f 5773//5773 5774//5774 5775//5775
f 5776//5776 5777//5777 5778//5778
f 5779//5779 5780//5780 5781//5781
f 5782//5782 5783//5783 5784//5784
f 5785//5785 5786//5786 5787//5787
f 5788//5788 5789//5789 5790//5790
f 5791//5791 5792//5792 5793//5793
f 5794//5794 5795//5795 5796//5796
f 5797//5797 5798//5798 5799//5799
f 5800//5800 5801//5801 5802//5802
f 5803//5803 5804//5804 5805//5805
f 5806//5806 5807//5807 5808//5808
f 5809//5809 5810//5810 5811//5811
f 5812//5812 5813//5813 5814//5814
f 5815//5815 5816//5816 5817//5817
f 5818//5818 5819//5819 5820//5820
f 5821//5821 5822//5822 5823//5823
f 5824//5824 5825//5825 5826//5826
f 5827//5827 5828//5828 5829//5829
f 5830//5830 5831//5831 5832//5832
f 5833//5833 5834//5834 5835//5835
f 5836//5836 5837//5837 5838//5838
f 5839//5839 5840//5840 5841//5841
f 5842//5842 5843//5843 5844//5844
f 5845//5845 5846//5846 5847//5847
f 5848//5848 5849//5849 5850//5850
f 5851//5851 5852//5852 5853//5853
f 5854//5854 5855//5855 5856//5856
f 5857//5857 5858//5858 5859//5859
f 5860//5860 5861//5861 5862//5862
f 5863//5863 5864//5864 5865//5865
f 5866//5866 5867//5867 5868//5868
f 5869//5869 5870//5870 5871//5871
f 5872//5872 5873//5873 5874//5874
f 5875//5875 5876//5876 5877//5877
f 5878//5878 5879//5879 5880//5880
f 5881//5881 5882//5882 5883//5883
f 5884//5884 5885//5885 5886//5886
f 5887//5887 5888//5888 5889//5889
f 5890//5890 5891//5891 5892//5892
f 5893//5893 5894//5894 5895//5895
f 5896//5896 5897//5897 5898//5898
f 5899//5899 5900//5900 5901//5901
f 5902//5902 5903//5903 5904//5904
f 5905//5905 5906//5906 5907//5907
f 5908//5908 5909//5909 5910//5910
f 5911//5911 5912//5912 5913//5913
f 5914//5914 5915//5915 5916//5916
f 5917//5917 5918//5918 5919//5919
f 5920//5920 5921//5921 5922//5922
f 5923//5923 5924//5924 5925//5925
f 5926//5926 5927//5927 5928//5928
f 5929//5929 5930//5930 5931//5931
f 5932//5932 5933//5933 5934//5934
f 5935//5935 5936//5936 5937//5937
f 5938//5938 5939//5939 5940//5940
f 5941//5941 5942//5942 5943//5943
f 5944//5944 5945//5945 5946//5946
f 5947//5947 5948//5948 5949//5949
f 5950//5950 5951//5951 5952//5952
f 5953//5953 5954//5954 5955//5955
f 5956//5956 5957//5957 5958//5958
f 5959//5959 5960//5960 5961//5961
f 5962//5962 5963//5963 5964//5964
f 5965//5965 5966//5966 5967//5967
f 5968//5968 5969//5969 5970//5970
f 5971//5971 5972//5972 5973//5973
f 5974//5974 5975//5975 5976//5976
f 5977//5977 5978//5978 5979//5979
f 5980//5980 5981//5981 5982//5982
f 5983//5983 5984//5984 5985//5985
f 5986//5986 5987//5987 5988//5988
f 5989//5989 5990//5990 5991//5991
f 5992//5992 5993//5993 5994//5994
f 5995//5995 5996//5996 5997//5997
f 5998//5998 5999//5999 6000//6000
f 6001//6001 6002//6002 6003//6003
f 6004//6004 6005//6005 6006//6006
f 6007//6007 6008//6008 6009//6009
f 6010//6010 6011//6011 6012//6012
f 6013//6013 6014//6014 6015//6015
f 6016//6016 6017//6017 6018//6018
f 6019//6019 6020//6020 6021//6021
f 6022//6022 6023//6023 6024//6024
f 6025//6025 6026//6026 6027//6027
f 6028//6028 6029//6029 6030//6030
f 6031//6031 6032//6032 6033//6033
f 6034//6034 6035//6035 6036//6036
f 6037//6037 6038//6038 6039//6039
f 6040//6040 6041//6041 6042//6042
f 6043//6043 6044//6044 6045//6045
f 6046//6046 6047//6047 6048//6048
f 6049//6049 6050//6050 6051//6051
f 6052//6052 6053//6053 6054//6054
f 6055//6055 6056//6056 6057//6057
f 6058//6058 6059//6059 6060//6060
f 6061//6061 6062//6062 6063//6063
f 6064//6064 6065//6065 6066//6066
f 6067//6067 6068//6068 6069//6069
f 6070//6070 6071//6071 6072//6072
f 6073//6073 6074//6074 6075//6075
f 6076//6076 6077//6077 6078//6078
f 6079//6079 6080//6080 6081//6081
f 6082//6082 6083//6083 6084//6084
f 6085//6085 6086//6086 6087//6087
f 6088//6088 6089//6089 6090//6090
f 6091//6091 6092//6092 6093//6093
f 6094//6094 6095//6095 6096//6096
f 6097//6097 6098//6098 6099//6099
f 6100//6100 6101//6101 6102//6102
f 6103//6103 6104//6104 6105//6105
f 6106//6106 6107//6107 6108//6108
f 6109//6109 6110//6110 6111//6111
f 6112//6112 6113//6113 6114//6114
f 6115//6115 6116//6116 6117//6117
f 6118//6118 6119//6119 6120//6120
f 6121//6121 6122//6122 6123//6123
f 6124//6124 6125//6125 6126//6126
f 6127//6127 6128//6128 6129//6129
f 6130//6130 6131//6131 6132//6132
f 6133//6133 6134//6134 6135//6135
f 6136//6136 6137//6137 6138//6138
f 6139//6139 6140//6140 6141//6141
f 6142//6142 6143//6143 6144//6144
