o Mesh
usemtl material7
v -0.41748229091126965 0.49552512333508714 0.36282700300216675
v -0.08230439250428723 0.46691611573811753 0.39143601059913635
v -0.08230439250428723 0.8583521263372541 0.5535740256309509
v 0.24211665566008045 0.5244751291048168 0.33387601375579834
v -0.08230439250428723 0.8583521263372541 0.5535740256309509
v -0.08230439250428723 0.46691611573811753 0.39143601059913635
v -0.41748229091126965 0.49552512333508714 0.36282700300216675
v -0.08230439250428723 0.30477810070630296 -6.779326131534319e-17
v -0.08230439250428723 0.46691611573811753 0.39143601059913635
v -0.08230439250428723 0.30477810070630296 -6.779326131534319e-17
v 0.24211665566008045 0.5244751291048168 0.33387601375579834
v -0.08230439250428723 0.46691611573811753 0.39143601059913635
v -0.41748229091126965 0.49552512333508714 0.36282700300216675
v -0.08230439250428723 0.8583521263372541 0.5535740256309509
v -0.41748229091126965 0.8583521263372541 0.5131149888038635
v -0.41748229091126965 0.8583521263372541 0.5131149888038635
v -0.7868093592401271 0.5716181115877269 0.286734014749527
v -0.41748229091126965 0.49552512333508714 0.36282700300216675
v -0.7868093592401271 0.5716181115877269 0.286734014749527
v -0.41748229091126965 0.8583521263372541 0.5131149888038635
v -0.7868093592401271 0.8583521263372542 0.4055030047893524
v -0.7868093592401271 0.8583521263372542 0.4055030047893524
v -0.41748229091126965 0.8583521263372541 0.5131149888038635
v -0.7868093592401271 1.145086141086781 0.286734014749527
v -0.41748229091126965 0.34523713753339036 -6.283846268104036e-17
v -0.41748229091126965 0.49552512333508714 0.36282700300216675
v -0.7868093592401271 0.5716181115877269 0.286734014749527
v -0.08230439250428723 0.30477810070630296 -6.779326131534319e-17
v -0.41748229091126965 0.49552512333508714 0.36282700300216675
v -0.41748229091126965 0.34523713753339036 -6.283846268104036e-17
v -0.7868093592401271 0.45284912154790147 -4.9659794692065917e-17
v -0.41748229091126965 0.34523713753339036 -6.283846268104036e-17
v -0.7868093592401271 0.5716181115877269 0.286734014749527
v -0.7868093592401271 0.5716181115877269 -0.286734014749527
v -0.41748229091126965 0.34523713753339036 -6.283846268104036e-17
v -0.7868093592401271 0.45284912154790147 -4.9659794692065917e-17
v -0.41748229091126965 0.8583521263372541 0.5131149888038635
v -0.41748229091126965 1.2211791293394207 0.36282700300216675
v -0.7868093592401271 1.145086141086781 0.286734014749527
v -0.08230439250428723 0.8583521263372541 0.5535740256309509
v -0.41748229091126965 1.2211791293394207 0.36282700300216675
v -0.41748229091126965 0.8583521263372541 0.5131149888038635
v -0.41748229091126965 1.3714671151411175 6.283846268104036e-17
v -0.7868093592401271 1.145086141086781 0.286734014749527
v -0.41748229091126965 1.2211791293394207 0.36282700300216675
v -0.7868093592401271 1.145086141086781 0.286734014749527
v -0.41748229091126965 1.3714671151411175 6.283846268104036e-17
v -0.7868093592401271 1.2638551311266064 4.9659794692065917e-17
v -0.41748229091126965 1.3714671151411175 6.283846268104036e-17
v -0.7868093592401271 1.145086141086781 -0.286734014749527
v -0.7868093592401271 1.2638551311266064 4.9659794692065917e-17
v -0.41748229091126965 1.2211791293394207 0.36282700300216675
v -0.08230439250428723 0.8583521263372541 0.5535740256309509
v -0.08230439250428723 1.2497881369363903 0.39143601059913635
v -0.41748229091126965 1.2211791293394207 0.36282700300216675
v -0.08230439250428723 1.411926151968205 6.779326131534319e-17
v -0.41748229091126965 1.3714671151411175 6.283846268104036e-17
v -0.08230439250428723 1.411926151968205 6.779326131534319e-17
v -0.41748229091126965 1.2211791293394207 0.36282700300216675
v -0.08230439250428723 1.2497881369363903 0.39143601059913635
v -0.08230439250428723 0.8583521263372541 0.5535740256309509
v 0.24211760933439685 1.1922281400930523 0.33387601375579834
v -0.08230439250428723 1.2497881369363903 0.39143601059913635
v 0.24211760933439685 1.1922281400930523 0.33387601375579834
v -0.08230439250428723 1.411926151968205 6.779326131534319e-17
v -0.08230439250428723 1.2497881369363903 0.39143601059913635
v -0.08230439250428723 0.8583521263372541 0.5535740256309509
v 0.24211665566008045 0.8583521263372541 0.4721730053424835
v 0.24211760933439685 1.1922281400930523 0.33387601375579834
v -0.08230439250428723 0.8583521263372541 0.5535740256309509
v 0.24211665566008045 0.5244751291048168 0.33387601375579834
v 0.24211665566008045 0.8583521263372541 0.4721730053424835
v 0.24211665566008045 0.8583521263372541 0.4721730053424835
v 0.5827586310629125 1.0610671208870053 0.20271499454975128
v 0.24211760933439685 1.1922281400930523 0.33387601375579834
v 0.5827586310629125 1.0610671208870053 0.20271499454975128
v 0.24211665566008045 0.8583521263372541 0.4721730053424835
v 0.5827586310629125 0.8583521263372541 0.28668299317359924
v 0.24211665566008045 0.8583521263372541 0.4721730053424835
v 0.5827586310629125 0.6556361334097026 0.20271499454975128
v 0.5827586310629125 0.8583521263372541 0.28668299317359924
v 0.5827586310629125 0.6556361334097026 0.20271499454975128
v 0.24211665566008045 0.8583521263372541 0.4721730053424835
v 0.24211665566008045 0.5244751291048168 0.33387601375579834
v 0.24211760933439685 1.1922281400930523 0.33387601375579834
v 0.5827586310629125 1.0610671208870053 0.20271499454975128
v 0.24211760933439685 1.3305251316797375 5.782451732421753e-17
v -0.08230439250428723 1.411926151968205 6.779326131534319e-17
v 0.24211760933439685 1.1922281400930523 0.33387601375579834
v 0.24211760933439685 1.3305251316797375 5.782451732421753e-17
v 0.5827586310629125 1.1450351195108532 3.5108542899290387e-17
v 0.24211760933439685 1.3305251316797375 5.782451732421753e-17
v 0.5827586310629125 1.0610671208870053 0.20271499454975128
v 0.5827586310629125 1.0610671208870053 -0.20271499454975128
v 0.24211760933439685 1.3305251316797375 5.782451732421753e-17
v 0.5827586310629125 1.1450351195108532 3.5108542899290387e-17
v 0.24211665566008045 0.38617912099477036 -5.782451732421753e-17
v 0.5827586310629125 0.6556361334097026 0.20271499454975128
v 0.24211665566008045 0.5244751291048168 0.33387601375579834
v 0.5827586310629125 0.6556361334097026 0.20271499454975128
v 0.24211665566008045 0.38617912099477036 -5.782451732421753e-17
v 0.5827586310629125 0.5716691331636546 -3.5108542899290387e-17
v 0.24211665566008045 0.38617912099477036 -5.782451732421753e-17
v 0.5827586310629125 0.6556361334097026 -0.20271499454975128
v 0.5827586310629125 0.5716691331636546 -3.5108542899290387e-17
v -0.08230439250428723 0.30477810070630296 -6.779326131534319e-17
v 0.24211665566008045 0.38617912099477036 -5.782451732421753e-17
v 0.24211665566008045 0.5244751291048168 0.33387601375579834
v 0.5827586310629125 0.6556361334097026 -0.20271499454975128
v 0.24211665566008045 0.38617912099477036 -5.782451732421753e-17
v 0.24211665566008045 0.5244751291048168 -0.33387601375579834
v -0.08230439250428723 0.30477810070630296 -6.779326131534319e-17
v 0.24211665566008045 0.5244751291048168 -0.33387601375579834
v 0.24211665566008045 0.38617912099477036 -5.782451732421753e-17
v 0.24211760933439685 1.3305251316797375 5.782451732421753e-17
v 0.5827586310629125 1.0610671208870053 -0.20271499454975128
v 0.24211760933439685 1.1922281400930523 -0.33387601375579834
v 0.24211760933439685 1.1922281400930523 -0.33387601375579834
v -0.08230439250428723 1.411926151968205 6.779326131534319e-17
v 0.24211760933439685 1.3305251316797375 5.782451732421753e-17
v 0.24211665566008045 0.5244751291048168 -0.33387601375579834
v -0.08230439250428723 0.30477810070630296 -6.779326131534319e-17
v -0.08230439250428723 0.46691611573811753 -0.39143601059913635
v 0.5827586310629125 1.0610671208870053 -0.20271499454975128
v 0.24211665566008045 0.8583521263372542 -0.4721730053424835
v 0.24211760933439685 1.1922281400930523 -0.33387601375579834
v 0.24211665566008045 0.8583521263372542 -0.4721730053424835
v 0.5827586310629125 0.6556361334097026 -0.20271499454975128
v 0.24211665566008045 0.5244751291048168 -0.33387601375579834
v 0.24211665566008045 0.8583521263372542 -0.4721730053424835
v 0.5827586310629125 1.0610671208870053 -0.20271499454975128
v 0.5827586310629125 0.8583521263372541 -0.28668299317359924
v 0.5827586310629125 0.6556361334097026 -0.20271499454975128
v 0.24211665566008045 0.8583521263372542 -0.4721730053424835
v 0.5827586310629125 0.8583521263372541 -0.28668299317359924
v -0.08230439250428723 0.8583521263372542 -0.5535740256309509
v 0.24211665566008045 0.8583521263372542 -0.4721730053424835
v 0.24211665566008045 0.5244751291048168 -0.33387601375579834
v -0.08230439250428723 0.8583521263372542 -0.5535740256309509
v 0.24211665566008045 0.5244751291048168 -0.33387601375579834
v -0.08230439250428723 0.46691611573811753 -0.39143601059913635
v -0.08230439250428723 0.8583521263372542 -0.5535740256309509
v 0.24211760933439685 1.1922281400930523 -0.33387601375579834
v 0.24211665566008045 0.8583521263372542 -0.4721730053424835
v -0.08230439250428723 1.2497881369363903 -0.39143601059913635
v -0.08230439250428723 1.411926151968205 6.779326131534319e-17
v 0.24211760933439685 1.1922281400930523 -0.33387601375579834
v 0.24211760933439685 1.1922281400930523 -0.33387601375579834
v -0.08230439250428723 0.8583521263372542 -0.5535740256309509
v -0.08230439250428723 1.2497881369363903 -0.39143601059913635
v -0.41748229091126965 1.2211791293394207 -0.36282700300216675
v -0.08230439250428723 1.411926151968205 6.779326131534319e-17
v -0.08230439250428723 1.2497881369363903 -0.39143601059913635
v -0.41748229091126965 1.2211791293394207 -0.36282700300216675
v -0.08230439250428723 1.2497881369363903 -0.39143601059913635
v -0.08230439250428723 0.8583521263372542 -0.5535740256309509
v -0.08230439250428723 1.411926151968205 6.779326131534319e-17
v -0.41748229091126965 1.2211791293394207 -0.36282700300216675
v -0.41748229091126965 1.3714671151411175 6.283846268104036e-17
v -0.7868093592401271 1.145086141086781 -0.286734014749527
v -0.41748229091126965 1.3714671151411175 6.283846268104036e-17
v -0.41748229091126965 1.2211791293394207 -0.36282700300216675
v -0.41748229091126965 0.8583521263372542 -0.5131149888038635
v -0.7868093592401271 1.145086141086781 -0.286734014749527
v -0.41748229091126965 1.2211791293394207 -0.36282700300216675
v -0.41748229091126965 1.2211791293394207 -0.36282700300216675
v -0.08230439250428723 0.8583521263372542 -0.5535740256309509
v -0.41748229091126965 0.8583521263372542 -0.5131149888038635
v -0.7868093592401271 1.145086141086781 -0.286734014749527
v -0.41748229091126965 0.8583521263372542 -0.5131149888038635
v -0.7868093592401271 0.8583521263372543 -0.4055030047893524
v -0.7868093592401271 0.8583521263372543 -0.4055030047893524
v -0.41748229091126965 0.8583521263372542 -0.5131149888038635
v -0.7868093592401271 0.5716181115877269 -0.286734014749527
v -0.08230439250428723 0.8583521263372542 -0.5535740256309509
v -0.41748229091126965 0.49552512333508714 -0.36282700300216675
v -0.41748229091126965 0.8583521263372542 -0.5131149888038635
v -0.41748229091126965 0.8583521263372542 -0.5131149888038635
v -0.41748229091126965 0.49552512333508714 -0.36282700300216675
v -0.7868093592401271 0.5716181115877269 -0.286734014749527
v -0.41748229091126965 0.49552512333508714 -0.36282700300216675
v -0.08230439250428723 0.8583521263372542 -0.5535740256309509
v -0.08230439250428723 0.46691611573811753 -0.39143601059913635
v -0.41748229091126965 0.34523713753339036 -6.283846268104036e-17
v -0.7868093592401271 0.5716181115877269 -0.286734014749527
v -0.41748229091126965 0.49552512333508714 -0.36282700300216675
v -0.41748229091126965 0.49552512333508714 -0.36282700300216675
v -0.08230439250428723 0.46691611573811753 -0.39143601059913635
v -0.08230439250428723 0.30477810070630296 -6.779326131534319e-17
v -0.41748229091126965 0.49552512333508714 -0.36282700300216675
v -0.08230439250428723 0.30477810070630296 -6.779326131534319e-17
v -0.41748229091126965 0.34523713753339036 -6.283846268104036e-17
vn -0.1769921671911313 -0.6959431333773236 0.6959431929819698
vn 0.0619521018981863 -0.7057485462975375 0.7057484866928937
vn 0.05833845243817892 7.50518797737059e-8 0.9982968621442785
vn 0.3274750344911225 -0.6681167943499992 0.6681167943499992
vn 0.05833845243817892 7.50518797737059e-8 0.9982968621442785
vn 0.0619521018981863 -0.7057485462975375 0.7057484866928937
vn -0.1769921671911313 -0.6959431333773236 0.6959431929819698
vn 0.05833778440935458 -0.9982969011823125 2.7221280367763223e-10
vn 0.0619521018981863 -0.7057485462975375 0.7057484866928937
vn 0.05833778440935458 -0.9982969011823125 2.7221280367763223e-10
vn 0.3274750344911225 -0.6681167943499992 0.6681167943499992
vn 0.0619521018981863 -0.7057485462975375 0.7057484866928937
vn -0.1769921671911313 -0.6959431333773236 0.6959431929819698
vn 0.05833845243817892 7.50518797737059e-8 0.9982968621442785
vn -0.22781014015818082 -1.540917764506252e-8 0.9737055715364422
vn -0.22781014015818082 -1.540917764506252e-8 0.9737055715364422
vn -0.27973996771678944 -0.6788760820405566 0.6788761416451996
vn -0.1769921671911313 -0.6959431333773236 0.6959431929819698
vn -0.27973996771678944 -0.6788760820405566 0.6788761416451996
vn -0.22781014015818082 -1.540917764506252e-8 0.9737055715364422
vn -0.27974026838355937 -5.37565847792266e-9 0.960075716933146
vn -0.27974026838355937 -5.37565847792266e-9 0.960075716933146
vn -0.22781014015818082 -1.540917764506252e-8 0.9737055715364422
vn -0.27973996771678944 0.6788760820405566 0.6788761416451996
vn -0.22781014015818088 -0.9737055715364424 -4.658403353532421e-9
vn -0.1769921671911313 -0.6959431333773236 0.6959431929819698
vn -0.27973996771678944 -0.6788760820405566 0.6788761416451996
vn 0.05833778440935458 -0.9982969011823125 2.7221280367763223e-10
vn -0.1769921671911313 -0.6959431333773236 0.6959431929819698
vn -0.22781014015818088 -0.9737055715364424 -4.658403353532421e-9
vn -0.27974026838355937 -0.960075716933146 5.37565847792266e-9
vn -0.22781014015818088 -0.9737055715364424 -4.658403353532421e-9
vn -0.27973996771678944 -0.6788760820405566 0.6788761416451996
vn -0.2797399515660768 -0.6788761151704371 -0.6788761151704371
vn -0.22781014015818088 -0.9737055715364424 -4.658403353532421e-9
vn -0.27974026838355937 -0.960075716933146 5.37565847792266e-9
vn -0.22781014015818082 -1.540917764506252e-8 0.9737055715364422
vn -0.1769921454148769 0.6959431659487142 0.6959431659487142
vn -0.27973996771678944 0.6788760820405566 0.6788761416451996
vn 0.05833845243817892 7.50518797737059e-8 0.9982968621442785
vn -0.1769921454148769 0.6959431659487142 0.6959431659487142
vn -0.22781014015818082 -1.540917764506252e-8 0.9737055715364422
vn -0.22781014015818088 0.9737055715364424 -5.270816573301556e-9
vn -0.27973996771678944 0.6788760820405566 0.6788761416451996
vn -0.1769921454148769 0.6959431659487142 0.6959431659487142
vn -0.27973996771678944 0.6788760820405566 0.6788761416451996
vn -0.22781014015818088 0.9737055715364424 -5.270816573301556e-9
vn -0.27974026838355937 0.960075716933146 5.37565847792266e-9
vn -0.22781014015818088 0.9737055715364424 -5.270816573301556e-9
vn -0.27973996771678944 0.6788761416451996 -0.6788760820405566
vn -0.27974026838355937 0.960075716933146 5.37565847792266e-9
vn -0.1769921454148769 0.6959431659487142 0.6959431659487142
vn 0.05833845243817892 7.50518797737059e-8 0.9982968621442785
vn 0.061953054518250714 0.7057484746833885 0.7057484746833885
vn -0.1769921454148769 0.6959431659487142 0.6959431659487142
vn 0.05833849698952002 0.9982968595407901 2.722124199977065e-10
vn -0.22781014015818088 0.9737055715364424 -5.270816573301556e-9
vn 0.05833849698952002 0.9982968595407901 2.722124199977065e-10
vn -0.1769921454148769 0.6959431659487142 0.6959431659487142
vn 0.061953054518250714 0.7057484746833885 0.7057484746833885
vn 0.05833845243817892 7.50518797737059e-8 0.9982968621442785
vn 0.32747545914360565 0.6681166306743352 0.6681167498836251
vn 0.061953054518250714 0.7057484746833885 0.7057484746833885
vn 0.32747545914360565 0.6681166306743352 0.6681167498836251
vn 0.05833849698952002 0.9982968595407901 2.722124199977065e-10
vn 0.061953054518250714 0.7057484746833885 0.7057484746833885
vn 0.05833845243817892 7.50518797737059e-8 0.9982968621442785
vn 0.3991079256138166 -5.281188365997846e-7 0.9169039555547557
vn 0.32747545914360565 0.6681166306743352 0.6681167498836251
vn 0.05833845243817892 7.50518797737059e-8 0.9982968621442785
vn 0.3274750344911225 -0.6681167943499992 0.6681167943499992
vn 0.3991079256138166 -5.281188365997846e-7 0.9169039555547557
vn 0.3991079256138166 -5.281188365997846e-7 0.9169039555547557
vn 0.4782267788249077 0.6210064861165593 0.6210073205815825
vn 0.32747545914360565 0.6681166306743352 0.6681167498836251
vn 0.4782267788249077 0.6210064861165593 0.6210073205815825
vn 0.3991079256138166 -5.281188365997846e-7 0.9169039555547557
vn 0.47822669971693055 -8.972677755376821e-10 0.8782364281204992
vn 0.3991079256138166 -5.281188365997846e-7 0.9169039555547557
vn 0.4782262641437186 -0.6210071313249776 0.6210070717203341
vn 0.47822669971693055 -8.972677755376821e-10 0.8782364281204992
vn 0.4782262641437186 -0.6210071313249776 0.6210070717203341
vn 0.3991079256138166 -5.281188365997846e-7 0.9169039555547557
vn 0.3274750344911225 -0.6681167943499992 0.6681167943499992
vn 0.32747545914360565 0.6681166306743352 0.6681167498836251
vn 0.4782267788249077 0.6210064861165593 0.6210073205815825
vn 0.3991081195689227 0.9169038711305338 1.7447541526674049e-9
vn 0.05833849698952002 0.9982968595407901 2.722124199977065e-10
vn 0.32747545914360565 0.6681166306743352 0.6681167498836251
vn 0.3991081195689227 0.9169038711305338 1.7447541526674049e-9
vn 0.47822770656136593 0.8782358798620425 -9.965871498871578e-10
vn 0.3991081195689227 0.9169038711305338 1.7447541526674049e-9
vn 0.4782267788249077 0.6210064861165593 0.6210073205815825
vn 0.4782267788249077 0.6210064861165593 -0.6210073205815825
vn 0.3991081195689227 0.9169038711305338 1.7447541526674049e-9
vn 0.47822770656136593 0.8782358798620425 -9.965871498871578e-10
vn 0.3991075562724038 -0.9169041163209325 -9.68875228163408e-9
vn 0.4782262641437186 -0.6210071313249776 0.6210070717203341
vn 0.3274750344911225 -0.6681167943499992 0.6681167943499992
vn 0.4782262641437186 -0.6210071313249776 0.6210070717203341
vn 0.3991075562724038 -0.9169041163209325 -9.68875228163408e-9
vn 0.47822669971693055 -0.8782364281204992 -5.8235346437307405e-9
vn 0.3991075562724038 -0.9169041163209325 -9.68875228163408e-9
vn 0.4782262818452203 -0.6210070947068544 -0.6210070947068544
vn 0.47822669971693055 -0.8782364281204992 -5.8235346437307405e-9
vn 0.05833778440935458 -0.9982969011823125 2.7221280367763223e-10
vn 0.3991075562724038 -0.9169041163209325 -9.68875228163408e-9
vn 0.3274750344911225 -0.6681167943499992 0.6681167943499992
vn 0.4782262818452203 -0.6210070947068544 -0.6210070947068544
vn 0.3991075562724038 -0.9169041163209325 -9.68875228163408e-9
vn 0.32747504753211626 -0.6681167613516775 -0.6681168209563234
vn 0.05833778440935458 -0.9982969011823125 2.7221280367763223e-10
vn 0.32747504753211626 -0.6681167613516775 -0.6681168209563234
vn 0.3991075562724038 -0.9169041163209325 -9.68875228163408e-9
vn 0.3991081195689227 0.9169038711305338 1.7447541526674049e-9
vn 0.4782267788249077 0.6210064861165593 -0.6210073205815825
vn 0.32747545914360565 0.6681166306743352 -0.6681167498836251
vn 0.32747545914360565 0.6681166306743352 -0.6681167498836251
vn 0.05833849698952002 0.9982968595407901 2.722124199977065e-10
vn 0.3991081195689227 0.9169038711305338 1.7447541526674049e-9
vn 0.32747504753211626 -0.6681167613516775 -0.6681168209563234
vn 0.05833778440935458 -0.9982969011823125 2.7221280367763223e-10
vn 0.06195210450425669 -0.7057485163808329 -0.7057485163808329
vn 0.4782267788249077 0.6210064861165593 -0.6210073205815825
vn 0.3991079975361489 -5.253223840306221e-7 -0.9169039242485603
vn 0.32747545914360565 0.6681166306743352 -0.6681167498836251
vn 0.3991079975361489 -5.253223840306221e-7 -0.9169039242485603
vn 0.4782262818452203 -0.6210070947068544 -0.6210070947068544
vn 0.32747504753211626 -0.6681167613516775 -0.6681168209563234
vn 0.3991079975361489 -5.253223840306221e-7 -0.9169039242485603
vn 0.4782267788249077 0.6210064861165593 -0.6210073205815825
vn 0.47822669971693055 -8.972677755376821e-10 -0.8782364281204992
vn 0.4782262818452203 -0.6210070947068544 -0.6210070947068544
vn 0.3991079975361489 -5.253223840306221e-7 -0.9169039242485603
vn 0.47822669971693055 -8.972677755376821e-10 -0.8782364281204992
vn 0.05833845243817892 7.581718404214654e-8 -0.9982968621442785
vn 0.3991079975361489 -5.253223840306221e-7 -0.9169039242485603
vn 0.32747504753211626 -0.6681167613516775 -0.6681168209563234
vn 0.05833845243817892 7.581718404214654e-8 -0.9982968621442785
vn 0.32747504753211626 -0.6681167613516775 -0.6681168209563234
vn 0.06195210450425669 -0.7057485163808329 -0.7057485163808329
vn 0.05833845243817892 7.581718404214654e-8 -0.9982968621442785
vn 0.32747545914360565 0.6681166306743352 -0.6681167498836251
vn 0.3991079975361489 -5.253223840306221e-7 -0.9169039242485603
vn 0.061953054518250714 0.7057484746833885 -0.7057484746833885
vn 0.05833849698952002 0.9982968595407901 2.722124199977065e-10
vn 0.32747545914360565 0.6681166306743352 -0.6681167498836251
vn 0.32747545914360565 0.6681166306743352 -0.6681167498836251
vn 0.05833845243817892 7.581718404214654e-8 -0.9982968621442785
vn 0.061953054518250714 0.7057484746833885 -0.7057484746833885
vn -0.1769921671911313 0.6959431929819698 -0.6959431333773236
vn 0.05833849698952002 0.9982968595407901 2.722124199977065e-10
vn 0.061953054518250714 0.7057484746833885 -0.7057484746833885
vn -0.1769921671911313 0.6959431929819698 -0.6959431333773236
vn 0.061953054518250714 0.7057484746833885 -0.7057484746833885
vn 0.05833845243817892 7.581718404214654e-8 -0.9982968621442785
vn 0.05833849698952002 0.9982968595407901 2.722124199977065e-10
vn -0.1769921671911313 0.6959431929819698 -0.6959431333773236
vn -0.22781014015818088 0.9737055715364424 -5.270816573301556e-9
vn -0.27973996771678944 0.6788761416451996 -0.6788760820405566
vn -0.22781014015818088 0.9737055715364424 -5.270816573301556e-9
vn -0.1769921671911313 0.6959431929819698 -0.6959431333773236
vn -0.22781014015818088 -5.270817017390758e-9 -0.9737055715364424
vn -0.27973996771678944 0.6788761416451996 -0.6788760820405566
vn -0.1769921671911313 0.6959431929819698 -0.6959431333773236
vn -0.1769921671911313 0.6959431929819698 -0.6959431333773236
vn 0.05833845243817892 7.581718404214654e-8 -0.9982968621442785
vn -0.22781014015818088 -5.270817017390758e-9 -0.9737055715364424
vn -0.27973996771678944 0.6788761416451996 -0.6788760820405566
vn -0.22781014015818088 -5.270817017390758e-9 -0.9737055715364424
vn -0.27974026838355937 5.37565847792266e-9 -0.960075716933146
vn -0.27974026838355937 5.37565847792266e-9 -0.960075716933146
vn -0.22781014015818088 -5.270817017390758e-9 -0.9737055715364424
vn -0.2797399515660768 -0.6788761151704371 -0.6788761151704371
vn 0.05833845243817892 7.581718404214654e-8 -0.9982968621442785
vn -0.1769921454148769 -0.6959431659487142 -0.6959431659487142
vn -0.22781014015818088 -5.270817017390758e-9 -0.9737055715364424
vn -0.22781014015818088 -5.270817017390758e-9 -0.9737055715364424
vn -0.1769921454148769 -0.6959431659487142 -0.6959431659487142
vn -0.2797399515660768 -0.6788761151704371 -0.6788761151704371
vn -0.1769921454148769 -0.6959431659487142 -0.6959431659487142
vn 0.05833845243817892 7.581718404214654e-8 -0.9982968621442785
vn 0.06195210450425669 -0.7057485163808329 -0.7057485163808329
vn -0.22781014015818088 -0.9737055715364424 -4.658403353532421e-9
vn -0.2797399515660768 -0.6788761151704371 -0.6788761151704371
vn -0.1769921454148769 -0.6959431659487142 -0.6959431659487142
vn -0.1769921454148769 -0.6959431659487142 -0.6959431659487142
vn 0.06195210450425669 -0.7057485163808329 -0.7057485163808329
vn 0.05833778440935458 -0.9982969011823125 2.7221280367763223e-10
vn -0.1769921454148769 -0.6959431659487142 -0.6959431659487142
vn 0.05833778440935458 -0.9982969011823125 2.7221280367763223e-10
vn -0.22781014015818088 -0.9737055715364424 -4.658403353532421e-9
f 1//1 2//2 3//3
f 4//4 5//5 6//6
f 7//7 8//8 9//9
f 10//10 11//11 12//12
f 13//13 14//14 15//15
f 16//16 17//17 18//18
f 19//19 20//20 21//21
f 22//22 23//23 24//24
f 25//25 26//26 27//27
f 28//28 29//29 30//30
f 31//31 32//32 33//33
f 34//34 35//35 36//36
f 37//37 38//38 39//39
f 40//40 41//41 42//42
f 43//43 44//44 45//45
f 46//46 47//47 48//48
f 49//49 50//50 51//51
f 52//52 53//53 54//54
f 55//55 56//56 57//57
f 58//58 59//59 60//60
f 61//61 62//62 63//63
f 64//64 65//65 66//66
f 67//67 68//68 69//69
f 70//70 71//71 72//72
f 73//73 74//74 75//75
f 76//76 77//77 78//78
f 79//79 80//80 81//81
f 82//82 83//83 84//84
f 85//85 86//86 87//87
f 88//88 89//89 90//90
f 91//91 92//92 93//93
f 94//94 95//95 96//96
f 97//97 98//98 99//99
f 100//100 101//101 102//102
f 103//103 104//104 105//105
f 106//106 107//107 108//108
f 109//109 110//110 111//111
f 112//112 113//113 114//114
f 115//115 116//116 117//117
f 118//118 119//119 120//120
f 121//121 122//122 123//123
f 124//124 125//125 126//126
f 127//127 128//128 129//129
f 130//130 131//131 132//132
f 133//133 134//134 135//135
f 136//136 137//137 138//138
f 139//139 140//140 141//141
f 142//142 143//143 144//144
f 145//145 146//146 147//147
f 148//148 149//149 150//150
f 151//151 152//152 153//153
f 154//154 155//155 156//156
f 157//157 158//158 159//159
f 160//160 161//161 162//162
f 163//163 164//164 165//165
f 166//166 167//167 168//168
f 169//169 170//170 171//171
f 172//172 173//173 174//174
f 175//175 176//176 177//177
f 178//178 179//179 180//180
f 181//181 182//182 183//183
f 184//184 185//185 186//186
f 187//187 188//188 189//189
f 190//190 191//191 192//192
o Mesh
usemtl material6
v 1.5846693915290608 0.8431090131957887 0.11566600203514099
v 1.5846693915290608 0.7462890163619873 0.09681999683380127
v 1.5846693915290608 0.7613210097511169 0.08178800344467163
v 1.5846693915290608 0.7462890163619873 0.09681999683380127
v 1.5846693915290608 0.7274430111606476 -1.4164999805743894e-17
v 1.5846693915290608 0.7613210097511169 0.08178800344467163
v 1.5846693915290608 0.7462890163619873 0.09681999683380127
v 1.5846693915290608 0.8431090131957887 0.11566600203514099
v 1.5846693915290608 0.8431090131957887 0.13692399859428406
v 1.5846693915290608 0.7274430111606476 -1.4164999805743894e-17
v 1.5846693915290608 0.7462890163619873 0.09681999683380127
v 1.5846693915290608 0.7061850146015045 -1.676835391476876e-17
v 1.5846693915290608 0.8431090131957887 0.11566600203514099
v 1.5846693915290608 0.9399290100295898 0.09681999683380127
v 1.5846693915290608 0.8431090131957887 0.13692399859428406
v 1.5846693915290608 0.7462890163619873 -0.09681999683380127
v 1.5846693915290608 0.7274430111606476 -1.4164999805743894e-17
v 1.5846693915290608 0.7061850146015045 -1.676835391476876e-17
v 1.5846693915290608 0.9399290100295898 0.09681999683380127
v 1.5846693915290608 0.8431090131957887 0.11566600203514099
v 1.5846693915290608 0.9248970166404602 0.08178800344467163
v 1.5846693915290608 0.7274430111606476 -1.4164999805743894e-17
v 1.5846693915290608 0.7462890163619873 -0.09681999683380127
v 1.5846693915290608 0.7613210097511169 -0.08178800344467163
v 1.5846693915290608 0.9587750152309296 1.4164999805743894e-17
v 1.5846693915290608 0.9399290100295898 0.09681999683380127
v 1.5846693915290608 0.9248970166404602 0.08178800344467163
v 1.5846693915290608 0.8431090131957887 -0.11566600203514099
v 1.5846693915290608 0.7613210097511169 -0.08178800344467163
v 1.5846693915290608 0.7462890163619873 -0.09681999683380127
v 1.5846693915290608 0.9399290100295898 0.09681999683380127
v 1.5846693915290608 0.9587750152309296 1.4164999805743894e-17
v 1.5846693915290608 0.9800330117900726 1.676835391476876e-17
v 1.5846693915290608 0.7462890163619873 -0.09681999683380127
v 1.5846693915290608 0.8431090131957887 -0.13692399859428406
v 1.5846693915290608 0.8431090131957887 -0.11566600203514099
v 1.5846693915290608 0.9399290100295898 -0.09681999683380127
v 1.5846693915290608 0.9800330117900726 1.676835391476876e-17
v 1.5846693915290608 0.9587750152309296 1.4164999805743894e-17
v 1.5846693915290608 0.9399290100295898 -0.09681999683380127
v 1.5846693915290608 0.8431090131957887 -0.11566600203514099
v 1.5846693915290608 0.8431090131957887 -0.13692399859428406
v 1.5846693915290608 0.9399290100295898 -0.09681999683380127
v 1.5846693915290608 0.9587750152309296 1.4164999805743894e-17
v 1.5846693915290608 0.9248970166404602 -0.08178800344467163
v 1.5846693915290608 0.8431090131957887 -0.11566600203514099
v 1.5846693915290608 0.9399290100295898 -0.09681999683380127
v 1.5846693915290608 0.9248970166404602 -0.08178800344467163
v -0.3349445658760295 0.6643290088136551 -0.5903949737548828
v -0.5050617056923137 0.6516080067117569 -0.5354179739952087
v -0.37621076880266524 0.707697020526683 -0.5770589709281921
v -0.5050617056923137 0.6516080067117569 -0.5354179739952087
v -0.3349445658760295 0.6643290088136551 -0.5903949737548828
v -0.5050617056923137 0.5902760044296143 -0.5354179739952087
v -0.2644797164039836 0.8431090131957889 -0.6131669878959656
v -0.3349445658760295 0.6643290088136551 -0.5903949737548828
v -0.37621076880266524 0.707697020526683 -0.5770589709281921
v -0.6751776534157024 0.6643290088136551 -0.48044100403785706
v -0.5050617056923137 0.6516080067117569 -0.5354179739952087
v -0.5050617056923137 0.5902760044296143 -0.5354179739952087
v -0.2644797164039836 0.8431090131957889 -0.6131669878959656
v -0.37621076880266524 0.707697020526683 -0.5770589709281921
v -0.32283957777788497 0.843109013195789 -0.594307005405426
v -0.5050617056923137 0.6516080067117569 -0.5354179739952087
v -0.6751776534157024 0.6643290088136551 -0.48044100403785706
v -0.6339116889076457 0.707697020526683 -0.49377700686454773
v -0.37621076880266524 0.9785210058648941 -0.5770589709281921
v -0.2644797164039836 0.8431090131957889 -0.6131669878959656
v -0.32283957777788497 0.843109013195789 -0.594307005405426
v -0.7456427413063274 0.843109013195789 -0.4576689898967743
v -0.6339116889076457 0.707697020526683 -0.49377700686454773
v -0.6751776534157024 0.6643290088136551 -0.48044100403785706
v -0.2644797164039836 0.8431090131957889 -0.6131669878959656
v -0.37621076880266524 0.9785210058648941 -0.5770589709281921
v -0.3349445658760295 1.021889017577922 -0.5903949737548828
v -0.6339116889076457 0.707697020526683 -0.49377700686454773
v -0.7456427413063274 0.843109013195789 -0.4576689898967743
v -0.6872826415138469 0.843109013195789 -0.47652900218963623
v -0.5050617056923137 1.0346100196798202 -0.5354179739952087
v -0.3349445658760295 1.021889017577922 -0.5903949737548828
v -0.37621076880266524 0.9785210058648941 -0.5770589709281921
v -0.7456427413063274 0.843109013195789 -0.4576689898967743
v -0.6339116889076457 0.9785210058648941 -0.49377700686454773
v -0.6872826415138469 0.843109013195789 -0.47652900218963623
v -0.3349445658760295 1.021889017577922 -0.5903949737548828
v -0.5050617056923137 1.0346100196798202 -0.5354179739952087
v -0.5050617056923137 1.0959420219619629 -0.5354179739952087
v -0.6339116889076457 0.9785210058648941 -0.49377700686454773
v -0.7456427413063274 0.843109013195789 -0.4576689898967743
v -0.6751776534157024 1.021889017577922 -0.48044100403785706
v -0.6751776534157024 1.021889017577922 -0.48044100403785706
v -0.5050617056923137 1.0959420219619629 -0.5354179739952087
v -0.5050617056923137 1.0346100196798202 -0.5354179739952087
v -0.5050617056923137 1.0346100196798202 -0.5354179739952087
v -0.6339116889076457 0.9785210058648941 -0.49377700686454773
v -0.6751776534157024 1.021889017577922 -0.48044100403785706
v -0.5050617056923137 1.0346100196798202 0.5354179739952087
v -0.3349445658760295 1.021889017577922 0.5903949737548828
v -0.5050617056923137 1.0959420219619629 0.5354179739952087
v -0.5050617056923137 1.0959420219619629 0.5354179739952087
v -0.6751776534157024 1.021889017577922 0.48044100403785706
v -0.5050617056923137 1.0346100196798202 0.5354179739952087
v -0.3349445658760295 1.021889017577922 0.5903949737548828
v -0.5050617056923137 1.0346100196798202 0.5354179739952087
v -0.37621076880266524 0.9785210058648941 0.5770589709281921
v -0.5050617056923137 1.0346100196798202 0.5354179739952087
v -0.6751776534157024 1.021889017577922 0.48044100403785706
v -0.6339116889076457 0.9785210058648941 0.49377700686454773
v -0.2644797164039836 0.8431090131957888 0.6131669878959656
v -0.3349445658760295 1.021889017577922 0.5903949737548828
v -0.37621076880266524 0.9785210058648941 0.5770589709281921
v -0.7456427413063274 0.8431090131957889 0.4576689898967743
v -0.6339116889076457 0.9785210058648941 0.49377700686454773
v -0.6751776534157024 1.021889017577922 0.48044100403785706
v -0.2644797164039836 0.8431090131957888 0.6131669878959656
v -0.37621076880266524 0.9785210058648941 0.5770589709281921
v -0.32283957777788497 0.8431090131957888 0.594307005405426
v -0.6339116889076457 0.9785210058648941 0.49377700686454773
v -0.7456427413063274 0.8431090131957889 0.4576689898967743
v -0.6872826415138469 0.8431090131957889 0.47652900218963623
v -0.37621076880266524 0.707697020526683 0.5770589709281921
v -0.2644797164039836 0.8431090131957888 0.6131669878959656
v -0.32283957777788497 0.8431090131957888 0.594307005405426
v -0.7456427413063274 0.8431090131957889 0.4576689898967743
v -0.6339116889076457 0.707697020526683 0.49377700686454773
v -0.6872826415138469 0.8431090131957889 0.47652900218963623
v -0.2644797164039836 0.8431090131957888 0.6131669878959656
v -0.37621076880266524 0.707697020526683 0.5770589709281921
v -0.3349445658760295 0.6643290088136551 0.5903949737548828
v -0.7456427413063274 0.8431090131957889 0.4576689898967743
v -0.6751776534157024 0.6643290088136551 0.48044100403785706
v -0.6339116889076457 0.707697020526683 0.49377700686454773
v -0.5050617056923137 0.6516080067117569 0.5354179739952087
v -0.3349445658760295 0.6643290088136551 0.5903949737548828
v -0.37621076880266524 0.707697020526683 0.5770589709281921
v -0.5050617056923137 0.6516080067117569 0.5354179739952087
v -0.6339116889076457 0.707697020526683 0.49377700686454773
v -0.6751776534157024 0.6643290088136551 0.48044100403785706
v -0.3349445658760295 0.6643290088136551 0.5903949737548828
v -0.5050617056923137 0.6516080067117569 0.5354179739952087
v -0.5050617056923137 0.5902760044296143 0.5354179739952087
v -0.6751776534157024 0.6643290088136551 0.48044100403785706
v -0.5050617056923137 0.5902760044296143 0.5354179739952087
v -0.5050617056923137 0.6516080067117569 0.5354179739952087
v 0.8395493430061116 0.7284300119240639 -1.404412721155397e-17
v 0.8395493430061116 0.6284230068881866 0.21468600630760193
v 0.8395493430061116 0.5394980028827545 -3.7181622950470785e-17
v 0.8395493430061116 0.6284230068881866 -0.21468600630760193
v 0.8395493430061116 0.7284300119240639 -1.404412721155397e-17
v 0.8395493430061116 0.5394980028827545 -3.7181622950470785e-17
v 0.8395493430061116 0.6284230068881866 0.21468600630760193
v 0.8395493430061116 0.7284300119240639 -1.404412721155397e-17
v 0.8395493430061116 0.7620190099437592 0.08109000325202942
v 0.8395493430061116 0.7284300119240639 -1.404412721155397e-17
v 0.8395493430061116 0.6284230068881866 -0.21468600630760193
v 0.8395493430061116 0.7620190099437592 -0.08109000325202942
v 0.8395493430061116 0.8431090131957887 0.1146790012717247
v 0.8395493430061116 0.6284230068881866 0.21468600630760193
v 0.8395493430061116 0.7620190099437592 0.08109000325202942
v 0.8395493430061116 0.7620190099437592 -0.08109000325202942
v 0.8395493430061116 0.6284230068881866 -0.21468600630760193
v 0.8395493430061116 0.8431090131957888 -0.1146790012717247
v 0.8395493430061116 0.6284230068881866 0.21468600630760193
v 0.8395493430061116 0.8431090131957887 0.1146790012717247
v 0.8395493430061116 0.8431090131957887 0.30361101031303406
v 0.8395493430061116 0.6284230068881866 -0.21468600630760193
v 0.8395493430061116 0.8431090131957888 -0.30361101031303406
v 0.8395493430061116 0.8431090131957888 -0.1146790012717247
v 0.8395493430061116 0.8431090131957887 0.1146790012717247
v 0.8395493430061116 1.0577940062244293 0.21468600630760193
v 0.8395493430061116 0.8431090131957887 0.30361101031303406
v 0.8395493430061116 1.0577940062244293 -0.21468600630760193
v 0.8395493430061116 0.8431090131957888 -0.1146790012717247
v 0.8395493430061116 0.8431090131957888 -0.30361101031303406
v 0.8395493430061116 1.0577940062244293 0.21468600630760193
v 0.8395493430061116 0.8431090131957887 0.1146790012717247
v 0.8395493430061116 0.924199016447818 0.08109000325202942
v 0.8395493430061116 0.8431090131957888 -0.1146790012717247
v 0.8395493430061116 1.0577940062244293 -0.21468600630760193
v 0.8395493430061116 0.924199016447818 -0.08109000325202942
v 0.8395493430061116 0.9577880144675133 1.404412721155397e-17
v 0.8395493430061116 1.0577940062244293 0.21468600630760193
v 0.8395493430061116 0.924199016447818 0.08109000325202942
v 0.8395493430061116 1.0577940062244293 -0.21468600630760193
v 0.8395493430061116 0.9577880144675133 1.404412721155397e-17
v 0.8395493430061116 0.924199016447818 -0.08109000325202942
v 0.8395493430061116 1.0577940062244293 0.21468600630760193
v 0.8395493430061116 0.9577880144675133 1.404412721155397e-17
v 0.8395493430061116 1.1467200235088226 3.7181622950470785e-17
v 0.8395493430061116 1.0577940062244293 -0.21468600630760193
v 0.8395493430061116 1.1467200235088226 3.7181622950470785e-17
v 0.8395493430061116 0.9577880144675133 1.404412721155397e-17
v 0.8395493430061116 0.6284230068881866 -0.21468600630760193
v 0.7926383418006673 0.5091370061595795 -4.089977333411704e-17
v 0.7926383418006673 0.6069550082643387 -0.2361540049314499
v 0.7926383418006673 0.8431090131957888 -0.3339720070362091
v 0.8395493430061116 0.6284230068881866 -0.21468600630760193
v 0.7926383418006673 0.6069550082643387 -0.2361540049314499
v 0.7926383418006673 0.5091370061595795 -4.089977333411704e-17
v 0.8395493430061116 0.6284230068881866 -0.21468600630760193
v 0.8395493430061116 0.5394980028827545 -3.7181622950470785e-17
v 0.8395493430061116 0.6284230068881866 -0.21468600630760193
v 0.7926383418006673 0.8431090131957888 -0.3339720070362091
v 0.8395493430061116 0.8431090131957888 -0.30361101031303406
v 0.8395493430061116 0.6284230068881866 0.21468600630760193
v 0.7926383418006673 0.5091370061595795 -4.089977333411704e-17
v 0.8395493430061116 0.5394980028827545 -3.7181622950470785e-17
v 0.7926383418006673 0.8431090131957888 -0.3339720070362091
v 0.8395493430061116 1.0577940062244293 -0.21468600630760193
v 0.8395493430061116 0.8431090131957888 -0.30361101031303406
v 0.7926383418006673 0.5091370061595795 -4.089977333411704e-17
v 0.8395493430061116 0.6284230068881866 0.21468600630760193
v 0.7926383418006673 0.6069550082643387 0.2361540049314499
v 0.8395493430061116 1.0577940062244293 -0.21468600630760193
v 0.7926383418006673 0.8431090131957888 -0.3339720070362091
v 0.7926383418006673 1.0792630181272385 -0.2361540049314499
v 0.8395493430061116 0.6284230068881866 0.21468600630760193
v 0.7926383418006673 0.8431090131957887 0.3339720070362091
v 0.7926383418006673 0.6069550082643387 0.2361540049314499
v 0.7926383418006673 1.1770810202319977 4.089977333411704e-17
v 0.8395493430061116 1.0577940062244293 -0.21468600630760193
v 0.7926383418006673 1.0792630181272385 -0.2361540049314499
v 0.7926383418006673 0.8431090131957887 0.3339720070362091
v 0.8395493430061116 0.6284230068881866 0.21468600630760193
v 0.8395493430061116 0.8431090131957887 0.30361101031303406
v 0.8395493430061116 1.0577940062244293 -0.21468600630760193
v 0.7926383418006673 1.1770810202319977 4.089977333411704e-17
v 0.8395493430061116 1.1467200235088226 3.7181622950470785e-17
v 0.8395493430061116 1.0577940062244293 0.21468600630760193
v 0.7926383418006673 0.8431090131957887 0.3339720070362091
v 0.8395493430061116 0.8431090131957887 0.30361101031303406
v 0.8395493430061116 1.0577940062244293 0.21468600630760193
v 0.8395493430061116 1.1467200235088226 3.7181622950470785e-17
v 0.7926383418006673 1.1770810202319977 4.089977333411704e-17
v 0.7926383418006673 0.8431090131957887 0.3339720070362091
v 0.8395493430061116 1.0577940062244293 0.21468600630760193
v 0.7926383418006673 1.0792630181272385 0.2361540049314499
v 0.7926383418006673 1.1770810202319977 4.089977333411704e-17
v 0.7926383418006673 1.0792630181272385 0.2361540049314499
v 0.8395493430061116 1.0577940062244293 0.21468600630760193
v 1.5846693915290608 0.7462890163619873 -0.09681999683380127
v 1.4370193880958333 0.7061850146015045 -1.676835391476876e-17
v 1.4370193880958333 0.7462890163619873 -0.09681999683380127
v 1.4370193880958333 0.7061850146015045 -1.676835391476876e-17
v 1.5846693915290608 0.7462890163619873 -0.09681999683380127
v 1.5846693915290608 0.7061850146015045 -1.676835391476876e-17
v 1.4370193880958333 0.7462890163619873 -0.09681999683380127
v 1.5846693915290608 0.8431090131957887 -0.13692399859428406
v 1.5846693915290608 0.7462890163619873 -0.09681999683380127
v 1.5846693915290608 0.7061850146015045 -1.676835391476876e-17
v 1.4370193880958333 0.7462890163619873 0.09681999683380127
v 1.4370193880958333 0.7061850146015045 -1.676835391476876e-17
v 1.5846693915290608 0.8431090131957887 -0.13692399859428406
v 1.4370193880958333 0.7462890163619873 -0.09681999683380127
v 1.4370193880958333 0.8431090131957887 -0.13692399859428406
v 1.4370193880958333 0.7462890163619873 0.09681999683380127
v 1.5846693915290608 0.7061850146015045 -1.676835391476876e-17
v 1.5846693915290608 0.7462890163619873 0.09681999683380127
v 1.4370193880958333 0.8431090131957887 -0.13692399859428406
v 1.5846693915290608 0.9399290100295898 -0.09681999683380127
v 1.5846693915290608 0.8431090131957887 -0.13692399859428406
v 1.5846693915290608 0.7462890163619873 0.09681999683380127
v 1.4370193880958333 0.8431090131957887 0.13692399859428406
v 1.4370193880958333 0.7462890163619873 0.09681999683380127
v 1.5846693915290608 0.9399290100295898 -0.09681999683380127
v 1.4370193880958333 0.8431090131957887 -0.13692399859428406
v 1.4370193880958333 0.9399290100295898 -0.09681999683380127
v 1.4370193880958333 0.8431090131957887 0.13692399859428406
v 1.5846693915290608 0.7462890163619873 0.09681999683380127
v 1.5846693915290608 0.8431090131957887 0.13692399859428406
v 1.5846693915290608 0.9399290100295898 -0.09681999683380127
v 1.4370193880958333 0.9399290100295898 -0.09681999683380127
v 1.5846693915290608 0.9800330117900726 1.676835391476876e-17
v 1.5846693915290608 0.8431090131957887 0.13692399859428406
v 1.4370193880958333 0.9399290100295898 0.09681999683380127
v 1.4370193880958333 0.8431090131957887 0.13692399859428406
v 1.4370193880958333 0.9399290100295898 -0.09681999683380127
v 1.4370193880958333 0.9800330117900726 1.676835391476876e-17
v 1.5846693915290608 0.9800330117900726 1.676835391476876e-17
v 1.4370193880958333 0.9399290100295898 0.09681999683380127
v 1.5846693915290608 0.8431090131957887 0.13692399859428406
v 1.5846693915290608 0.9399290100295898 0.09681999683380127
v 1.5846693915290608 0.9800330117900726 1.676835391476876e-17
v 1.4370193880958333 0.9800330117900726 1.676835391476876e-17
v 1.5846693915290608 0.9399290100295898 0.09681999683380127
v 1.4370193880958333 0.9800330117900726 1.676835391476876e-17
v 1.4370193880958333 0.9399290100295898 0.09681999683380127
v 1.5846693915290608 0.9399290100295898 0.09681999683380127
v 0.7926383418006673 0.6069550082643387 0.2361540049314499
v 0.6105122965736165 0.8431090131957887 0.3339720070362091
v 0.6105122965736165 0.6069550082643387 0.2361540049314499
v 0.6105122965736165 0.8431090131957887 0.3339720070362091
v 0.7926383418006673 0.6069550082643387 0.2361540049314499
v 0.7926383418006673 0.8431090131957887 0.3339720070362091
v 0.6105122965736165 0.6069550082643387 0.2361540049314499
v 0.7926383418006673 0.5091370061595795 -4.089977333411704e-17
v 0.7926383418006673 0.6069550082643387 0.2361540049314499
v 0.7926383418006673 0.8431090131957887 0.3339720070362091
v 0.6105122965736165 1.0792630181272385 0.2361540049314499
v 0.6105122965736165 0.8431090131957887 0.3339720070362091
v 0.7926383418006673 0.5091370061595795 -4.089977333411704e-17
v 0.6105122965736165 0.6069550082643387 0.2361540049314499
v 0.6105122965736165 0.5091370061595795 -4.089977333411704e-17
v 0.6105122965736165 1.0792630181272385 0.2361540049314499
v 0.7926383418006673 0.8431090131957887 0.3339720070362091
v 0.7926383418006673 1.0792630181272385 0.2361540049314499
v 0.6105122965736165 0.5091370061595795 -4.089977333411704e-17
v 0.7926383418006673 0.6069550082643387 -0.2361540049314499
v 0.7926383418006673 0.5091370061595795 -4.089977333411704e-17
v 0.6105122965736165 1.1770810202319977 4.089977333411704e-17
v 0.6105122965736165 1.0792630181272385 0.2361540049314499
v 0.7926383418006673 1.0792630181272385 0.2361540049314499
v 0.7926383418006673 0.6069550082643387 -0.2361540049314499
v 0.6105122965736165 0.5091370061595795 -4.089977333411704e-17
v 0.6105122965736165 0.6069550082643387 -0.2361540049314499
v 0.7926383418006673 1.1770810202319977 4.089977333411704e-17
v 0.6105122965736165 1.1770810202319977 4.089977333411704e-17
v 0.7926383418006673 1.0792630181272385 0.2361540049314499
v 0.6105122965736165 0.6069550082643387 -0.2361540049314499
v 0.7926383418006673 0.8431090131957888 -0.3339720070362091
v 0.7926383418006673 0.6069550082643387 -0.2361540049314499
v 0.6105122965736165 1.0792630181272385 -0.2361540049314499
v 0.6105122965736165 1.1770810202319977 4.089977333411704e-17
v 0.7926383418006673 1.1770810202319977 4.089977333411704e-17
v 0.7926383418006673 0.8431090131957888 -0.3339720070362091
v 0.6105122965736165 0.6069550082643387 -0.2361540049314499
v 0.6105122965736165 0.8431090131957888 -0.3339720070362091
v 0.7926383418006673 1.0792630181272385 -0.2361540049314499
v 0.6105122965736165 1.0792630181272385 -0.2361540049314499
v 0.7926383418006673 1.1770810202319977 4.089977333411704e-17
v 0.6105122965736165 0.8431090131957888 -0.3339720070362091
v 0.7926383418006673 1.0792630181272385 -0.2361540049314499
v 0.7926383418006673 0.8431090131957888 -0.3339720070362091
v 0.7926383418006673 1.0792630181272385 -0.2361540049314499
v 0.6105122965736165 0.8431090131957888 -0.3339720070362091
v 0.6105122965736165 1.0792630181272385 -0.2361540049314499
v 1.4370193880958333 0.8431090131957887 -0.1146790012717247
v 0.8395493430061116 0.7620190099437592 -0.08109000325202942
v 0.8395493430061116 0.8431090131957888 -0.1146790012717247
v 0.8395493430061116 0.7620190099437592 -0.08109000325202942
v 1.4370193880958333 0.8431090131957887 -0.1146790012717247
v 1.4370193880958333 0.7620190099437592 -0.08109000325202942
v 0.8395493430061116 0.8431090131957888 -0.1146790012717247
v 1.4370193880958333 0.924199016447818 -0.08109000325202942
v 1.4370193880958333 0.8431090131957887 -0.1146790012717247
v 1.4370193880958333 0.7620190099437592 -0.08109000325202942
v 0.8395493430061116 0.7284300119240639 -1.404412721155397e-17
v 0.8395493430061116 0.7620190099437592 -0.08109000325202942
v 1.4370193880958333 0.924199016447818 -0.08109000325202942
v 0.8395493430061116 0.8431090131957888 -0.1146790012717247
v 0.8395493430061116 0.924199016447818 -0.08109000325202942
v 0.8395493430061116 0.7284300119240639 -1.404412721155397e-17
v 1.4370193880958333 0.7620190099437592 -0.08109000325202942
v 1.4370193880958333 0.7284300119240639 -1.404412721155397e-17
v 1.4370193880958333 0.924199016447818 -0.08109000325202942
v 0.8395493430061116 0.924199016447818 -0.08109000325202942
v 1.4370193880958333 0.9577880144675133 1.404412721155397e-17
v 1.4370193880958333 0.7284300119240639 -1.404412721155397e-17
v 0.8395493430061116 0.7620190099437592 0.08109000325202942
v 0.8395493430061116 0.7284300119240639 -1.404412721155397e-17
v 0.8395493430061116 0.9577880144675133 1.404412721155397e-17
v 1.4370193880958333 0.9577880144675133 1.404412721155397e-17
v 0.8395493430061116 0.924199016447818 -0.08109000325202942
v 0.8395493430061116 0.7620190099437592 0.08109000325202942
v 1.4370193880958333 0.7284300119240639 -1.404412721155397e-17
v 1.4370193880958333 0.7620190099437592 0.08109000325202942
v 1.4370193880958333 0.9577880144675133 1.404412721155397e-17
v 0.8395493430061116 0.9577880144675133 1.404412721155397e-17
v 1.4370193880958333 0.924199016447818 0.08109000325202942
v 1.4370193880958333 0.7620190099437592 0.08109000325202942
v 0.8395493430061116 0.8431090131957887 0.1146790012717247
v 0.8395493430061116 0.7620190099437592 0.08109000325202942
v 0.8395493430061116 0.924199016447818 0.08109000325202942
v 1.4370193880958333 0.924199016447818 0.08109000325202942
v 0.8395493430061116 0.9577880144675133 1.404412721155397e-17
v 0.8395493430061116 0.8431090131957887 0.1146790012717247
v 1.4370193880958333 0.7620190099437592 0.08109000325202942
v 1.4370193880958333 0.8431090131957887 0.1146790012717247
v 0.8395493430061116 0.924199016447818 0.08109000325202942
v 1.4370193880958333 0.8431090131957887 0.1146790012717247
v 1.4370193880958333 0.924199016447818 0.08109000325202942
v 1.4370193880958333 0.8431090131957887 0.1146790012717247
v 0.8395493430061116 0.924199016447818 0.08109000325202942
v 0.8395493430061116 0.8431090131957887 0.1146790012717247
v 0.5636003416938558 0.6284230068881866 0.21468600630760193
v 0.6105122965736165 0.8431090131957887 0.3339720070362091
v 0.5636003416938558 0.8431090131957888 0.30361101031303406
v 0.6105122965736165 0.8431090131957887 0.3339720070362091
v 0.5636012953681722 1.0577940062244293 0.21468600630760193
v 0.5636003416938558 0.8431090131957888 0.30361101031303406
v 0.6105122965736165 0.8431090131957887 0.3339720070362091
v 0.5636003416938558 0.6284230068881866 0.21468600630760193
v 0.6105122965736165 0.6069550082643387 0.2361540049314499
v 0.6105122965736165 0.8431090131957887 0.3339720070362091
v 0.6105122965736165 1.0792630181272385 0.2361540049314499
v 0.5636012953681722 1.0577940062244293 0.21468600630760193
v 0.6105122965736165 0.5091370061595795 -4.089977333411704e-17
v 0.6105122965736165 0.6069550082643387 0.2361540049314499
v 0.5636003416938558 0.6284230068881866 0.21468600630760193
v 0.6105122965736165 1.1770810202319977 4.089977333411704e-17
v 0.5636012953681722 1.0577940062244293 0.21468600630760193
v 0.6105122965736165 1.0792630181272385 0.2361540049314499
v 0.6105122965736165 0.5091370061595795 -4.089977333411704e-17
v 0.5636003416938558 0.6284230068881866 0.21468600630760193
v 0.5636003416938558 0.5394980028827545 -3.7181622950470785e-17
v 0.5636012953681722 1.0577940062244293 0.21468600630760193
v 0.6105122965736165 1.1770810202319977 4.089977333411704e-17
v 0.5636012953681722 1.1467200235088226 3.7181622950470785e-17
v 0.5636003416938558 0.6284230068881866 -0.21468600630760193
v 0.6105122965736165 0.5091370061595795 -4.089977333411704e-17
v 0.5636003416938558 0.5394980028827545 -3.7181622950470785e-17
v 0.5636012953681722 1.0577940062244293 -0.21468600630760193
v 0.5636012953681722 1.1467200235088226 3.7181622950470785e-17
v 0.6105122965736165 1.1770810202319977 4.089977333411704e-17
v 0.6105122965736165 0.5091370061595795 -4.089977333411704e-17
v 0.5636003416938558 0.6284230068881866 -0.21468600630760193
v 0.6105122965736165 0.6069550082643387 -0.2361540049314499
v 0.6105122965736165 1.1770810202319977 4.089977333411704e-17
v 0.6105122965736165 1.0792630181272385 -0.2361540049314499
v 0.5636012953681722 1.0577940062244293 -0.21468600630760193
v 0.6105122965736165 0.8431090131957888 -0.3339720070362091
v 0.6105122965736165 0.6069550082643387 -0.2361540049314499
v 0.5636003416938558 0.6284230068881866 -0.21468600630760193
v 0.6105122965736165 0.8431090131957888 -0.3339720070362091
v 0.5636012953681722 1.0577940062244293 -0.21468600630760193
v 0.6105122965736165 1.0792630181272385 -0.2361540049314499
v 0.6105122965736165 0.8431090131957888 -0.3339720070362091
v 0.5636003416938558 0.6284230068881866 -0.21468600630760193
v 0.5636003416938558 0.8431090131957888 -0.30361101031303406
v 0.5636012953681722 1.0577940062244293 -0.21468600630760193
v 0.6105122965736165 0.8431090131957888 -0.3339720070362091
v 0.5636003416938558 0.8431090131957888 -0.30361101031303406
v -0.6254387694435344 0.9785210058648941 -0.4675599932670593
v -0.5050617056923137 1.0346100196798202 -0.5354179739952087
v -0.49658878622820235 1.0346100196798202 -0.5092009902000427
v -0.3677385645942912 0.9785210058648941 -0.5508419871330261
v -0.49658878622820235 1.0346100196798202 -0.5092009902000427
v -0.5050617056923137 1.0346100196798202 -0.5354179739952087
v -0.5050617056923137 1.0346100196798202 -0.5354179739952087
v -0.6254387694435344 0.9785210058648941 -0.4675599932670593
v -0.6339116889076457 0.9785210058648941 -0.49377700686454773
v -0.5050617056923137 1.0346100196798202 -0.5354179739952087
v -0.37621076880266524 0.9785210058648941 -0.5770589709281921
v -0.3677385645942912 0.9785210058648941 -0.5508419871330261
v -0.6254387694435344 0.9785210058648941 -0.4675599932670593
v -0.6872826415138469 0.843109013195789 -0.47652900218963623
v -0.6339116889076457 0.9785210058648941 -0.49377700686454773
v -0.37621076880266524 0.9785210058648941 -0.5770589709281921
v -0.31436665831377364 0.8431090131957889 -0.56809002161026
v -0.3677385645942912 0.9785210058648941 -0.5508419871330261
v -0.6872826415138469 0.843109013195789 -0.47652900218963623
v -0.6254387694435344 0.9785210058648941 -0.4675599932670593
v -0.678810675724052 0.843109013195789 -0.4503119885921478
v -0.37621076880266524 0.9785210058648941 -0.5770589709281921
v -0.32283957777788497 0.843109013195789 -0.594307005405426
v -0.31436665831377364 0.8431090131957889 -0.56809002161026
v -0.6254387694435344 0.707697020526683 -0.4675599932670593
v -0.6872826415138469 0.843109013195789 -0.47652900218963623
v -0.678810675724052 0.843109013195789 -0.4503119885921478
v -0.37621076880266524 0.707697020526683 -0.5770589709281921
v -0.31436665831377364 0.8431090131957889 -0.56809002161026
v -0.32283957777788497 0.843109013195789 -0.594307005405426
v -0.6872826415138469 0.843109013195789 -0.47652900218963623
v -0.6254387694435344 0.707697020526683 -0.4675599932670593
v -0.6339116889076457 0.707697020526683 -0.49377700686454773
v -0.31436665831377364 0.8431090131957889 -0.56809002161026
v -0.37621076880266524 0.707697020526683 -0.5770589709281921
v -0.3677385645942912 0.707697020526683 -0.5508419871330261
v -0.6254387694435344 0.707697020526683 -0.4675599932670593
v -0.5050617056923137 0.6516080067117569 -0.5354179739952087
v -0.6339116889076457 0.707697020526683 -0.49377700686454773
v -0.5050617056923137 0.6516080067117569 -0.5354179739952087
v -0.3677385645942912 0.707697020526683 -0.5508419871330261
v -0.37621076880266524 0.707697020526683 -0.5770589709281921
v -0.5050617056923137 0.6516080067117569 -0.5354179739952087
v -0.6254387694435344 0.707697020526683 -0.4675599932670593
v -0.49658878622820235 0.6516080067117569 -0.5092009902000427
v -0.3677385645942912 0.707697020526683 -0.5508419871330261
v -0.5050617056923137 0.6516080067117569 -0.5354179739952087
v -0.49658878622820235 0.6516080067117569 -0.5092009902000427
v -0.5050617056923137 1.0346100196798202 0.5354179739952087
v -0.6254387694435344 0.9785210058648941 0.4675599932670593
v -0.49658878622820235 1.0346100196798202 0.5092009902000427
v -0.3677385645942912 0.9785210058648941 0.5508419871330261
v -0.5050617056923137 1.0346100196798202 0.5354179739952087
v -0.49658878622820235 1.0346100196798202 0.5092009902000427
v -0.6254387694435344 0.9785210058648941 0.4675599932670593
v -0.5050617056923137 1.0346100196798202 0.5354179739952087
v -0.6339116889076457 0.9785210058648941 0.49377700686454773
v -0.37621076880266524 0.9785210058648941 0.5770589709281921
v -0.5050617056923137 1.0346100196798202 0.5354179739952087
v -0.3677385645942912 0.9785210058648941 0.5508419871330261
v -0.6872826415138469 0.8431090131957889 0.47652900218963623
v -0.6254387694435344 0.9785210058648941 0.4675599932670593
v -0.6339116889076457 0.9785210058648941 0.49377700686454773
v -0.31436665831377364 0.8431090131957888 0.56809002161026
v -0.37621076880266524 0.9785210058648941 0.5770589709281921
v -0.3677385645942912 0.9785210058648941 0.5508419871330261
v -0.6254387694435344 0.9785210058648941 0.4675599932670593
v -0.6872826415138469 0.8431090131957889 0.47652900218963623
v -0.678810675724052 0.8431090131957889 0.4503119885921478
v -0.37621076880266524 0.9785210058648941 0.5770589709281921
v -0.31436665831377364 0.8431090131957888 0.56809002161026
v -0.32283957777788497 0.8431090131957888 0.594307005405426
v -0.6872826415138469 0.8431090131957889 0.47652900218963623
v -0.6254387694435344 0.707697020526683 0.4675599932670593
v -0.678810675724052 0.8431090131957889 0.4503119885921478
v -0.31436665831377364 0.8431090131957888 0.56809002161026
v -0.37621076880266524 0.707697020526683 0.5770589709281921
v -0.32283957777788497 0.8431090131957888 0.594307005405426
v -0.6254387694435344 0.707697020526683 0.4675599932670593
v -0.6872826415138469 0.8431090131957889 0.47652900218963623
v -0.6339116889076457 0.707697020526683 0.49377700686454773
v -0.31436665831377364 0.8431090131957888 0.56809002161026
v -0.3677385645942912 0.707697020526683 0.5508419871330261
v -0.37621076880266524 0.707697020526683 0.5770589709281921
v -0.5050617056923137 0.6516080067117569 0.5354179739952087
v -0.6254387694435344 0.707697020526683 0.4675599932670593
v -0.6339116889076457 0.707697020526683 0.49377700686454773
v -0.3677385645942912 0.707697020526683 0.5508419871330261
v -0.5050617056923137 0.6516080067117569 0.5354179739952087
v -0.37621076880266524 0.707697020526683 0.5770589709281921
v -0.6254387694435344 0.707697020526683 0.4675599932670593
v -0.5050617056923137 0.6516080067117569 0.5354179739952087
v -0.49658878622820235 0.6516080067117569 0.5092009902000427
v -0.5050617056923137 0.6516080067117569 0.5354179739952087
v -0.3677385645942912 0.707697020526683 0.5508419871330261
v -0.49658878622820235 0.6516080067117569 0.5092009902000427
v -0.5050617056923137 0.5902760044296143 0.5354179739952087
v -0.6225286322670207 0.6643290088136551 0.31752699613571167
v -0.45241173086931563 0.5902760044296143 0.37250399589538574
v -0.6225286322670207 0.6643290088136551 0.31752699613571167
v -0.5050617056923137 0.5902760044296143 0.5354179739952087
v -0.6751776534157024 0.6643290088136551 0.48044100403785706
v -0.45241173086931563 0.5902760044296143 0.37250399589538574
v -0.3349445658760295 0.6643290088136551 0.5903949737548828
v -0.5050617056923137 0.5902760044296143 0.5354179739952087
v -0.6225286322670207 0.6643290088136551 0.31752699613571167
v -0.6751776534157024 0.6643290088136551 0.48044100403785706
v -0.7456427413063274 0.8431090131957889 0.4576689898967743
v -0.3349445658760295 0.6643290088136551 0.5903949737548828
v -0.45241173086931563 0.5902760044296143 0.37250399589538574
v -0.28229578314592696 0.6643290088136551 0.4274809956550598
v -0.6929937201576457 0.8431090131957889 0.2947550117969513
v -0.6225286322670207 0.6643290088136551 0.31752699613571167
v -0.7456427413063274 0.8431090131957889 0.4576689898967743
v -0.28229578314592696 0.6643290088136551 0.4274809956550598
v -0.21183069525530196 0.8431090131957888 0.4502530097961426
v -0.3349445658760295 0.6643290088136551 0.5903949737548828
v -0.7456427413063274 0.8431090131957889 0.4576689898967743
v -0.6225286322670207 1.021889017577922 0.31752699613571167
v -0.6929937201576457 0.8431090131957889 0.2947550117969513
v -0.21183069525530196 0.8431090131957888 0.4502530097961426
v -0.2644797164039836 0.8431090131957888 0.6131669878959656
v -0.3349445658760295 0.6643290088136551 0.5903949737548828
v -0.6225286322670207 1.021889017577922 0.31752699613571167
v -0.7456427413063274 0.8431090131957889 0.4576689898967743
v -0.6751776534157024 1.021889017577922 0.48044100403785706
v -0.21183069525530196 0.8431090131957888 0.4502530097961426
v -0.3349445658760295 1.021889017577922 0.5903949737548828
v -0.2644797164039836 0.8431090131957888 0.6131669878959656
v -0.6225286322670207 1.021889017577922 0.31752699613571167
v -0.6751776534157024 1.021889017577922 0.48044100403785706
v -0.5050617056923137 1.0959420219619629 0.5354179739952087
v -0.3349445658760295 1.021889017577922 0.5903949737548828
v -0.21183069525530196 0.8431090131957888 0.4502530097961426
v -0.28229578314592696 1.021889017577922 0.4274809956550598
v -0.5050617056923137 1.0959420219619629 0.5354179739952087
v -0.45241173086931563 1.0959420219619629 0.37250399589538574
v -0.6225286322670207 1.021889017577922 0.31752699613571167
v -0.3349445658760295 1.021889017577922 0.5903949737548828
v -0.28229578314592696 1.021889017577922 0.4274809956550598
v -0.45241173086931563 1.0959420219619629 0.37250399589538574
v -0.45241173086931563 1.0959420219619629 0.37250399589538574
v -0.5050617056923137 1.0959420219619629 0.5354179739952087
v -0.3349445658760295 1.021889017577922 0.5903949737548828
v -0.6225286322670207 1.021889017577922 -0.31752699613571167
v -0.5050617056923137 1.0959420219619629 -0.5354179739952087
v -0.6751776534157024 1.021889017577922 -0.48044100403785706
v -0.7456427413063274 0.843109013195789 -0.4576689898967743
v -0.6225286322670207 1.021889017577922 -0.31752699613571167
v -0.6751776534157024 1.021889017577922 -0.48044100403785706
v -0.5050617056923137 1.0959420219619629 -0.5354179739952087
v -0.6225286322670207 1.021889017577922 -0.31752699613571167
v -0.45241173086931563 1.0959420219619629 -0.37250399589538574
v -0.6225286322670207 1.021889017577922 -0.31752699613571167
v -0.7456427413063274 0.843109013195789 -0.4576689898967743
v -0.6929937201576457 0.843109013195789 -0.2947550117969513
v -0.45241173086931563 1.0959420219619629 -0.37250399589538574
v -0.3349445658760295 1.021889017577922 -0.5903949737548828
v -0.5050617056923137 1.0959420219619629 -0.5354179739952087
v -0.7456427413063274 0.843109013195789 -0.4576689898967743
v -0.6225286322670207 0.6643290088136551 -0.31752699613571167
v -0.6929937201576457 0.843109013195789 -0.2947550117969513
v -0.3349445658760295 1.021889017577922 -0.5903949737548828
v -0.45241173086931563 1.0959420219619629 -0.37250399589538574
v -0.28229578314592696 1.021889017577922 -0.4274809956550598
v -0.7456427413063274 0.843109013195789 -0.4576689898967743
v -0.6751776534157024 0.6643290088136551 -0.48044100403785706
v -0.6225286322670207 0.6643290088136551 -0.31752699613571167
v -0.21183069525530196 0.8431090131957889 -0.4502530097961426
v -0.3349445658760295 1.021889017577922 -0.5903949737548828
v -0.28229578314592696 1.021889017577922 -0.4274809956550598
v -0.5050617056923137 0.5902760044296143 -0.5354179739952087
v -0.6225286322670207 0.6643290088136551 -0.31752699613571167
v -0.6751776534157024 0.6643290088136551 -0.48044100403785706
v -0.3349445658760295 1.021889017577922 -0.5903949737548828
v -0.21183069525530196 0.8431090131957889 -0.4502530097961426
v -0.2644797164039836 0.8431090131957889 -0.6131669878959656
v -0.6225286322670207 0.6643290088136551 -0.31752699613571167
v -0.5050617056923137 0.5902760044296143 -0.5354179739952087
v -0.45241173086931563 0.5902760044296143 -0.37250399589538574
v -0.21183069525530196 0.8431090131957889 -0.4502530097961426
v -0.3349445658760295 0.6643290088136551 -0.5903949737548828
v -0.2644797164039836 0.8431090131957889 -0.6131669878959656
v -0.3349445658760295 0.6643290088136551 -0.5903949737548828
v -0.45241173086931563 0.5902760044296143 -0.37250399589538574
v -0.5050617056923137 0.5902760044296143 -0.5354179739952087
v -0.3349445658760295 0.6643290088136551 -0.5903949737548828
v -0.21183069525530196 0.8431090131957889 -0.4502530097961426
v -0.28229578314592696 0.6643290088136551 -0.4274809956550598
v -0.45241173086931563 0.5902760044296143 -0.37250399589538574
v -0.3349445658760295 0.6643290088136551 -0.5903949737548828
v -0.28229578314592696 0.6643290088136551 -0.4274809956550598
v 1.4370193880958333 0.7462890163619873 0.09681999683380127
v 1.4370193880958333 0.7284300119240639 -1.404412721155397e-17
v 1.4370193880958333 0.7061850146015045 -1.676835391476876e-17
v 1.4370193880958333 0.7284300119240639 -1.404412721155397e-17
v 1.4370193880958333 0.7462890163619873 -0.09681999683380127
v 1.4370193880958333 0.7061850146015045 -1.676835391476876e-17
v 1.4370193880958333 0.7284300119240639 -1.404412721155397e-17
v 1.4370193880958333 0.7462890163619873 0.09681999683380127
v 1.4370193880958333 0.7620190099437592 0.08109000325202942
v 1.4370193880958333 0.7462890163619873 -0.09681999683380127
v 1.4370193880958333 0.7284300119240639 -1.404412721155397e-17
v 1.4370193880958333 0.7620190099437592 -0.08109000325202942
v 1.4370193880958333 0.8431090131957887 0.1146790012717247
v 1.4370193880958333 0.7620190099437592 0.08109000325202942
v 1.4370193880958333 0.7462890163619873 0.09681999683380127
v 1.4370193880958333 0.8431090131957887 -0.1146790012717247
v 1.4370193880958333 0.7462890163619873 -0.09681999683380127
v 1.4370193880958333 0.7620190099437592 -0.08109000325202942
v 1.4370193880958333 0.7462890163619873 0.09681999683380127
v 1.4370193880958333 0.8431090131957887 0.13692399859428406
v 1.4370193880958333 0.8431090131957887 0.1146790012717247
v 1.4370193880958333 0.7462890163619873 -0.09681999683380127
v 1.4370193880958333 0.8431090131957887 -0.1146790012717247
v 1.4370193880958333 0.8431090131957887 -0.13692399859428406
v 1.4370193880958333 0.9399290100295898 0.09681999683380127
v 1.4370193880958333 0.8431090131957887 0.1146790012717247
v 1.4370193880958333 0.8431090131957887 0.13692399859428406
v 1.4370193880958333 0.9399290100295898 -0.09681999683380127
v 1.4370193880958333 0.8431090131957887 -0.13692399859428406
v 1.4370193880958333 0.8431090131957887 -0.1146790012717247
v 1.4370193880958333 0.8431090131957887 0.1146790012717247
v 1.4370193880958333 0.9399290100295898 0.09681999683380127
v 1.4370193880958333 0.924199016447818 0.08109000325202942
v 1.4370193880958333 0.9399290100295898 -0.09681999683380127
v 1.4370193880958333 0.8431090131957887 -0.1146790012717247
v 1.4370193880958333 0.924199016447818 -0.08109000325202942
v 1.4370193880958333 0.9399290100295898 0.09681999683380127
v 1.4370193880958333 0.9577880144675133 1.404412721155397e-17
v 1.4370193880958333 0.924199016447818 0.08109000325202942
v 1.4370193880958333 0.9577880144675133 1.404412721155397e-17
v 1.4370193880958333 0.9399290100295898 -0.09681999683380127
v 1.4370193880958333 0.924199016447818 -0.08109000325202942
v 1.4370193880958333 0.9399290100295898 0.09681999683380127
v 1.4370193880958333 0.9800330117900726 1.676835391476876e-17
v 1.4370193880958333 0.9577880144675133 1.404412721155397e-17
v 1.4370193880958333 0.9399290100295898 -0.09681999683380127
v 1.4370193880958333 0.9577880144675133 1.404412721155397e-17
v 1.4370193880958333 0.9800330117900726 1.676835391476876e-17
vn 1 0 0
vn 1 0 0
vn 1 0 0
vn 1 0 0
vn 1 0 0
vn 1 0 0
vn 1 0 0
vn 1 0 0
vn 1 0 0
vn 1 0 0
vn 1 0 0
vn 1 0 0
vn 1 0 0
vn 1 0 0
vn 1 0 0
vn 1 0 0
vn 1 0 0
vn 1 0 0
vn 1 0 0
vn 1 0 0
vn 1 0 0
vn 1 0 0
vn 1 0 0
vn 1 0 0
vn 1 0 0
vn 1 0 0
vn 1 0 0
vn 1 0 0
vn 1 0 0
vn 1 0 0
vn 1 0 0
vn 1 0 0
vn 1 0 0
vn 1 0 0
vn 1 0 0
vn 1 0 0
vn 1 0 0
vn 1 0 0
vn 1 0 0
vn 1 0 0
vn 1 0 0
vn 1 0 0
vn 1 0 0
vn 1 0 0
vn 1 0 0
vn 1 0 0
vn 1 0 0
vn 1 0 0
vn -0.3075113071711564 -1.4869560870298243e-7 -0.9515444266884572
vn -0.3075127959044172 4.0487884050310615e-8 -0.9515439455721668
vn -0.3075101057194022 -6.407508934306698e-7 -0.951544814961456
vn -0.3075127959044172 4.0487884050310615e-8 -0.9515439455721668
vn -0.3075113071711564 -1.4869560870298243e-7 -0.9515444266884572
vn -0.30751282288850956 0 -0.9515439368516515
vn -0.30750938833641983 0 -0.9515450467975548
vn -0.3075113071711564 -1.4869560870298243e-7 -0.9515444266884572
vn -0.3075101057194022 -6.407508934306698e-7 -0.951544814961456
vn -0.30751279590441644 -8.442822426609143e-8 -0.9515439455721643
vn -0.3075127959044172 4.0487884050310615e-8 -0.9515439455721668
vn -0.30751282288850956 0 -0.9515439368516515
vn -0.30750938833641983 0 -0.9515450467975548
vn -0.3075101057194022 -6.407508934306698e-7 -0.951544814961456
vn -0.30750810593151645 0 -0.9515454612294735
vn -0.3075127959044172 4.0487884050310615e-8 -0.9515439455721668
vn -0.30751279590441644 -8.442822426609143e-8 -0.9515439455721643
vn -0.30751079611816623 5.765829823734179e-7 -0.9515445918455105
vn -0.30751013270354294 6.407509444019161e-7 -0.9515448062410087
vn -0.30750938833641983 0 -0.9515450467975548
vn -0.30750810593151645 0 -0.9515454612294735
vn -0.3075095676821966 0 -0.9515449888386299
vn -0.30751079611816623 5.765829823734179e-7 -0.9515445918455105
vn -0.30751279590441644 -8.442822426609143e-8 -0.9515439455721643
vn -0.30750938833641983 0 -0.9515450467975548
vn -0.30751013270354294 6.407509444019161e-7 -0.9515448062410087
vn -0.3075113071711564 1.4869560870298243e-7 -0.9515444266884572
vn -0.30751079611816623 5.765829823734179e-7 -0.9515445918455105
vn -0.3075095676821966 0 -0.9515449888386299
vn -0.30750738854800463 0 -0.9515456930638625
vn -0.3075127959044172 -4.0487884050310615e-8 -0.9515439455721668
vn -0.3075113071711564 1.4869560870298243e-7 -0.9515444266884572
vn -0.30751013270354294 6.407509444019161e-7 -0.9515448062410087
vn -0.3075095676821966 0 -0.9515449888386299
vn -0.30751079611816623 -5.765829823734179e-7 -0.9515445918455105
vn -0.30750738854800463 0 -0.9515456930638625
vn -0.3075113071711564 1.4869560870298243e-7 -0.9515444266884572
vn -0.3075127959044172 -4.0487884050310615e-8 -0.9515439455721668
vn -0.30751282288850956 0 -0.9515439368516515
vn -0.30751079611816623 -5.765829823734179e-7 -0.9515445918455105
vn -0.3075095676821966 0 -0.9515449888386299
vn -0.30751279590441644 8.442823137151892e-8 -0.9515439455721643
vn -0.30751279590441644 8.442823137151892e-8 -0.9515439455721643
vn -0.30751282288850956 0 -0.9515439368516515
vn -0.3075127959044172 -4.0487884050310615e-8 -0.9515439455721668
vn -0.3075127959044172 -4.0487884050310615e-8 -0.9515439455721668
vn -0.30751079611816623 -5.765829823734179e-7 -0.9515445918455105
vn -0.30751279590441644 8.442823137151892e-8 -0.9515439455721643
vn -0.3075127959044172 -4.0487884050310615e-8 0.9515439455721668
vn -0.3075113071711564 1.4869560870298243e-7 0.9515444266884572
vn -0.30751282288850956 0 0.9515439368516515
vn -0.30751282288850956 0 0.9515439368516515
vn -0.30751279590441644 8.442822426609143e-8 0.9515439455721643
vn -0.3075127959044172 -4.0487884050310615e-8 0.9515439455721668
vn -0.3075113071711564 1.4869560870298243e-7 0.9515444266884572
vn -0.3075127959044172 -4.0487884050310615e-8 0.9515439455721668
vn -0.3075101057194022 6.407508934306698e-7 0.951544814961456
vn -0.3075127959044172 -4.0487884050310615e-8 0.9515439455721668
vn -0.30751279590441644 8.442822426609143e-8 0.9515439455721643
vn -0.30751079611816623 -5.765829823734179e-7 0.9515445918455105
vn -0.30750938833641983 0 0.9515450467975548
vn -0.3075113071711564 1.4869560870298243e-7 0.9515444266884572
vn -0.3075101057194022 6.407508934306698e-7 0.951544814961456
vn -0.3075095676821966 0 0.9515449888386299
vn -0.30751079611816623 -5.765829823734179e-7 0.9515445918455105
vn -0.30751279590441644 8.442822426609143e-8 0.9515439455721643
vn -0.30750938833641983 0 0.9515450467975548
vn -0.3075101057194022 6.407508934306698e-7 0.951544814961456
vn -0.30750810593151645 0 0.9515454612294735
vn -0.30751079611816623 -5.765829823734179e-7 0.9515445918455105
vn -0.3075095676821966 0 0.9515449888386299
vn -0.30750738854800463 0 0.9515456930638625
vn -0.30751013270354294 -6.407509444019161e-7 0.9515448062410087
vn -0.30750938833641983 0 0.9515450467975548
vn -0.30750810593151645 0 0.9515454612294735
vn -0.3075095676821966 0 0.9515449888386299
vn -0.30751079611816623 5.765829823734179e-7 0.9515445918455105
vn -0.30750738854800463 0 0.9515456930638625
vn -0.30750938833641983 0 0.9515450467975548
vn -0.30751013270354294 -6.407509444019161e-7 0.9515448062410087
vn -0.3075113071711564 -1.4869560870298243e-7 0.9515444266884572
vn -0.3075095676821966 0 0.9515449888386299
vn -0.30751279590441644 -8.442823137151892e-8 0.9515439455721643
vn -0.30751079611816623 5.765829823734179e-7 0.9515445918455105
vn -0.30751276892032436 4.048788797407947e-8 0.951543954292682
vn -0.3075113071711564 -1.4869560870298243e-7 0.9515444266884572
vn -0.30751013270354294 -6.407509444019161e-7 0.9515448062410087
vn -0.30751276892032436 4.048788797407947e-8 0.951543954292682
vn -0.30751079611816623 5.765829823734179e-7 0.9515445918455105
vn -0.30751279590441644 -8.442823137151892e-8 0.9515439455721643
vn -0.3075113071711564 -1.4869560870298243e-7 0.9515444266884572
vn -0.30751276892032436 4.048788797407947e-8 0.951543954292682
vn -0.30751282288850956 0 0.9515439368516515
vn -0.30751279590441644 -8.442823137151892e-8 0.9515439455721643
vn -0.30751282288850956 0 0.9515439368516515
vn -0.30751276892032436 4.048788797407947e-8 0.951543954292682
vn 1 0 0
vn 1 0 0
vn 1 0 0
vn 1 0 0
vn 1 0 0
vn 1 0 0
vn 1 0 0
vn 1 0 0
vn 1 0 0
vn 1 0 0
vn 1 0 0
vn 1 0 0
vn 1 0 0
vn 1 0 0
vn 1 0 0
vn 1 0 0
vn 1 0 0
vn 1 0 0
vn 1 0 0
vn 1 0 0
vn 1 0 0
vn 1 0 0
vn 1 0 0
vn 1 0 0
vn 1 0 0
vn 1 0 0
vn 1 0 0
vn 1 0 0
vn 1 0 0
vn 1 0 0
vn 1 0 0
vn 1 0 0
vn 1 0 0
vn 1 0 0
vn 1 0 0
vn 1 0 0
vn 1 0 0
vn 1 0 0
vn 1 0 0
vn 1 0 0
vn 1 0 0
vn 1 0 0
vn 1 0 0
vn 1 0 0
vn 1 0 0
vn 1 0 0
vn 1 0 0
vn 1 0 0
vn 0.5433334113030245 -0.5936281682003552 -0.5936281682003552
vn 0.5433328050080838 -0.8395173988679733 4.971092888721532e-11
vn 0.5433289533598381 -0.5936302083119182 -0.5936302083119182
vn 0.5433341790265913 4.9710936110806226e-11 -0.8395165096062733
vn 0.5433334113030245 -0.5936281682003552 -0.5936281682003552
vn 0.5433289533598381 -0.5936302083119182 -0.5936302083119182
vn 0.5433328050080838 -0.8395173988679733 4.971092888721532e-11
vn 0.5433334113030245 -0.5936281682003552 -0.5936281682003552
vn 0.5433373298705202 -0.8395144703750934 -5.840054387120853e-10
vn 0.5433334113030245 -0.5936281682003552 -0.5936281682003552
vn 0.5433341790265913 4.9710936110806226e-11 -0.8395165096062733
vn 0.5433372878620868 -5.840067898929863e-10 -0.8395144975631282
vn 0.543333472536473 -0.5936281103752873 0.5936281699799323
vn 0.5433328050080838 -0.8395173988679733 4.971092888721532e-11
vn 0.5433373298705202 -0.8395144703750934 -5.840054387120853e-10
vn 0.5433341790265913 4.9710936110806226e-11 -0.8395165096062733
vn 0.5433377659890304 0.5936262051222995 -0.5936261455176542
vn 0.5433372878620868 -5.840067898929863e-10 -0.8395144975631282
vn 0.5433328050080838 -0.8395173988679733 4.971092888721532e-11
vn 0.543333472536473 -0.5936281103752873 0.5936281699799323
vn 0.5433289533598381 -0.5936302083119182 0.5936302083119182
vn 0.5433377659890304 0.5936262051222995 -0.5936261455176542
vn 0.5433341790265913 4.9710936110806226e-11 -0.8395165096062733
vn 0.5433379916971851 0.5936260720261829 -0.5936260720261829
vn 0.543333472536473 -0.5936281103752873 0.5936281699799323
vn 0.5433341790265913 4.9710936110806226e-11 0.8395165096062733
vn 0.5433289533598381 -0.5936302083119182 0.5936302083119182
vn 0.5433395366934509 0.8395130421058067 4.9710671815176433e-11
vn 0.5433377659890304 0.5936262051222995 -0.5936261455176542
vn 0.5433379916971851 0.5936260720261829 -0.5936260720261829
vn 0.5433341790265913 4.9710936110806226e-11 0.8395165096062733
vn 0.543333472536473 -0.5936281103752873 0.5936281699799323
vn 0.5433372878620868 -5.840067898929863e-10 0.8395144975631282
vn 0.5433377659890304 0.5936262051222995 -0.5936261455176542
vn 0.5433395366934509 0.8395130421058067 4.9710671815176433e-11
vn 0.5433373298705202 0.8395144703750934 9.364224688137914e-10
vn 0.5433377659890304 0.5936262051222995 0.5936261455176542
vn 0.5433341790265913 4.9710936110806226e-11 0.8395165096062733
vn 0.5433372878620868 -5.840067898929863e-10 0.8395144975631282
vn 0.5433377659890304 0.5936262051222995 0.5936261455176542
vn 0.5433373298705202 0.8395144703750934 9.364224688137914e-10
vn 0.5433395366934509 0.8395130421058067 4.9710671815176433e-11
vn 0.5433341790265913 4.9710936110806226e-11 0.8395165096062733
vn 0.5433377659890304 0.5936262051222995 0.5936261455176542
vn 0.5433379916971851 0.5936260720261829 0.5936260720261829
vn 0.5433395366934509 0.8395130421058067 4.9710671815176433e-11
vn 0.5433379916971851 0.5936260720261829 0.5936260720261829
vn 0.5433377659890304 0.5936262051222995 0.5936261455176542
vn 0 -0.797175479263877 -0.603747675159423
vn 0 -0.990602398313102 -0.13677312768351263
vn -1.0017291375204182e-17 -0.603747675159423 -0.797175479263877
vn 0 -0.990602398313102 -0.13677312768351263
vn 0 -0.797175479263877 -0.603747675159423
vn 0 -0.990602398313102 0.13677312768351263
vn -1.0017291375204182e-17 -0.603747675159423 -0.797175479263877
vn 0 -0.13677312768351263 -0.990602398313102
vn 0 -0.797175479263877 -0.603747675159423
vn 0 -0.990602398313102 0.13677312768351263
vn 0 -0.797175479263877 0.603747675159423
vn 0 -0.990602398313102 -0.13677312768351263
vn 0 -0.13677312768351263 -0.990602398313102
vn -1.0017291375204182e-17 -0.603747675159423 -0.797175479263877
vn 0 0.13677312768351263 -0.990602398313102
vn 0 -0.797175479263877 0.603747675159423
vn 0 -0.990602398313102 0.13677312768351263
vn -2.0034582750408363e-17 -0.603747675159423 0.797175479263877
vn 0 0.13677312768351263 -0.990602398313102
vn 1.0017291375204182e-17 0.603747675159423 -0.797175479263877
vn 0 -0.13677312768351263 -0.990602398313102
vn -2.0034582750408363e-17 -0.603747675159423 0.797175479263877
vn 0 -0.13677312768351263 0.990602398313102
vn 0 -0.797175479263877 0.603747675159423
vn 1.0017291375204182e-17 0.603747675159423 -0.797175479263877
vn 0 0.13677312768351263 -0.990602398313102
vn 0 0.797175479263877 -0.603747675159423
vn 0 -0.13677312768351263 0.990602398313102
vn -2.0034582750408363e-17 -0.603747675159423 0.797175479263877
vn 0 0.13677312768351263 0.990602398313102
vn 1.0017291375204182e-17 0.603747675159423 -0.797175479263877
vn 0 0.797175479263877 -0.603747675159423
vn 0 0.990602398313102 -0.13677312768351263
vn 0 0.13677312768351263 0.990602398313102
vn 2.0034582750408363e-17 0.603747675159423 0.797175479263877
vn 0 -0.13677312768351263 0.990602398313102
vn 0 0.797175479263877 -0.603747675159423
vn 0 0.990602398313102 0.13677312768351263
vn 0 0.990602398313102 -0.13677312768351263
vn 2.0034582750408363e-17 0.603747675159423 0.797175479263877
vn 0 0.13677312768351263 0.990602398313102
vn 0 0.797175479263877 0.603747675159423
vn 0 0.990602398313102 -0.13677312768351263
vn 0 0.990602398313102 0.13677312768351263
vn 0 0.797175479263877 0.603747675159423
vn 0 0.990602398313102 0.13677312768351263
vn 2.0034582750408363e-17 0.603747675159423 0.797175479263877
vn 0 0.797175479263877 0.603747675159423
vn -2.663613561399848e-17 -0.60374784616823 0.7971753497488638
vn 0 -0.13677339088682758 0.9906023619724107
vn 0 -0.7971753497488638 0.60374784616823
vn 0 -0.13677339088682758 0.9906023619724107
vn -2.663613561399848e-17 -0.60374784616823 0.7971753497488638
vn 0 0.13677339088682758 0.9906023619724107
vn 0 -0.7971753497488638 0.60374784616823
vn 0 -0.9906023619724107 0.13677339088682758
vn -2.663613561399848e-17 -0.60374784616823 0.7971753497488638
vn 0 0.13677339088682758 0.9906023619724107
vn 2.663613561399848e-17 0.60374784616823 0.7971753497488638
vn 0 -0.13677339088682758 0.9906023619724107
vn 0 -0.9906023619724107 0.13677339088682758
vn 0 -0.7971753497488638 0.60374784616823
vn 0 -0.9906023619724107 -0.13677339088682758
vn 2.663613561399848e-17 0.60374784616823 0.7971753497488638
vn 0 0.13677339088682758 0.9906023619724107
vn 0 0.7971753497488638 0.60374784616823
vn 0 -0.9906023619724107 -0.13677339088682758
vn 0 -0.7971753497488638 -0.60374784616823
vn 0 -0.9906023619724107 0.13677339088682758
vn 0 0.9906023619724107 0.13677339088682758
vn 2.663613561399848e-17 0.60374784616823 0.7971753497488638
vn 0 0.7971753497488638 0.60374784616823
vn 0 -0.7971753497488638 -0.60374784616823
vn 0 -0.9906023619724107 -0.13677339088682758
vn -2.663613561399848e-17 -0.60374784616823 -0.7971753497488638
vn 0 0.9906023619724107 -0.13677339088682758
vn 0 0.9906023619724107 0.13677339088682758
vn 0 0.7971753497488638 0.60374784616823
vn -2.663613561399848e-17 -0.60374784616823 -0.7971753497488638
vn 0 -0.13677339088682758 -0.9906023619724107
vn 0 -0.7971753497488638 -0.60374784616823
vn 0 0.7971753497488638 -0.60374784616823
vn 0 0.9906023619724107 0.13677339088682758
vn 0 0.9906023619724107 -0.13677339088682758
vn 0 -0.13677339088682758 -0.9906023619724107
vn -2.663613561399848e-17 -0.60374784616823 -0.7971753497488638
vn 0 0.13677339088682758 -0.9906023619724107
vn 2.663613561399848e-17 0.60374784616823 -0.7971753497488638
vn 0 0.7971753497488638 -0.60374784616823
vn 0 0.9906023619724107 -0.13677339088682758
vn 0 0.13677339088682758 -0.9906023619724107
vn 2.663613561399848e-17 0.60374784616823 -0.7971753497488638
vn 0 -0.13677339088682758 -0.9906023619724107
vn 2.663613561399848e-17 0.60374784616823 -0.7971753497488638
vn 0 0.13677339088682758 -0.9906023619724107
vn 0 0.7971753497488638 -0.60374784616823
vn 0 -0.13677530293313614 -0.9906020979725154
vn -1.7734324156889696e-17 -0.6037494047427331 -0.7971741693461947
vn 0 0.13677530293313614 -0.9906020979725154
vn -1.7734324156889696e-17 -0.6037494047427331 -0.7971741693461947
vn 0 -0.13677530293313614 -0.9906020979725154
vn 0 -0.7971741693461947 -0.6037494047427331
vn 0 0.13677530293313614 -0.9906020979725154
vn 1.7734324156889696e-17 0.6037494047427331 -0.7971741693461947
vn 0 -0.13677530293313614 -0.9906020979725154
vn 0 -0.7971741693461947 -0.6037494047427331
vn 0 -0.9906020979725154 -0.13677530293313614
vn -1.7734324156889696e-17 -0.6037494047427331 -0.7971741693461947
vn 1.7734324156889696e-17 0.6037494047427331 -0.7971741693461947
vn 0 0.13677530293313614 -0.9906020979725154
vn 0 0.7971741693461947 -0.6037494047427331
vn 0 -0.9906020979725154 -0.13677530293313614
vn 0 -0.7971741693461947 -0.6037494047427331
vn 0 -0.9906020979725154 0.13677530293313614
vn 1.7734324156889696e-17 0.6037494047427331 -0.7971741693461947
vn 0 0.7971741693461947 -0.6037494047427331
vn 0 0.9906020979725154 -0.13677530293313614
vn 0 -0.9906020979725154 0.13677530293313614
vn 0 -0.7971741693461947 0.6037494047427331
vn 0 -0.9906020979725154 -0.13677530293313614
vn 0 0.9906020979725154 0.13677530293313614
vn 0 0.9906020979725154 -0.13677530293313614
vn 0 0.7971741693461947 -0.6037494047427331
vn 0 -0.7971741693461947 0.6037494047427331
vn 0 -0.9906020979725154 0.13677530293313614
vn -2.0690045676885272e-17 -0.6037494047427331 0.7971741693461947
vn 0 0.9906020979725154 -0.13677530293313614
vn 0 0.9906020979725154 0.13677530293313614
vn 0 0.7971741693461947 0.6037494047427331
vn -2.0690045676885272e-17 -0.6037494047427331 0.7971741693461947
vn 0 -0.13677530293313614 0.9906020979725154
vn 0 -0.7971741693461947 0.6037494047427331
vn 2.0690045676885272e-17 0.6037494047427331 0.7971741693461947
vn 0 0.7971741693461947 0.6037494047427331
vn 0 0.9906020979725154 0.13677530293313614
vn 0 -0.13677530293313614 0.9906020979725154
vn -2.0690045676885272e-17 -0.6037494047427331 0.7971741693461947
vn 0 0.13677530293313614 0.9906020979725154
vn 2.0690045676885272e-17 0.6037494047427331 0.7971741693461947
vn 0 0.13677530293313614 0.9906020979725154
vn 0 0.7971741693461947 0.6037494047427331
vn 0 0.13677530293313614 0.9906020979725154
vn 2.0690045676885272e-17 0.6037494047427331 0.7971741693461947
vn 0 -0.13677530293313614 0.9906020979725154
vn -0.5433256624037489 -0.593631744156233 0.5936316845515882
vn -0.5433284605319245 -0.000001275352693454572 0.8395202105812477
vn -0.5433295429469912 0.0000012085012165263856 0.8395195100529547
vn -0.5433284605319245 -0.000001275352693454572 0.8395202105812477
vn -0.5433356804974706 0.5936262654600749 0.5936279939947872
vn -0.5433295429469912 0.0000012085012165263856 0.8395195100529547
vn -0.5433284605319245 -0.000001275352693454572 0.8395202105812477
vn -0.5433256624037489 -0.593631744156233 0.5936316845515882
vn -0.5433211431997662 -0.5936337824585539 0.5936337824585539
vn -0.5433284605319245 -0.000001275352693454572 0.8395202105812477
vn -0.5433379916971851 0.5936260720261829 0.5936260720261829
vn -0.5433356804974706 0.5936262654600749 0.5936279939947872
vn -0.5433250180575386 -0.839522438504639 -3.1112955070415727e-9
vn -0.5433211431997662 -0.5936337824585539 0.5936337824585539
vn -0.5433256624037489 -0.593631744156233 0.5936316845515882
vn -0.5433395366934509 0.8395130421058067 -4.9710671815176433e-11
vn -0.5433356804974706 0.5936262654600749 0.5936279939947872
vn -0.5433379916971851 0.5936260720261829 0.5936260720261829
vn -0.5433250180575386 -0.839522438504639 -3.1112955070415727e-9
vn -0.5433256624037489 -0.593631744156233 0.5936316845515882
vn -0.543329542947388 -0.8395195100535678 -1.7140846710250324e-9
vn -0.5433356804974706 0.5936262654600749 0.5936279939947872
vn -0.5433395366934509 0.8395130421058067 -4.9710671815176433e-11
vn -0.5433373298705202 0.8395144703750934 -9.364224688137914e-10
vn -0.5433256624037489 -0.5936316845515882 -0.593631744156233
vn -0.5433250180575386 -0.839522438504639 -3.1112955070415727e-9
vn -0.543329542947388 -0.8395195100535678 -1.7140846710250324e-9
vn -0.5433357417307914 0.5936262076348534 -0.5936279957742162
vn -0.5433373298705202 0.8395144703750934 -9.364224688137914e-10
vn -0.5433395366934509 0.8395130421058067 -4.9710671815176433e-11
vn -0.5433250180575386 -0.839522438504639 -3.1112955070415727e-9
vn -0.5433256624037489 -0.5936316845515882 -0.593631744156233
vn -0.5433211431997662 -0.5936337824585539 -0.5936337824585539
vn -0.5433395366934509 0.8395130421058067 -4.9710671815176433e-11
vn -0.5433379916971851 0.5936260720261829 -0.5936260720261829
vn -0.5433357417307914 0.5936262076348534 -0.5936279957742162
vn -0.5433284605319261 -0.0000012729287764031243 -0.8395202105812501
vn -0.5433211431997662 -0.5936337824585539 -0.5936337824585539
vn -0.5433256624037489 -0.5936316845515882 -0.593631744156233
vn -0.5433284605319261 -0.0000012729287764031243 -0.8395202105812501
vn -0.5433357417307914 0.5936262076348534 -0.5936279957742162
vn -0.5433379916971851 0.5936260720261829 -0.5936260720261829
vn -0.5433284605319261 -0.0000012729287764031243 -0.8395202105812501
vn -0.5433256624037489 -0.5936316845515882 -0.593631744156233
vn -0.5433295429469912 0.0000012085012165263856 -0.8395195100529547
vn -0.5433357417307914 0.5936262076348534 -0.5936279957742162
vn -0.5433284605319261 -0.0000012729287764031243 -0.8395202105812501
vn -0.5433295429469912 0.0000012085012165263856 -0.8395195100529547
vn 0.6728431211365538 -0.7071070907498617 -0.21744354796242582
vn 1.0951680451359076e-7 -0.9999999999963805 -0.000002688381073302754
vn 6.11341310907676e-10 -1 -2.8376900829130136e-10
vn -0.5744918762836189 -0.7971771606457712 0.18565467575278913
vn 6.11341310907676e-10 -1 -2.8376900829130136e-10
vn 1.0951680451359076e-7 -0.9999999999963805 -0.000002688381073302754
vn 1.0951680451359076e-7 -0.9999999999963805 -0.000002688381073302754
vn 0.6728431211365538 -0.7071070907498617 -0.21744354796242582
vn 0.672842065551993 -0.7071055561737782 -0.21745180443468212
vn 1.0951680451359076e-7 -0.9999999999963805 -0.000002688381073302754
vn -0.758547900289837 -0.6037483796913297 0.24513868928827592
vn -0.5744918762836189 -0.7971771606457712 0.18565467575278913
vn 0.6728431211365538 -0.7071070907498617 -0.21744354796242582
vn 0.9515457946242333 -1.1188900704301978e-8 -0.307507074281123
vn 0.672842065551993 -0.7071055561737782 -0.21745180443468212
vn -0.758547900289837 -0.6037483796913297 0.24513868928827592
vn -0.9515444179679895 6.781900473960167e-9 0.3075113341552793
vn -0.5744918762836189 -0.7971771606457712 0.18565467575278913
vn 0.9515457946242333 -1.1188900704301978e-8 -0.307507074281123
vn 0.6728431211365538 -0.7071070907498617 -0.21744354796242582
vn 0.9515508517712102 6.208682525160047e-10 -0.3074914250730976
vn -0.758547900289837 -0.6037483796913297 0.24513868928827592
vn -0.9515406269336999 -3.679465980080758e-9 0.307523064654704
vn -0.9515444179679895 6.781900473960167e-9 0.3075113341552793
vn 0.6728430993186835 0.7071071274255797 -0.21744349620803397
vn 0.9515457946242333 -1.1188900704301978e-8 -0.307507074281123
vn 0.9515508517712102 6.208682525160047e-10 -0.3074914250730976
vn -0.7585478975189742 0.6037483774859265 0.24513870329398185
vn -0.9515444179679895 6.781900473960167e-9 0.3075113341552793
vn -0.9515406269336999 -3.679465980080758e-9 0.307523064654704
vn 0.9515457946242333 -1.1188900704301978e-8 -0.307507074281123
vn 0.6728430993186835 0.7071071274255797 -0.21744349620803397
vn 0.672842065551993 0.7071055561737782 -0.21745180443468212
vn -0.9515444179679895 6.781900473960167e-9 0.3075113341552793
vn -0.7585478975189742 0.6037483774859265 0.24513870329398185
vn -0.5744918762836189 0.7971771606457712 0.18565467575278913
vn 0.6728430993186835 0.7071071274255797 -0.21744349620803397
vn 1.0951679740816364e-7 0.9999999999963827 -0.000002687515689094026
vn 0.672842065551993 0.7071055561737782 -0.21745180443468212
vn 1.0951679740816364e-7 0.9999999999963827 -0.000002687515689094026
vn -0.5744918762836189 0.7971771606457712 0.18565467575278913
vn -0.7585478975189742 0.6037483774859265 0.24513870329398185
vn 1.0951679740816364e-7 0.9999999999963827 -0.000002687515689094026
vn 0.6728430993186835 0.7071071274255797 -0.21744349620803397
vn 6.11341310907676e-10 1 -2.8376900829130136e-10
vn -0.5744918762836189 0.7971771606457712 0.18565467575278913
vn 1.0951679740816364e-7 0.9999999999963827 -0.000002687515689094026
vn 6.11341310907676e-10 1 -2.8376900829130136e-10
vn 1.0951680451359076e-7 -0.9999999999963805 0.000002688381073302754
vn 0.6728431211365538 -0.7071070907498617 0.21744354796242582
vn 6.11341310907676e-10 -1 2.8376900829130136e-10
vn -0.5744918762836189 -0.7971771606457712 -0.18565467575278913
vn 1.0951680451359076e-7 -0.9999999999963805 0.000002688381073302754
vn 6.11341310907676e-10 -1 2.8376900829130136e-10
vn 0.6728431211365538 -0.7071070907498617 0.21744354796242582
vn 1.0951680451359076e-7 -0.9999999999963805 0.000002688381073302754
vn 0.672842065551993 -0.7071055561737782 0.21745180443468212
vn -0.758547900289837 -0.6037483796913297 -0.24513868928827592
vn 1.0951680451359076e-7 -0.9999999999963805 0.000002688381073302754
vn -0.5744918762836189 -0.7971771606457712 -0.18565467575278913
vn 0.9515457946242333 -1.1188900704301978e-8 0.307507074281123
vn 0.6728431211365538 -0.7071070907498617 0.21744354796242582
vn 0.672842065551993 -0.7071055561737782 0.21745180443468212
vn -0.9515444179679895 6.781900473960167e-9 -0.3075113341552793
vn -0.758547900289837 -0.6037483796913297 -0.24513868928827592
vn -0.5744918762836189 -0.7971771606457712 -0.18565467575278913
vn 0.6728431211365538 -0.7071070907498617 0.21744354796242582
vn 0.9515457946242333 -1.1188900704301978e-8 0.307507074281123
vn 0.9515508517712102 6.208682525160047e-10 0.3074914250730976
vn -0.758547900289837 -0.6037483796913297 -0.24513868928827592
vn -0.9515444179679895 6.781900473960167e-9 -0.3075113341552793
vn -0.9515406269336999 -3.679465980080758e-9 -0.307523064654704
vn 0.9515457946242333 -1.1188900704301978e-8 0.307507074281123
vn 0.6728430993186835 0.7071071274255797 0.21744349620803397
vn 0.9515508517712102 6.208682525160047e-10 0.3074914250730976
vn -0.9515444179679895 6.781900473960167e-9 -0.3075113341552793
vn -0.7585478975189742 0.6037483774859265 -0.24513870329398185
vn -0.9515406269336999 -3.679465980080758e-9 -0.307523064654704
vn 0.6728430993186835 0.7071071274255797 0.21744349620803397
vn 0.9515457946242333 -1.1188900704301978e-8 0.307507074281123
vn 0.672842065551993 0.7071055561737782 0.21745180443468212
vn -0.9515444179679895 6.781900473960167e-9 -0.3075113341552793
vn -0.5744918762836189 0.7971771606457712 -0.18565467575278913
vn -0.7585478975189742 0.6037483774859265 -0.24513870329398185
vn 1.0951679740816364e-7 0.9999999999963827 0.000002687515689094026
vn 0.6728430993186835 0.7071071274255797 0.21744349620803397
vn 0.672842065551993 0.7071055561737782 0.21745180443468212
vn -0.5744918762836189 0.7971771606457712 -0.18565467575278913
vn 1.0951679740816364e-7 0.9999999999963827 0.000002687515689094026
vn -0.7585478975189742 0.6037483774859265 -0.24513870329398185
vn 0.6728430993186835 0.7071071274255797 0.21744349620803397
vn 1.0951679740816364e-7 0.9999999999963827 0.000002687515689094026
vn 6.11341310907676e-10 1 2.8376900829130136e-10
vn 1.0951679740816364e-7 0.9999999999963827 0.000002687515689094026
vn -0.5744918762836189 0.7971771606457712 -0.18565467575278913
vn 6.11341310907676e-10 1 2.8376900829130136e-10
vn -0.13014617776424767 -0.9906023307706742 -0.04205941850602401
vn -0.6728437047793415 -0.707106422063444 -0.21744391648295217
vn 0.13014619337142386 -0.9906023361444759 0.04205924364553933
vn -0.6728437047793415 -0.707106422063444 -0.21744391648295217
vn -0.13014617776424767 -0.9906023307706742 -0.04205941850602401
vn -0.6728445823480086 -0.7071056894664497 -0.21744358332475722
vn 0.13014619337142386 -0.9906023361444759 0.04205924364553933
vn 0.6728438048857153 -0.7071064615924104 0.2174434781757657
vn -0.13014617776424767 -0.9906023307706742 -0.04205941850602401
vn -0.6728437047793415 -0.707106422063444 -0.21744391648295217
vn -0.6728445823480086 -0.7071056894664497 -0.21744358332475722
vn -0.9515444497658259 -2.308589508107707e-9 -0.30751123576196626
vn 0.6728438048857153 -0.7071064615924104 0.2174434781757657
vn 0.13014619337142386 -0.9906023361444759 0.04205924364553933
vn 0.672844837096657 -0.707105706628039 0.21744273923595367
vn -0.95154444104535 -3.6990827300176355e-9 -0.3075112627460861
vn -0.6728437047793415 -0.707106422063444 -0.21744391648295217
vn -0.9515444497658259 -2.308589508107707e-9 -0.30751123576196626
vn 0.672844837096657 -0.707105706628039 0.21744273923595367
vn 0.9515446498048269 -2.9514901862011428e-9 0.3075106167725094
vn 0.6728438048857153 -0.7071064615924104 0.2174434781757657
vn -0.9515444497658259 -2.308589508107707e-9 -0.30751123576196626
vn -0.6728437047793415 0.707106422063444 -0.21744391648295217
vn -0.95154444104535 -3.6990827300176355e-9 -0.3075112627460861
vn 0.9515446498048269 -2.9514901862011428e-9 0.3075106167725094
vn 0.95154444104535 -4.0217512808965695e-9 0.3075112627460861
vn 0.6728438048857153 -0.7071064615924104 0.2174434781757657
vn -0.6728437047793415 0.707106422063444 -0.21744391648295217
vn -0.9515444497658259 -2.308589508107707e-9 -0.30751123576196626
vn -0.6728445823480086 0.7071056894664497 -0.21744358332475722
vn 0.9515446498048269 -2.9514901862011428e-9 0.3075106167725094
vn 0.6728438070658369 0.7071064638835485 0.21744346397915634
vn 0.95154444104535 -4.0217512808965695e-9 0.3075112627460861
vn -0.6728437047793415 0.707106422063444 -0.21744391648295217
vn -0.6728445823480086 0.7071056894664497 -0.21744358332475722
vn -0.13014617776424767 0.9906023307706742 -0.04205941850602401
vn 0.6728438070658369 0.7071064638835485 0.21744346397915634
vn 0.9515446498048269 -2.9514901862011428e-9 0.3075106167725094
vn 0.672844837096657 0.707105706628039 0.21744273923595367
vn -0.13014617776424767 0.9906023307706742 -0.04205941850602401
vn 0.13014617874305032 0.9906023382207905 0.04205924000840563
vn -0.6728437047793415 0.707106422063444 -0.21744391648295217
vn 0.6728438070658369 0.7071064638835485 0.21744346397915634
vn 0.672844837096657 0.707105706628039 0.21744273923595367
vn 0.13014617874305032 0.9906023382207905 0.04205924000840563
vn 0.13014617874305032 0.9906023382207905 0.04205924000840563
vn -0.13014617776424767 0.9906023307706742 -0.04205941850602401
vn 0.6728438070658369 0.7071064638835485 0.21744346397915634
vn -0.6728437047793415 0.707106422063444 0.21744391648295217
vn -0.13014617776424767 0.9906023307706742 0.04205941850602401
vn -0.6728445823480086 0.7071056894664497 0.21744358332475722
vn -0.9515444497658259 2.308589508107707e-9 0.30751123576196626
vn -0.6728437047793415 0.707106422063444 0.21744391648295217
vn -0.6728445823480086 0.7071056894664497 0.21744358332475722
vn -0.13014617776424767 0.9906023307706742 0.04205941850602401
vn -0.6728437047793415 0.707106422063444 0.21744391648295217
vn 0.13014619337142386 0.9906023361444759 -0.04205924364553933
vn -0.6728437047793415 0.707106422063444 0.21744391648295217
vn -0.9515444497658259 2.308589508107707e-9 0.30751123576196626
vn -0.95154444104535 3.6990827300176355e-9 0.3075112627460861
vn 0.13014619337142386 0.9906023361444759 -0.04205924364553933
vn 0.6728438048857153 0.7071064615924104 -0.2174434781757657
vn -0.13014617776424767 0.9906023307706742 0.04205941850602401
vn -0.9515444497658259 2.308589508107707e-9 0.30751123576196626
vn -0.6728437047793415 -0.707106422063444 0.21744391648295217
vn -0.95154444104535 3.6990827300176355e-9 0.3075112627460861
vn 0.6728438048857153 0.7071064615924104 -0.2174434781757657
vn 0.13014619337142386 0.9906023361444759 -0.04205924364553933
vn 0.672844837096657 0.707105706628039 -0.21744273923595367
vn -0.9515444497658259 2.308589508107707e-9 0.30751123576196626
vn -0.6728445823480086 -0.7071056894664497 0.21744358332475722
vn -0.6728437047793415 -0.707106422063444 0.21744391648295217
vn 0.9515446498048269 2.9514901862011428e-9 -0.3075106167725094
vn 0.6728438048857153 0.7071064615924104 -0.2174434781757657
vn 0.672844837096657 0.707105706628039 -0.21744273923595367
vn -0.13014617776424767 -0.9906023307706742 0.04205941850602401
vn -0.6728437047793415 -0.707106422063444 0.21744391648295217
vn -0.6728445823480086 -0.7071056894664497 0.21744358332475722
vn 0.6728438048857153 0.7071064615924104 -0.2174434781757657
vn 0.9515446498048269 2.9514901862011428e-9 -0.3075106167725094
vn 0.95154444104535 4.0217512808965695e-9 -0.3075112627460861
vn -0.6728437047793415 -0.707106422063444 0.21744391648295217
vn -0.13014617776424767 -0.9906023307706742 0.04205941850602401
vn 0.13014619337142386 -0.9906023361444759 -0.04205924364553933
vn 0.9515446498048269 2.9514901862011428e-9 -0.3075106167725094
vn 0.6728438070658369 -0.7071064638835485 -0.21744346397915634
vn 0.95154444104535 4.0217512808965695e-9 -0.3075112627460861
vn 0.6728438070658369 -0.7071064638835485 -0.21744346397915634
vn 0.13014619337142386 -0.9906023361444759 -0.04205924364553933
vn -0.13014617776424767 -0.9906023307706742 0.04205941850602401
vn 0.6728438070658369 -0.7071064638835485 -0.21744346397915634
vn 0.9515446498048269 2.9514901862011428e-9 -0.3075106167725094
vn 0.672844837096657 -0.707105706628039 -0.21744273923595367
vn 0.13014619337142386 -0.9906023361444759 -0.04205924364553933
vn 0.6728438070658369 -0.7071064638835485 -0.21744346397915634
vn 0.672844837096657 -0.707105706628039 -0.21744273923595367
vn -1 0 0
vn -1 0 0
vn -1 0 0
vn -1 0 0
vn -1 0 0
vn -1 0 0
vn -1 0 0
vn -1 0 0
vn -1 0 0
vn -1 0 0
vn -1 0 0
vn -1 0 0
vn -1 0 0
vn -1 0 0
vn -1 0 0
vn -1 0 0
vn -1 0 0
vn -1 0 0
vn -1 0 0
vn -1 0 0
vn -1 0 0
vn -1 0 0
vn -1 0 0
vn -1 0 0
vn -1 0 0
vn -1 0 0
vn -1 0 0
vn -1 0 0
vn -1 0 0
vn -1 0 0
vn -1 0 0
vn -1 0 0
vn -1 0 0
vn -1 0 0
vn -1 0 0
vn -1 0 0
vn -1 0 0
vn -1 0 0
vn -1 0 0
vn -1 0 0
vn -1 0 0
vn -1 0 0
vn -1 0 0
vn -1 0 0
vn -1 0 0
vn -1 0 0
vn -1 0 0
vn -1 0 0
f 193//193 194//194 195//195
f 196//196 197//197 198//198
f 199//199 200//200 201//201
f 202//202 203//203 204//204
f 205//205 206//206 207//207
f 208//208 209//209 210//210
f 211//211 212//212 213//213
f 214//214 215//215 216//216
f 217//217 218//218 219//219
f 220//220 221//221 222//222
f 223//223 224//224 225//225
f 226//226 227//227 228//228
f 229//229 230//230 231//231
f 232//232 233//233 234//234
f 235//235 236//236 237//237
f 238//238 239//239 240//240
f 241//241 242//242 243//243
f 244//244 245//245 246//246
f 247//247 248//248 249//249
f 250//250 251//251 252//252
f 253//253 254//254 255//255
f 256//256 257//257 258//258
f 259//259 260//260 261//261
f 262//262 263//263 264//264
f 265//265 266//266 267//267
f 268//268 269//269 270//270
f 271//271 272//272 273//273
f 274//274 275//275 276//276
f 277//277 278//278 279//279
f 280//280 281//281 282//282
f 283//283 284//284 285//285
f 286//286 287//287 288//288
f 289//289 290//290 291//291
f 292//292 293//293 294//294
f 295//295 296//296 297//297
f 298//298 299//299 300//300
f 301//301 302//302 303//303
f 304//304 305//305 306//306
f 307//307 308//308 309//309
f 310//310 311//311 312//312
f 313//313 314//314 315//315
f 316//316 317//317 318//318
f 319//319 320//320 321//321
f 322//322 323//323 324//324
f 325//325 326//326 327//327
f 328//328 329//329 330//330
f 331//331 332//332 333//333
f 334//334 335//335 336//336
f 337//337 338//338 339//339
f 340//340 341//341 342//342
f 343//343 344//344 345//345
f 346//346 347//347 348//348
f 349//349 350//350 351//351
f 352//352 353//353 354//354
f 355//355 356//356 357//357
f 358//358 359//359 360//360
f 361//361 362//362 363//363
f 364//364 365//365 366//366
f 367//367 368//368 369//369
f 370//370 371//371 372//372
f 373//373 374//374 375//375
f 376//376 377//377 378//378
f 379//379 380//380 381//381
f 382//382 383//383 384//384
f 385//385 386//386 387//387
f 388//388 389//389 390//390
f 391//391 392//392 393//393
f 394//394 395//395 396//396
f 397//397 398//398 399//399
f 400//400 401//401 402//402
f 403//403 404//404 405//405
f 406//406 407//407 408//408
f 409//409 410//410 411//411
f 412//412 413//413 414//414
f 415//415 416//416 417//417
f 418//418 419//419 420//420
f 421//421 422//422 423//423
f 424//424 425//425 426//426
f 427//427 428//428 429//429
f 430//430 431//431 432//432
f 433//433 434//434 435//435
f 436//436 437//437 438//438
f 439//439 440//440 441//441
f 442//442 443//443 444//444
f 445//445 446//446 447//447
f 448//448 449//449 450//450
f 451//451 452//452 453//453
f 454//454 455//455 456//456
f 457//457 458//458 459//459
f 460//460 461//461 462//462
f 463//463 464//464 465//465
f 466//466 467//467 468//468
f 469//469 470//470 471//471
f 472//472 473//473 474//474
f 475//475 476//476 477//477
f 478//478 479//479 480//480
f 481//481 482//482 483//483
f 484//484 485//485 486//486
f 487//487 488//488 489//489
f 490//490 491//491 492//492
f 493//493 494//494 495//495
f 496//496 497//497 498//498
f 499//499 500//500 501//501
f 502//502 503//503 504//504
f 505//505 506//506 507//507
f 508//508 509//509 510//510
f 511//511 512//512 513//513
f 514//514 515//515 516//516
f 517//517 518//518 519//519
f 520//520 521//521 522//522
f 523//523 524//524 525//525
f 526//526 527//527 528//528
f 529//529 530//530 531//531
f 532//532 533//533 534//534
f 535//535 536//536 537//537
f 538//538 539//539 540//540
f 541//541 542//542 543//543
f 544//544 545//545 546//546
f 547//547 548//548 549//549
f 550//550 551//551 552//552
f 553//553 554//554 555//555
f 556//556 557//557 558//558
f 559//559 560//560 561//561
f 562//562 563//563 564//564
f 565//565 566//566 567//567
f 568//568 569//569 570//570
f 571//571 572//572 573//573
f 574//574 575//575 576//576
f 577//577 578//578 579//579
f 580//580 581//581 582//582
f 583//583 584//584 585//585
f 586//586 587//587 588//588
f 589//589 590//590 591//591
f 592//592 593//593 594//594
f 595//595 596//596 597//597
f 598//598 599//599 600//600
f 601//601 602//602 603//603
f 604//604 605//605 606//606
f 607//607 608//608 609//609
f 610//610 611//611 612//612
f 613//613 614//614 615//615
f 616//616 617//617 618//618
f 619//619 620//620 621//621
f 622//622 623//623 624//624
f 625//625 626//626 627//627
f 628//628 629//629 630//630
f 631//631 632//632 633//633
f 634//634 635//635 636//636
f 637//637 638//638 639//639
f 640//640 641//641 642//642
f 643//643 644//644 645//645
f 646//646 647//647 648//648
f 649//649 650//650 651//651
f 652//652 653//653 654//654
f 655//655 656//656 657//657
f 658//658 659//659 660//660
f 661//661 662//662 663//663
f 664//664 665//665 666//666
f 667//667 668//668 669//669
f 670//670 671//671 672//672
f 673//673 674//674 675//675
f 676//676 677//677 678//678
f 679//679 680//680 681//681
f 682//682 683//683 684//684
f 685//685 686//686 687//687
f 688//688 689//689 690//690
f 691//691 692//692 693//693
f 694//694 695//695 696//696
f 697//697 698//698 699//699
f 700//700 701//701 702//702
f 703//703 704//704 705//705
f 706//706 707//707 708//708
f 709//709 710//710 711//711
f 712//712 713//713 714//714
f 715//715 716//716 717//717
f 718//718 719//719 720//720
f 721//721 722//722 723//723
f 724//724 725//725 726//726
f 727//727 728//728 729//729
f 730//730 731//731 732//732
f 733//733 734//734 735//735
f 736//736 737//737 738//738
f 739//739 740//740 741//741
f 742//742 743//743 744//744
f 745//745 746//746 747//747
f 748//748 749//749 750//750
f 751//751 752//752 753//753
f 754//754 755//755 756//756
f 757//757 758//758 759//759
f 760//760 761//761 762//762
f 763//763 764//764 765//765
f 766//766 767//767 768//768
f 769//769 770//770 771//771
f 772//772 773//773 774//774
f 775//775 776//776 777//777
f 778//778 779//779 780//780
f 781//781 782//782 783//783
f 784//784 785//785 786//786
f 787//787 788//788 789//789
f 790//790 791//791 792//792
f 793//793 794//794 795//795
f 796//796 797//797 798//798
f 799//799 800//800 801//801
f 802//802 803//803 804//804
f 805//805 806//806 807//807
f 808//808 809//809 810//810
f 811//811 812//812 813//813
f 814//814 815//815 816//816
f 817//817 818//818 819//819
f 820//820 821//821 822//822
f 823//823 824//824 825//825
f 826//826 827//827 828//828
f 829//829 830//830 831//831
f 832//832 833//833 834//834
f 835//835 836//836 837//837
f 838//838 839//839 840//840
f 841//841 842//842 843//843
f 844//844 845//845 846//846
f 847//847 848//848 849//849
f 850//850 851//851 852//852
f 853//853 854//854 855//855
f 856//856 857//857 858//858
f 859//859 860//860 861//861
f 862//862 863//863 864//864
o Mesh
usemtl material10
v 2.3628182062313607 0.7786600242150886 -0.07736088148107273
v 2.3628182062313607 0.7786600242150886 0.08621512540827053
v 2.3628182062313607 0.7447820256246193 0.004427121963598901
v 2.3628182062313607 0.7786600242150886 0.08621512540827053
v 2.3628182062313607 0.9422360311044319 0.08621512540827053
v 2.3628182062313607 0.8604480276597603 0.12009312399873989
v 2.3628182062313607 0.9422360311044319 0.08621512540827053
v 2.3628182062313607 0.7786600242150886 0.08621512540827053
v 2.3628182062313607 0.9761130313171013 0.004427121963598901
v 2.3628182062313607 0.7786600242150886 -0.07736088148107273
v 2.3628182062313607 0.9761130313171013 0.004427121963598901
v 2.3628182062313607 0.7786600242150886 0.08621512540827053
v 2.3628182062313607 0.9761130313171013 0.004427121963598901
v 2.3628182062313607 0.7786600242150886 -0.07736088148107273
v 2.3628182062313607 0.9422360311044319 -0.07736088148107273
v 2.3628182062313607 0.9422360311044319 -0.07736088148107273
v 2.3628182062313607 0.7786600242150886 -0.07736088148107273
v 2.3628182062313607 0.8604480276597603 -0.11123888007154209
v 1.578306282441383 0.9761140296949012 0.004427121963598901
v 2.3628182062313607 0.9761130313171013 0.004427121963598901
v 1.578306282441383 0.9422360311044319 -0.07736088148107273
v 2.3628182062313607 0.9422360311044319 -0.07736088148107273
v 1.578306282441383 0.9422360311044319 -0.07736088148107273
v 2.3628182062313607 0.9761130313171013 0.004427121963598901
v 2.3628182062313607 0.9761130313171013 0.004427121963598901
v 1.578306282441383 0.9761140296949012 0.004427121963598901
v 2.3628182062313607 0.9422360311044319 0.08621512540827053
v 2.3628182062313607 0.9422360311044319 -0.07736088148107273
v 1.578306282441383 0.8604480276597603 -0.11123888007154209
v 1.578306282441383 0.9422360311044319 -0.07736088148107273
v 1.578306282441383 0.9422360311044319 0.08621512540827053
v 2.3628182062313607 0.9422360311044319 0.08621512540827053
v 1.578306282441383 0.9761140296949012 0.004427121963598901
v 1.578306282441383 0.8604480276597603 -0.11123888007154209
v 2.3628182062313607 0.9422360311044319 -0.07736088148107273
v 2.3628182062313607 0.8604480276597603 -0.11123888007154209
v 1.578306282441383 0.9422360311044319 0.08621512540827053
v 2.3628182062313607 0.8604480276597603 0.12009312399873989
v 2.3628182062313607 0.9422360311044319 0.08621512540827053
v 2.3628182062313607 0.8604480276597603 -0.11123888007154209
v 1.578306282441383 0.7786600242150886 -0.07736088148107273
v 1.578306282441383 0.8604480276597603 -0.11123888007154209
v 2.3628182062313607 0.8604480276597603 0.12009312399873989
v 1.578306282441383 0.9422360311044319 0.08621512540827053
v 1.578306282441383 0.8604480276597603 0.12009312399873989
v 1.578306282441383 0.7786600242150886 -0.07736088148107273
v 2.3628182062313607 0.8604480276597603 -0.11123888007154209
v 2.3628182062313607 0.7786600242150886 -0.07736088148107273
v 1.578306282441383 0.8604480276597603 0.12009312399873989
v 2.3628182062313607 0.7786600242150886 0.08621512540827053
v 2.3628182062313607 0.8604480276597603 0.12009312399873989
v 2.3628182062313607 0.7786600242150886 -0.07736088148107273
v 1.578306282441383 0.7447820256246193 0.004427121963598901
v 1.578306282441383 0.7786600242150886 -0.07736088148107273
v 2.3628182062313607 0.7786600242150886 0.08621512540827053
v 1.578306282441383 0.8604480276597603 0.12009312399873989
v 1.578306282441383 0.7786600242150886 0.08621512540827053
v 1.578306282441383 0.7447820256246193 0.004427121963598901
v 2.3628182062313607 0.7786600242150886 -0.07736088148107273
v 2.3628182062313607 0.7447820256246193 0.004427121963598901
v 1.578306282441383 0.7786600242150886 0.08621512540827053
v 2.3628182062313607 0.7447820256246193 0.004427121963598901
v 2.3628182062313607 0.7786600242150886 0.08621512540827053
v 2.3628182062313607 0.7447820256246193 0.004427121963598901
v 1.578306282441383 0.7786600242150886 0.08621512540827053
v 1.578306282441383 0.7447820256246193 0.004427121963598901
v -1.0198607793643422 0.8604480276597603 0.25304912218103665
v -0.7688618055179066 0.8604480276597603 0.4099301267529513
v -1.0198607793643422 1.0362510333551032 0.18022912928114193
v -0.7688618055179066 0.8604480276597603 0.4099301267529513
v -0.7688618055179066 1.1471820424092871 0.2911611367131259
v -1.0198607793643422 1.0362510333551032 0.18022912928114193
v -0.7688618055179066 1.2659510324491126 0.004427121963598901
v -1.0198607793643422 1.0362510333551032 0.18022912928114193
v -0.7688618055179066 1.1471820424092871 0.2911611367131259
v -1.0198607793643422 0.6846460203422172 0.18022912928114193
v -0.7688618055179066 0.8604480276597603 0.4099301267529513
v -1.0198607793643422 0.8604480276597603 0.25304912218103665
v -0.7688618055179066 0.8604480276597603 0.4099301267529513
v -1.0198607793643422 0.6846460203422172 0.18022912928114193
v -0.7688618055179066 0.5737140129102333 0.2911611367131259
v -0.7688618055179066 0.45494502287040783 0.004427121963598901
v -0.7688618055179066 0.5737140129102333 0.2911611367131259
v -1.0198607793643422 0.6846460203422172 0.18022912928114193
v -1.0198607793643422 0.6846460203422172 0.18022912928114193
v -1.0198607793643422 0.8604480276597603 0.25304912218103665
v -1.35333088548922 0.8604480276597603 0.004427121963598901
v -1.0198607793643422 0.8604480276597603 0.25304912218103665
v -1.0198607793643422 1.0362510333551032 0.18022912928114193
v -1.35333088548922 0.8604480276597603 0.004427121963598901
v -1.0198607793643422 0.6118260274423225 0.004427121963598901
v -0.7688618055179066 0.45494502287040783 0.004427121963598901
v -1.0198607793643422 0.6846460203422172 0.18022912928114193
v -1.0198607793643422 0.6118260274423225 0.004427121963598901
v -1.0198607793643422 0.6846460203422172 0.18022912928114193
v -1.35333088548922 0.8604480276597603 0.004427121963598901
v -1.0198607793643422 0.6846460203422172 -0.17137488535394413
v -0.7688618055179066 0.45494502287040783 0.004427121963598901
v -1.0198607793643422 0.6118260274423225 0.004427121963598901
v -1.0198607793643422 0.6846460203422172 -0.17137488535394413
v -1.0198607793643422 0.6118260274423225 0.004427121963598901
v -1.35333088548922 0.8604480276597603 0.004427121963598901
v -0.7688618055179066 0.45494502287040783 0.004427121963598901
v -1.0198607793643422 0.6846460203422172 -0.17137488535394413
v -0.7688618055179066 0.5737140129102333 -0.2823068927859281
v -0.7688618055179066 0.8604480276597603 -0.4010758828257535
v -0.7688618055179066 0.5737140129102333 -0.2823068927859281
v -1.0198607793643422 0.6846460203422172 -0.17137488535394413
v -1.0198607793643422 0.8604480276597603 -0.24419487825383884
v -1.0198607793643422 0.6846460203422172 -0.17137488535394413
v -1.35333088548922 0.8604480276597603 0.004427121963598901
v -1.0198607793643422 0.8604480276597603 -0.24419487825383884
v -0.7688618055179066 0.8604480276597603 -0.4010758828257535
v -1.0198607793643422 0.6846460203422172 -0.17137488535394413
v -1.0198607793643422 1.0362510333551032 0.18022912928114193
v -1.0198607793643422 1.1090700278771979 0.004427121963598901
v -1.35333088548922 0.8604480276597603 0.004427121963598901
v -1.0198607793643422 1.0362510333551032 0.18022912928114193
v -0.7688618055179066 1.2659510324491126 0.004427121963598901
v -1.0198607793643422 1.1090700278771979 0.004427121963598901
v -1.0198607793643422 1.0362510333551032 -0.17137488535394413
v -1.0198607793643422 0.8604480276597603 -0.24419487825383884
v -1.35333088548922 0.8604480276597603 0.004427121963598901
v -1.0198607793643422 1.0362510333551032 -0.17137488535394413
v -0.7688618055179066 0.8604480276597603 -0.4010758828257535
v -1.0198607793643422 0.8604480276597603 -0.24419487825383884
v -1.0198607793643422 1.1090700278771979 0.004427121963598901
v -1.0198607793643422 1.0362510333551032 -0.17137488535394413
v -1.35333088548922 0.8604480276597603 0.004427121963598901
v -0.7688618055179066 1.2659510324491126 0.004427121963598901
v -1.0198607793643422 1.0362510333551032 -0.17137488535394413
v -1.0198607793643422 1.1090700278771979 0.004427121963598901
v -0.7688618055179066 0.8604480276597603 -0.4010758828257535
v -1.0198607793643422 1.0362510333551032 -0.17137488535394413
v -0.7688618055179066 1.1471820424092871 -0.2823068927859281
v -1.0198607793643422 1.0362510333551032 -0.17137488535394413
v -0.7688618055179066 1.2659510324491126 0.004427121963598901
v -0.7688618055179066 1.1471820424092871 -0.2823068927859281
v 0.12011214582181506 1.417317027856217 -0.6137718688582394
v -0.3603818765475697 1.2124350319398505 -0.2868628632163022
v 0.12011214582181506 1.4783310840619666 -0.5527588855360959
v -0.3603818765475697 1.2124350319398505 -0.2868628632163022
v 0.12011214582181506 1.417317027856217 -0.6137718688582394
v -0.3603818765475697 1.1514220188153845 -0.34787587634076816
v 0.12011214582181506 1.4783310840619666 -0.5527588855360959
v 0.6428062566921764 1.4173920104993445 -0.6138468515013669
v 0.12011214582181506 1.417317027856217 -0.6137718688582394
v 0.12011214582181506 1.4783310840619666 -0.5527588855360959
v 0.6428062566921764 1.478404993821488 -0.5528338681792233
v 0.6428062566921764 1.4173920104993445 -0.6138468515013669
v 0.8238151916668468 1.3902380416883093 -0.5866918694113705
v 0.6428062566921764 1.4173920104993445 -0.6138468515013669
v 0.6428062566921764 1.478404993821488 -0.5528338681792233
v 0.8238151916668468 1.3902380416883093 -0.5866918694113705
v 0.6428062566921764 1.478404993821488 -0.5528338681792233
v 0.8238151916668468 1.4512500713361365 -0.525678886089227
v -0.3603806844546742 1.1514220188153845 0.3530371356869723
v 0.12011214582181506 1.4173179815305335 0.6189331282044437
v 0.12011214582181506 1.4783310840619666 0.5579201448823001
v 0.12011214582181506 1.4783310840619666 0.5579201448823001
v -0.3603806844546742 1.2124350319398505 0.29202412256250637
v -0.3603806844546742 1.1514220188153845 0.3530371356869723
v 0.6428062566921764 1.4173930833829504 0.6190081108475711
v 0.12011214582181506 1.4783310840619666 0.5579201448823001
v 0.12011214582181506 1.4173179815305335 0.6189331282044437
v 0.12011214582181506 1.4783310840619666 0.5579201448823001
v 0.6428062566921764 1.4173930833829504 0.6190081108475711
v 0.6428062566921764 1.478406066705094 0.5579951275254276
v 0.6428062566921764 1.4173930833829504 0.6190081108475711
v 0.8238151916668468 1.4512500713361365 0.5308401454354312
v 0.6428062566921764 1.478406066705094 0.5579951275254276
v 0.6428062566921764 1.4173930833829504 0.6190081108475711
v 0.8238151916668468 1.3902369688047034 0.5918531287575748
v 0.8238151916668468 1.4512500713361365 0.5308401454354312
v -0.3603806844546742 0.5115210364354713 0.29202513584146755
v 0.12011214582181506 0.2456250141156776 0.5579201448823001
v 0.12011214582181506 0.30663799743782116 0.6189331282044437
v 0.12011214582181506 0.30663799743782116 0.6189331282044437
v -0.3603806844546742 0.5725340197576149 0.3530381191636111
v -0.3603806844546742 0.5115210364354713 0.29202513584146755
v 0.6428062566921764 0.24555098514686657 0.5579951275254276
v 0.12011214582181506 0.30663799743782116 0.6189331282044437
v 0.12011214582181506 0.2456250141156776 0.5579201448823001
v 0.12011214582181506 0.30663799743782116 0.6189331282044437
v 0.6428062566921764 0.24555098514686657 0.5579951275254276
v 0.6428062566921764 0.3065630147946937 0.6190081108475711
v 0.6428062566921764 0.24555098514686657 0.5579951275254276
v 0.8238151916668468 0.33371901016365124 0.5918531287575748
v 0.6428062566921764 0.3065630147946937 0.6190081108475711
v 0.6428062566921764 0.24555098514686657 0.5579951275254276
v 0.8238151916668468 0.2727060268415077 0.5308401454354312
v 0.8238151916668468 0.33371901016365124 0.5918531287575748
v -0.3603818765475697 0.5725340197576149 -0.34787587634076816
v 0.12011214582181506 0.24562608699928357 -0.5527588855360959
v -0.3603818765475697 0.5115210364354713 -0.2868628632163022
v 0.12011214582181506 0.24562608699928357 -0.5527588855360959
v -0.3603818765475697 0.5725340197576149 -0.34787587634076816
v 0.12011214582181506 0.30663799743782116 -0.6137718688582394
v 0.12011214582181506 0.30663799743782116 -0.6137718688582394
v 0.6428062566921764 0.24555098514686657 -0.5528338681792233
v 0.12011214582181506 0.24562608699928357 -0.5527588855360959
v 0.12011214582181506 0.30663799743782116 -0.6137718688582394
v 0.6428062566921764 0.30656396846901013 -0.6138468515013669
v 0.6428062566921764 0.24555098514686657 -0.5528338681792233
v 0.8238151916668468 0.33371901016365124 -0.5866918694113705
v 0.6428062566921764 0.24555098514686657 -0.5528338681792233
v 0.6428062566921764 0.30656396846901013 -0.6138468515013669
v 0.6428062566921764 0.24555098514686657 -0.5528338681792233
v 0.8238151916668468 0.33371901016365124 -0.5866918694113705
v 0.8238151916668468 0.2727060268415077 -0.525678886089227
v 0.6428062566921764 0.30656396846901013 -0.6138468515013669
v 0.12011214582181506 0.30663799743782116 -0.6137718688582394
v 0.3933121809170299 0.47831901412139965 -0.4420908819769834
v 0.3933121809170299 0.47831901412139965 -0.4420908819769834
v 0.12011214582181506 0.30663799743782116 -0.6137718688582394
v 0.2931111702129894 0.5413140306962593 -0.37909687868108494
v 0.12011214582181506 0.30663799743782116 -0.6137718688582394
v 0.21726819364285999 0.6012710283292396 -0.3191388677691434
v 0.2931111702129894 0.5413140306962593 -0.37909687868108494
v 0.21726819364285999 0.6012710283292396 -0.3191388677691434
v 0.12011214582181506 0.30663799743782116 -0.6137718688582394
v -0.3603818765475697 0.5725340197576149 -0.34787587634076816
v 0.6428062566921764 0.30656396846901013 -0.6138468515013669
v 0.3933121809170299 0.47831901412139965 -0.4420908819769834
v 0.562491262833839 0.42854603629242016 -0.49186487308492405
v 0.6428062566921764 0.30656396846901013 -0.6138468515013669
v 0.562491262833839 0.42854603629242016 -0.49186487308492405
v 0.6999112018749767 0.41281401615272595 -0.5075958501433346
v 0.6999112018749767 0.41281401615272595 -0.5075958501433346
v 0.8238151916668468 0.33371901016365124 -0.5866918694113705
v 0.6428062566921764 0.30656396846901013 -0.6138468515013669
v 0.12011214582181506 1.4783310840619666 0.5579201448823001
v 0.6428062566921764 1.478406066705094 0.5579951275254276
v 0.3933121809170299 1.3066500375760657 0.3862391281987216
v 0.3933121809170299 1.3066500375760657 0.3862391281987216
v 0.6428062566921764 1.478406066705094 0.5579951275254276
v 0.562491262833839 1.3564230154050452 0.43601311930666226
v 0.6428062566921764 1.478406066705094 0.5579951275254276
v 0.6999102482006603 1.3721550653470618 0.4517451096440341
v 0.562491262833839 1.3564230154050452 0.43601311930666226
v 0.6999102482006603 1.3721550653470618 0.4517451096440341
v 0.6428062566921764 1.478406066705094 0.5579951275254276
v 0.8238151916668468 1.4512500713361365 0.5308401454354312
v 0.2931111702129894 1.243655021001206 0.32324512490282314
v 0.12011214582181506 1.4783310840619666 0.5579201448823001
v 0.3933121809170299 1.3066500375760657 0.3862391281987216
v 0.21726819364285999 1.1836980233682257 0.2632871139908816
v 0.12011214582181506 1.4783310840619666 0.5579201448823001
v 0.2931111702129894 1.243655021001206 0.32324512490282314
v 0.21726819364285999 1.1836980233682257 0.2632871139908816
v -0.3603806844546742 1.2124350319398505 0.29202412256250637
v 0.12011214582181506 1.4783310840619666 0.5579201448823001
v 0.6428062566921764 1.478404993821488 -0.5528338681792233
v 0.12011214582181506 1.4783310840619666 -0.5527588855360959
v 0.3933121809170299 1.3066500375760657 -0.38107786885251743
v 0.3933121809170299 1.3066500375760657 -0.38107786885251743
v 0.12011214582181506 1.4783310840619666 -0.5527588855360959
v 0.2931111702129894 1.243655021001206 -0.318083865556619
v 0.12011214582181506 1.4783310840619666 -0.5527588855360959
v 0.21726819364285999 1.1836980233682257 -0.25812588444699985
v 0.2931111702129894 1.243655021001206 -0.318083865556619
v 0.21726819364285999 1.1836980233682257 -0.25812588444699985
v 0.12011214582181506 1.4783310840619666 -0.5527588855360959
v -0.3603818765475697 1.2124350319398505 -0.2868628632163022
v 0.6428062566921764 1.478404993821488 -0.5528338681792233
v 0.3933121809170299 1.3066500375760657 -0.38107786885251743
v 0.562491262833839 1.3564230154050452 -0.4308518897627805
v 0.6428062566921764 1.478404993821488 -0.5528338681792233
v 0.562491262833839 1.3564230154050452 -0.4308518897627805
v 0.6999102482006603 1.3721550653470618 -0.4465838801001523
v 0.6999102482006603 1.3721550653470618 -0.4465838801001523
v 0.8238151916668468 1.4512500713361365 -0.525678886089227
v 0.6428062566921764 1.478404993821488 -0.5528338681792233
v 0.12011214582181506 1.417317027856217 -0.6137718688582394
v 0.6428062566921764 1.4173920104993445 -0.6138468515013669
v 0.3933121809170299 1.2456370244515997 -0.4420908819769834
v 0.3933121809170299 1.2456370244515997 -0.4420908819769834
v 0.6428062566921764 1.4173920104993445 -0.6138468515013669
v 0.562491262833839 1.2954100320829016 -0.49186487308492405
v 0.6428062566921764 1.4173920104993445 -0.6138468515013669
v 0.6999102482006603 1.3111420224202734 -0.5075968634222958
v 0.562491262833839 1.2954100320829016 -0.49186487308492405
v 0.6999102482006603 1.3111420224202734 -0.5075968634222958
v 0.6428062566921764 1.4173920104993445 -0.6138468515013669
v 0.8238151916668468 1.3902380416883093 -0.5866918694113705
v 0.2931111702129894 1.1826420376790625 -0.37909687868108494
v 0.12011214582181506 1.417317027856217 -0.6137718688582394
v 0.3933121809170299 1.2456370244515997 -0.4420908819769834
v 0.21726819364285999 1.1226850400460822 -0.3191388677691434
v 0.12011214582181506 1.417317027856217 -0.6137718688582394
v 0.2931111702129894 1.1826420376790625 -0.37909687868108494
v 0.21726819364285999 1.1226850400460822 -0.3191388677691434
v -0.3603818765475697 1.1514220188153845 -0.34787587634076816
v 0.12011214582181506 1.417317027856217 -0.6137718688582394
v 0.6999112018749767 0.3518010328305824 0.4517451096440341
v 0.6428062566921764 0.24555098514686657 0.5579951275254276
v 0.562491262833839 0.3675330231679542 0.43601311930666226
v 0.8238151916668468 0.2727060268415077 0.5308401454354312
v 0.6428062566921764 0.24555098514686657 0.5579951275254276
v 0.6999112018749767 0.3518010328305824 0.4517451096440341
v 0.6428062566921764 0.24555098514686657 0.5579951275254276
v 0.39331325380063586 0.4173060307992561 0.3862391281987216
v 0.562491262833839 0.3675330231679542 0.43601311930666226
v 0.39331325380063586 0.4173060307992561 0.3862391281987216
v 0.6428062566921764 0.24555098514686657 0.5579951275254276
v 0.12011214582181506 0.2456250141156776 0.5579201448823001
v 0.39331325380063586 0.4173060307992561 0.3862391281987216
v 0.12011214582181506 0.2456250141156776 0.5579201448823001
v 0.2931111702129894 0.48030101757179333 0.32324512490282314
v 0.12011214582181506 0.2456250141156776 0.5579201448823001
v 0.21726819364285999 0.5402580152047737 0.2632871139908816
v 0.2931111702129894 0.48030101757179333 0.32324512490282314
v 0.21726819364285999 0.5402580152047737 0.2632871139908816
v 0.12011214582181506 0.2456250141156776 0.5579201448823001
v -0.3603806844546742 0.5115210364354713 0.29202513584146755
v 0.12011214582181506 0.30663799743782116 0.6189331282044437
v 0.6428062566921764 0.3065630147946937 0.6190081108475711
v 0.39331325380063586 0.47831901412139965 0.44725211152086514
v 0.39331325380063586 0.47831901412139965 0.44725211152086514
v 0.6428062566921764 0.3065630147946937 0.6190081108475711
v 0.562491262833839 0.42854603629242016 0.4970261324311282
v 0.6428062566921764 0.3065630147946937 0.6190081108475711
v 0.6999112018749767 0.41281401615272595 0.5127581227685001
v 0.562491262833839 0.42854603629242016 0.4970261324311282
v 0.6999112018749767 0.41281401615272595 0.5127581227685001
v 0.6428062566921764 0.3065630147946937 0.6190081108475711
v 0.8238151916668468 0.33371901016365124 0.5918531287575748
v 0.2931111702129894 0.5413140306962593 0.3842581082249667
v 0.12011214582181506 0.30663799743782116 0.6189331282044437
v 0.39331325380063586 0.47831901412139965 0.44725211152086514
v 0.21726819364285999 0.6012710283292396 0.32430012711534756
v 0.12011214582181506 0.30663799743782116 0.6189331282044437
v 0.2931111702129894 0.5413140306962593 0.3842581082249667
v 0.21726819364285999 0.6012710283292396 0.32430012711534756
v -0.3603806844546742 0.5725340197576149 0.3530381191636111
v 0.12011214582181506 0.30663799743782116 0.6189331282044437
v 0.12011214582181506 0.24562608699928357 -0.5527588855360959
v 0.6428062566921764 0.24555098514686657 -0.5528338681792233
v 0.39331325380063586 0.4173060307992561 -0.38107786885251743
v 0.39331325380063586 0.4173060307992561 -0.38107786885251743
v 0.6428062566921764 0.24555098514686657 -0.5528338681792233
v 0.562491262833839 0.3675330231679542 -0.4308518897627805
v 0.6428062566921764 0.24555098514686657 -0.5528338681792233
v 0.6999112018749767 0.3518010328305824 -0.4465838801001523
v 0.562491262833839 0.3675330231679542 -0.4308518897627805
v 0.6999112018749767 0.3518010328305824 -0.4465838801001523
v 0.6428062566921764 0.24555098514686657 -0.5528338681792233
v 0.8238151916668468 0.2727060268415077 -0.525678886089227
v 0.2931111702129894 0.48030101757179333 -0.318083865556619
v 0.12011214582181506 0.24562608699928357 -0.5527588855360959
v 0.39331325380063586 0.4173060307992561 -0.38107786885251743
v 0.21726819364285999 0.5402580152047737 -0.25812588444699985
v 0.12011214582181506 0.24562608699928357 -0.5527588855360959
v 0.2931111702129894 0.48030101757179333 -0.318083865556619
v 0.21726819364285999 0.5402580152047737 -0.25812588444699985
v -0.3603818765475697 0.5115210364354713 -0.2868628632163022
v 0.12011214582181506 0.24562608699928357 -0.5527588855360959
v 0.6999112018749767 1.3111420224202734 0.5127581227685001
v 0.6428062566921764 1.4173930833829504 0.6190081108475711
v 0.562491262833839 1.2954100320829016 0.4970261324311282
v 0.8238151916668468 1.3902369688047034 0.5918531287575748
v 0.6428062566921764 1.4173930833829504 0.6190081108475711
v 0.6999112018749767 1.3111420224202734 0.5127581227685001
v 0.6428062566921764 1.4173930833829504 0.6190081108475711
v 0.3933121809170299 1.2456370244515997 0.44725211152086514
v 0.562491262833839 1.2954100320829016 0.4970261324311282
v 0.3933121809170299 1.2456370244515997 0.44725211152086514
v 0.6428062566921764 1.4173930833829504 0.6190081108475711
v 0.12011214582181506 1.4173179815305335 0.6189331282044437
v 0.3933121809170299 1.2456370244515997 0.44725211152086514
v 0.12011214582181506 1.4173179815305335 0.6189331282044437
v 0.2931111702129894 1.1826420376790625 0.3842581082249667
v 0.12011214582181506 1.4173179815305335 0.6189331282044437
v 0.21726819364285999 1.1226850400460822 0.32430012711534756
v 0.2931111702129894 1.1826420376790625 0.3842581082249667
v 0.21726819364285999 1.1226850400460822 0.32430012711534756
v 0.12011214582181506 1.4173179815305335 0.6189331282044437
v -0.3603806844546742 1.1514220188153845 0.3530371356869723
v 0.8238151916668468 0.2727060268415077 0.5308401454354312
v 0.6999112018749767 0.41281401615272595 0.5127581227685001
v 0.8238151916668468 0.33371901016365124 0.5918531287575748
v 0.6999112018749767 0.41281401615272595 0.5127581227685001
v 0.8238151916668468 0.2727060268415077 0.5308401454354312
v 0.6999112018749767 0.3518010328305824 0.4517451096440341
v 0.6999112018749767 0.3518010328305824 0.4517451096440341
v 0.562491262833839 0.42854603629242016 0.4970261324311282
v 0.6999112018749767 0.41281401615272595 0.5127581227685001
v 0.6999112018749767 0.3518010328305824 0.4517451096440341
v 0.562491262833839 0.3675330231679542 0.43601311930666226
v 0.562491262833839 0.42854603629242016 0.4970261324311282
v 0.562491262833839 0.3675330231679542 0.43601311930666226
v 0.39331325380063586 0.47831901412139965 0.44725211152086514
v 0.562491262833839 0.42854603629242016 0.4970261324311282
v 0.562491262833839 0.3675330231679542 0.43601311930666226
v 0.39331325380063586 0.4173060307992561 0.3862391281987216
v 0.39331325380063586 0.47831901412139965 0.44725211152086514
v 0.2931111702129894 0.48030101757179333 0.32324512490282314
v 0.39331325380063586 0.47831901412139965 0.44725211152086514
v 0.39331325380063586 0.4173060307992561 0.3862391281987216
v 0.39331325380063586 0.47831901412139965 0.44725211152086514
v 0.2931111702129894 0.48030101757179333 0.32324512490282314
v 0.2931111702129894 0.5413140306962593 0.3842581082249667
v 0.2931111702129894 0.48030101757179333 0.32324512490282314
v 0.21726819364285999 0.6012710283292396 0.32430012711534756
v 0.2931111702129894 0.5413140306962593 0.3842581082249667
v 0.21726819364285999 0.6012710283292396 0.32430012711534756
v 0.2931111702129894 0.48030101757179333 0.32324512490282314
v 0.21726819364285999 0.5402580152047737 0.2632871139908816
v 0.21726819364285999 0.5402580152047737 0.2632871139908816
v -0.3603806844546742 0.5115210364354713 0.29202513584146755
v 0.21726819364285999 0.6012710283292396 0.32430012711534756
v -0.3603806844546742 0.5725340197576149 0.3530381191636111
v 0.21726819364285999 0.6012710283292396 0.32430012711534756
v -0.3603806844546742 0.5115210364354713 0.29202513584146755
v 0.6999112018749767 0.3518010328305824 -0.4465838801001523
v 0.8238151916668468 0.2727060268415077 -0.525678886089227
v 0.8238151916668468 0.33371901016365124 -0.5866918694113705
v 0.6999112018749767 0.3518010328305824 -0.4465838801001523
v 0.8238151916668468 0.33371901016365124 -0.5866918694113705
v 0.6999112018749767 0.41281401615272595 -0.5075958501433346
v 0.562491262833839 0.3675330231679542 -0.4308518897627805
v 0.6999112018749767 0.3518010328305824 -0.4465838801001523
v 0.6999112018749767 0.41281401615272595 -0.5075958501433346
v 0.562491262833839 0.3675330231679542 -0.4308518897627805
v 0.6999112018749767 0.41281401615272595 -0.5075958501433346
v 0.562491262833839 0.42854603629242016 -0.49186487308492405
v 0.3933121809170299 0.47831901412139965 -0.4420908819769834
v 0.562491262833839 0.3675330231679542 -0.4308518897627805
v 0.562491262833839 0.42854603629242016 -0.49186487308492405
v 0.562491262833839 0.3675330231679542 -0.4308518897627805
v 0.3933121809170299 0.47831901412139965 -0.4420908819769834
v 0.39331325380063586 0.4173060307992561 -0.38107786885251743
v 0.2931111702129894 0.48030101757179333 -0.318083865556619
v 0.39331325380063586 0.4173060307992561 -0.38107786885251743
v 0.3933121809170299 0.47831901412139965 -0.4420908819769834
v 0.2931111702129894 0.48030101757179333 -0.318083865556619
v 0.3933121809170299 0.47831901412139965 -0.4420908819769834
v 0.2931111702129894 0.5413140306962593 -0.37909687868108494
v 0.21726819364285999 0.6012710283292396 -0.3191388677691434
v 0.2931111702129894 0.48030101757179333 -0.318083865556619
v 0.2931111702129894 0.5413140306962593 -0.37909687868108494
v 0.2931111702129894 0.48030101757179333 -0.318083865556619
v 0.21726819364285999 0.6012710283292396 -0.3191388677691434
v 0.21726819364285999 0.5402580152047737 -0.25812588444699985
v 0.21726819364285999 0.6012710283292396 -0.3191388677691434
v -0.3603818765475697 0.5115210364354713 -0.2868628632163022
v 0.21726819364285999 0.5402580152047737 -0.25812588444699985
v -0.3603818765475697 0.5115210364354713 -0.2868628632163022
v 0.21726819364285999 0.6012710283292396 -0.3191388677691434
v -0.3603818765475697 0.5725340197576149 -0.34787587634076816
v 0.6999102482006603 1.3721550653470618 0.4517451096440341
v 0.8238151916668468 1.3902369688047034 0.5918531287575748
v 0.6999112018749767 1.3111420224202734 0.5127581227685001
v 0.8238151916668468 1.3902369688047034 0.5918531287575748
v 0.6999102482006603 1.3721550653470618 0.4517451096440341
v 0.8238151916668468 1.4512500713361365 0.5308401454354312
v 0.562491262833839 1.3564230154050452 0.43601311930666226
v 0.6999102482006603 1.3721550653470618 0.4517451096440341
v 0.6999112018749767 1.3111420224202734 0.5127581227685001
v 0.562491262833839 1.3564230154050452 0.43601311930666226
v 0.6999112018749767 1.3111420224202734 0.5127581227685001
v 0.562491262833839 1.2954100320829016 0.4970261324311282
v 0.3933121809170299 1.2456370244515997 0.44725211152086514
v 0.562491262833839 1.3564230154050452 0.43601311930666226
v 0.562491262833839 1.2954100320829016 0.4970261324311282
v 0.562491262833839 1.3564230154050452 0.43601311930666226
v 0.3933121809170299 1.2456370244515997 0.44725211152086514
v 0.3933121809170299 1.3066500375760657 0.3862391281987216
v 0.3933121809170299 1.2456370244515997 0.44725211152086514
v 0.2931111702129894 1.243655021001206 0.32324512490282314
v 0.3933121809170299 1.3066500375760657 0.3862391281987216
v 0.2931111702129894 1.243655021001206 0.32324512490282314
v 0.3933121809170299 1.2456370244515997 0.44725211152086514
v 0.2931111702129894 1.1826420376790625 0.3842581082249667
v 0.21726819364285999 1.1226850400460822 0.32430012711534756
v 0.2931111702129894 1.243655021001206 0.32324512490282314
v 0.2931111702129894 1.1826420376790625 0.3842581082249667
v 0.2931111702129894 1.243655021001206 0.32324512490282314
v 0.21726819364285999 1.1226850400460822 0.32430012711534756
v 0.21726819364285999 1.1836980233682257 0.2632871139908816
v 0.21726819364285999 1.1226850400460822 0.32430012711534756
v -0.3603806844546742 1.2124350319398505 0.29202412256250637
v 0.21726819364285999 1.1836980233682257 0.2632871139908816
v -0.3603806844546742 1.2124350319398505 0.29202412256250637
v 0.21726819364285999 1.1226850400460822 0.32430012711534756
v -0.3603806844546742 1.1514220188153845 0.3530371356869723
v 0.8238151916668468 1.4512500713361365 -0.525678886089227
v 0.6999102482006603 1.3721550653470618 -0.4465838801001523
v 0.6999102482006603 1.3111420224202734 -0.5075968634222958
v 0.6999102482006603 1.3111420224202734 -0.5075968634222958
v 0.8238151916668468 1.3902380416883093 -0.5866918694113705
v 0.8238151916668468 1.4512500713361365 -0.525678886089227
v 0.562491262833839 1.2954100320829016 -0.49186487308492405
v 0.6999102482006603 1.3111420224202734 -0.5075968634222958
v 0.6999102482006603 1.3721550653470618 -0.4465838801001523
v 0.562491262833839 1.2954100320829016 -0.49186487308492405
v 0.6999102482006603 1.3721550653470618 -0.4465838801001523
v 0.562491262833839 1.3564230154050452 -0.4308518897627805
v 0.3933121809170299 1.2456370244515997 -0.4420908819769834
v 0.562491262833839 1.2954100320829016 -0.49186487308492405
v 0.562491262833839 1.3564230154050452 -0.4308518897627805
v 0.3933121809170299 1.2456370244515997 -0.4420908819769834
v 0.562491262833839 1.3564230154050452 -0.4308518897627805
v 0.3933121809170299 1.3066500375760657 -0.38107786885251743
v 0.2931111702129894 1.243655021001206 -0.318083865556619
v 0.3933121809170299 1.2456370244515997 -0.4420908819769834
v 0.3933121809170299 1.3066500375760657 -0.38107786885251743
v 0.3933121809170299 1.2456370244515997 -0.4420908819769834
v 0.2931111702129894 1.243655021001206 -0.318083865556619
v 0.2931111702129894 1.1826420376790625 -0.37909687868108494
v 0.21726819364285999 1.1226850400460822 -0.3191388677691434
v 0.2931111702129894 1.1826420376790625 -0.37909687868108494
v 0.2931111702129894 1.243655021001206 -0.318083865556619
v 0.21726819364285999 1.1836980233682257 -0.25812588444699985
v 0.21726819364285999 1.1226850400460822 -0.3191388677691434
v 0.2931111702129894 1.243655021001206 -0.318083865556619
v -0.3603818765475697 1.2124350319398505 -0.2868628632163022
v 0.21726819364285999 1.1226850400460822 -0.3191388677691434
v 0.21726819364285999 1.1836980233682257 -0.25812588444699985
v 0.21726819364285999 1.1226850400460822 -0.3191388677691434
v -0.3603818765475697 1.2124350319398505 -0.2868628632163022
v -0.3603818765475697 1.1514220188153845 -0.34787587634076816
vn 1 0 0
vn 1 0 0
vn 1 0 0
vn 1 0 0
vn 1 0 0
vn 1 0 0
vn 1 0 0
vn 1 0 0
vn 1 0 0
vn 1 0 0
vn 1 0 0
vn 1 0 0
vn 1 0 0
vn 1 0 0
vn 1 0 0
vn 1 0 0
vn 1 0 0
vn 1 0 0
vn 8.404340237611585e-7 0.990602711876904 0.13677085662310268
vn 8.404336079084387e-7 0.9906021616747755 -0.13677484156289643
vn 4.202168391897359e-7 0.7971764006336551 -0.603746458600457
vn 0 0.6037509346276186 -0.7971730106672436
vn 4.202168391897359e-7 0.7971764006336551 -0.603746458600457
vn 8.404336079084387e-7 0.9906021616747755 -0.13677484156289643
vn 8.404336079084387e-7 0.9906021616747755 -0.13677484156289643
vn 8.404340237611585e-7 0.990602711876904 0.13677085662310268
vn 4.202168827334077e-7 0.7971764293209189 0.6037464207222875
vn 0 0.6037509346276186 -0.7971730106672436
vn 0 0.13677482694054446 -0.9906021636940756
vn 4.202168391897359e-7 0.7971764006336551 -0.603746458600457
vn 0 0.6037490340383113 0.7971744501034927
vn 4.202168827334077e-7 0.7971764293209189 0.6037464207222875
vn 8.404340237611585e-7 0.990602711876904 0.13677085662310268
vn 0 0.13677482694054446 -0.9906021636940756
vn 0 0.6037509346276186 -0.7971730106672436
vn 0 -0.13677480424234525 -0.9906021668280703
vn 0 0.6037490340383113 0.7971744501034927
vn 0 0.13677482694054446 0.9906021636940756
vn 4.202168827334077e-7 0.7971764293209189 0.6037464207222875
vn 0 -0.13677480424234525 -0.9906021668280703
vn 0 -0.6037490340383113 -0.7971744501034927
vn 0 0.13677482694054446 -0.9906021636940756
vn 0 0.13677482694054446 0.9906021636940756
vn 0 0.6037490340383113 0.7971744501034927
vn 0 -0.13677480424234525 0.9906021668280703
vn 0 -0.6037490340383113 -0.7971744501034927
vn 0 -0.13677480424234525 -0.9906021668280703
vn 0 -0.7971744501034927 -0.6037490340383113
vn 0 -0.13677480424234525 0.9906021668280703
vn 0 -0.6037490340383113 0.7971744501034927
vn 0 0.13677482694054446 0.9906021636940756
vn 0 -0.7971744501034927 -0.6037490340383113
vn 0 -0.9906021636940756 -0.13677482694054446
vn 0 -0.6037490340383113 -0.7971744501034927
vn 0 -0.6037490340383113 0.7971744501034927
vn 0 -0.13677480424234525 0.9906021668280703
vn 0 -0.7971744501034927 0.6037490340383113
vn 0 -0.9906021636940756 -0.13677482694054446
vn 0 -0.7971744501034927 -0.6037490340383113
vn 0 -0.9906021668280703 0.13677480424234525
vn 0 -0.7971744501034927 0.6037490340383113
vn 0 -0.9906021668280703 0.13677480424234525
vn 0 -0.6037490340383113 0.7971744501034927
vn 0 -0.9906021668280703 0.13677480424234525
vn 0 -0.7971744501034927 0.6037490340383113
vn 0 -0.9906021636940756 -0.13677482694054446
vn -0.5700369997924133 3.402296843666474e-9 0.8216190229465625
vn -0.5300155220477772 5.545860595199031e-9 0.8479879400017561
vn -0.5540101876732192 0.5886733865031968 0.5886733865031968
vn -0.5300155220477772 5.545860595199031e-9 0.8479879400017561
vn -0.5300147023298284 0.5996183850226007 0.5996183850226007
vn -0.5540101876732192 0.5886733865031968 0.5886733865031968
vn -0.5300143433634809 0.8479886767103545 -1.2566933221744143e-9
vn -0.5540101876732192 0.5886733865031968 0.5886733865031968
vn -0.5300147023298284 0.5996183850226007 0.5996183850226007
vn -0.5540101876732192 -0.5886733865031968 0.5886733865031968
vn -0.5300155220477772 5.545860595199031e-9 0.8479879400017561
vn -0.5700369997924133 3.402296843666474e-9 0.8216190229465625
vn -0.5300155220477772 5.545860595199031e-9 0.8479879400017561
vn -0.5540101876732192 -0.5886733865031968 0.5886733865031968
vn -0.530016437802557 -0.599617618011299 0.599617618011299
vn -0.530015843507807 -0.8479877390804114 -8.059249530736829e-9
vn -0.530016437802557 -0.599617618011299 0.599617618011299
vn -0.5540101876732192 -0.5886733865031968 0.5886733865031968
vn -0.5540101876732192 -0.5886733865031968 0.5886733865031968
vn -0.5700369997924133 3.402296843666474e-9 0.8216190229465625
vn -0.9999999999999998 -1.6467497365724167e-9 2.281579014606904e-8
vn -0.5700369997924133 3.402296843666474e-9 0.8216190229465625
vn -0.5540101876732192 0.5886733865031968 0.5886733865031968
vn -0.9999999999999998 -1.6467497365724167e-9 2.281579014606904e-8
vn -0.5700369997924133 -0.8216190229465625 4.04476047301459e-9
vn -0.530015843507807 -0.8479877390804114 -8.059249530736829e-9
vn -0.5540101876732192 -0.5886733865031968 0.5886733865031968
vn -0.5700369997924133 -0.8216190229465625 4.04476047301459e-9
vn -0.5540101876732192 -0.5886733865031968 0.5886733865031968
vn -0.9999999999999998 -1.6467497365724167e-9 2.281579014606904e-8
vn -0.5540101876732192 -0.5886733865031968 -0.5886733865031968
vn -0.530015843507807 -0.8479877390804114 -8.059249530736829e-9
vn -0.5700369997924133 -0.8216190229465625 4.04476047301459e-9
vn -0.5540101876732192 -0.5886733865031968 -0.5886733865031968
vn -0.5700369997924133 -0.8216190229465625 4.04476047301459e-9
vn -0.9999999999999998 -1.6467497365724167e-9 2.281579014606904e-8
vn -0.530015843507807 -0.8479877390804114 -8.059249530736829e-9
vn -0.5540101876732192 -0.5886733865031968 -0.5886733865031968
vn -0.530016437802557 -0.599617618011299 -0.599617618011299
vn -0.5300155220477772 8.059242068937011e-9 -0.8479879400017561
vn -0.530016437802557 -0.599617618011299 -0.599617618011299
vn -0.5540101876732192 -0.5886733865031968 -0.5886733865031968
vn -0.5700369997924133 6.096092439041322e-9 -0.8216190229465625
vn -0.5540101876732192 -0.5886733865031968 -0.5886733865031968
vn -0.9999999999999998 -1.6467497365724167e-9 2.281579014606904e-8
vn -0.5700369997924133 6.096092439041322e-9 -0.8216190229465625
vn -0.5300155220477772 8.059242068937011e-9 -0.8479879400017561
vn -0.5540101876732192 -0.5886733865031968 -0.5886733865031968
vn -0.5540101876732192 0.5886733865031968 0.5886733865031968
vn -0.5700369997924133 0.8216190229465625 -2.108577950999122e-9
vn -0.9999999999999998 -1.6467497365724167e-9 2.281579014606904e-8
vn -0.5540101876732192 0.5886733865031968 0.5886733865031968
vn -0.5300143433634809 0.8479886767103545 -1.2566933221744143e-9
vn -0.5700369997924133 0.8216190229465625 -2.108577950999122e-9
vn -0.5540101876732192 0.5886733865031968 -0.5886733865031968
vn -0.5700369997924133 6.096092439041322e-9 -0.8216190229465625
vn -0.9999999999999998 -1.6467497365724167e-9 2.281579014606904e-8
vn -0.5540101876732192 0.5886733865031968 -0.5886733865031968
vn -0.5300155220477772 8.059242068937011e-9 -0.8479879400017561
vn -0.5700369997924133 6.096092439041322e-9 -0.8216190229465625
vn -0.5700369997924133 0.8216190229465625 -2.108577950999122e-9
vn -0.5540101876732192 0.5886733865031968 -0.5886733865031968
vn -0.9999999999999998 -1.6467497365724167e-9 2.281579014606904e-8
vn -0.5300143433634809 0.8479886767103545 -1.2566933221744143e-9
vn -0.5540101876732192 0.5886733865031968 -0.5886733865031968
vn -0.5700369997924133 0.8216190229465625 -2.108577950999122e-9
vn -0.5300155220477772 8.059242068937011e-9 -0.8479879400017561
vn -0.5540101876732192 0.5886733865031968 -0.5886733865031968
vn -0.5300147023298284 0.5996183850226007 -0.5996183850226007
vn -0.5540101876732192 0.5886733865031968 -0.5886733865031968
vn -0.5300143433634809 0.8479886767103545 -1.2566933221744143e-9
vn -0.5300147023298284 0.5996183850226007 -0.5996183850226007
vn -0.45217499899421404 0.63068545928171 -0.6306929694670784
vn -0.6163027950914456 0.556850677942803 -0.5568556251283742
vn -0.2394056767505563 0.6865398884623385 -0.6865478158800945
vn -0.6163027950914456 0.556850677942803 -0.5568556251283742
vn -0.45217499899421404 0.63068545928171 -0.6306929694670784
vn -0.6163023931495828 0.5568533739675541 -0.5568533739675541
vn -0.2394056767505563 0.6865398884623385 -0.6865478158800945
vn 0.031125523797181642 0.706761494073925 -0.7067668584920663
vn -0.45217499899421404 0.63068545928171 -0.6306929694670784
vn -0.2394056767505563 0.6865398884623385 -0.6865478158800945
vn 0.08637054330753725 0.704465513861156 -0.7044632488846372
vn 0.031125523797181642 0.706761494073925 -0.7067668584920663
vn 0.20753902796420245 0.6917134723213028 -0.6917080482984714
vn 0.031125523797181642 0.706761494073925 -0.7067668584920663
vn 0.08637054330753725 0.704465513861156 -0.7044632488846372
vn 0.20753902796420245 0.6917134723213028 -0.6917080482984714
vn 0.08637054330753725 0.704465513861156 -0.7044632488846372
vn 0.20754075049514734 0.691715896101636 -0.6917051076609321
vn -0.6163040992631894 0.5568521616163244 0.5568526980581271
vn -0.35107820957598623 0.6620960781001882 0.662097329797719
vn -0.35107823570509544 0.6620963691961192 0.6620970248471999
vn -0.35107823570509544 0.6620963691961192 0.6620970248471999
vn -0.6163040788074903 0.5568524411571035 0.5568524411571035
vn -0.6163040992631894 0.5568521616163244 0.5568526980581271
vn 0.054342560188705515 0.706061597982639 0.7060622536337282
vn -0.35107823570509544 0.6620963691961192 0.6620970248471999
vn -0.35107820957598623 0.6620960781001882 0.662097329797719
vn -0.35107823570509544 0.6620963691961192 0.6620970248471999
vn 0.054342560188705515 0.706061597982639 0.7060622536337282
vn 0.05434257361856241 0.7060619252914404 0.7060619252914404
vn 0.054342560188705515 0.706061597982639 0.7060622536337282
vn 0.20754489428191542 0.6917095226171828 0.6917102378729244
vn 0.05434257361856241 0.7060619252914404 0.7060619252914404
vn 0.054342560188705515 0.706061597982639 0.7060622536337282
vn 0.20754511672816425 0.6917091614193007 0.6917105323261318
vn 0.20754489428191542 0.6917095226171828 0.6917102378729244
vn -0.6163033897586861 -0.5568528224638682 0.5568528224638682
vn -0.3510770381398916 -0.66209701452692 0.66209701452692
vn -0.3510779467044578 -0.6620981147464772 0.662095432537442
vn -0.3510779467044578 -0.6620981147464772 0.662095432537442
vn -0.6163033897586861 -0.5568528224638682 0.5568528224638682
vn -0.6163033897586861 -0.5568528224638682 0.5568528224638682
vn 0.05434256390258297 -0.7060646972758663 0.706059154043932
vn -0.3510779467044578 -0.6620981147464772 0.662095432537442
vn -0.3510770381398916 -0.66209701452692 0.66209701452692
vn -0.3510779467044578 -0.6620981147464772 0.662095432537442
vn 0.05434256390258297 -0.7060646972758663 0.706059154043932
vn 0.05434256761563759 -0.7060674389305345 0.706056412071313
vn 0.05434256390258297 -0.7060646972758663 0.706059154043932
vn 0.20754292648409298 -0.6917128576625948 0.6917074932445544
vn 0.05434256761563759 -0.7060674389305345 0.706056412071313
vn 0.05434256390258297 -0.7060646972758663 0.706059154043932
vn 0.20754120395100104 -0.6917104338748147 0.6917104338748147
vn 0.20754292648409298 -0.6917128576625948 0.6917074932445544
vn -0.6163027376705603 -0.5568556867061396 -0.5568506799159052
vn -0.4521760801999358 -0.6306926414833529 -0.6306850120890554
vn -0.6163023726938467 -0.5568535342989295 -0.5568532362757047
vn -0.4521760801999358 -0.6306926414833529 -0.6306850120890554
vn -0.6163027376705603 -0.5568556867061396 -0.5568506799159052
vn -0.2394044043727379 -0.6865480377257068 -0.6865401103081421
vn -0.2394044043727379 -0.6865480377257068 -0.6865401103081421
vn 0.054342203616663795 -0.7060642343052528 -0.7060596447475397
vn -0.4521760801999358 -0.6306926414833529 -0.6306850120890554
vn -0.2394044043727379 -0.6865480377257068 -0.6865401103081421
vn 0.05434257361856241 -0.7060619252914404 -0.7060619252914404
vn 0.054342203616663795 -0.7060642343052528 -0.7060596447475397
vn 0.20754120395100104 -0.6917104338748147 -0.6917104338748147
vn 0.054342203616663795 -0.7060642343052528 -0.7060596447475397
vn 0.05434257361856241 -0.7060619252914404 -0.7060619252914404
vn 0.054342203616663795 -0.7060642343052528 -0.7060596447475397
vn 0.20754120395100104 -0.6917104338748147 -0.6917104338748147
vn 0.20754120395100104 -0.6917104338748147 -0.6917104338748147
vn -0.0000010039990628601135 0.7071077944644436 -0.7071057679064866
vn -6.43811756267201e-7 0.7071068407910444 -0.7071067215817527
vn -6.010955493870735e-7 0.7071064533608058 -0.7071071090118819
vn -6.010955493870735e-7 0.7071064533608058 -0.7071071090118819
vn -6.43811756267201e-7 0.7071068407910444 -0.7071067215817527
vn -0.0000014490284094009448 0.7071057381037783 -0.7071078242662933
vn -6.43811756267201e-7 0.7071068407910444 -0.7071067215817527
vn -0.0000010827694908349503 0.7071069003954146 -0.7071066619768314
vn -0.0000014490284094009448 0.7071057381037783 -0.7071078242662933
vn -0.0000010827694908349503 0.7071069003954146 -0.7071066619768314
vn -6.43811756267201e-7 0.7071068407910444 -0.7071067215817527
vn 3.6175448397224072e-9 0.7071067513842252 -0.7071068109888685
vn -0.0000010039990628601135 0.7071077944644436 -0.7071057679064866
vn -6.010955493870735e-7 0.7071064533608058 -0.7071071090118819
vn -4.887155652761781e-8 0.7071064831632548 -0.7071070792097127
vn -0.0000010039990628601135 0.7071077944644436 -0.7071057679064866
vn -4.887155652761781e-8 0.7071064831632548 -0.7071070792097127
vn 0.0000019946906263751986 0.7071094037846922 -0.7071041585758622
vn 0.0000019946906263751986 0.7071094037846922 -0.7071041585758622
vn -0.0000012889152817528125 0.7071103276533418 -0.7071032347007912
vn -0.0000010039990628601135 0.7071077944644436 -0.7071057679064866
vn 2.8173118243622067e-7 0.7071065129655737 -0.7071070494073632
vn 0.000001345626538129174 0.707105410277725 -0.7071081520914316
vn 1.726957628698692e-8 0.7071054102783652 -0.7071081520920718
vn 1.726957628698692e-8 0.7071054102783652 -0.7071081520920718
vn 0.000001345626538129174 0.707105410277725 -0.7071081520914316
vn 0.0000040628411409947335 0.7071024300281813 -0.7071111323064672
vn 0.000001345626538129174 0.707105410277725 -0.7071081520914316
vn 0.000001919960775135806 0.7071040095638996 -0.707109552795725
vn 0.0000040628411409947335 0.7071024300281813 -0.7071111323064672
vn 0.000001919960775135806 0.7071040095638996 -0.707109552795725
vn 0.000001345626538129174 0.707105410277725 -0.7071081520914316
vn 0.000003237464089446715 0.7071043671906684 -0.7071091951667743
vn 0.0000014490285230877798 0.7071057381037783 -0.7071078242662933
vn 2.8173118243622067e-7 0.7071065129655737 -0.7071070494073632
vn 1.726957628698692e-8 0.7071054102783652 -0.7071081520920718
vn 0.0000010827714235112054 0.7071069600000478 -0.707106602372173
vn 2.8173118243622067e-7 0.7071065129655737 -0.7071070494073632
vn 0.0000014490285230877798 0.7071057381037783 -0.7071078242662933
vn 0.0000010827714235112054 0.7071069600000478 -0.707106602372173
vn -3.617552167194186e-9 0.7071067513842252 -0.7071068109888685
vn 2.8173118243622067e-7 0.7071065129655737 -0.7071070494073632
vn 0.0000015170253650868141 0.7071072580227394 0.7071063043484067
vn 6.911294972064199e-7 0.7071068109886998 0.7071067513840564
vn 6.997788210972094e-7 0.7071066023724144 0.7071069600002892
vn 6.997788210972094e-7 0.7071066023724144 0.7071069600002892
vn 6.911294972064199e-7 0.7071068109886998 0.7071067513840564
vn 0.0000013700075326500106 0.7071057381038571 0.7071078242663721
vn 6.911294972064199e-7 0.7071068109886998 0.7071067513840564
vn 0.000001086133484420699 0.7071069003954119 0.7071066619768287
vn 0.0000013700075326500106 0.7071057381038571 0.7071078242663721
vn 0.000001086133484420699 0.7071069003954119 0.7071066619768287
vn 6.911294972064199e-7 0.7071068109886998 0.7071067513840564
vn 2.985465437112457e-8 0.7071067215818989 0.7071068407911905
vn 0.0000015170253650868141 0.7071072580227394 0.7071063043484067
vn 6.997788210972094e-7 0.7071066023724144 0.7071069600002892
vn 0.000002639495439633974 0.7071059169162286 0.7071076454508838
vn 0.0000015170253650868141 0.7071072580227394 0.7071063043484067
vn 0.000002639495439633974 0.7071059169162286 0.7071076454508838
vn -2.5541269092734575e-7 0.707106900395806 0.7071066619772228
vn -2.5541269092734575e-7 0.707106900395806 0.7071066619772228
vn -1.8853595901037033e-7 0.7071069301981274 0.707106632174911
vn 0.0000015170253650868141 0.7071072580227394 0.7071063043484067
vn -6.028058967627792e-8 -0.7071080030806778 -0.7071055592903032
vn -6.196729019108756e-8 -0.7071077646624763 -0.707105797709248
vn 5.569358310556097e-7 -0.7071074666395034 -0.7071060957327079
vn 5.569358310556097e-7 -0.7071074666395034 -0.7071060957327079
vn -6.196729019108756e-8 -0.7071077646624763 -0.707105797709248
vn -0.0000026394955508802524 -0.7071058871138322 -0.7071076752532061
vn -6.196729019108756e-8 -0.7071077646624763 -0.707105797709248
vn 0.0000022943384403022814 -0.7071061851379772 -0.7071073772308931
vn -0.0000026394955508802524 -0.7071058871138322 -0.7071076752532061
vn 0.0000022943384403022814 -0.7071061851379772 -0.7071073772308931
vn -6.196729019108756e-8 -0.7071077646624763 -0.707105797709248
vn 0.000004305485509982849 -0.7071056188884943 -0.7071079434695824
vn -7.902069534062204e-8 -0.7071068407911886 -0.707106721581897
vn -6.028058967627792e-8 -0.7071080030806778 -0.7071055592903032
vn 5.569358310556097e-7 -0.7071074666395034 -0.7071060957327079
vn -9.332797663405175e-7 -0.707108152091764 -0.7071054102780574
vn -6.028058967627792e-8 -0.7071080030806778 -0.7071055592903032
vn -7.902069534062204e-8 -0.7071068407911886 -0.707106721581897
vn -9.332797663405175e-7 -0.707108152091764 -0.7071054102780574
vn -8.590693097211421e-8 -0.7071080030806766 -0.7071055592903019
vn -6.028058967627792e-8 -0.7071080030806778 -0.7071055592903032
vn 1.277059563881901e-7 -0.7071067513842194 -0.7071068109888627
vn 0.0000014750894109948836 -0.7071072282204615 -0.7071063341508123
vn 0.000002682449394763597 -0.7071058275090277 -0.7071077348576931
vn 2.2090041242792452e-7 -0.707106751384208 -0.7071068109888512
vn 0.0000014750894109948836 -0.7071072282204615 -0.7071063341508123
vn 1.277059563881901e-7 -0.7071067513842194 -0.7071068109888627
vn 0.0000014750894109948836 -0.7071072282204615 -0.7071063341508123
vn 5.841959123180158e-7 -0.7071065427678034 -0.7071070196049698
vn 0.000002682449394763597 -0.7071058275090277 -0.7071077348576931
vn 5.841959123180158e-7 -0.7071065427678034 -0.7071070196049698
vn 0.0000014750894109948836 -0.7071072282204615 -0.7071063341508123
vn -3.2791128596310765e-8 -0.707106781186547 -0.707106781186547
vn 5.841959123180158e-7 -0.7071065427678034 -0.7071070196049698
vn -3.2791128596310765e-8 -0.707106781186547 -0.707106781186547
vn 0.0000014452416755307231 -0.7071058275108332 -0.7071077348594986
vn -3.2791128596310765e-8 -0.707106781186547 -0.707106781186547
vn -3.511126945669371e-8 -0.7071068109888681 -0.7071067513842247
vn 0.0000014452416755307231 -0.7071058275108332 -0.7071077348594986
vn -3.511126945669371e-8 -0.7071068109888681 -0.7071067513842247
vn -3.2791128596310765e-8 -0.707106781186547 -0.707106781186547
vn -0.0000012945262955042735 -0.7071066321743312 -0.7071069301975476
vn 3.826532026486588e-7 0.7071064533608816 0.7071071090119577
vn -0.0000013783494759380348 0.7071054698824525 0.7071080924868675
vn -2.6086403494861234e-8 0.7071054400808017 0.7071081222897494
vn -2.6086403494861234e-8 0.7071054400808017 0.7071081222897494
vn -0.0000013783494759380348 0.7071054698824525 0.7071080924868675
vn -0.000004222812443588235 0.7071024002253905 0.7071111621079529
vn -0.0000013783494759380348 0.7071054698824525 0.7071080924868675
vn -0.00000198018077502606 0.707103920156375 0.7071096422023713
vn -0.000004222812443588235 0.7071024002253905 0.7071111621079529
vn -0.00000198018077502606 0.707103920156375 0.7071096422023713
vn -0.0000013783494759380348 0.7071054698824525 0.7071080924868675
vn -0.0000032051038140191464 0.7071042479810384 0.7071093143757174
vn -0.0000013286014791428502 0.7071057679062189 0.7071077944641759
vn 3.826532026486588e-7 0.7071064533608816 0.7071071090119577
vn -2.6086403494861234e-8 0.7071054400808017 0.7071081222897494
vn -3.3640562825948094e-9 0.7071067513842252 0.7071068109888685
vn 3.826532026486588e-7 0.7071064533608816 0.7071071090119577
vn -0.0000013286014791428502 0.7071057679062189 0.7071077944641759
vn -3.3640562825948094e-9 0.7071067513842252 0.7071068109888685
vn 0.000001227581916474663 0.7071065725697325 0.7071069898022355
vn 3.826532026486588e-7 0.7071064533608816 0.7071071090119577
vn -1.565145973611908e-9 -0.7071080626852169 0.7071054996855557
vn 5.657504829538524e-7 -0.7071078838714753 0.7071056784996738
vn -6.548729741757093e-7 -0.7071074964417836 0.7071060659302846
vn -6.548729741757093e-7 -0.7071074964417836 0.7071060659302846
vn 5.657504829538524e-7 -0.7071078838714753 0.7071056784996738
vn 0.0000028053865869603623 -0.7071056784970045 0.707107883868806
vn 5.657504829538524e-7 -0.7071078838714753 0.7071056784996738
vn 1.2045108786400973e-7 -0.7071066321749185 0.707106930198135
vn 0.0000028053865869603623 -0.7071056784970045 0.707107883868806
vn 1.2045108786400973e-7 -0.7071066321749185 0.707106930198135
vn 5.657504829538524e-7 -0.7071078838714753 0.7071056784996738
vn 1.8853615796233137e-7 -0.707106632174911 0.7071069301981274
vn -1.2420207129390152e-7 -0.7071068705935013 0.7071066917795714
vn -1.565145973611908e-9 -0.7071080626852169 0.7071054996855557
vn -6.548729741757093e-7 -0.7071074964417836 0.7071060659302846
vn 9.265516086386148e-7 -0.7071082116962961 0.7071053506732979
vn -1.565145973611908e-9 -0.7071080626852169 0.7071054996855557
vn -1.2420207129390152e-7 -0.7071068705935013 0.7071066917795714
vn 9.265516086386148e-7 -0.7071082116962961 0.7071053506732979
vn 1.3023172807640302e-7 -0.7071080924875331 0.7071054698831182
vn -1.565145973611908e-9 -0.7071080626852169 0.7071054996855557
vn -0.000002303071408559264 -0.7071038605509966 0.7071097018062845
vn -0.000001340500683091128 -0.7071053804754077 0.707108181893642
vn -0.000004265747413640906 -0.7071022810152264 0.7071112813163619
vn -0.0000036469030588439362 -0.7071041585725668 0.7071094037813968
vn -0.000001340500683091128 -0.7071053804754077 0.707108181893642
vn -0.000002303071408559264 -0.7071038605509966 0.7071097018062845
vn -0.000001340500683091128 -0.7071053804754077 0.707108181893642
vn 8.06789566052103e-8 -0.7071054400807997 0.7071081222897474
vn -0.000004265747413640906 -0.7071022810152264 0.7071112813163619
vn 8.06789566052103e-8 -0.7071054400807997 0.7071081222897474
vn -0.000001340500683091128 -0.7071053804754077 0.707108181893642
vn -1.9030594315249332e-7 -0.707106661977233 0.7071069003958161
vn 8.06789566052103e-8 -0.7071054400807997 0.7071081222897474
vn -1.9030594315249332e-7 -0.707106661977233 0.7071069003958161
vn -0.0000012834251171381227 -0.7071058573133907 0.7071077050573324
vn -1.9030594315249332e-7 -0.707106661977233 0.7071069003958161
vn -0.000001009184660678823 -0.7071070196047305 0.7071065427675641
vn -0.0000012834251171381227 -0.7071058573133907 0.7071077050573324
vn -0.000001009184660678823 -0.7071070196047305 0.7071065427675641
vn -1.9030594315249332e-7 -0.707106661977233 0.7071069003958161
vn 2.9854714767258147e-8 -0.7071068407911905 0.7071067215818989
vn 0.6701013323741813 0.524863948794184 -0.5248638295848965
vn 0.5381484634759793 0.5959851153536617 -0.5959848769350823
vn 0.6701012995341565 0.5248639101532103 -0.5248639101532103
vn 0.5381484634759793 0.5959851153536617 -0.5959848769350823
vn 0.6701013323741813 0.524863948794184 -0.5248638295848965
vn 0.3650549563046707 0.6583065829483012 -0.6583064041343712
vn 0.3650549563046707 0.6583065829483012 -0.6583064041343712
vn 0.2504951321696441 0.6845627924368989 -0.6845626136229671
vn 0.5381484634759793 0.5959851153536617 -0.5959848769350823
vn 0.3650549563046707 0.6583065829483012 -0.6583064041343712
vn 0.32415694712190685 0.6689253596749809 -0.6689253596749809
vn 0.2504951321696441 0.6845627924368989 -0.6845626136229671
vn 0.32415694712190685 0.6689253596749809 -0.6689253596749809
vn 0.5094367893901155 0.6084710994023836 -0.6084710994023836
vn 0.2504951321696441 0.6845627924368989 -0.6845626136229671
vn 0.32415694712190685 0.6689253596749809 -0.6689253596749809
vn 0.5094367893901155 0.6084710994023836 -0.6084710994023836
vn 0.5094367893901155 0.6084710994023836 -0.6084710994023836
vn 0.7027191087613814 0.5030833600096373 -0.5030834792189296
vn 0.5094367893901155 0.6084710994023836 -0.6084710994023836
vn 0.5094367893901155 0.6084710994023836 -0.6084710994023836
vn 0.5094367893901155 0.6084710994023836 -0.6084710994023836
vn 0.7027191087613814 0.5030833600096373 -0.5030834792189296
vn 0.7027190876895567 0.5030832853194712 -0.5030835833426931
vn 0.7027191087613814 0.5030833600096373 -0.5030834792189296
vn 0.06740914386742466 0.7054984079794443 -0.7054984079794443
vn 0.7027190876895567 0.5030832853194712 -0.5030835833426931
vn 0.06740914386742466 0.7054984079794443 -0.7054984079794443
vn 0.7027191087613814 0.5030833600096373 -0.5030834792189296
vn 0.06740915128414998 0.7054984076251166 -0.7054984076251166
vn 0.06740915128414998 0.7054984076251166 -0.7054984076251166
vn -0.07018234117060233 0.7053631826895322 -0.7053631826895322
vn 0.06740914386742466 0.7054984079794443 -0.7054984079794443
vn -0.07018234117060233 0.7053631826895322 -0.7053631826895322
vn 0.06740914386742466 0.7054984079794443 -0.7054984079794443
vn -0.07018234117060233 0.7053631826895322 -0.7053631826895322
vn 0.5381500040735188 0.5959809329248907 0.5959876682496449
vn 0.6701012995341565 0.5248639101532103 0.5248639101532103
vn 0.670102480422412 0.5248609807494446 0.5248653318885349
vn 0.5381500040735188 0.5959809329248907 0.5959876682496449
vn 0.670102480422412 0.5248609807494446 0.5248653318885349
vn 0.36505436806517116 0.6583030207479544 0.6583102925145989
vn 0.28923478672934905 0.6768834579295437 0.6768840539759905
vn 0.5381500040735188 0.5959809329248907 0.5959876682496449
vn 0.36505436806517116 0.6583030207479544 0.6583102925145989
vn 0.28923478672934905 0.6768834579295437 0.6768840539759905
vn 0.36505436806517116 0.6583030207479544 0.6583102925145989
vn 0.2892330354570293 0.6768839513000157 0.6768843089278925
vn 0.5094368519993715 0.6084733083629729 0.6084688380145601
vn 0.28923478672934905 0.6768834579295437 0.6768840539759905
vn 0.2892330354570293 0.6768839513000157 0.6768843089278925
vn 0.28923478672934905 0.6768834579295437 0.6768840539759905
vn 0.5094368519993715 0.6084733083629729 0.6084688380145601
vn 0.509436851991046 0.6084756925388489 0.6084664538187962
vn 0.7027201575607683 0.503084296441828 0.5030810777910453
vn 0.509436851991046 0.6084756925388489 0.6084664538187962
vn 0.5094368519993715 0.6084733083629729 0.6084688380145601
vn 0.7027201575607683 0.503084296441828 0.5030810777910453
vn 0.5094368519993715 0.6084733083629729 0.6084688380145601
vn 0.7027213208202927 0.5030818746807437 0.5030818746807437
vn 0.0674101137109448 0.70549836164568 0.70549836164568
vn 0.7027201575607683 0.503084296441828 0.5030810777910453
vn 0.7027213208202927 0.5030818746807437 0.5030818746807437
vn 0.7027201575607683 0.503084296441828 0.5030810777910453
vn 0.0674101137109448 0.70549836164568 0.70549836164568
vn 0.06741011087628059 0.7054981531648198 0.7054985703973298
vn 0.0674101137109448 0.70549836164568 0.70549836164568
vn -0.07018095779966854 0.7053632515102843 0.7053632515102843
vn 0.06741011087628059 0.7054981531648198 0.7054985703973298
vn -0.07018095779966854 0.7053632515102843 0.7053632515102843
vn 0.0674101137109448 0.70549836164568 0.70549836164568
vn -0.07018099781969885 0.7053633985309609 0.7053631005077345
vn 0.5381485058153649 -0.5959824140239158 -0.5959875400232088
vn 0.6700998614926594 -0.5248618776973089 -0.5248677785572035
vn 0.36505567650786735 -0.6583037904518327 -0.6583087972419422
vn 0.6700998614926594 -0.5248618776973089 -0.5248677785572035
vn 0.5381485058153649 -0.5959824140239158 -0.5959875400232088
vn 0.6700985520316363 -0.5248651573949354 -0.5248661706739101
vn 0.28923552780465955 -0.6768833293996301 -0.6768838658414248
vn 0.5381485058153649 -0.5959824140239158 -0.5959875400232088
vn 0.36505567650786735 -0.6583037904518327 -0.6583087972419422
vn 0.28923552780465955 -0.6768833293996301 -0.6768838658414248
vn 0.36505567650786735 -0.6583037904518327 -0.6583087972419422
vn 0.28923517675627614 -0.6768838216344357 -0.6768835236112096
vn 0.5094368078662184 -0.6084710618655862 -0.6084711214702335
vn 0.28923552780465955 -0.6768833293996301 -0.6768838658414248
vn 0.28923517675627614 -0.6768838216344357 -0.6768835236112096
vn 0.28923552780465955 -0.6768833293996301 -0.6768838658414248
vn 0.5094368078662184 -0.6084710618655862 -0.6084711214702335
vn 0.5094367893900993 -0.6084709205884288 -0.6084712782162996
vn 0.5094368078662184 -0.6084710618655862 -0.6084711214702335
vn 0.7027212485058191 -0.503081925186357 -0.503081925186357
vn 0.5094367893900993 -0.6084709205884288 -0.6084712782162996
vn 0.7027212485058191 -0.503081925186357 -0.503081925186357
vn 0.5094368078662184 -0.6084710618655862 -0.6084711214702335
vn 0.702721176191341 -0.5030819756919633 -0.5030819756919633
vn 0.06741017021007607 -0.7054984483534035 -0.7054982695394713
vn 0.7027212485058191 -0.503081925186357 -0.503081925186357
vn 0.702721176191341 -0.5030819756919633 -0.5030819756919633
vn 0.7027212485058191 -0.503081925186357 -0.503081925186357
vn 0.06741017021007607 -0.7054984483534035 -0.7054982695394713
vn 0.06741019987697139 -0.7054985065407051 -0.7054982085174855
vn 0.06741017021007607 -0.7054984483534035 -0.7054982695394713
vn -0.07018112385572228 -0.7053633326562634 -0.7053631538423292
vn 0.06741019987697139 -0.7054985065407051 -0.7054982085174855
vn -0.07018112385572228 -0.7053633326562634 -0.7053631538423292
vn 0.06741017021007607 -0.7054984483534035 -0.7054982695394713
vn -0.07018110607733666 -0.7053632441337448 -0.7053632441337448
vn 0.670099625317146 -0.5248668862444437 0.5248630715471253
vn 0.36505574249562783 -0.6583060669390028 0.6583064841715193
vn 0.5381481752928378 -0.5959864375535083 0.5959838149490869
vn 0.5381481752928378 -0.5959864375535083 0.5959838149490869
vn 0.6701008600058304 -0.5248683034334385 0.5248600779925545
vn 0.670099625317146 -0.5248668862444437 0.5248630715471253
vn 0.2504956199702253 -0.6845625243748947 0.6845627031888344
vn 0.5381481752928378 -0.5959864375535083 0.5959838149490869
vn 0.36505574249562783 -0.6583060669390028 0.6583064841715193
vn 0.2504956199702253 -0.6845625243748947 0.6845627031888344
vn 0.36505574249562783 -0.6583060669390028 0.6583064841715193
vn 0.3241562828181801 -0.6689255206334633 0.6689255206334633
vn 0.5094368520019162 -0.6084711029941287 0.6084710433894831
vn 0.2504956199702253 -0.6845625243748947 0.6845627031888344
vn 0.3241562828181801 -0.6689255206334633 0.6689255206334633
vn 0.5094368520019162 -0.6084711029941287 0.6084710433894831
vn 0.3241562828181801 -0.6689255206334633 0.6689255206334633
vn 0.5094368335258129 -0.6084710809262808 0.6084710809262808
vn 0.7027212485058166 -0.5030819847910009 0.5030818655817095
vn 0.5094368520019162 -0.6084711029941287 0.6084710433894831
vn 0.5094368335258129 -0.6084710809262808 0.6084710809262808
vn 0.5094368520019162 -0.6084711029941287 0.6084710433894831
vn 0.7027212485058166 -0.5030819847910009 0.5030818655817095
vn 0.7027212485058091 -0.5030820443956412 0.5030818059770585
vn 0.06741008404404675 -0.7054983630630105 0.7054983630630105
vn 0.7027212485058091 -0.5030820443956412 0.5030818059770585
vn 0.7027212485058166 -0.5030819847910009 0.5030818655817095
vn 0.06741007662732221 -0.705498363417343 0.705498363417343
vn 0.06741008404404675 -0.7054983630630105 0.7054983630630105
vn 0.7027212485058166 -0.5030819847910009 0.5030818655817095
vn -0.07018095779966854 -0.7053632515102843 0.7053632515102843
vn 0.06741008404404675 -0.7054983630630105 0.7054983630630105
vn 0.06741007662732221 -0.705498363417343 0.705498363417343
vn 0.06741008404404675 -0.7054983630630105 0.7054983630630105
vn -0.07018095779966854 -0.7053632515102843 0.7053632515102843
vn -0.07018096521355206 -0.7053632511414577 0.7053632511414577
f 865//865 866//866 867//867
f 868//868 869//869 870//870
f 871//871 872//872 873//873
f 874//874 875//875 876//876
f 877//877 878//878 879//879
f 880//880 881//881 882//882
f 883//883 884//884 885//885
f 886//886 887//887 888//888
f 889//889 890//890 891//891
f 892//892 893//893 894//894
f 895//895 896//896 897//897
f 898//898 899//899 900//900
f 901//901 902//902 903//903
f 904//904 905//905 906//906
f 907//907 908//908 909//909
f 910//910 911//911 912//912
f 913//913 914//914 915//915
f 916//916 917//917 918//918
f 919//919 920//920 921//921
f 922//922 923//923 924//924
f 925//925 926//926 927//927
f 928//928 929//929 930//930
f 931//931 932//932 933//933
f 934//934 935//935 936//936
f 937//937 938//938 939//939
f 940//940 941//941 942//942
f 943//943 944//944 945//945
f 946//946 947//947 948//948
f 949//949 950//950 951//951
f 952//952 953//953 954//954
f 955//955 956//956 957//957
f 958//958 959//959 960//960
f 961//961 962//962 963//963
f 964//964 965//965 966//966
f 967//967 968//968 969//969
f 970//970 971//971 972//972
f 973//973 974//974 975//975
f 976//976 977//977 978//978
f 979//979 980//980 981//981
f 982//982 983//983 984//984
f 985//985 986//986 987//987
f 988//988 989//989 990//990
f 991//991 992//992 993//993
f 994//994 995//995 996//996
f 997//997 998//998 999//999
f 1000//1000 1001//1001 1002//1002
f 1003//1003 1004//1004 1005//1005
f 1006//1006 1007//1007 1008//1008
f 1009//1009 1010//1010 1011//1011
f 1012//1012 1013//1013 1014//1014
f 1015//1015 1016//1016 1017//1017
f 1018//1018 1019//1019 1020//1020
f 1021//1021 1022//1022 1023//1023
f 1024//1024 1025//1025 1026//1026
f 1027//1027 1028//1028 1029//1029
f 1030//1030 1031//1031 1032//1032
f 1033//1033 1034//1034 1035//1035
f 1036//1036 1037//1037 1038//1038
f 1039//1039 1040//1040 1041//1041
f 1042//1042 1043//1043 1044//1044
f 1045//1045 1046//1046 1047//1047
f 1048//1048 1049//1049 1050//1050
f 1051//1051 1052//1052 1053//1053
f 1054//1054 1055//1055 1056//1056
f 1057//1057 1058//1058 1059//1059
f 1060//1060 1061//1061 1062//1062
f 1063//1063 1064//1064 1065//1065
f 1066//1066 1067//1067 1068//1068
f 1069//1069 1070//1070 1071//1071
f 1072//1072 1073//1073 1074//1074
f 1075//1075 1076//1076 1077//1077
f 1078//1078 1079//1079 1080//1080
f 1081//1081 1082//1082 1083//1083
f 1084//1084 1085//1085 1086//1086
f 1087//1087 1088//1088 1089//1089
f 1090//1090 1091//1091 1092//1092
f 1093//1093 1094//1094 1095//1095
f 1096//1096 1097//1097 1098//1098
f 1099//1099 1100//1100 1101//1101
f 1102//1102 1103//1103 1104//1104
f 1105//1105 1106//1106 1107//1107
f 1108//1108 1109//1109 1110//1110
f 1111//1111 1112//1112 1113//1113
f 1114//1114 1115//1115 1116//1116
f 1117//1117 1118//1118 1119//1119
f 1120//1120 1121//1121 1122//1122
f 1123//1123 1124//1124 1125//1125
f 1126//1126 1127//1127 1128//1128
f 1129//1129 1130//1130 1131//1131
f 1132//1132 1133//1133 1134//1134
f 1135//1135 1136//1136 1137//1137
f 1138//1138 1139//1139 1140//1140
f 1141//1141 1142//1142 1143//1143
f 1144//1144 1145//1145 1146//1146
f 1147//1147 1148//1148 1149//1149
f 1150//1150 1151//1151 1152//1152
f 1153//1153 1154//1154 1155//1155
f 1156//1156 1157//1157 1158//1158
f 1159//1159 1160//1160 1161//1161
f 1162//1162 1163//1163 1164//1164
f 1165//1165 1166//1166 1167//1167
f 1168//1168 1169//1169 1170//1170
f 1171//1171 1172//1172 1173//1173
f 1174//1174 1175//1175 1176//1176
f 1177//1177 1178//1178 1179//1179
f 1180//1180 1181//1181 1182//1182
f 1183//1183 1184//1184 1185//1185
f 1186//1186 1187//1187 1188//1188
f 1189//1189 1190//1190 1191//1191
f 1192//1192 1193//1193 1194//1194
f 1195//1195 1196//1196 1197//1197
f 1198//1198 1199//1199 1200//1200
f 1201//1201 1202//1202 1203//1203
f 1204//1204 1205//1205 1206//1206
f 1207//1207 1208//1208 1209//1209
f 1210//1210 1211//1211 1212//1212
f 1213//1213 1214//1214 1215//1215
f 1216//1216 1217//1217 1218//1218
f 1219//1219 1220//1220 1221//1221
f 1222//1222 1223//1223 1224//1224
f 1225//1225 1226//1226 1227//1227
f 1228//1228 1229//1229 1230//1230
f 1231//1231 1232//1232 1233//1233
f 1234//1234 1235//1235 1236//1236
f 1237//1237 1238//1238 1239//1239
f 1240//1240 1241//1241 1242//1242
f 1243//1243 1244//1244 1245//1245
f 1246//1246 1247//1247 1248//1248
f 1249//1249 1250//1250 1251//1251
f 1252//1252 1253//1253 1254//1254
f 1255//1255 1256//1256 1257//1257
f 1258//1258 1259//1259 1260//1260
f 1261//1261 1262//1262 1263//1263
f 1264//1264 1265//1265 1266//1266
f 1267//1267 1268//1268 1269//1269
f 1270//1270 1271//1271 1272//1272
f 1273//1273 1274//1274 1275//1275
f 1276//1276 1277//1277 1278//1278
f 1279//1279 1280//1280 1281//1281
f 1282//1282 1283//1283 1284//1284
f 1285//1285 1286//1286 1287//1287
f 1288//1288 1289//1289 1290//1290
f 1291//1291 1292//1292 1293//1293
f 1294//1294 1295//1295 1296//1296
f 1297//1297 1298//1298 1299//1299
f 1300//1300 1301//1301 1302//1302
f 1303//1303 1304//1304 1305//1305
f 1306//1306 1307//1307 1308//1308
f 1309//1309 1310//1310 1311//1311
f 1312//1312 1313//1313 1314//1314
f 1315//1315 1316//1316 1317//1317
f 1318//1318 1319//1319 1320//1320
f 1321//1321 1322//1322 1323//1323
f 1324//1324 1325//1325 1326//1326
f 1327//1327 1328//1328 1329//1329
f 1330//1330 1331//1331 1332//1332
f 1333//1333 1334//1334 1335//1335
f 1336//1336 1337//1337 1338//1338
f 1339//1339 1340//1340 1341//1341
f 1342//1342 1343//1343 1344//1344
f 1345//1345 1346//1346 1347//1347
f 1348//1348 1349//1349 1350//1350
f 1351//1351 1352//1352 1353//1353
f 1354//1354 1355//1355 1356//1356
f 1357//1357 1358//1358 1359//1359
f 1360//1360 1361//1361 1362//1362
f 1363//1363 1364//1364 1365//1365
f 1366//1366 1367//1367 1368//1368
f 1369//1369 1370//1370 1371//1371
f 1372//1372 1373//1373 1374//1374
f 1375//1375 1376//1376 1377//1377
f 1378//1378 1379//1379 1380//1380
f 1381//1381 1382//1382 1383//1383
f 1384//1384 1385//1385 1386//1386
o Mesh
usemtl material6
v -0.33059192898330747 0.8537669688099543 -0.56809002161026
v -0.6416640401130682 0.9891789614790595 -0.4675599932670593
v -0.38396383526382505 0.9891789614790595 -0.5508419871330261
v -0.38396383526382505 0.9891789614790595 -0.5508419871330261
v -0.6416640401130682 0.9891789614790595 -0.4675599932670593
v -0.5128140568977362 1.0452679752939855 -0.5092009902000427
v -0.33059192898330747 0.8537669688099543 -0.56809002161026
v -0.6950359463935858 0.8537669688099544 -0.4503119885921478
v -0.6416640401130682 0.9891789614790595 -0.4675599932670593
v -0.6950359463935858 0.8537669688099544 -0.4503119885921478
v -0.33059192898330747 0.8537669688099543 -0.56809002161026
v -0.6416640401130682 0.7183549761408484 -0.4675599932670593
v -0.6416640401130682 0.7183549761408484 -0.4675599932670593
v -0.33059192898330747 0.8537669688099543 -0.56809002161026
v -0.38396383526382505 0.7183549761408484 -0.5508419871330261
v -0.6416640401130682 0.7183549761408484 -0.4675599932670593
v -0.38396383526382505 0.7183549761408484 -0.5508419871330261
v -0.5128140568977362 0.6622659623259223 -0.5092009902000427
v -0.38396383526382505 0.9891789614790595 0.5508419871330261
v -0.5128140568977362 1.0452679752939855 0.5092009902000427
v -0.6416640401130682 0.9891789614790595 0.4675599932670593
v -0.6416640401130682 0.9891789614790595 0.4675599932670593
v -0.33059192898330747 0.8537669688099542 0.56809002161026
v -0.38396383526382505 0.9891789614790595 0.5508419871330261
v -0.6950359463935858 0.8537669688099543 0.4503119885921478
v -0.33059192898330747 0.8537669688099542 0.56809002161026
v -0.6416640401130682 0.9891789614790595 0.4675599932670593
v -0.33059192898330747 0.8537669688099542 0.56809002161026
v -0.6950359463935858 0.8537669688099543 0.4503119885921478
v -0.6416640401130682 0.7183549761408484 0.4675599932670593
v -0.6416640401130682 0.7183549761408484 0.4675599932670593
v -0.38396383526382505 0.7183549761408484 0.5508419871330261
v -0.33059192898330747 0.8537669688099542 0.56809002161026
v -0.38396383526382505 0.7183549761408484 0.5508419871330261
v -0.6416640401130682 0.7183549761408484 0.4675599932670593
v -0.5128140568977362 0.6622659623259223 0.5092009902000427
vn -0.30751297524999854 0 -0.9515438876125966
vn -0.3075131545955692 -6.337035041144441e-9 -0.9515438296529916
vn -0.307514105290756 -0.0000020569875956376955 -0.9515435224113474
vn -0.307514105290756 -0.0000020569875956376955 -0.9515435224113474
vn -0.3075131545955692 -6.337035041144441e-9 -0.9515438296529916
vn -0.3075140783072722 -6.535778002130329e-7 -0.9515435311337057
vn -0.30751297524999854 0 -0.9515438876125966
vn -0.3075122578676125 0 -0.9515441194506763
vn -0.3075131545955692 -6.337035041144441e-9 -0.9515438296529916
vn -0.3075122578676125 0 -0.9515441194506763
vn -0.30751297524999854 0 -0.9515438876125966
vn -0.30751320856373987 6.3370353690807824e-9 -0.9515438122119411
vn -0.30751320856373987 6.3370353690807824e-9 -0.9515438122119411
vn -0.30751297524999854 0 -0.9515438876125966
vn -0.307514105290756 0.0000020569875956376955 -0.9515435224113474
vn -0.30751320856373987 6.3370353690807824e-9 -0.9515438122119411
vn -0.307514105290756 0.0000020569875956376955 -0.9515435224113474
vn -0.3075140783072722 6.535778002130329e-7 -0.9515435311337057
vn -0.307514105290756 -0.0000020569875956376955 0.9515435224113474
vn -0.3075140783072722 -6.535778002130329e-7 0.9515435311337057
vn -0.3075131545955692 -6.337035041144441e-9 0.9515438296529916
vn -0.3075131545955692 -6.337035041144441e-9 0.9515438296529916
vn -0.30751297524999854 0 0.9515438876125966
vn -0.307514105290756 -0.0000020569875956376955 0.9515435224113474
vn -0.3075122578676125 0 0.9515441194506763
vn -0.30751297524999854 0 0.9515438876125966
vn -0.3075131545955692 -6.337035041144441e-9 0.9515438296529916
vn -0.30751297524999854 0 0.9515438876125966
vn -0.3075122578676125 0 0.9515441194506763
vn -0.30751320856373987 6.3370353690807824e-9 0.9515438122119411
vn -0.30751320856373987 6.3370353690807824e-9 0.9515438122119411
vn -0.307514105290756 0.0000020569875956376955 0.9515435224113474
vn -0.30751297524999854 0 0.9515438876125966
vn -0.307514105290756 0.0000020569875956376955 0.9515435224113474
vn -0.30751320856373987 6.3370353690807824e-9 0.9515438122119411
vn -0.3075140783072722 6.535778002130329e-7 0.9515435311337057
f 1387//1387 1388//1388 1389//1389
f 1390//1390 1391//1391 1392//1392
f 1393//1393 1394//1394 1395//1395
f 1396//1396 1397//1397 1398//1398
f 1399//1399 1400//1400 1401//1401
f 1402//1402 1403//1403 1404//1404
f 1405//1405 1406//1406 1407//1407
f 1408//1408 1409//1409 1410//1410
f 1411//1411 1412//1412 1413//1413
f 1414//1414 1415//1415 1416//1416
f 1417//1417 1418//1418 1419//1419
f 1420//1420 1421//1421 1422//1422
