o Mesh
usemtl material6
v 1.4709043052167994 -0.0058429972268640995 0.12592199444770813
v 1.4890882816286188 -0.0058429972268640995 0.1548749953508377
v 1.4709043052167994 0.005843002814799547 0.12592199444770813
v 1.4709043052167994 0.005843002814799547 0.12592199444770813
v 1.4465302970380884 -0.0058429972268640995 0.09680499881505966
v 1.4709043052167994 -0.0058429972268640995 0.12592199444770813
v 1.4709043052167994 0.005843002814799547 0.12592199444770813
v 1.4890882816286188 -0.0058429972268640995 0.1548749953508377
v 1.4890882816286188 0.005843002814799547 0.1548749953508377
v 1.4465302970380884 -0.0058429972268640995 0.09680499881505966
v 1.4709043052167994 0.005843002814799547 0.12592199444770813
v 1.4465302970380884 0.005843002814799547 0.09680499881505966
v 1.4890882816286188 -0.0058429972268640995 0.1548749953508377
v 1.5033372786016566 0.005843002814799547 0.12349499762058258
v 1.4890882816286188 0.005843002814799547 0.1548749953508377
v 1.4062062945337397 -0.0058429972268640995 0.06569600105285645
v 1.4465302970380884 -0.0058429972268640995 0.09680499881505966
v 1.4465302970380884 0.005843002814799547 0.09680499881505966
v 1.5033372786016566 0.005843002814799547 0.12349499762058258
v 1.4890882816286188 -0.0058429972268640995 0.1548749953508377
v 1.5033372786016566 -0.0058429972268640995 0.12349499762058258
v 1.4062062945337397 -0.0058429972268640995 0.06569600105285645
v 1.4465302970380884 0.005843002814799547 0.09680499881505966
v 1.4062062945337397 0.005843002814799547 0.06569600105285645
v 1.5033372786016566 -0.0058429972268640995 0.12349499762058258
v 1.4991142895193201 0.005843002814799547 0.09818100184202194
v 1.5033372786016566 0.005843002814799547 0.12349499762058258
v 1.3794862773389918 -0.0058429972268640995 0.05496300011873245
v 1.4062062945337397 -0.0058429972268640995 0.06569600105285645
v 1.4062062945337397 0.005843002814799547 0.06569600105285645
v 1.4991142895193201 0.005843002814799547 0.09818100184202194
v 1.5033372786016566 -0.0058429972268640995 0.12349499762058258
v 1.4991142895193201 -0.0058429972268640995 0.09818100184202194
v 1.3794862773389918 -0.0058429972268640995 0.05496300011873245
v 1.4062062945337397 0.005843002814799547 0.06569600105285645
v 1.3794862773389918 0.005843002814799547 0.05496300011873245
v 1.4991142895193201 -0.0058429972268640995 0.09818100184202194
v 1.4747892763586146 0.005843002814799547 0.0703359991312027
v 1.4991142895193201 0.005843002814799547 0.09818100184202194
v 1.3508862849445444 -0.0058429972268640995 0.034832000732421875
v 1.3794862773389918 -0.0058429972268640995 0.05496300011873245
v 1.3794862773389918 0.005843002814799547 0.05496300011873245
v 1.4747892763586146 0.005843002814799547 0.0703359991312027
v 1.4991142895193201 -0.0058429972268640995 0.09818100184202194
v 1.4747892763586146 -0.0058429972268640995 0.0703359991312027
v 1.3508862849445444 -0.0058429972268640995 0.034832000732421875
v 1.3794862773389918 0.005843002814799547 0.05496300011873245
v 1.3508862849445444 0.005843002814799547 0.034832000732421875
v 1.4208783056707484 0.005843002814799547 0.036476001143455505
v 1.4747892763586146 0.005843002814799547 0.0703359991312027
v 1.4747892763586146 -0.0058429972268640995 0.0703359991312027
v 1.3508862849445444 0.005843002814799547 0.034832000732421875
v 1.3332632925481898 -0.0058429972268640995 0.010118000209331512
v 1.3508862849445444 -0.0058429972268640995 0.034832000732421875
v 1.4208783056707484 0.005843002814799547 0.036476001143455505
v 1.4747892763586146 -0.0058429972268640995 0.0703359991312027
v 1.4208783056707484 -0.0058429972268640995 0.036476001143455505
v 1.3332632925481898 -0.0058429972268640995 0.010118000209331512
v 1.3508862849445444 0.005843002814799547 0.034832000732421875
v 1.3332632925481898 0.005843002814799547 0.010118000209331512
v 1.3500002917022806 0.005843002814799547 0.010118000209331512
v 1.4208783056707484 0.005843002814799547 0.036476001143455505
v 1.4208783056707484 -0.0058429972268640995 0.036476001143455505
v 1.3332632925481898 0.005843002814799547 0.010118000209331512
v 1.3500002917022806 -0.0058429972268640995 0.010118000209331512
v 1.3332632925481898 -0.0058429972268640995 0.010118000209331512
v 1.3500002917022806 0.005843002814799547 0.010118000209331512
v 1.4208783056707484 -0.0058429972268640995 0.036476001143455505
v 1.3500002917022806 -0.0058429972268640995 0.010118000209331512
v 1.3332632925481898 0.005843002814799547 0.010118000209331512
v 1.3500002917022806 0.005843002814799547 0.010118000209331512
v 1.3500002917022806 -0.0058429972268640995 0.010118000209331512
v 1.7472873177499872 -0.22035300731658936 -0.008414000272750854
v 1.7188992943735224 -0.15500900149345398 -0.008414000272750854
v 1.7188992943735224 -0.15500900149345398 0.008414000272750854
v 1.6895443048448664 -0.10434199869632721 -0.008414000272750854
v 1.7188992943735224 -0.15500900149345398 0.008414000272750854
v 1.7188992943735224 -0.15500900149345398 -0.008414000272750854
v 1.7472873177499872 -0.22035300731658936 -0.008414000272750854
v 1.7188992943735224 -0.15500900149345398 0.008414000272750854
v 1.7472873177499872 -0.22035300731658936 0.008414000272750854
v 1.7188992943735224 -0.15500900149345398 0.008414000272750854
v 1.6895443048448664 -0.10434199869632721 -0.008414000272750854
v 1.6895443048448664 -0.10434199869632721 0.008414000272750854
v 1.7472873177499872 -0.22035300731658936 0.008414000272750854
v 1.67973129415227 -0.17251598834991455 0.008414000272750854
v 1.7472873177499872 -0.22035300731658936 -0.008414000272750854
v 1.6445942964525324 -0.06852799654006958 -0.008414000272750854
v 1.6895443048448664 -0.10434199869632721 0.008414000272750854
v 1.6895443048448664 -0.10434199869632721 -0.008414000272750854
v 1.67973129415227 -0.17251598834991455 -0.008414000272750854
v 1.7472873177499872 -0.22035300731658936 -0.008414000272750854
v 1.67973129415227 -0.17251598834991455 0.008414000272750854
v 1.6895443048448664 -0.10434199869632721 0.008414000272750854
v 1.6445942964525324 -0.06852799654006958 -0.008414000272750854
v 1.6445942964525324 -0.06852799654006958 0.008414000272750854
v 1.6548642959566218 -0.16088300943374634 0.008414000272750854
v 1.67973129415227 -0.17251598834991455 -0.008414000272750854
v 1.67973129415227 -0.17251598834991455 0.008414000272750854
v 1.5914142873258692 -0.03368399664759636 -0.008414000272750854
v 1.6445942964525324 -0.06852799654006958 0.008414000272750854
v 1.6445942964525324 -0.06852799654006958 -0.008414000272750854
v 1.67973129415227 -0.17251598834991455 -0.008414000272750854
v 1.6548642959566218 -0.16088300943374634 0.008414000272750854
v 1.6548642959566218 -0.16088300943374634 -0.008414000272750854
v 1.6445942964525324 -0.06852799654006958 0.008414000272750854
v 1.5914142873258692 -0.03368399664759636 -0.008414000272750854
v 1.5914142873258692 -0.03368399664759636 0.008414000272750854
v 1.6553773131342036 -0.1447010040283203 0.008414000272750854
v 1.6548642959566218 -0.16088300943374634 -0.008414000272750854
v 1.6548642959566218 -0.16088300943374634 0.008414000272750854
v 1.515194281575213 -0.010117997415363789 -0.008414000272750854
v 1.5914142873258692 -0.03368399664759636 0.008414000272750854
v 1.5914142873258692 -0.03368399664759636 -0.008414000272750854
v 1.6548642959566218 -0.16088300943374634 -0.008414000272750854
v 1.6553773131342036 -0.1447010040283203 0.008414000272750854
v 1.6553773131342036 -0.1447010040283203 -0.008414000272750854
v 1.5914142873258692 -0.03368399664759636 0.008414000272750854
v 1.515194281575213 -0.010117997415363789 -0.008414000272750854
v 1.515194281575213 -0.010117997415363789 0.008414000272750854
v 1.646228298184405 -0.14126700162887573 0.008414000272750854
v 1.6553773131342036 -0.1447010040283203 -0.008414000272750854
v 1.6553773131342036 -0.1447010040283203 0.008414000272750854
v 1.4329552795858485 -0.010117997415363789 -0.008414000272750854
v 1.515194281575213 -0.010117997415363789 0.008414000272750854
v 1.515194281575213 -0.010117997415363789 -0.008414000272750854
v 1.6553773131342036 -0.1447010040283203 -0.008414000272750854
v 1.646228298184405 -0.14126700162887573 0.008414000272750854
v 1.646228298184405 -0.14126700162887573 -0.008414000272750854
v 1.515194281575213 -0.010117997415363789 0.008414000272750854
v 1.4329552795858485 -0.010117997415363789 -0.008414000272750854
v 1.4329552795858485 -0.010117997415363789 0.008414000272750854
v 1.641278311249743 -0.1296669840812683 0.008414000272750854
v 1.646228298184405 -0.14126700162887573 -0.008414000272750854
v 1.646228298184405 -0.14126700162887573 0.008414000272750854
v 1.3679492917032343 -0.010117997415363789 -0.008414000272750854
v 1.4329552795858485 -0.010117997415363789 0.008414000272750854
v 1.4329552795858485 -0.010117997415363789 -0.008414000272750854
v 1.646228298184405 -0.14126700162887573 -0.008414000272750854
v 1.641278311249743 -0.1296669840812683 0.008414000272750854
v 1.641278311249743 -0.1296669840812683 -0.008414000272750854
v 1.4329552795858485 -0.010117997415363789 0.008414000272750854
v 1.3679492917032343 -0.010117997415363789 -0.008414000272750854
v 1.3679492917032343 -0.010117997415363789 0.008414000272750854
v 1.6331732716531855 -0.1339319944381714 0.008414000272750854
v 1.641278311249743 -0.1296669840812683 -0.008414000272750854
v 1.641278311249743 -0.1296669840812683 0.008414000272750854
v 1.457705303666125 -0.03546599671244621 -0.008414000272750854
v 1.3679492917032343 -0.010117997415363789 0.008414000272750854
v 1.3679492917032343 -0.010117997415363789 -0.008414000272750854
v 1.641278311249743 -0.1296669840812683 -0.008414000272750854
v 1.6331732716531855 -0.1339319944381714 0.008414000272750854
v 1.6331732716531855 -0.1339319944381714 -0.008414000272750854
v 1.3679492917032343 -0.010117997415363789 0.008414000272750854
v 1.457705303666125 -0.03546599671244621 -0.008414000272750854
v 1.457705303666125 -0.03546599671244621 0.008414000272750854
v 1.6162032928438288 -0.11254199594259262 0.008414000272750854
v 1.6331732716531855 -0.1339319944381714 -0.008414000272750854
v 1.6331732716531855 -0.1339319944381714 0.008414000272750854
v 1.5523393001527888 -0.06353999674320221 -0.008414000272750854
v 1.457705303666125 -0.03546599671244621 0.008414000272750854
v 1.457705303666125 -0.03546599671244621 -0.008414000272750854
v 1.6331732716531855 -0.1339319944381714 -0.008414000272750854
v 1.6162032928438288 -0.11254199594259262 0.008414000272750854
v 1.6162032928438288 -0.11254199594259262 -0.008414000272750854
v 1.457705303666125 -0.03546599671244621 0.008414000272750854
v 1.5523393001527888 -0.06353999674320221 -0.008414000272750854
v 1.5523393001527888 -0.06353999674320221 0.008414000272750854
v 1.5523393001527888 -0.06353999674320221 0.008414000272750854
v 1.6162032928438288 -0.11254199594259262 -0.008414000272750854
v 1.6162032928438288 -0.11254199594259262 0.008414000272750854
v 1.6162032928438288 -0.11254199594259262 -0.008414000272750854
v 1.5523393001527888 -0.06353999674320221 0.008414000272750854
v 1.5523393001527888 -0.06353999674320221 -0.008414000272750854
v 1.7472873177499872 0.22035300731658936 -0.008414000272750854
v 1.7188992943735224 0.1550079882144928 0.008414000272750854
v 1.7188992943735224 0.1550079882144928 -0.008414000272750854
v 1.6895443048448664 0.1043420061469078 -0.008414000272750854
v 1.7188992943735224 0.1550079882144928 -0.008414000272750854
v 1.7188992943735224 0.1550079882144928 0.008414000272750854
v 1.7188992943735224 0.1550079882144928 0.008414000272750854
v 1.7472873177499872 0.22035300731658936 -0.008414000272750854
v 1.7472873177499872 0.22035300731658936 0.008414000272750854
v 1.6895443048448664 0.1043420061469078 -0.008414000272750854
v 1.7188992943735224 0.1550079882144928 0.008414000272750854
v 1.6895443048448664 0.1043420061469078 0.008414000272750854
v 1.7472873177499872 0.22035300731658936 -0.008414000272750854
v 1.67973129415227 0.17251500487327576 0.008414000272750854
v 1.7472873177499872 0.22035300731658936 0.008414000272750854
v 1.6445942964525324 0.06852700561285019 -0.008414000272750854
v 1.6895443048448664 0.1043420061469078 -0.008414000272750854
v 1.6895443048448664 0.1043420061469078 0.008414000272750854
v 1.7472873177499872 0.22035300731658936 -0.008414000272750854
v 1.67973129415227 0.17251500487327576 -0.008414000272750854
v 1.67973129415227 0.17251500487327576 0.008414000272750854
v 1.6445942964525324 0.06852700561285019 -0.008414000272750854
v 1.6895443048448664 0.1043420061469078 0.008414000272750854
v 1.6445942964525324 0.06852700561285019 0.008414000272750854
v 1.67973129415227 0.17251500487327576 -0.008414000272750854
v 1.6548642959566218 0.16088199615478516 0.008414000272750854
v 1.67973129415227 0.17251500487327576 0.008414000272750854
v 1.5914142873258692 0.03368300199508667 -0.008414000272750854
v 1.6445942964525324 0.06852700561285019 -0.008414000272750854
v 1.6445942964525324 0.06852700561285019 0.008414000272750854
v 1.67973129415227 0.17251500487327576 -0.008414000272750854
v 1.6548642959566218 0.16088199615478516 -0.008414000272750854
v 1.6548642959566218 0.16088199615478516 0.008414000272750854
v 1.5914142873258692 0.03368300199508667 -0.008414000272750854
v 1.6445942964525324 0.06852700561285019 0.008414000272750854
v 1.5914142873258692 0.03368300199508667 0.008414000272750854
v 1.6548642959566218 0.16088199615478516 -0.008414000272750854
v 1.6553773131342036 0.1447010040283203 0.008414000272750854
v 1.6548642959566218 0.16088199615478516 0.008414000272750854
v 1.515194281575213 0.010118003003299236 -0.008414000272750854
v 1.5914142873258692 0.03368300199508667 -0.008414000272750854
v 1.5914142873258692 0.03368300199508667 0.008414000272750854
v 1.6548642959566218 0.16088199615478516 -0.008414000272750854
v 1.6553773131342036 0.1447010040283203 -0.008414000272750854
v 1.6553773131342036 0.1447010040283203 0.008414000272750854
v 1.515194281575213 0.010118003003299236 -0.008414000272750854
v 1.5914142873258692 0.03368300199508667 0.008414000272750854
v 1.515194281575213 0.010118003003299236 0.008414000272750854
v 1.6553773131342036 0.1447010040283203 -0.008414000272750854
v 1.646228298184405 0.14126700162887573 0.008414000272750854
v 1.6553773131342036 0.1447010040283203 0.008414000272750854
v 1.4329552795858485 0.010118003003299236 -0.008414000272750854
v 1.515194281575213 0.010118003003299236 -0.008414000272750854
v 1.515194281575213 0.010118003003299236 0.008414000272750854
v 1.646228298184405 0.14126700162887573 -0.008414000272750854
v 1.646228298184405 0.14126700162887573 0.008414000272750854
v 1.6553773131342036 0.1447010040283203 -0.008414000272750854
v 1.4329552795858485 0.010118003003299236 -0.008414000272750854
v 1.515194281575213 0.010118003003299236 0.008414000272750854
v 1.4329552795858485 0.010118003003299236 0.008414000272750854
v 1.646228298184405 0.14126700162887573 -0.008414000272750854
v 1.641278311249743 0.12966600060462952 0.008414000272750854
v 1.646228298184405 0.14126700162887573 0.008414000272750854
v 1.3679492917032343 0.010118003003299236 -0.008414000272750854
v 1.4329552795858485 0.010118003003299236 -0.008414000272750854
v 1.4329552795858485 0.010118003003299236 0.008414000272750854
v 1.646228298184405 0.14126700162887573 -0.008414000272750854
v 1.641278311249743 0.12966600060462952 -0.008414000272750854
v 1.641278311249743 0.12966600060462952 0.008414000272750854
v 1.3679492917032343 0.010118003003299236 -0.008414000272750854
v 1.4329552795858485 0.010118003003299236 0.008414000272750854
v 1.3679492917032343 0.010118003003299236 0.008414000272750854
v 1.641278311249743 0.12966600060462952 -0.008414000272750854
v 1.6331732716531855 0.1339319944381714 0.008414000272750854
v 1.641278311249743 0.12966600060462952 0.008414000272750854
v 1.457705303666125 0.03546600416302681 -0.008414000272750854
v 1.3679492917032343 0.010118003003299236 -0.008414000272750854
v 1.3679492917032343 0.010118003003299236 0.008414000272750854
v 1.6331732716531855 0.1339319944381714 -0.008414000272750854
v 1.6331732716531855 0.1339319944381714 0.008414000272750854
v 1.641278311249743 0.12966600060462952 -0.008414000272750854
v 1.457705303666125 0.03546600416302681 -0.008414000272750854
v 1.3679492917032343 0.010118003003299236 0.008414000272750854
v 1.457705303666125 0.03546600416302681 0.008414000272750854
v 1.6331732716531855 0.1339319944381714 -0.008414000272750854
v 1.6162032928438288 0.11254200339317322 0.008414000272750854
v 1.6331732716531855 0.1339319944381714 0.008414000272750854
v 1.5523393001527888 0.0635400041937828 -0.008414000272750854
v 1.457705303666125 0.03546600416302681 -0.008414000272750854
v 1.457705303666125 0.03546600416302681 0.008414000272750854
v 1.6331732716531855 0.1339319944381714 -0.008414000272750854
v 1.6162032928438288 0.11254200339317322 -0.008414000272750854
v 1.6162032928438288 0.11254200339317322 0.008414000272750854
v 1.5523393001527888 0.0635400041937828 -0.008414000272750854
v 1.457705303666125 0.03546600416302681 0.008414000272750854
v 1.5523393001527888 0.0635400041937828 0.008414000272750854
v 1.6162032928438288 0.11254200339317322 -0.008414000272750854
v 1.5523393001527888 0.0635400041937828 0.008414000272750854
v 1.6162032928438288 0.11254200339317322 0.008414000272750854
v 1.6162032928438288 0.11254200339317322 -0.008414000272750854
v 1.5523393001527888 0.0635400041937828 -0.008414000272750854
v 1.5523393001527888 0.0635400041937828 0.008414000272750854
v 1.7472873177499872 -0.00841399747878313 0.22035300731658936
v 1.7188992943735224 -0.00841399747878313 0.15500900149345398
v 1.7188992943735224 0.008414003066718578 0.15500900149345398
v 1.6895443048448664 -0.00841399747878313 0.10434199869632721
v 1.7188992943735224 0.008414003066718578 0.15500900149345398
v 1.7188992943735224 -0.00841399747878313 0.15500900149345398
v 1.7188992943735224 0.008414003066718578 0.15500900149345398
v 1.7472873177499872 0.008414003066718578 0.22035300731658936
v 1.7472873177499872 -0.00841399747878313 0.22035300731658936
v 1.6895443048448664 0.008414003066718578 0.10434199869632721
v 1.7188992943735224 0.008414003066718578 0.15500900149345398
v 1.6895443048448664 -0.00841399747878313 0.10434199869632721
v 1.7472873177499872 0.008414003066718578 0.22035300731658936
v 1.67973129415227 0.008414003066718578 0.17251600325107574
v 1.7472873177499872 -0.00841399747878313 0.22035300731658936
v 1.6895443048448664 -0.00841399747878313 0.10434199869632721
v 1.6445942964525324 -0.00841399747878313 0.06852699816226959
v 1.6895443048448664 0.008414003066718578 0.10434199869632721
v 1.67973129415227 -0.00841399747878313 0.17251600325107574
v 1.7472873177499872 -0.00841399747878313 0.22035300731658936
v 1.67973129415227 0.008414003066718578 0.17251600325107574
v 1.6445942964525324 0.008414003066718578 0.06852699816226959
v 1.6895443048448664 0.008414003066718578 0.10434199869632721
v 1.6445942964525324 -0.00841399747878313 0.06852699816226959
v 1.6548642959566218 0.008414003066718578 0.16088199615478516
v 1.67973129415227 -0.00841399747878313 0.17251600325107574
v 1.67973129415227 0.008414003066718578 0.17251600325107574
v 1.6445942964525324 -0.00841399747878313 0.06852699816226959
v 1.5914142873258692 -0.00841399747878313 0.03368400037288666
v 1.6445942964525324 0.008414003066718578 0.06852699816226959
v 1.67973129415227 -0.00841399747878313 0.17251600325107574
v 1.6548642959566218 0.008414003066718578 0.16088199615478516
v 1.6548642959566218 -0.00841399747878313 0.16088199615478516
v 1.5914142873258692 0.008414003066718578 0.03368400037288666
v 1.6445942964525324 0.008414003066718578 0.06852699816226959
v 1.5914142873258692 -0.00841399747878313 0.03368400037288666
v 1.6553773131342036 0.008414003066718578 0.1447010040283203
v 1.6548642959566218 -0.00841399747878313 0.16088199615478516
v 1.6548642959566218 0.008414003066718578 0.16088199615478516
v 1.5914142873258692 -0.00841399747878313 0.03368400037288666
v 1.515194281575213 -0.00841399747878313 0.010118000209331512
v 1.5914142873258692 0.008414003066718578 0.03368400037288666
v 1.6548642959566218 -0.00841399747878313 0.16088199615478516
v 1.6553773131342036 0.008414003066718578 0.1447010040283203
v 1.6553773131342036 -0.00841399747878313 0.1447010040283203
v 1.515194281575213 0.008414003066718578 0.010118000209331512
v 1.5914142873258692 0.008414003066718578 0.03368400037288666
v 1.515194281575213 -0.00841399747878313 0.010118000209331512
v 1.646228298184405 0.008414003066718578 0.14126700162887573
v 1.6553773131342036 -0.00841399747878313 0.1447010040283203
v 1.6553773131342036 0.008414003066718578 0.1447010040283203
v 1.515194281575213 -0.00841399747878313 0.010118000209331512
v 1.4329552795858485 -0.00841399747878313 0.010118000209331512
v 1.515194281575213 0.008414003066718578 0.010118000209331512
v 1.6553773131342036 -0.00841399747878313 0.1447010040283203
v 1.646228298184405 0.008414003066718578 0.14126700162887573
v 1.646228298184405 -0.00841399747878313 0.14126700162887573
v 1.4329552795858485 0.008414003066718578 0.010118000209331512
v 1.515194281575213 0.008414003066718578 0.010118000209331512
v 1.4329552795858485 -0.00841399747878313 0.010118000209331512
v 1.641278311249743 0.008414003066718578 0.1296669989824295
v 1.646228298184405 -0.00841399747878313 0.14126700162887573
v 1.646228298184405 0.008414003066718578 0.14126700162887573
v 1.4329552795858485 -0.00841399747878313 0.010118000209331512
v 1.3679492917032343 -0.00841399747878313 0.010118000209331512
v 1.4329552795858485 0.008414003066718578 0.010118000209331512
v 1.641278311249743 -0.00841399747878313 0.1296669989824295
v 1.646228298184405 -0.00841399747878313 0.14126700162887573
v 1.641278311249743 0.008414003066718578 0.1296669989824295
v 1.3679492917032343 0.008414003066718578 0.010118000209331512
v 1.4329552795858485 0.008414003066718578 0.010118000209331512
v 1.3679492917032343 -0.00841399747878313 0.010118000209331512
v 1.6331732716531855 0.008414003066718578 0.1339319944381714
v 1.641278311249743 -0.00841399747878313 0.1296669989824295
v 1.641278311249743 0.008414003066718578 0.1296669989824295
v 1.457705303666125 -0.00841399747878313 0.03546600043773651
v 1.3679492917032343 0.008414003066718578 0.010118000209331512
v 1.3679492917032343 -0.00841399747878313 0.010118000209331512
v 1.641278311249743 -0.00841399747878313 0.1296669989824295
v 1.6331732716531855 0.008414003066718578 0.1339319944381714
v 1.6331732716531855 -0.00841399747878313 0.1339319944381714
v 1.3679492917032343 0.008414003066718578 0.010118000209331512
v 1.457705303666125 -0.00841399747878313 0.03546600043773651
v 1.457705303666125 0.008414003066718578 0.03546600043773651
v 1.6162032928438288 0.008414003066718578 0.11254200339317322
v 1.6331732716531855 -0.00841399747878313 0.1339319944381714
v 1.6331732716531855 0.008414003066718578 0.1339319944381714
v 1.5523393001527888 -0.00841399747878313 0.06353999674320221
v 1.457705303666125 0.008414003066718578 0.03546600043773651
v 1.457705303666125 -0.00841399747878313 0.03546600043773651
v 1.6162032928438288 -0.00841399747878313 0.11254200339317322
v 1.6331732716531855 -0.00841399747878313 0.1339319944381714
v 1.6162032928438288 0.008414003066718578 0.11254200339317322
v 1.457705303666125 0.008414003066718578 0.03546600043773651
v 1.5523393001527888 -0.00841399747878313 0.06353999674320221
v 1.5523393001527888 0.008414003066718578 0.06353999674320221
v 1.6162032928438288 -0.00841399747878313 0.11254200339317322
v 1.5523393001527888 0.008414003066718578 0.06353999674320221
v 1.5523393001527888 -0.00841399747878313 0.06353999674320221
v 1.5523393001527888 0.008414003066718578 0.06353999674320221
v 1.6162032928438288 -0.00841399747878313 0.11254200339317322
v 1.6162032928438288 0.008414003066718578 0.11254200339317322
v 1.515194281575213 -0.010117997415363789 0.008414000272750854
v 1.5523393001527888 -0.06353999674320221 0.008414000272750854
v 1.5914142873258692 -0.03368399664759636 0.008414000272750854
v 1.5523393001527888 -0.06353999674320221 0.008414000272750854
v 1.515194281575213 -0.010117997415363789 0.008414000272750854
v 1.457705303666125 -0.03546599671244621 0.008414000272750854
v 1.457705303666125 -0.03546599671244621 0.008414000272750854
v 1.515194281575213 -0.010117997415363789 0.008414000272750854
v 1.4329552795858485 -0.010117997415363789 0.008414000272750854
v 1.4329552795858485 -0.010117997415363789 0.008414000272750854
v 1.3679492917032343 -0.010117997415363789 0.008414000272750854
v 1.457705303666125 -0.03546599671244621 0.008414000272750854
v 1.6162032928438288 -0.11254199594259262 0.008414000272750854
v 1.5914142873258692 -0.03368399664759636 0.008414000272750854
v 1.5523393001527888 -0.06353999674320221 0.008414000272750854
v 1.5914142873258692 -0.03368399664759636 0.008414000272750854
v 1.6162032928438288 -0.11254199594259262 0.008414000272750854
v 1.6445942964525324 -0.06852799654006958 0.008414000272750854
v 1.6162032928438288 -0.11254199594259262 0.008414000272750854
v 1.641278311249743 -0.1296669840812683 0.008414000272750854
v 1.6445942964525324 -0.06852799654006958 0.008414000272750854
v 1.641278311249743 -0.1296669840812683 0.008414000272750854
v 1.6162032928438288 -0.11254199594259262 0.008414000272750854
v 1.6331732716531855 -0.1339319944381714 0.008414000272750854
v 1.6895443048448664 -0.10434199869632721 0.008414000272750854
v 1.6445942964525324 -0.06852799654006958 0.008414000272750854
v 1.641278311249743 -0.1296669840812683 0.008414000272750854
v 1.641278311249743 -0.1296669840812683 0.008414000272750854
v 1.6553773131342036 -0.1447010040283203 0.008414000272750854
v 1.6895443048448664 -0.10434199869632721 0.008414000272750854
v 1.6553773131342036 -0.1447010040283203 0.008414000272750854
v 1.641278311249743 -0.1296669840812683 0.008414000272750854
v 1.646228298184405 -0.14126700162887573 0.008414000272750854
v 1.6553773131342036 -0.1447010040283203 0.008414000272750854
v 1.7188992943735224 -0.15500900149345398 0.008414000272750854
v 1.6895443048448664 -0.10434199869632721 0.008414000272750854
v 1.7188992943735224 -0.15500900149345398 0.008414000272750854
v 1.6553773131342036 -0.1447010040283203 0.008414000272750854
v 1.67973129415227 -0.17251598834991455 0.008414000272750854
v 1.6553773131342036 -0.1447010040283203 0.008414000272750854
v 1.6548642959566218 -0.16088300943374634 0.008414000272750854
v 1.67973129415227 -0.17251598834991455 0.008414000272750854
v 1.67973129415227 -0.17251598834991455 0.008414000272750854
v 1.7472873177499872 -0.22035300731658936 0.008414000272750854
v 1.7188992943735224 -0.15500900149345398 0.008414000272750854
v 1.6445942964525324 -0.06852799654006958 -0.008414000272750854
v 1.641278311249743 -0.1296669840812683 -0.008414000272750854
v 1.6162032928438288 -0.11254199594259262 -0.008414000272750854
v 1.6331732716531855 -0.1339319944381714 -0.008414000272750854
v 1.6162032928438288 -0.11254199594259262 -0.008414000272750854
v 1.641278311249743 -0.1296669840812683 -0.008414000272750854
v 1.6445942964525324 -0.06852799654006958 -0.008414000272750854
v 1.6162032928438288 -0.11254199594259262 -0.008414000272750854
v 1.5914142873258692 -0.03368399664759636 -0.008414000272750854
v 1.5914142873258692 -0.03368399664759636 -0.008414000272750854
v 1.6162032928438288 -0.11254199594259262 -0.008414000272750854
v 1.5523393001527888 -0.06353999674320221 -0.008414000272750854
v 1.5914142873258692 -0.03368399664759636 -0.008414000272750854
v 1.5523393001527888 -0.06353999674320221 -0.008414000272750854
v 1.515194281575213 -0.010117997415363789 -0.008414000272750854
v 1.457705303666125 -0.03546599671244621 -0.008414000272750854
v 1.515194281575213 -0.010117997415363789 -0.008414000272750854
v 1.5523393001527888 -0.06353999674320221 -0.008414000272750854
v 1.515194281575213 -0.010117997415363789 -0.008414000272750854
v 1.457705303666125 -0.03546599671244621 -0.008414000272750854
v 1.4329552795858485 -0.010117997415363789 -0.008414000272750854
v 1.457705303666125 -0.03546599671244621 -0.008414000272750854
v 1.3679492917032343 -0.010117997415363789 -0.008414000272750854
v 1.4329552795858485 -0.010117997415363789 -0.008414000272750854
v 1.641278311249743 -0.1296669840812683 -0.008414000272750854
v 1.6445942964525324 -0.06852799654006958 -0.008414000272750854
v 1.6895443048448664 -0.10434199869632721 -0.008414000272750854
v 1.641278311249743 -0.1296669840812683 -0.008414000272750854
v 1.6895443048448664 -0.10434199869632721 -0.008414000272750854
v 1.6553773131342036 -0.1447010040283203 -0.008414000272750854
v 1.6553773131342036 -0.1447010040283203 -0.008414000272750854
v 1.646228298184405 -0.14126700162887573 -0.008414000272750854
v 1.641278311249743 -0.1296669840812683 -0.008414000272750854
v 1.7188992943735224 -0.15500900149345398 -0.008414000272750854
v 1.6553773131342036 -0.1447010040283203 -0.008414000272750854
v 1.6895443048448664 -0.10434199869632721 -0.008414000272750854
v 1.6553773131342036 -0.1447010040283203 -0.008414000272750854
v 1.7188992943735224 -0.15500900149345398 -0.008414000272750854
v 1.67973129415227 -0.17251598834991455 -0.008414000272750854
v 1.67973129415227 -0.17251598834991455 -0.008414000272750854
v 1.7188992943735224 -0.15500900149345398 -0.008414000272750854
v 1.7472873177499872 -0.22035300731658936 -0.008414000272750854
v 1.6553773131342036 -0.1447010040283203 -0.008414000272750854
v 1.67973129415227 -0.17251598834991455 -0.008414000272750854
v 1.6548642959566218 -0.16088300943374634 -0.008414000272750854
v 1.641278311249743 0.12966600060462952 0.008414000272750854
v 1.6553773131342036 0.1447010040283203 0.008414000272750854
v 1.646228298184405 0.14126700162887573 0.008414000272750854
v 1.641278311249743 0.12966600060462952 0.008414000272750854
v 1.6895443048448664 0.1043420061469078 0.008414000272750854
v 1.6553773131342036 0.1447010040283203 0.008414000272750854
v 1.6553773131342036 0.1447010040283203 0.008414000272750854
v 1.6895443048448664 0.1043420061469078 0.008414000272750854
v 1.7188992943735224 0.1550079882144928 0.008414000272750854
v 1.6895443048448664 0.1043420061469078 0.008414000272750854
v 1.641278311249743 0.12966600060462952 0.008414000272750854
v 1.6445942964525324 0.06852700561285019 0.008414000272750854
v 1.7188992943735224 0.1550079882144928 0.008414000272750854
v 1.67973129415227 0.17251500487327576 0.008414000272750854
v 1.6553773131342036 0.1447010040283203 0.008414000272750854
v 1.6548642959566218 0.16088199615478516 0.008414000272750854
v 1.6553773131342036 0.1447010040283203 0.008414000272750854
v 1.67973129415227 0.17251500487327576 0.008414000272750854
v 1.67973129415227 0.17251500487327576 0.008414000272750854
v 1.7188992943735224 0.1550079882144928 0.008414000272750854
v 1.7472873177499872 0.22035300731658936 0.008414000272750854
v 1.641278311249743 0.12966600060462952 0.008414000272750854
v 1.6162032928438288 0.11254200339317322 0.008414000272750854
v 1.6445942964525324 0.06852700561285019 0.008414000272750854
v 1.6162032928438288 0.11254200339317322 0.008414000272750854
v 1.641278311249743 0.12966600060462952 0.008414000272750854
v 1.6331732716531855 0.1339319944381714 0.008414000272750854
v 1.6162032928438288 0.11254200339317322 0.008414000272750854
v 1.5914142873258692 0.03368300199508667 0.008414000272750854
v 1.6445942964525324 0.06852700561285019 0.008414000272750854
v 1.5914142873258692 0.03368300199508667 0.008414000272750854
v 1.6162032928438288 0.11254200339317322 0.008414000272750854
v 1.5523393001527888 0.0635400041937828 0.008414000272750854
v 1.5914142873258692 0.03368300199508667 0.008414000272750854
v 1.5523393001527888 0.0635400041937828 0.008414000272750854
v 1.515194281575213 0.010118003003299236 0.008414000272750854
v 1.457705303666125 0.03546600416302681 0.008414000272750854
v 1.515194281575213 0.010118003003299236 0.008414000272750854
v 1.5523393001527888 0.0635400041937828 0.008414000272750854
v 1.515194281575213 0.010118003003299236 0.008414000272750854
v 1.457705303666125 0.03546600416302681 0.008414000272750854
v 1.4329552795858485 0.010118003003299236 0.008414000272750854
v 1.457705303666125 0.03546600416302681 0.008414000272750854
v 1.3679492917032343 0.010118003003299236 0.008414000272750854
v 1.4329552795858485 0.010118003003299236 0.008414000272750854
v 1.515194281575213 0.010118003003299236 -0.008414000272750854
v 1.457705303666125 0.03546600416302681 -0.008414000272750854
v 1.5523393001527888 0.0635400041937828 -0.008414000272750854
v 1.457705303666125 0.03546600416302681 -0.008414000272750854
v 1.515194281575213 0.010118003003299236 -0.008414000272750854
v 1.4329552795858485 0.010118003003299236 -0.008414000272750854
v 1.4329552795858485 0.010118003003299236 -0.008414000272750854
v 1.3679492917032343 0.010118003003299236 -0.008414000272750854
v 1.457705303666125 0.03546600416302681 -0.008414000272750854
v 1.5523393001527888 0.0635400041937828 -0.008414000272750854
v 1.5914142873258692 0.03368300199508667 -0.008414000272750854
v 1.515194281575213 0.010118003003299236 -0.008414000272750854
v 1.5914142873258692 0.03368300199508667 -0.008414000272750854
v 1.5523393001527888 0.0635400041937828 -0.008414000272750854
v 1.6162032928438288 0.11254200339317322 -0.008414000272750854
v 1.5914142873258692 0.03368300199508667 -0.008414000272750854
v 1.6162032928438288 0.11254200339317322 -0.008414000272750854
v 1.6445942964525324 0.06852700561285019 -0.008414000272750854
v 1.6162032928438288 0.11254200339317322 -0.008414000272750854
v 1.641278311249743 0.12966600060462952 -0.008414000272750854
v 1.6445942964525324 0.06852700561285019 -0.008414000272750854
v 1.641278311249743 0.12966600060462952 -0.008414000272750854
v 1.6162032928438288 0.11254200339317322 -0.008414000272750854
v 1.6331732716531855 0.1339319944381714 -0.008414000272750854
v 1.6895443048448664 0.1043420061469078 -0.008414000272750854
v 1.6445942964525324 0.06852700561285019 -0.008414000272750854
v 1.641278311249743 0.12966600060462952 -0.008414000272750854
v 1.641278311249743 0.12966600060462952 -0.008414000272750854
v 1.6553773131342036 0.1447010040283203 -0.008414000272750854
v 1.6895443048448664 0.1043420061469078 -0.008414000272750854
v 1.6553773131342036 0.1447010040283203 -0.008414000272750854
v 1.641278311249743 0.12966600060462952 -0.008414000272750854
v 1.646228298184405 0.14126700162887573 -0.008414000272750854
v 1.6553773131342036 0.1447010040283203 -0.008414000272750854
v 1.7188992943735224 0.1550079882144928 -0.008414000272750854
v 1.6895443048448664 0.1043420061469078 -0.008414000272750854
v 1.6553773131342036 0.1447010040283203 -0.008414000272750854
v 1.67973129415227 0.17251500487327576 -0.008414000272750854
v 1.7188992943735224 0.1550079882144928 -0.008414000272750854
v 1.7472873177499872 0.22035300731658936 -0.008414000272750854
v 1.7188992943735224 0.1550079882144928 -0.008414000272750854
v 1.67973129415227 0.17251500487327576 -0.008414000272750854
v 1.67973129415227 0.17251500487327576 -0.008414000272750854
v 1.6553773131342036 0.1447010040283203 -0.008414000272750854
v 1.6548642959566218 0.16088199615478516 -0.008414000272750854
v 1.641278311249743 0.008414003066718578 0.1296669989824295
v 1.6553773131342036 0.008414003066718578 0.1447010040283203
v 1.6895443048448664 0.008414003066718578 0.10434199869632721
v 1.6553773131342036 0.008414003066718578 0.1447010040283203
v 1.641278311249743 0.008414003066718578 0.1296669989824295
v 1.646228298184405 0.008414003066718578 0.14126700162887573
v 1.6895443048448664 0.008414003066718578 0.10434199869632721
v 1.6445942964525324 0.008414003066718578 0.06852699816226959
v 1.641278311249743 0.008414003066718578 0.1296669989824295
v 1.6553773131342036 0.008414003066718578 0.1447010040283203
v 1.7188992943735224 0.008414003066718578 0.15500900149345398
v 1.6895443048448664 0.008414003066718578 0.10434199869632721
v 1.6162032928438288 0.008414003066718578 0.11254200339317322
v 1.641278311249743 0.008414003066718578 0.1296669989824295
v 1.6445942964525324 0.008414003066718578 0.06852699816226959
v 1.641278311249743 0.008414003066718578 0.1296669989824295
v 1.6162032928438288 0.008414003066718578 0.11254200339317322
v 1.6331732716531855 0.008414003066718578 0.1339319944381714
v 1.5914142873258692 0.008414003066718578 0.03368400037288666
v 1.6162032928438288 0.008414003066718578 0.11254200339317322
v 1.6445942964525324 0.008414003066718578 0.06852699816226959
v 1.6162032928438288 0.008414003066718578 0.11254200339317322
v 1.5914142873258692 0.008414003066718578 0.03368400037288666
v 1.5523393001527888 0.008414003066718578 0.06353999674320221
v 1.515194281575213 0.008414003066718578 0.010118000209331512
v 1.5523393001527888 0.008414003066718578 0.06353999674320221
v 1.5914142873258692 0.008414003066718578 0.03368400037288666
v 1.5523393001527888 0.008414003066718578 0.06353999674320221
v 1.515194281575213 0.008414003066718578 0.010118000209331512
v 1.457705303666125 0.008414003066718578 0.03546600043773651
v 1.457705303666125 0.008414003066718578 0.03546600043773651
v 1.515194281575213 0.008414003066718578 0.010118000209331512
v 1.4329552795858485 0.008414003066718578 0.010118000209331512
v 1.4329552795858485 0.008414003066718578 0.010118000209331512
v 1.3679492917032343 0.008414003066718578 0.010118000209331512
v 1.457705303666125 0.008414003066718578 0.03546600043773651
v 1.7188992943735224 0.008414003066718578 0.15500900149345398
v 1.6553773131342036 0.008414003066718578 0.1447010040283203
v 1.67973129415227 0.008414003066718578 0.17251600325107574
v 1.6553773131342036 0.008414003066718578 0.1447010040283203
v 1.6548642959566218 0.008414003066718578 0.16088199615478516
v 1.67973129415227 0.008414003066718578 0.17251600325107574
v 1.7472873177499872 0.008414003066718578 0.22035300731658936
v 1.7188992943735224 0.008414003066718578 0.15500900149345398
v 1.67973129415227 0.008414003066718578 0.17251600325107574
v 1.6445942964525324 -0.00841399747878313 0.06852699816226959
v 1.641278311249743 -0.00841399747878313 0.1296669989824295
v 1.6162032928438288 -0.00841399747878313 0.11254200339317322
v 1.6331732716531855 -0.00841399747878313 0.1339319944381714
v 1.6162032928438288 -0.00841399747878313 0.11254200339317322
v 1.641278311249743 -0.00841399747878313 0.1296669989824295
v 1.6445942964525324 -0.00841399747878313 0.06852699816226959
v 1.6162032928438288 -0.00841399747878313 0.11254200339317322
v 1.5914142873258692 -0.00841399747878313 0.03368400037288666
v 1.5914142873258692 -0.00841399747878313 0.03368400037288666
v 1.6162032928438288 -0.00841399747878313 0.11254200339317322
v 1.5523393001527888 -0.00841399747878313 0.06353999674320221
v 1.5914142873258692 -0.00841399747878313 0.03368400037288666
v 1.5523393001527888 -0.00841399747878313 0.06353999674320221
v 1.515194281575213 -0.00841399747878313 0.010118000209331512
v 1.457705303666125 -0.00841399747878313 0.03546600043773651
v 1.515194281575213 -0.00841399747878313 0.010118000209331512
v 1.5523393001527888 -0.00841399747878313 0.06353999674320221
v 1.515194281575213 -0.00841399747878313 0.010118000209331512
v 1.457705303666125 -0.00841399747878313 0.03546600043773651
v 1.4329552795858485 -0.00841399747878313 0.010118000209331512
v 1.457705303666125 -0.00841399747878313 0.03546600043773651
v 1.3679492917032343 -0.00841399747878313 0.010118000209331512
v 1.4329552795858485 -0.00841399747878313 0.010118000209331512
v 1.641278311249743 -0.00841399747878313 0.1296669989824295
v 1.6445942964525324 -0.00841399747878313 0.06852699816226959
v 1.6895443048448664 -0.00841399747878313 0.10434199869632721
v 1.641278311249743 -0.00841399747878313 0.1296669989824295
v 1.6895443048448664 -0.00841399747878313 0.10434199869632721
v 1.6553773131342036 -0.00841399747878313 0.1447010040283203
v 1.6553773131342036 -0.00841399747878313 0.1447010040283203
v 1.646228298184405 -0.00841399747878313 0.14126700162887573
v 1.641278311249743 -0.00841399747878313 0.1296669989824295
v 1.7188992943735224 -0.00841399747878313 0.15500900149345398
v 1.6553773131342036 -0.00841399747878313 0.1447010040283203
v 1.6895443048448664 -0.00841399747878313 0.10434199869632721
v 1.6553773131342036 -0.00841399747878313 0.1447010040283203
v 1.7188992943735224 -0.00841399747878313 0.15500900149345398
v 1.67973129415227 -0.00841399747878313 0.17251600325107574
v 1.67973129415227 -0.00841399747878313 0.17251600325107574
v 1.7188992943735224 -0.00841399747878313 0.15500900149345398
v 1.7472873177499872 -0.00841399747878313 0.22035300731658936
v 1.6553773131342036 -0.00841399747878313 0.1447010040283203
v 1.67973129415227 -0.00841399747878313 0.17251600325107574
v 1.6548642959566218 -0.00841399747878313 0.16088199615478516
v 1.641278311249743 0.008414003066718578 -0.1296669989824295
v 1.6895443048448664 0.008414003066718578 -0.10434199869632721
v 1.6553773131342036 0.008414003066718578 -0.1447010040283203
v 1.641278311249743 0.008414003066718578 -0.1296669989824295
v 1.6553773131342036 0.008414003066718578 -0.1447010040283203
v 1.646228298184405 0.008414003066718578 -0.14126700162887573
v 1.6553773131342036 0.008414003066718578 -0.1447010040283203
v 1.6895443048448664 0.008414003066718578 -0.10434199869632721
v 1.7188992943735224 0.008414003066718578 -0.15500900149345398
v 1.6895443048448664 0.008414003066718578 -0.10434199869632721
v 1.641278311249743 0.008414003066718578 -0.1296669989824295
v 1.6445942964525324 0.008414003066718578 -0.06852699816226959
v 1.7188992943735224 0.008414003066718578 -0.15500900149345398
v 1.67973129415227 0.008414003066718578 -0.17251600325107574
v 1.6553773131342036 0.008414003066718578 -0.1447010040283203
v 1.6548642959566218 0.008414003066718578 -0.16088199615478516
v 1.6553773131342036 0.008414003066718578 -0.1447010040283203
v 1.67973129415227 0.008414003066718578 -0.17251600325107574
v 1.67973129415227 0.008414003066718578 -0.17251600325107574
v 1.7188992943735224 0.008414003066718578 -0.15500900149345398
v 1.7472873177499872 0.008414003066718578 -0.22035300731658936
v 1.641278311249743 0.008414003066718578 -0.1296669989824295
v 1.6162032928438288 0.008414003066718578 -0.11254200339317322
v 1.6445942964525324 0.008414003066718578 -0.06852699816226959
v 1.6162032928438288 0.008414003066718578 -0.11254200339317322
v 1.641278311249743 0.008414003066718578 -0.1296669989824295
v 1.6331732716531855 0.008414003066718578 -0.1339319944381714
v 1.6162032928438288 0.008414003066718578 -0.11254200339317322
v 1.5914142873258692 0.008414003066718578 -0.03368400037288666
v 1.6445942964525324 0.008414003066718578 -0.06852699816226959
v 1.5914142873258692 0.008414003066718578 -0.03368400037288666
v 1.6162032928438288 0.008414003066718578 -0.11254200339317322
v 1.5523393001527888 0.008414003066718578 -0.06353999674320221
v 1.5914142873258692 0.008414003066718578 -0.03368400037288666
v 1.5523393001527888 0.008414003066718578 -0.06353999674320221
v 1.515194281575213 0.008414003066718578 -0.010118000209331512
v 1.457705303666125 0.008414003066718578 -0.03546600043773651
v 1.515194281575213 0.008414003066718578 -0.010118000209331512
v 1.5523393001527888 0.008414003066718578 -0.06353999674320221
v 1.515194281575213 0.008414003066718578 -0.010118000209331512
v 1.457705303666125 0.008414003066718578 -0.03546600043773651
v 1.4329552795858485 0.008414003066718578 -0.010118000209331512
v 1.457705303666125 0.008414003066718578 -0.03546600043773651
v 1.3679492917032343 0.008414003066718578 -0.010118000209331512
v 1.4329552795858485 0.008414003066718578 -0.010118000209331512
v 1.515194281575213 -0.00841399747878313 -0.010118000209331512
v 1.457705303666125 -0.00841399747878313 -0.03546600043773651
v 1.5523393001527888 -0.00841399747878313 -0.06353999674320221
v 1.457705303666125 -0.00841399747878313 -0.03546600043773651
v 1.515194281575213 -0.00841399747878313 -0.010118000209331512
v 1.4329552795858485 -0.00841399747878313 -0.010118000209331512
v 1.4329552795858485 -0.00841399747878313 -0.010118000209331512
v 1.3679492917032343 -0.00841399747878313 -0.010118000209331512
v 1.457705303666125 -0.00841399747878313 -0.03546600043773651
v 1.5523393001527888 -0.00841399747878313 -0.06353999674320221
v 1.5914142873258692 -0.00841399747878313 -0.03368400037288666
v 1.515194281575213 -0.00841399747878313 -0.010118000209331512
v 1.5914142873258692 -0.00841399747878313 -0.03368400037288666
v 1.5523393001527888 -0.00841399747878313 -0.06353999674320221
v 1.6162032928438288 -0.00841399747878313 -0.11254200339317322
v 1.5914142873258692 -0.00841399747878313 -0.03368400037288666
v 1.6162032928438288 -0.00841399747878313 -0.11254200339317322
v 1.6445942964525324 -0.00841399747878313 -0.06852699816226959
v 1.6162032928438288 -0.00841399747878313 -0.11254200339317322
v 1.641278311249743 -0.00841399747878313 -0.1296669989824295
v 1.6445942964525324 -0.00841399747878313 -0.06852699816226959
v 1.641278311249743 -0.00841399747878313 -0.1296669989824295
v 1.6162032928438288 -0.00841399747878313 -0.11254200339317322
v 1.6331732716531855 -0.00841399747878313 -0.1339319944381714
v 1.6895443048448664 -0.00841399747878313 -0.10434199869632721
v 1.6445942964525324 -0.00841399747878313 -0.06852699816226959
v 1.641278311249743 -0.00841399747878313 -0.1296669989824295
v 1.641278311249743 -0.00841399747878313 -0.1296669989824295
v 1.6553773131342036 -0.00841399747878313 -0.1447010040283203
v 1.6895443048448664 -0.00841399747878313 -0.10434199869632721
v 1.6553773131342036 -0.00841399747878313 -0.1447010040283203
v 1.641278311249743 -0.00841399747878313 -0.1296669989824295
v 1.646228298184405 -0.00841399747878313 -0.14126700162887573
v 1.6553773131342036 -0.00841399747878313 -0.1447010040283203
v 1.7188992943735224 -0.00841399747878313 -0.15500900149345398
v 1.6895443048448664 -0.00841399747878313 -0.10434199869632721
v 1.6553773131342036 -0.00841399747878313 -0.1447010040283203
v 1.67973129415227 -0.00841399747878313 -0.17251600325107574
v 1.7188992943735224 -0.00841399747878313 -0.15500900149345398
v 1.7472873177499872 -0.00841399747878313 -0.22035300731658936
v 1.7188992943735224 -0.00841399747878313 -0.15500900149345398
v 1.67973129415227 -0.00841399747878313 -0.17251600325107574
v 1.67973129415227 -0.00841399747878313 -0.17251600325107574
v 1.6553773131342036 -0.00841399747878313 -0.1447010040283203
v 1.6548642959566218 -0.00841399747878313 -0.16088199615478516
v 1.4208772923917872 -0.03647599741816521 0.005843000020831823
v 1.4465302970380884 -0.09680599719285965 0.005843000020831823
v 1.4747892763586146 -0.0703359991312027 0.005843000020831823
v 1.4465302970380884 -0.09680599719285965 0.005843000020831823
v 1.4991142895193201 -0.09818099439144135 0.005843000020831823
v 1.4747892763586146 -0.0703359991312027 0.005843000020831823
v 1.4465302970380884 -0.09680599719285965 0.005843000020831823
v 1.4208772923917872 -0.03647599741816521 0.005843000020831823
v 1.4062062945337397 -0.06569600105285645 0.005843000020831823
v 1.4991142895193201 -0.09818099439144135 0.005843000020831823
v 1.4465302970380884 -0.09680599719285965 0.005843000020831823
v 1.4709043052167994 -0.1259230077266693 0.005843000020831823
v 1.4991142895193201 -0.09818099439144135 0.005843000020831823
v 1.4709043052167994 -0.1259230077266693 0.005843000020831823
v 1.5033372786016566 -0.12349499762058258 0.005843000020831823
v 1.4709043052167994 -0.1259230077266693 0.005843000020831823
v 1.4890882816286188 -0.1548750102519989 0.005843000020831823
v 1.5033372786016566 -0.12349499762058258 0.005843000020831823
v 1.4208772923917872 -0.03647599741816521 0.005843000020831823
v 1.3794862773389918 -0.054962996393442154 0.005843000020831823
v 1.4062062945337397 -0.06569600105285645 0.005843000020831823
v 1.3500002917022806 -0.010117997415363789 0.005843000020831823
v 1.3794862773389918 -0.054962996393442154 0.005843000020831823
v 1.4208772923917872 -0.03647599741816521 0.005843000020831823
v 1.3794862773389918 -0.054962996393442154 0.005843000020831823
v 1.3500002917022806 -0.010117997415363789 0.005843000020831823
v 1.3508862849445444 -0.03483199700713158 0.005843000020831823
v 1.3508862849445444 -0.03483199700713158 0.005843000020831823
v 1.3500002917022806 -0.010117997415363789 0.005843000020831823
v 1.3332632925481898 -0.010117997415363789 0.005843000020831823
v 1.4208772923917872 -0.03647599741816521 -0.005843000020831823
v 1.4465302970380884 -0.09680599719285965 -0.005843000020831823
v 1.4062062945337397 -0.06569600105285645 -0.005843000020831823
v 1.3794862773389918 -0.054962996393442154 -0.005843000020831823
v 1.4208772923917872 -0.03647599741816521 -0.005843000020831823
v 1.4062062945337397 -0.06569600105285645 -0.005843000020831823
v 1.4747892763586146 -0.0703359991312027 -0.005843000020831823
v 1.4465302970380884 -0.09680599719285965 -0.005843000020831823
v 1.4208772923917872 -0.03647599741816521 -0.005843000020831823
v 1.4208772923917872 -0.03647599741816521 -0.005843000020831823
v 1.3794862773389918 -0.054962996393442154 -0.005843000020831823
v 1.3500002917022806 -0.010117997415363789 -0.005843000020831823
v 1.3508862849445444 -0.03483199700713158 -0.005843000020831823
v 1.3500002917022806 -0.010117997415363789 -0.005843000020831823
v 1.3794862773389918 -0.054962996393442154 -0.005843000020831823
v 1.3500002917022806 -0.010117997415363789 -0.005843000020831823
v 1.3508862849445444 -0.03483199700713158 -0.005843000020831823
v 1.3332632925481898 -0.010117997415363789 -0.005843000020831823
v 1.4991142895193201 -0.09818099439144135 -0.005843000020831823
v 1.4465302970380884 -0.09680599719285965 -0.005843000020831823
v 1.4747892763586146 -0.0703359991312027 -0.005843000020831823
v 1.4465302970380884 -0.09680599719285965 -0.005843000020831823
v 1.4991142895193201 -0.09818099439144135 -0.005843000020831823
v 1.4709043052167994 -0.1259230077266693 -0.005843000020831823
v 1.4709043052167994 -0.1259230077266693 -0.005843000020831823
v 1.4991142895193201 -0.09818099439144135 -0.005843000020831823
v 1.5033372786016566 -0.12349499762058258 -0.005843000020831823
v 1.5033372786016566 -0.12349499762058258 -0.005843000020831823
v 1.4890882816286188 -0.1548750102519989 -0.005843000020831823
v 1.4709043052167994 -0.1259230077266693 -0.005843000020831823
v 1.4208772923917872 0.036476001143455505 0.005843000020831823
v 1.4465302970380884 0.09680500626564026 0.005843000020831823
v 1.4062062945337397 0.06569600105285645 0.005843000020831823
v 1.3794862773389918 0.05496300384402275 0.005843000020831823
v 1.4208772923917872 0.036476001143455505 0.005843000020831823
v 1.4062062945337397 0.06569600105285645 0.005843000020831823
v 1.4747892763586146 0.07033500075340271 0.005843000020831823
v 1.4465302970380884 0.09680500626564026 0.005843000020831823
v 1.4208772923917872 0.036476001143455505 0.005843000020831823
v 1.4208772923917872 0.036476001143455505 0.005843000020831823
v 1.3794862773389918 0.05496300384402275 0.005843000020831823
v 1.3500002917022806 0.010118003003299236 0.005843000020831823
v 1.3508862849445444 0.03483200445771217 0.005843000020831823
v 1.3500002917022806 0.010118003003299236 0.005843000020831823
v 1.3794862773389918 0.05496300384402275 0.005843000020831823
v 1.3500002917022806 0.010118003003299236 0.005843000020831823
v 1.3508862849445444 0.03483200445771217 0.005843000020831823
v 1.3332632925481898 0.010118003003299236 0.005843000020831823
v 1.4991142895193201 0.09818100184202194 0.005843000020831823
v 1.4465302970380884 0.09680500626564026 0.005843000020831823
v 1.4747892763586146 0.07033500075340271 0.005843000020831823
v 1.4465302970380884 0.09680500626564026 0.005843000020831823
v 1.4991142895193201 0.09818100184202194 0.005843000020831823
v 1.4709043052167994 0.12592199444770813 0.005843000020831823
v 1.4709043052167994 0.12592199444770813 0.005843000020831823
v 1.4991142895193201 0.09818100184202194 0.005843000020831823
v 1.5033372786016566 0.12349500507116318 0.005843000020831823
v 1.5033372786016566 0.12349500507116318 0.005843000020831823
v 1.4890882816286188 0.1548750102519989 0.005843000020831823
v 1.4709043052167994 0.12592199444770813 0.005843000020831823
v 1.4208772923917872 0.036476001143455505 -0.005843000020831823
v 1.4465302970380884 0.09680500626564026 -0.005843000020831823
v 1.4747892763586146 0.07033500075340271 -0.005843000020831823
v 1.4465302970380884 0.09680500626564026 -0.005843000020831823
v 1.4991142895193201 0.09818100184202194 -0.005843000020831823
v 1.4747892763586146 0.07033500075340271 -0.005843000020831823
v 1.4465302970380884 0.09680500626564026 -0.005843000020831823
v 1.4208772923917872 0.036476001143455505 -0.005843000020831823
v 1.4062062945337397 0.06569600105285645 -0.005843000020831823
v 1.4991142895193201 0.09818100184202194 -0.005843000020831823
v 1.4465302970380884 0.09680500626564026 -0.005843000020831823
v 1.4709043052167994 0.12592199444770813 -0.005843000020831823
v 1.4991142895193201 0.09818100184202194 -0.005843000020831823
v 1.4709043052167994 0.12592199444770813 -0.005843000020831823
v 1.5033372786016566 0.12349500507116318 -0.005843000020831823
v 1.4709043052167994 0.12592199444770813 -0.005843000020831823
v 1.4890882816286188 0.1548750102519989 -0.005843000020831823
v 1.5033372786016566 0.12349500507116318 -0.005843000020831823
v 1.4208772923917872 0.036476001143455505 -0.005843000020831823
v 1.3794862773389918 0.05496300384402275 -0.005843000020831823
v 1.4062062945337397 0.06569600105285645 -0.005843000020831823
v 1.3500002917022806 0.010118003003299236 -0.005843000020831823
v 1.3794862773389918 0.05496300384402275 -0.005843000020831823
v 1.4208772923917872 0.036476001143455505 -0.005843000020831823
v 1.3794862773389918 0.05496300384402275 -0.005843000020831823
v 1.3500002917022806 0.010118003003299236 -0.005843000020831823
v 1.3508862849445444 0.03483200445771217 -0.005843000020831823
v 1.3508862849445444 0.03483200445771217 -0.005843000020831823
v 1.3500002917022806 0.010118003003299236 -0.005843000020831823
v 1.3332632925481898 0.010118003003299236 -0.005843000020831823
v 1.4991142895193201 0.005843002814799547 0.09818100184202194
v 1.4465302970380884 0.005843002814799547 0.09680499881505966
v 1.4709043052167994 0.005843002814799547 0.12592199444770813
v 1.4991142895193201 0.005843002814799547 0.09818100184202194
v 1.4709043052167994 0.005843002814799547 0.12592199444770813
v 1.5033372786016566 0.005843002814799547 0.12349499762058258
v 1.4890882816286188 0.005843002814799547 0.1548749953508377
v 1.5033372786016566 0.005843002814799547 0.12349499762058258
v 1.4709043052167994 0.005843002814799547 0.12592199444770813
v 1.4465302970380884 0.005843002814799547 0.09680499881505966
v 1.4991142895193201 0.005843002814799547 0.09818100184202194
v 1.4747892763586146 0.005843002814799547 0.0703359991312027
v 1.4208783056707484 0.005843002814799547 0.036476001143455505
v 1.4465302970380884 0.005843002814799547 0.09680499881505966
v 1.4747892763586146 0.005843002814799547 0.0703359991312027
v 1.4465302970380884 0.005843002814799547 0.09680499881505966
v 1.4208783056707484 0.005843002814799547 0.036476001143455505
v 1.4062062945337397 0.005843002814799547 0.06569600105285645
v 1.4208783056707484 0.005843002814799547 0.036476001143455505
v 1.3794862773389918 0.005843002814799547 0.05496300011873245
v 1.4062062945337397 0.005843002814799547 0.06569600105285645
v 1.3500002917022806 0.005843002814799547 0.010118000209331512
v 1.3794862773389918 0.005843002814799547 0.05496300011873245
v 1.4208783056707484 0.005843002814799547 0.036476001143455505
v 1.3794862773389918 0.005843002814799547 0.05496300011873245
v 1.3500002917022806 0.005843002814799547 0.010118000209331512
v 1.3508862849445444 0.005843002814799547 0.034832000732421875
v 1.3508862849445444 0.005843002814799547 0.034832000732421875
v 1.3500002917022806 0.005843002814799547 0.010118000209331512
v 1.3332632925481898 0.005843002814799547 0.010118000209331512
v 1.4208783056707484 -0.0058429972268640995 0.036476001143455505
v 1.4465302970380884 -0.0058429972268640995 0.09680499881505966
v 1.4062062945337397 -0.0058429972268640995 0.06569600105285645
v 1.3794862773389918 -0.0058429972268640995 0.05496300011873245
v 1.4208783056707484 -0.0058429972268640995 0.036476001143455505
v 1.4062062945337397 -0.0058429972268640995 0.06569600105285645
v 1.4747892763586146 -0.0058429972268640995 0.0703359991312027
v 1.4465302970380884 -0.0058429972268640995 0.09680499881505966
v 1.4208783056707484 -0.0058429972268640995 0.036476001143455505
v 1.4208783056707484 -0.0058429972268640995 0.036476001143455505
v 1.3794862773389918 -0.0058429972268640995 0.05496300011873245
v 1.3500002917022806 -0.0058429972268640995 0.010118000209331512
v 1.3508862849445444 -0.0058429972268640995 0.034832000732421875
v 1.3500002917022806 -0.0058429972268640995 0.010118000209331512
v 1.3794862773389918 -0.0058429972268640995 0.05496300011873245
v 1.3500002917022806 -0.0058429972268640995 0.010118000209331512
v 1.3508862849445444 -0.0058429972268640995 0.034832000732421875
v 1.3332632925481898 -0.0058429972268640995 0.010118000209331512
v 1.4991142895193201 -0.0058429972268640995 0.09818100184202194
v 1.4465302970380884 -0.0058429972268640995 0.09680499881505966
v 1.4747892763586146 -0.0058429972268640995 0.0703359991312027
v 1.4465302970380884 -0.0058429972268640995 0.09680499881505966
v 1.4991142895193201 -0.0058429972268640995 0.09818100184202194
v 1.4709043052167994 -0.0058429972268640995 0.12592199444770813
v 1.4709043052167994 -0.0058429972268640995 0.12592199444770813
v 1.4991142895193201 -0.0058429972268640995 0.09818100184202194
v 1.5033372786016566 -0.0058429972268640995 0.12349499762058258
v 1.5033372786016566 -0.0058429972268640995 0.12349499762058258
v 1.4890882816286188 -0.0058429972268640995 0.1548749953508377
v 1.4709043052167994 -0.0058429972268640995 0.12592199444770813
v 1.4747892763586146 0.005843002814799547 -0.0703359991312027
v 1.4465302970380884 0.005843002814799547 -0.09680499881505966
v 1.4208783056707484 0.005843002814799547 -0.036476001143455505
v 1.4991142895193201 0.005843002814799547 -0.09818100184202194
v 1.4465302970380884 0.005843002814799547 -0.09680499881505966
v 1.4747892763586146 0.005843002814799547 -0.0703359991312027
v 1.4208783056707484 0.005843002814799547 -0.036476001143455505
v 1.4465302970380884 0.005843002814799547 -0.09680499881505966
v 1.4062062945337397 0.005843002814799547 -0.06569600105285645
v 1.4465302970380884 0.005843002814799547 -0.09680499881505966
v 1.4991142895193201 0.005843002814799547 -0.09818100184202194
v 1.4709043052167994 0.005843002814799547 -0.12592199444770813
v 1.4709043052167994 0.005843002814799547 -0.12592199444770813
v 1.4991142895193201 0.005843002814799547 -0.09818100184202194
v 1.5033372786016566 0.005843002814799547 -0.12349499762058258
v 1.4709043052167994 0.005843002814799547 -0.12592199444770813
v 1.5033372786016566 0.005843002814799547 -0.12349499762058258
v 1.4890882816286188 0.005843002814799547 -0.1548749953508377
v 1.3794862773389918 0.005843002814799547 -0.05496300011873245
v 1.4208783056707484 0.005843002814799547 -0.036476001143455505
v 1.4062062945337397 0.005843002814799547 -0.06569600105285645
v 1.4208783056707484 0.005843002814799547 -0.036476001143455505
v 1.3794862773389918 0.005843002814799547 -0.05496300011873245
v 1.3500002917022806 0.005843002814799547 -0.010118000209331512
v 1.3508862849445444 0.005843002814799547 -0.034832000732421875
v 1.3500002917022806 0.005843002814799547 -0.010118000209331512
v 1.3794862773389918 0.005843002814799547 -0.05496300011873245
v 1.3500002917022806 0.005843002814799547 -0.010118000209331512
v 1.3508862849445444 0.005843002814799547 -0.034832000732421875
v 1.3332632925481898 0.005843002814799547 -0.010118000209331512
v 1.4208783056707484 -0.0058429972268640995 -0.036476001143455505
v 1.4465302970380884 -0.0058429972268640995 -0.09680499881505966
v 1.4747892763586146 -0.0058429972268640995 -0.0703359991312027
v 1.4465302970380884 -0.0058429972268640995 -0.09680499881505966
v 1.4991142895193201 -0.0058429972268640995 -0.09818100184202194
v 1.4747892763586146 -0.0058429972268640995 -0.0703359991312027
v 1.4465302970380884 -0.0058429972268640995 -0.09680499881505966
v 1.4208783056707484 -0.0058429972268640995 -0.036476001143455505
v 1.4062062945337397 -0.0058429972268640995 -0.06569600105285645
v 1.4991142895193201 -0.0058429972268640995 -0.09818100184202194
v 1.4465302970380884 -0.0058429972268640995 -0.09680499881505966
v 1.4709043052167994 -0.0058429972268640995 -0.12592199444770813
v 1.4991142895193201 -0.0058429972268640995 -0.09818100184202194
v 1.4709043052167994 -0.0058429972268640995 -0.12592199444770813
v 1.5033372786016566 -0.0058429972268640995 -0.12349499762058258
v 1.4709043052167994 -0.0058429972268640995 -0.12592199444770813
v 1.4890882816286188 -0.0058429972268640995 -0.1548749953508377
v 1.5033372786016566 -0.0058429972268640995 -0.12349499762058258
v 1.4208783056707484 -0.0058429972268640995 -0.036476001143455505
v 1.3794862773389918 -0.0058429972268640995 -0.05496300011873245
v 1.4062062945337397 -0.0058429972268640995 -0.06569600105285645
v 1.3500002917022806 -0.0058429972268640995 -0.010118000209331512
v 1.3794862773389918 -0.0058429972268640995 -0.05496300011873245
v 1.4208783056707484 -0.0058429972268640995 -0.036476001143455505
v 1.3794862773389918 -0.0058429972268640995 -0.05496300011873245
v 1.3500002917022806 -0.0058429972268640995 -0.010118000209331512
v 1.3508862849445444 -0.0058429972268640995 -0.034832000732421875
v 1.3508862849445444 -0.0058429972268640995 -0.034832000732421875
v 1.3500002917022806 -0.0058429972268640995 -0.010118000209331512
v 1.3332632925481898 -0.0058429972268640995 -0.010118000209331512
v 1.7472873177499872 0.008414003066718578 -0.22035300731658936
v 1.7188992943735224 0.008414003066718578 -0.15500900149345398
v 1.7472873177499872 -0.00841399747878313 -0.22035300731658936
v 1.67973129415227 0.008414003066718578 -0.17251600325107574
v 1.7472873177499872 0.008414003066718578 -0.22035300731658936
v 1.7472873177499872 -0.00841399747878313 -0.22035300731658936
v 1.7472873177499872 -0.00841399747878313 -0.22035300731658936
v 1.7188992943735224 0.008414003066718578 -0.15500900149345398
v 1.7188992943735224 -0.00841399747878313 -0.15500900149345398
v 1.67973129415227 0.008414003066718578 -0.17251600325107574
v 1.7472873177499872 -0.00841399747878313 -0.22035300731658936
v 1.67973129415227 -0.00841399747878313 -0.17251600325107574
v 1.6895443048448664 -0.00841399747878313 -0.10434199869632721
v 1.7188992943735224 -0.00841399747878313 -0.15500900149345398
v 1.7188992943735224 0.008414003066718578 -0.15500900149345398
v 1.67973129415227 -0.00841399747878313 -0.17251600325107574
v 1.6548642959566218 0.008414003066718578 -0.16088199615478516
v 1.67973129415227 0.008414003066718578 -0.17251600325107574
v 1.7188992943735224 0.008414003066718578 -0.15500900149345398
v 1.6895443048448664 0.008414003066718578 -0.10434199869632721
v 1.6895443048448664 -0.00841399747878313 -0.10434199869632721
v 1.6548642959566218 0.008414003066718578 -0.16088199615478516
v 1.67973129415227 -0.00841399747878313 -0.17251600325107574
v 1.6548642959566218 -0.00841399747878313 -0.16088199615478516
v 1.6445942964525324 -0.00841399747878313 -0.06852699816226959
v 1.6895443048448664 -0.00841399747878313 -0.10434199869632721
v 1.6895443048448664 0.008414003066718578 -0.10434199869632721
v 1.6548642959566218 -0.00841399747878313 -0.16088199615478516
v 1.6553773131342036 0.008414003066718578 -0.1447010040283203
v 1.6548642959566218 0.008414003066718578 -0.16088199615478516
v 1.6445942964525324 -0.00841399747878313 -0.06852699816226959
v 1.6895443048448664 0.008414003066718578 -0.10434199869632721
v 1.6445942964525324 0.008414003066718578 -0.06852699816226959
v 1.6553773131342036 0.008414003066718578 -0.1447010040283203
v 1.6548642959566218 -0.00841399747878313 -0.16088199615478516
v 1.6553773131342036 -0.00841399747878313 -0.1447010040283203
v 1.5914142873258692 -0.00841399747878313 -0.03368400037288666
v 1.6445942964525324 -0.00841399747878313 -0.06852699816226959
v 1.6445942964525324 0.008414003066718578 -0.06852699816226959
v 1.6553773131342036 -0.00841399747878313 -0.1447010040283203
v 1.646228298184405 0.008414003066718578 -0.14126700162887573
v 1.6553773131342036 0.008414003066718578 -0.1447010040283203
v 1.5914142873258692 -0.00841399747878313 -0.03368400037288666
v 1.6445942964525324 0.008414003066718578 -0.06852699816226959
v 1.5914142873258692 0.008414003066718578 -0.03368400037288666
v 1.646228298184405 0.008414003066718578 -0.14126700162887573
v 1.6553773131342036 -0.00841399747878313 -0.1447010040283203
v 1.646228298184405 -0.00841399747878313 -0.14126700162887573
v 1.515194281575213 -0.00841399747878313 -0.010118000209331512
v 1.5914142873258692 -0.00841399747878313 -0.03368400037288666
v 1.5914142873258692 0.008414003066718578 -0.03368400037288666
v 1.646228298184405 -0.00841399747878313 -0.14126700162887573
v 1.641278311249743 0.008414003066718578 -0.1296669989824295
v 1.646228298184405 0.008414003066718578 -0.14126700162887573
v 1.515194281575213 -0.00841399747878313 -0.010118000209331512
v 1.5914142873258692 0.008414003066718578 -0.03368400037288666
v 1.515194281575213 0.008414003066718578 -0.010118000209331512
v 1.641278311249743 0.008414003066718578 -0.1296669989824295
v 1.646228298184405 -0.00841399747878313 -0.14126700162887573
v 1.641278311249743 -0.00841399747878313 -0.1296669989824295
v 1.4329552795858485 -0.00841399747878313 -0.010118000209331512
v 1.515194281575213 -0.00841399747878313 -0.010118000209331512
v 1.515194281575213 0.008414003066718578 -0.010118000209331512
v 1.641278311249743 0.008414003066718578 -0.1296669989824295
v 1.641278311249743 -0.00841399747878313 -0.1296669989824295
v 1.6331732716531855 0.008414003066718578 -0.1339319944381714
v 1.4329552795858485 -0.00841399747878313 -0.010118000209331512
v 1.515194281575213 0.008414003066718578 -0.010118000209331512
v 1.4329552795858485 0.008414003066718578 -0.010118000209331512
v 1.6331732716531855 0.008414003066718578 -0.1339319944381714
v 1.641278311249743 -0.00841399747878313 -0.1296669989824295
v 1.6331732716531855 -0.00841399747878313 -0.1339319944381714
v 1.3679492917032343 -0.00841399747878313 -0.010118000209331512
v 1.4329552795858485 -0.00841399747878313 -0.010118000209331512
v 1.4329552795858485 0.008414003066718578 -0.010118000209331512
v 1.6331732716531855 -0.00841399747878313 -0.1339319944381714
v 1.6162032928438288 0.008414003066718578 -0.11254200339317322
v 1.6331732716531855 0.008414003066718578 -0.1339319944381714
v 1.3679492917032343 -0.00841399747878313 -0.010118000209331512
v 1.4329552795858485 0.008414003066718578 -0.010118000209331512
v 1.3679492917032343 0.008414003066718578 -0.010118000209331512
v 1.6162032928438288 0.008414003066718578 -0.11254200339317322
v 1.6331732716531855 -0.00841399747878313 -0.1339319944381714
v 1.6162032928438288 -0.00841399747878313 -0.11254200339317322
v 1.3679492917032343 0.008414003066718578 -0.010118000209331512
v 1.457705303666125 -0.00841399747878313 -0.03546600043773651
v 1.3679492917032343 -0.00841399747878313 -0.010118000209331512
v 1.6162032928438288 -0.00841399747878313 -0.11254200339317322
v 1.5523393001527888 0.008414003066718578 -0.06353999674320221
v 1.6162032928438288 0.008414003066718578 -0.11254200339317322
v 1.457705303666125 -0.00841399747878313 -0.03546600043773651
v 1.3679492917032343 0.008414003066718578 -0.010118000209331512
v 1.457705303666125 0.008414003066718578 -0.03546600043773651
v 1.5523393001527888 0.008414003066718578 -0.06353999674320221
v 1.6162032928438288 -0.00841399747878313 -0.11254200339317322
v 1.5523393001527888 -0.00841399747878313 -0.06353999674320221
v 1.457705303666125 0.008414003066718578 -0.03546600043773651
v 1.5523393001527888 -0.00841399747878313 -0.06353999674320221
v 1.457705303666125 -0.00841399747878313 -0.03546600043773651
v 1.457705303666125 0.008414003066718578 -0.03546600043773651
v 1.5523393001527888 0.008414003066718578 -0.06353999674320221
v 1.5523393001527888 -0.00841399747878313 -0.06353999674320221
v 1.4890882816286188 0.1548750102519989 -0.005843000020831823
v 1.4709043052167994 0.12592199444770813 -0.005843000020831823
v 1.4709043052167994 0.12592199444770813 0.005843000020831823
v 1.4465302970380884 0.09680500626564026 -0.005843000020831823
v 1.4709043052167994 0.12592199444770813 0.005843000020831823
v 1.4709043052167994 0.12592199444770813 -0.005843000020831823
v 1.4890882816286188 0.1548750102519989 -0.005843000020831823
v 1.4709043052167994 0.12592199444770813 0.005843000020831823
v 1.4890882816286188 0.1548750102519989 0.005843000020831823
v 1.4709043052167994 0.12592199444770813 0.005843000020831823
v 1.4465302970380884 0.09680500626564026 -0.005843000020831823
v 1.4465302970380884 0.09680500626564026 0.005843000020831823
v 1.4890882816286188 0.1548750102519989 0.005843000020831823
v 1.5033372786016566 0.12349500507116318 0.005843000020831823
v 1.4890882816286188 0.1548750102519989 -0.005843000020831823
v 1.4062062945337397 0.06569600105285645 -0.005843000020831823
v 1.4465302970380884 0.09680500626564026 0.005843000020831823
v 1.4465302970380884 0.09680500626564026 -0.005843000020831823
v 1.5033372786016566 0.12349500507116318 -0.005843000020831823
v 1.4890882816286188 0.1548750102519989 -0.005843000020831823
v 1.5033372786016566 0.12349500507116318 0.005843000020831823
v 1.4465302970380884 0.09680500626564026 0.005843000020831823
v 1.4062062945337397 0.06569600105285645 -0.005843000020831823
v 1.4062062945337397 0.06569600105285645 0.005843000020831823
v 1.5033372786016566 0.12349500507116318 0.005843000020831823
v 1.4991142895193201 0.09818100184202194 0.005843000020831823
v 1.5033372786016566 0.12349500507116318 -0.005843000020831823
v 1.3794862773389918 0.05496300384402275 -0.005843000020831823
v 1.4062062945337397 0.06569600105285645 0.005843000020831823
v 1.4062062945337397 0.06569600105285645 -0.005843000020831823
v 1.4991142895193201 0.09818100184202194 -0.005843000020831823
v 1.5033372786016566 0.12349500507116318 -0.005843000020831823
v 1.4991142895193201 0.09818100184202194 0.005843000020831823
v 1.4062062945337397 0.06569600105285645 0.005843000020831823
v 1.3794862773389918 0.05496300384402275 -0.005843000020831823
v 1.3794862773389918 0.05496300384402275 0.005843000020831823
v 1.4991142895193201 0.09818100184202194 0.005843000020831823
v 1.4747892763586146 0.07033500075340271 0.005843000020831823
v 1.4991142895193201 0.09818100184202194 -0.005843000020831823
v 1.3508862849445444 0.03483200445771217 -0.005843000020831823
v 1.3794862773389918 0.05496300384402275 0.005843000020831823
v 1.3794862773389918 0.05496300384402275 -0.005843000020831823
v 1.4747892763586146 0.07033500075340271 -0.005843000020831823
v 1.4991142895193201 0.09818100184202194 -0.005843000020831823
v 1.4747892763586146 0.07033500075340271 0.005843000020831823
v 1.3794862773389918 0.05496300384402275 0.005843000020831823
v 1.3508862849445444 0.03483200445771217 -0.005843000020831823
v 1.3508862849445444 0.03483200445771217 0.005843000020831823
v 1.4747892763586146 0.07033500075340271 0.005843000020831823
v 1.4208772923917872 0.036476001143455505 0.005843000020831823
v 1.4747892763586146 0.07033500075340271 -0.005843000020831823
v 1.3332632925481898 0.010118003003299236 -0.005843000020831823
v 1.3508862849445444 0.03483200445771217 0.005843000020831823
v 1.3508862849445444 0.03483200445771217 -0.005843000020831823
v 1.4208772923917872 0.036476001143455505 -0.005843000020831823
v 1.4747892763586146 0.07033500075340271 -0.005843000020831823
v 1.4208772923917872 0.036476001143455505 0.005843000020831823
v 1.3508862849445444 0.03483200445771217 0.005843000020831823
v 1.3332632925481898 0.010118003003299236 -0.005843000020831823
v 1.3332632925481898 0.010118003003299236 0.005843000020831823
v 1.4208772923917872 0.036476001143455505 0.005843000020831823
v 1.3500002917022806 0.010118003003299236 0.005843000020831823
v 1.4208772923917872 0.036476001143455505 -0.005843000020831823
v 1.3332632925481898 0.010118003003299236 -0.005843000020831823
v 1.3500002917022806 0.010118003003299236 -0.005843000020831823
v 1.3332632925481898 0.010118003003299236 0.005843000020831823
v 1.3500002917022806 0.010118003003299236 -0.005843000020831823
v 1.4208772923917872 0.036476001143455505 -0.005843000020831823
v 1.3500002917022806 0.010118003003299236 0.005843000020831823
v 1.3500002917022806 0.010118003003299236 -0.005843000020831823
v 1.3500002917022806 0.010118003003299236 0.005843000020831823
v 1.3332632925481898 0.010118003003299236 0.005843000020831823
v 1.4890882816286188 -0.0058429972268640995 -0.1548749953508377
v 1.4709043052167994 0.005843002814799547 -0.12592199444770813
v 1.4890882816286188 0.005843002814799547 -0.1548749953508377
v 1.4890882816286188 0.005843002814799547 -0.1548749953508377
v 1.5033372786016566 0.005843002814799547 -0.12349499762058258
v 1.4890882816286188 -0.0058429972268640995 -0.1548749953508377
v 1.4709043052167994 0.005843002814799547 -0.12592199444770813
v 1.4890882816286188 -0.0058429972268640995 -0.1548749953508377
v 1.4709043052167994 -0.0058429972268640995 -0.12592199444770813
v 1.4890882816286188 -0.0058429972268640995 -0.1548749953508377
v 1.5033372786016566 0.005843002814799547 -0.12349499762058258
v 1.5033372786016566 -0.0058429972268640995 -0.12349499762058258
v 1.4465302970380884 -0.0058429972268640995 -0.09680499881505966
v 1.4709043052167994 0.005843002814799547 -0.12592199444770813
v 1.4709043052167994 -0.0058429972268640995 -0.12592199444770813
v 1.4991142895193201 0.005843002814799547 -0.09818100184202194
v 1.5033372786016566 -0.0058429972268640995 -0.12349499762058258
v 1.5033372786016566 0.005843002814799547 -0.12349499762058258
v 1.4709043052167994 0.005843002814799547 -0.12592199444770813
v 1.4465302970380884 -0.0058429972268640995 -0.09680499881505966
v 1.4465302970380884 0.005843002814799547 -0.09680499881505966
v 1.5033372786016566 -0.0058429972268640995 -0.12349499762058258
v 1.4991142895193201 0.005843002814799547 -0.09818100184202194
v 1.4991142895193201 -0.0058429972268640995 -0.09818100184202194
v 1.4465302970380884 -0.0058429972268640995 -0.09680499881505966
v 1.4062062945337397 -0.0058429972268640995 -0.06569600105285645
v 1.4465302970380884 0.005843002814799547 -0.09680499881505966
v 1.4747892763586146 0.005843002814799547 -0.0703359991312027
v 1.4991142895193201 -0.0058429972268640995 -0.09818100184202194
v 1.4991142895193201 0.005843002814799547 -0.09818100184202194
v 1.4062062945337397 0.005843002814799547 -0.06569600105285645
v 1.4465302970380884 0.005843002814799547 -0.09680499881505966
v 1.4062062945337397 -0.0058429972268640995 -0.06569600105285645
v 1.4991142895193201 -0.0058429972268640995 -0.09818100184202194
v 1.4747892763586146 0.005843002814799547 -0.0703359991312027
v 1.4747892763586146 -0.0058429972268640995 -0.0703359991312027
v 1.4062062945337397 -0.0058429972268640995 -0.06569600105285645
v 1.3794862773389918 -0.0058429972268640995 -0.05496300011873245
v 1.4062062945337397 0.005843002814799547 -0.06569600105285645
v 1.4747892763586146 0.005843002814799547 -0.0703359991312027
v 1.4208783056707484 0.005843002814799547 -0.036476001143455505
v 1.4747892763586146 -0.0058429972268640995 -0.0703359991312027
v 1.3794862773389918 0.005843002814799547 -0.05496300011873245
v 1.4062062945337397 0.005843002814799547 -0.06569600105285645
v 1.3794862773389918 -0.0058429972268640995 -0.05496300011873245
v 1.4208783056707484 -0.0058429972268640995 -0.036476001143455505
v 1.4747892763586146 -0.0058429972268640995 -0.0703359991312027
v 1.4208783056707484 0.005843002814799547 -0.036476001143455505
v 1.3794862773389918 -0.0058429972268640995 -0.05496300011873245
v 1.3508862849445444 -0.0058429972268640995 -0.034832000732421875
v 1.3794862773389918 0.005843002814799547 -0.05496300011873245
v 1.4208783056707484 0.005843002814799547 -0.036476001143455505
v 1.3500002917022806 0.005843002814799547 -0.010118000209331512
v 1.4208783056707484 -0.0058429972268640995 -0.036476001143455505
v 1.3508862849445444 0.005843002814799547 -0.034832000732421875
v 1.3794862773389918 0.005843002814799547 -0.05496300011873245
v 1.3508862849445444 -0.0058429972268640995 -0.034832000732421875
v 1.3500002917022806 -0.0058429972268640995 -0.010118000209331512
v 1.4208783056707484 -0.0058429972268640995 -0.036476001143455505
v 1.3500002917022806 0.005843002814799547 -0.010118000209331512
v 1.3508862849445444 -0.0058429972268640995 -0.034832000732421875
v 1.3332632925481898 -0.0058429972268640995 -0.010118000209331512
v 1.3508862849445444 0.005843002814799547 -0.034832000732421875
v 1.3500002917022806 -0.0058429972268640995 -0.010118000209331512
v 1.3500002917022806 0.005843002814799547 -0.010118000209331512
v 1.3332632925481898 0.005843002814799547 -0.010118000209331512
v 1.3508862849445444 0.005843002814799547 -0.034832000732421875
v 1.3332632925481898 -0.0058429972268640995 -0.010118000209331512
v 1.3332632925481898 0.005843002814799547 -0.010118000209331512
v 1.3332632925481898 -0.0058429972268640995 -0.010118000209331512
v 1.3500002917022806 -0.0058429972268640995 -0.010118000209331512
v 1.3332632925481898 0.005843002814799547 -0.010118000209331512
v 1.4890882816286188 -0.1548750102519989 -0.005843000020831823
v 1.4709043052167994 -0.1259230077266693 0.005843000020831823
v 1.4709043052167994 -0.1259230077266693 -0.005843000020831823
v 1.4465302970380884 -0.09680599719285965 -0.005843000020831823
v 1.4709043052167994 -0.1259230077266693 -0.005843000020831823
v 1.4709043052167994 -0.1259230077266693 0.005843000020831823
v 1.4709043052167994 -0.1259230077266693 0.005843000020831823
v 1.4890882816286188 -0.1548750102519989 -0.005843000020831823
v 1.4890882816286188 -0.1548750102519989 0.005843000020831823
v 1.4465302970380884 -0.09680599719285965 -0.005843000020831823
v 1.4709043052167994 -0.1259230077266693 0.005843000020831823
v 1.4465302970380884 -0.09680599719285965 0.005843000020831823
v 1.4890882816286188 -0.1548750102519989 -0.005843000020831823
v 1.5033372786016566 -0.12349499762058258 0.005843000020831823
v 1.4890882816286188 -0.1548750102519989 0.005843000020831823
v 1.4062062945337397 -0.06569600105285645 -0.005843000020831823
v 1.4465302970380884 -0.09680599719285965 -0.005843000020831823
v 1.4465302970380884 -0.09680599719285965 0.005843000020831823
v 1.5033372786016566 -0.12349499762058258 0.005843000020831823
v 1.4890882816286188 -0.1548750102519989 -0.005843000020831823
v 1.5033372786016566 -0.12349499762058258 -0.005843000020831823
v 1.4062062945337397 -0.06569600105285645 -0.005843000020831823
v 1.4465302970380884 -0.09680599719285965 0.005843000020831823
v 1.4062062945337397 -0.06569600105285645 0.005843000020831823
v 1.5033372786016566 -0.12349499762058258 -0.005843000020831823
v 1.4991142895193201 -0.09818099439144135 0.005843000020831823
v 1.5033372786016566 -0.12349499762058258 0.005843000020831823
v 1.3794862773389918 -0.054962996393442154 -0.005843000020831823
v 1.4062062945337397 -0.06569600105285645 -0.005843000020831823
v 1.4062062945337397 -0.06569600105285645 0.005843000020831823
v 1.5033372786016566 -0.12349499762058258 -0.005843000020831823
v 1.4991142895193201 -0.09818099439144135 -0.005843000020831823
v 1.4991142895193201 -0.09818099439144135 0.005843000020831823
v 1.3794862773389918 -0.054962996393442154 -0.005843000020831823
v 1.4062062945337397 -0.06569600105285645 0.005843000020831823
v 1.3794862773389918 -0.054962996393442154 0.005843000020831823
v 1.4991142895193201 -0.09818099439144135 -0.005843000020831823
v 1.4747892763586146 -0.0703359991312027 0.005843000020831823
v 1.4991142895193201 -0.09818099439144135 0.005843000020831823
v 1.3508862849445444 -0.03483199700713158 -0.005843000020831823
v 1.3794862773389918 -0.054962996393442154 -0.005843000020831823
v 1.3794862773389918 -0.054962996393442154 0.005843000020831823
v 1.4747892763586146 -0.0703359991312027 0.005843000020831823
v 1.4991142895193201 -0.09818099439144135 -0.005843000020831823
v 1.4747892763586146 -0.0703359991312027 -0.005843000020831823
v 1.3508862849445444 -0.03483199700713158 -0.005843000020831823
v 1.3794862773389918 -0.054962996393442154 0.005843000020831823
v 1.3508862849445444 -0.03483199700713158 0.005843000020831823
v 1.4747892763586146 -0.0703359991312027 -0.005843000020831823
v 1.4208772923917872 -0.03647599741816521 0.005843000020831823
v 1.4747892763586146 -0.0703359991312027 0.005843000020831823
v 1.3332632925481898 -0.010117997415363789 -0.005843000020831823
v 1.3508862849445444 -0.03483199700713158 -0.005843000020831823
v 1.3508862849445444 -0.03483199700713158 0.005843000020831823
v 1.4747892763586146 -0.0703359991312027 -0.005843000020831823
v 1.4208772923917872 -0.03647599741816521 -0.005843000020831823
v 1.4208772923917872 -0.03647599741816521 0.005843000020831823
v 1.3332632925481898 -0.010117997415363789 -0.005843000020831823
v 1.3508862849445444 -0.03483199700713158 0.005843000020831823
v 1.3332632925481898 -0.010117997415363789 0.005843000020831823
v 1.4208772923917872 -0.03647599741816521 -0.005843000020831823
v 1.3500002917022806 -0.010117997415363789 0.005843000020831823
v 1.4208772923917872 -0.03647599741816521 0.005843000020831823
v 1.3332632925481898 -0.010117997415363789 -0.005843000020831823
v 1.3332632925481898 -0.010117997415363789 0.005843000020831823
v 1.3500002917022806 -0.010117997415363789 -0.005843000020831823
v 1.4208772923917872 -0.03647599741816521 -0.005843000020831823
v 1.3500002917022806 -0.010117997415363789 -0.005843000020831823
v 1.3500002917022806 -0.010117997415363789 0.005843000020831823
v 1.3500002917022806 -0.010117997415363789 -0.005843000020831823
v 1.3332632925481898 -0.010117997415363789 0.005843000020831823
v 1.3500002917022806 -0.010117997415363789 0.005843000020831823
vn -0.8065816919258543 0 0.5911226389253135
vn 0.07462250296258677 0 0.997211854147151
vn -0.8065816919258543 0 0.5911226389253135
vn -0.8065816919258543 0 0.5911226389253135
vn -0.708179892355852 0 0.7060320389775906
vn -0.8065816919258543 0 0.5911226389253135
vn -0.8065816919258543 0 0.5911226389253135
vn 0.07462250296258677 0 0.997211854147151
vn 0.07462248814440323 0 0.9972118552560125
vn -0.708179892355852 0 0.7060320389775906
vn -0.8065816919258543 0 0.5911226389253135
vn -0.6562257966970989 0 0.7545645789124067
vn 0.07462250296258677 0 0.997211854147151
vn 0.9640522736584161 0 0.26571265241617364
vn 0.07462248814440323 0 0.9972118552560125
vn -0.5619978232140841 0 0.8271387106783425
vn -0.708179892355852 0 0.7060320389775906
vn -0.6562257966970989 0 0.7545645789124067
vn 0.9640522736584161 0 0.26571265241617364
vn 0.07462250296258677 0 0.997211854147151
vn 0.9975057591010205 0 0.07058512988085287
vn -0.5619978232140841 0 0.8271387106783425
vn -0.6562257966970989 0 0.7545645789124067
vn -0.48907879860538 0 0.872239605128498
vn 0.9975057591010205 0 0.07058512988085287
vn 0.92276806617719 0 -0.38535580447634254
vn 0.9640522736584161 0 0.26571265241617364
vn -0.452224767216925 0 0.8919040082405718
vn -0.5619978232140841 0 0.8271387106783425
vn -0.48907879860538 0 0.872239605128498
vn 0.92276806617719 0 -0.38535580447634254
vn 0.9975057591010205 0 0.07058512988085287
vn 0.8374008971689579 0 -0.5465891852393572
vn -0.452224767216925 0 0.8919040082405718
vn -0.48907879860538 0 0.872239605128498
vn -0.5193022457580921 0 0.8545906491125456
vn 0.8374008971689579 0 -0.5465891852393572
vn 0.6577102695340745 0 -0.7532710012667517
vn 0.92276806617719 0 -0.38535580447634254
vn -0.6556760029274189 0 0.755042369132437
vn -0.452224767216925 0 0.8919040082405718
vn -0.5193022457580921 0 0.8545906491125456
vn 0.6577102695340745 0 -0.7532710012667517
vn 0.8374008971689579 0 -0.5465891852393572
vn 0.5859963316685161 0 -0.8103137042349972
vn -0.6556760029274189 0 0.755042369132437
vn -0.5193022457580921 0 0.8545906491125456
vn -0.7367131309341305 0 0.6762054145814205
vn 0.4658448421993527 0 -0.8848664209903436
vn 0.6577102695340745 0 -0.7532710012667517
vn 0.5859963316685161 0 -0.8103137042349972
vn -0.7367131309341305 0 0.6762054145814205
vn -0.936494244161685 0 0.3506829489040408
vn -0.6556760029274189 0 0.755042369132437
vn 0.4658448421993527 0 -0.8848664209903436
vn 0.5859963316685161 0 -0.8103137042349972
vn 0.40462711666056256 0 -0.9144817638766557
vn -0.936494244161685 0 0.3506829489040408
vn -0.7367131309341305 0 0.6762054145814205
vn -0.8417444905677429 0 -0.5398761085645952
vn 0.31560801887622264 0 -0.9488896555559165
vn 0.4658448421993527 0 -0.8848664209903436
vn 0.40462711666056256 0 -0.9144817638766557
vn -0.8417444905677429 0 -0.5398761085645952
vn 0.24489593794894945 0 -0.9695493693340759
vn -0.936494244161685 0 0.3506829489040408
vn 0.31560801887622264 0 -0.9488896555559165
vn 0.40462711666056256 0 -0.9144817638766557
vn 0.24489593794894945 0 -0.9695493693340759
vn -0.8417444905677429 0 -0.5398761085645952
vn 0.31560801887622264 0 -0.9488896555559165
vn 0.24489593794894945 0 -0.9695493693340759
vn 0.4080642770023353 -0.9129532002433429 0
vn 0.8952359528577505 0.445592401989616 0
vn 0.8952359647462047 0.44559237810462143 0
vn 0.7977636665264356 0.60297025828004 0
vn 0.8952359647462047 0.44559237810462143 0
vn 0.8952359528577505 0.445592401989616 0
vn 0.4080642770023353 -0.9129532002433429 0
vn 0.8952359647462047 0.44559237810462143 0
vn 0.4080642273228427 -0.9129532224486704 0
vn 0.8952359647462047 0.44559237810462143 0
vn 0.7977636665264356 0.60297025828004 0
vn 0.7159493432814472 0.6981522311465205 0
vn 0.4080642273228427 -0.9129532224486704 0
vn -0.5570495628444122 -0.8304792499122717 0
vn 0.4080642770023353 -0.9129532002433429 0
vn 0.5969885683216072 0.8022497424700851 0
vn 0.7159493432814472 0.6981522311465205 0
vn 0.7977636665264356 0.60297025828004 0
vn -0.518398347125514 -0.8551392598270383 0
vn 0.4080642770023353 -0.9129532002433429 0
vn -0.5570495628444122 -0.8304792499122717 0
vn 0.7159493432814472 0.6981522311465205 0
vn 0.5969885683216072 0.8022497424700851 0
vn 0.5719513845998431 0.8202875188946388 0
vn -0.6253828389180935 -0.7803180792386819 0
vn -0.518398347125514 -0.8551392598270383 0
vn -0.5570495628444122 -0.8304792499122717 0
vn 0.4548609295183752 0.890562482253592 0
vn 0.5719513845998431 0.8202875188946388 0
vn 0.5969885683216072 0.8022497424700851 0
vn -0.518398347125514 -0.8551392598270383 0
vn -0.6253828389180935 -0.7803180792386819 0
vn -0.8792144470155179 -0.4764262337017108 0
vn 0.5719513845998431 0.8202875188946388 0
vn 0.4548609295183752 0.890562482253592 0
vn 0.3703311316646197 0.9288998077941465 0
vn -0.9752089320604675 -0.22128610175400196 0
vn -0.8792144470155179 -0.4764262337017108 0
vn -0.6253828389180935 -0.7803180792386819 0
vn 0.19690421139745487 0.9804227310369473 0
vn 0.3703311316646197 0.9288998077941465 0
vn 0.4548609295183752 0.890562482253592 0
vn -0.8792144470155179 -0.4764262337017108 0
vn -0.9752089320604675 -0.22128610175400196 0
vn -0.7917228533798102 -0.6108804493811629 0
vn 0.3703311316646197 0.9288998077941465 0
vn 0.19690421139745487 0.9804227310369473 0
vn 0.09744100452299458 0.9952413027188682 0
vn -0.6220135557791044 -0.7830064727874445 0
vn -0.7917228533798102 -0.6108804493811629 0
vn -0.9752089320604675 -0.22128610175400196 0
vn 0 1 0
vn 0.09744100452299458 0.9952413027188682 0
vn 0.19690421139745487 0.9804227310369473 0
vn -0.7917228533798102 -0.6108804493811629 0
vn -0.6220135557791044 -0.7830064727874445 0
vn -0.81337688646395 -0.5817370888693711 0
vn 0.09744100452299458 0.9952413027188682 0
vn 0 1 0
vn 0 1 0
vn -0.7246794266970715 -0.689086154643963 0
vn -0.81337688646395 -0.5817370888693711 0
vn -0.6220135557791044 -0.7830064727874445 0
vn -0.5328381697351496 0.84621716176954 0
vn 0 1 0
vn 0 1 0
vn -0.81337688646395 -0.5817370888693711 0
vn -0.7246794266970715 -0.689086154643963 0
vn -0.14358113446547138 -0.9896385490802226 0
vn 0 1 0
vn -0.5328381697351496 0.84621716176954 0
vn -0.4048339016270738 -0.9143902405939167 0
vn -0.3613871659002347 -0.9324158494591328 0
vn -0.14358113446547138 -0.9896385490802226 0
vn -0.7246794266970715 -0.689086154643963 0
vn -0.2761552911656085 -0.9611130293369442 0
vn -0.4048339016270738 -0.9143902405939167 0
vn -0.5328381697351496 0.84621716176954 0
vn -0.14358113446547138 -0.9896385490802226 0
vn -0.3613871659002347 -0.9324158494591328 0
vn -0.6754743472401216 -0.7373834865390814 0
vn -0.4048339016270738 -0.9143902405939167 0
vn -0.2761552911656085 -0.9611130293369442 0
vn -0.28036140745482735 -0.9598945156682313 0
vn -0.6843013222278436 -0.7291993557301218 0
vn -0.6754743472401216 -0.7373834865390814 0
vn -0.3613871659002347 -0.9324158494591328 0
vn -0.38361524838777883 -0.9234930109125802 0
vn -0.28036140745482735 -0.9598945156682313 0
vn -0.2761552911656085 -0.9611130293369442 0
vn -0.6754743472401216 -0.7373834865390814 0
vn -0.6843013222278436 -0.7291993557301218 0
vn -0.6364405902021083 -0.7713257257107351 0
vn -0.28036140745482735 -0.9598945156682313 0
vn -0.38361524838777883 -0.9234930109125802 0
vn -0.49322835019544486 -0.8698998761716658 0
vn -0.49322835019544486 -0.8698998761716658 0
vn -0.6364405902021083 -0.7713257257107351 0
vn -0.6843013222278436 -0.7291993557301218 0
vn -0.6364405902021083 -0.7713257257107351 0
vn -0.49322835019544486 -0.8698998761716658 0
vn -0.38361524838777883 -0.9234930109125802 0
vn 0.4080649096635426 0.9129529174614017 0
vn 0.8952359528577505 -0.445592401989616 0
vn 0.8952359528577505 -0.445592401989616 0
vn 0.7977614598041239 -0.6029731778870376 0
vn 0.8952359528577505 -0.445592401989616 0
vn 0.8952359528577505 -0.445592401989616 0
vn 0.8952359528577505 -0.445592401989616 0
vn 0.4080649096635426 0.9129529174614017 0
vn 0.4080649096635426 0.9129529174614017 0
vn 0.7977614598041239 -0.6029731778870376 0
vn 0.8952359528577505 -0.445592401989616 0
vn 0.7159521097395701 -0.6981493941553331 0
vn 0.4080649096635426 0.9129529174614017 0
vn -0.5570567294216002 0.830474442837412 0
vn 0.4080649096635426 0.9129529174614017 0
vn 0.5969957792803814 -0.8022443764348928 0
vn 0.7977614598041239 -0.6029731778870376 0
vn 0.7159521097395701 -0.6981493941553331 0
vn 0.4080649096635426 0.9129529174614017 0
vn -0.5184038803585317 0.8551359054730523 0
vn -0.5570567294216002 0.830474442837412 0
vn 0.5969957792803814 -0.8022443764348928 0
vn 0.7159521097395701 -0.6981493941553331 0
vn 0.5719550335456168 -0.8202849746288372 0
vn -0.5184038803585317 0.8551359054730523 0
vn -0.6253736720542706 0.7803254258970148 0
vn -0.5570567294216002 0.830474442837412 0
vn 0.45485708365806715 -0.8905644465427969 0
vn 0.5969957792803814 -0.8022443764348928 0
vn 0.5719550335456168 -0.8202849746288372 0
vn -0.5184038803585317 0.8551359054730523 0
vn -0.8792053871099126 0.47644295280432974 0
vn -0.6253736720542706 0.7803254258970148 0
vn 0.45485708365806715 -0.8905644465427969 0
vn 0.5719550335456168 -0.8202849746288372 0
vn 0.37032332809153995 -0.9289029188624641 0
vn -0.8792053871099126 0.47644295280432974 0
vn -0.9752062313237576 0.22129800357733362 0
vn -0.6253736720542706 0.7803254258970148 0
vn 0.1968961803859232 -0.9804243439192206 0
vn 0.45485708365806715 -0.8905644465427969 0
vn 0.37032332809153995 -0.9289029188624641 0
vn -0.8792053871099126 0.47644295280432974 0
vn -0.7917098460051982 0.6108973070315707 0
vn -0.9752062313237576 0.22129800357733362 0
vn 0.1968961803859232 -0.9804243439192206 0
vn 0.37032332809153995 -0.9289029188624641 0
vn 0.0974369125283544 -0.9952417033449421 0
vn -0.7917098460051982 0.6108973070315707 0
vn -0.6220338184482038 0.7829903758710874 0
vn -0.9752062313237576 0.22129800357733362 0
vn 0 -1 0
vn 0.1968961803859232 -0.9804243439192206 0
vn 0.0974369125283544 -0.9952417033449421 0
vn -0.8133972173114166 0.5817086615050905 0
vn -0.6220338184482038 0.7829903758710874 0
vn -0.7917098460051982 0.6108973070315707 0
vn 0 -1 0
vn 0.0974369125283544 -0.9952417033449421 0
vn 0 -1 0
vn -0.8133972173114166 0.5817086615050905 0
vn -0.7246972930879313 0.6890673649150894 0
vn -0.6220338184482038 0.7829903758710874 0
vn -0.5328382124170497 -0.8462171348939956 0
vn 0 -1 0
vn 0 -1 0
vn -0.8133972173114166 0.5817086615050905 0
vn -0.14353613737247253 0.9896450764128476 0
vn -0.7246972930879313 0.6890673649150894 0
vn -0.5328382124170497 -0.8462171348939956 0
vn 0 -1 0
vn -0.40483394860929817 0.9143902197931711 0
vn -0.14353613737247253 0.9896450764128476 0
vn -0.361338910380411 0.9324345509713254 0
vn -0.7246972930879313 0.6890673649150894 0
vn -0.2761552911656085 0.9611130293369442 0
vn -0.5328382124170497 -0.8462171348939956 0
vn -0.40483394860929817 0.9143902197931711 0
vn -0.6754648272659111 0.7373922071236128 0
vn -0.361338910380411 0.9324345509713254 0
vn -0.14353613737247253 0.9896450764128476 0
vn -0.2761552911656085 0.9611130293369442 0
vn -0.40483394860929817 0.9143902197931711 0
vn -0.28036140745482735 0.9598945156682313 0
vn -0.6754648272659111 0.7373922071236128 0
vn -0.6843012607919159 0.7291994133833312 0
vn -0.361338910380411 0.9324345509713254 0
vn -0.38361524838777883 0.9234930109125802 0
vn -0.2761552911656085 0.9611130293369442 0
vn -0.28036140745482735 0.9598945156682313 0
vn -0.6754648272659111 0.7373922071236128 0
vn -0.6364405902021083 0.7713257257107351 0
vn -0.6843012607919159 0.7291994133833312 0
vn -0.38361524838777883 0.9234930109125802 0
vn -0.28036140745482735 0.9598945156682313 0
vn -0.49322835019544486 0.8698998761716658 0
vn -0.6364405902021083 0.7713257257107351 0
vn -0.49322835019544486 0.8698998761716658 0
vn -0.6843012607919159 0.7291994133833312 0
vn -0.6364405902021083 0.7713257257107351 0
vn -0.38361524838777883 0.9234930109125802 0
vn -0.49322835019544486 0.8698998761716658 0
vn 0.4080645449706826 0 0.9129530804690182
vn 0.8952359528577505 0 -0.445592401989616
vn 0.8952359647462047 0 -0.44559237810462143
vn 0.7977657655533343 0 -0.6029674811389932
vn 0.8952359647462047 0 -0.44559237810462143
vn 0.8952359528577505 0 -0.445592401989616
vn 0.8952359647462047 0 -0.44559237810462143
vn 0.4080645449706826 0 0.9129530804690182
vn 0.4080645449706826 0 0.9129530804690182
vn 0.7159550229278208 0 -0.6981464066687041
vn 0.8952359647462047 0 -0.44559237810462143
vn 0.7977657655533343 0 -0.6029674811389932
vn 0.4080645449706826 0 0.9129530804690182
vn -0.5570530912421681 0 0.8304768832047914
vn 0.4080645449706826 0 0.9129530804690182
vn 0.7977657655533343 0 -0.6029674811389932
vn 0.5969921260794784 0 -0.8022470949770428
vn 0.7159550229278208 0 -0.6981464066687041
vn -0.518409186379106 0 0.8551326888137029
vn 0.4080645449706826 0 0.9129530804690182
vn -0.5570530912421681 0 0.8304768832047914
vn 0.5719476955363949 0 -0.8202900911083878
vn 0.7159550229278208 0 -0.6981464066687041
vn 0.5969921260794784 0 -0.8022470949770428
vn -0.6253929645045365 0 0.7803099640195731
vn -0.518409186379106 0 0.8551326888137029
vn -0.5570530912421681 0 0.8304768832047914
vn 0.5969921260794784 0 -0.8022470949770428
vn 0.45485316637187573 0 -0.8905664472915419
vn 0.5719476955363949 0 -0.8202900911083878
vn -0.518409186379106 0 0.8551326888137029
vn -0.6253929645045365 0 0.7803099640195731
vn -0.8792098973309137 0 0.4764346297608563
vn 0.3703272298813711 0 -0.9289013633364901
vn 0.5719476955363949 0 -0.8202900911083878
vn 0.45485316637187573 0 -0.8905664472915419
vn -0.9752062313237576 0 0.22129800357733362
vn -0.8792098973309137 0 0.4764346297608563
vn -0.6253929645045365 0 0.7803099640195731
vn 0.45485316637187573 0 -0.8905664472915419
vn 0.196904225720879 0 -0.9804227281602876
vn 0.3703272298813711 0 -0.9289013633364901
vn -0.8792098973309137 0 0.4764346297608563
vn -0.9752062313237576 0 0.22129800357733362
vn -0.7917098460051982 0 0.6108973070315707
vn 0.0974410119028339 0 -0.9952413019963309
vn 0.3703272298813711 0 -0.9289013633364901
vn 0.196904225720879 0 -0.9804227281602876
vn -0.6220132203981674 0 0.7830067392110368
vn -0.7917098460051982 0 0.6108973070315707
vn -0.9752062313237576 0 0.22129800357733362
vn 0.196904225720879 0 -0.9804227281602876
vn 0 0 -1
vn 0.0974410119028339 0 -0.9952413019963309
vn -0.7917098460051982 0 0.6108973070315707
vn -0.6220132203981674 0 0.7830067392110368
vn -0.8133765881848788 0 0.5817375059188861
vn 0 0 -1
vn 0.0974410119028339 0 -0.9952413019963309
vn 0 0 -1
vn -0.724679136360899 0 0.6890864599767009
vn -0.8133765881848788 0 0.5817375059188861
vn -0.6220132203981674 0 0.7830067392110368
vn 0 0 -1
vn -0.5328381697351496 0 -0.84621716176954
vn 0 0 -1
vn -0.14358186650860297 0 0.9896384428718933
vn -0.8133765881848788 0 0.5817375059188861
vn -0.724679136360899 0 0.6890864599767009
vn -0.4048339016270738 0 0.9143902405939167
vn 0 0 -1
vn -0.5328381697351496 0 -0.84621716176954
vn -0.3613876925360046 0 0.9324156453446619
vn -0.14358186650860297 0 0.9896384428718933
vn -0.724679136360899 0 0.6890864599767009
vn -0.2761552911656085 0 0.9611130293369442
vn -0.4048339016270738 0 0.9143902405939167
vn -0.5328381697351496 0 -0.84621716176954
vn -0.14358186650860297 0 0.9896384428718933
vn -0.3613876925360046 0 0.9324156453446619
vn -0.6754743472401216 0 0.7373834865390814
vn -0.4048339016270738 0 0.9143902405939167
vn -0.2761552911656085 0 0.9611130293369442
vn -0.28036140745482735 0 0.9598945156682313
vn -0.6843012924855982 0 0.7291993836410859
vn -0.6754743472401216 0 0.7373834865390814
vn -0.3613876925360046 0 0.9324156453446619
vn -0.38361524838777883 0 0.9234930109125802
vn -0.28036140745482735 0 0.9598945156682313
vn -0.2761552911656085 0 0.9611130293369442
vn -0.6364406256634956 0 0.7713256964506356
vn -0.6754743472401216 0 0.7373834865390814
vn -0.6843012924855982 0 0.7291993836410859
vn -0.28036140745482735 0 0.9598945156682313
vn -0.38361524838777883 0 0.9234930109125802
vn -0.49322837274763065 0 0.8698998633847026
vn -0.6364406256634956 0 0.7713256964506356
vn -0.49322837274763065 0 0.8698998633847026
vn -0.38361524838777883 0 0.9234930109125802
vn -0.49322837274763065 0 0.8698998633847026
vn -0.6364406256634956 0 0.7713256964506356
vn -0.6843012924855982 0 0.7291993836410859
vn 0 0 1
vn 0 0 1
vn 0 0 1
vn 0 0 1
vn 0 0 1
vn 0 0 1
vn 0 0 1
vn 0 0 1
vn 0 0 1
vn 0 0 1
vn 0 0 1
vn 0 0 1
vn 0 0 1
vn 0 0 1
vn 0 0 1
vn 0 0 1
vn 0 0 1
vn 0 0 1
vn 0 0 1
vn 0 0 1
vn 0 0 1
vn 0 0 1
vn 0 0 1
vn 0 0 1
vn 0 0 1
vn 0 0 1
vn 0 0 1
vn 0 0 1
vn 0 0 1
vn 0 0 1
vn 0 0 1
vn 0 0 1
vn 0 0 1
vn 0 0 1
vn 0 0 1
vn 0 0 1
vn 0 0 1
vn 0 0 1
vn 0 0 1
vn 0 0 1
vn 0 0 1
vn 0 0 1
vn 0 0 1
vn 0 0 1
vn 0 0 1
vn 0 0 -1
vn 0 0 -1
vn 0 0 -1
vn 0 0 -1
vn 0 0 -1
vn 0 0 -1
vn 0 0 -1
vn 0 0 -1
vn 0 0 -1
vn 0 0 -1
vn 0 0 -1
vn 0 0 -1
vn 0 0 -1
vn 0 0 -1
vn 0 0 -1
vn 0 0 -1
vn 0 0 -1
vn 0 0 -1
vn 0 0 -1
vn 0 0 -1
vn 0 0 -1
vn 0 0 -1
vn 0 0 -1
vn 0 0 -1
vn 0 0 -1
vn 0 0 -1
vn 0 0 -1
vn 0 0 -1
vn 0 0 -1
vn 0 0 -1
vn 0 0 -1
vn 0 0 -1
vn 0 0 -1
vn 0 0 -1
vn 0 0 -1
vn 0 0 -1
vn 0 0 -1
vn 0 0 -1
vn 0 0 -1
vn 0 0 -1
vn 0 0 -1
vn 0 0 -1
vn 0 0 -1
vn 0 0 -1
vn 0 0 -1
vn 0 0 1
vn 0 0 1
vn 0 0 1
vn 0 0 1
vn 0 0 1
vn 0 0 1
vn 0 0 1
vn 0 0 1
vn 0 0 1
vn 0 0 1
vn 0 0 1
vn 0 0 1
vn 0 0 1
vn 0 0 1
vn 0 0 1
vn 0 0 1
vn 0 0 1
vn 0 0 1
vn 0 0 1
vn 0 0 1
vn 0 0 1
vn 0 0 1
vn 0 0 1
vn 0 0 1
vn 0 0 1
vn 0 0 1
vn 0 0 1
vn 0 0 1
vn 0 0 1
vn 0 0 1
vn 0 0 1
vn 0 0 1
vn 0 0 1
vn 0 0 1
vn 0 0 1
vn 0 0 1
vn 0 0 1
vn 0 0 1
vn 0 0 1
vn 0 0 1
vn 0 0 1
vn 0 0 1
vn 0 0 1
vn 0 0 1
vn 0 0 1
vn 0 0 -1
vn 0 0 -1
vn 0 0 -1
vn 0 0 -1
vn 0 0 -1
vn 0 0 -1
vn 0 0 -1
vn 0 0 -1
vn 0 0 -1
vn 0 0 -1
vn 0 0 -1
vn 0 0 -1
vn 0 0 -1
vn 0 0 -1
vn 0 0 -1
vn 0 0 -1
vn 0 0 -1
vn 0 0 -1
vn 0 0 -1
vn 0 0 -1
vn 0 0 -1
vn 0 0 -1
vn 0 0 -1
vn 0 0 -1
vn 0 0 -1
vn 0 0 -1
vn 0 0 -1
vn 0 0 -1
vn 0 0 -1
vn 0 0 -1
vn 0 0 -1
vn 0 0 -1
vn 0 0 -1
vn 0 0 -1
vn 0 0 -1
vn 0 0 -1
vn 0 0 -1
vn 0 0 -1
vn 0 0 -1
vn 0 0 -1
vn 0 0 -1
vn 0 0 -1
vn 0 0 -1
vn 0 0 -1
vn 0 0 -1
vn 0 1 0
vn 0 1 0
vn 0 1 0
vn 0 1 0
vn 0 1 0
vn 0 1 0
vn 0 1 0
vn 0 1 0
vn 0 1 0
vn 0 1 0
vn 0 1 0
vn 0 1 0
vn 0 1 0
vn 0 1 0
vn 0 1 0
vn 0 1 0
vn 0 1 0
vn 0 1 0
vn 0 1 0
vn 0 1 0
vn 0 1 0
vn 0 1 0
vn 0 1 0
vn 0 1 0
vn 0 1 0
vn 0 1 0
vn 0 1 0
vn 0 1 0
vn 0 1 0
vn 0 1 0
vn 0 1 0
vn 0 1 0
vn 0 1 0
vn 0 1 0
vn 0 1 0
vn 0 1 0
vn 0 1 0
vn 0 1 0
vn 0 1 0
vn 0 1 0
vn 0 1 0
vn 0 1 0
vn 0 1 0
vn 0 1 0
vn 0 1 0
vn 0 -1 0
vn 0 -1 0
vn 0 -1 0
vn 0 -1 0
vn 0 -1 0
vn 0 -1 0
vn 0 -1 0
vn 0 -1 0
vn 0 -1 0
vn 0 -1 0
vn 0 -1 0
vn 0 -1 0
vn 0 -1 0
vn 0 -1 0
vn 0 -1 0
vn 0 -1 0
vn 0 -1 0
vn 0 -1 0
vn 0 -1 0
vn 0 -1 0
vn 0 -1 0
vn 0 -1 0
vn 0 -1 0
vn 0 -1 0
vn 0 -1 0
vn 0 -1 0
vn 0 -1 0
vn 0 -1 0
vn 0 -1 0
vn 0 -1 0
vn 0 -1 0
vn 0 -1 0
vn 0 -1 0
vn 0 -1 0
vn 0 -1 0
vn 0 -1 0
vn 0 -1 0
vn 0 -1 0
vn 0 -1 0
vn 0 -1 0
vn 0 -1 0
vn 0 -1 0
vn 0 -1 0
vn 0 -1 0
vn 0 -1 0
vn 0 1 0
vn 0 1 0
vn 0 1 0
vn 0 1 0
vn 0 1 0
vn 0 1 0
vn 0 1 0
vn 0 1 0
vn 0 1 0
vn 0 1 0
vn 0 1 0
vn 0 1 0
vn 0 1 0
vn 0 1 0
vn 0 1 0
vn 0 1 0
vn 0 1 0
vn 0 1 0
vn 0 1 0
vn 0 1 0
vn 0 1 0
vn 0 1 0
vn 0 1 0
vn 0 1 0
vn 0 1 0
vn 0 1 0
vn 0 1 0
vn 0 1 0
vn 0 1 0
vn 0 1 0
vn 0 1 0
vn 0 1 0
vn 0 1 0
vn 0 1 0
vn 0 1 0
vn 0 1 0
vn 0 1 0
vn 0 1 0
vn 0 1 0
vn 0 1 0
vn 0 1 0
vn 0 1 0
vn 0 1 0
vn 0 1 0
vn 0 1 0
vn 0 -1 0
vn 0 -1 0
vn 0 -1 0
vn 0 -1 0
vn 0 -1 0
vn 0 -1 0
vn 0 -1 0
vn 0 -1 0
vn 0 -1 0
vn 0 -1 0
vn 0 -1 0
vn 0 -1 0
vn 0 -1 0
vn 0 -1 0
vn 0 -1 0
vn 0 -1 0
vn 0 -1 0
vn 0 -1 0
vn 0 -1 0
vn 0 -1 0
vn 0 -1 0
vn 0 -1 0
vn 0 -1 0
vn 0 -1 0
vn 0 -1 0
vn 0 -1 0
vn 0 -1 0
vn 0 -1 0
vn 0 -1 0
vn 0 -1 0
vn 0 -1 0
vn 0 -1 0
vn 0 -1 0
vn 0 -1 0
vn 0 -1 0
vn 0 -1 0
vn 0 -1 0
vn 0 -1 0
vn 0 -1 0
vn 0 -1 0
vn 0 -1 0
vn 0 -1 0
vn 0 -1 0
vn 0 -1 0
vn 0 -1 0
vn 0 0 1
vn 0 0 1
vn 0 0 1
vn 0 0 1
vn 0 0 1
vn 0 0 1
vn 0 0 1
vn 0 0 1
vn 0 0 1
vn 0 0 1
vn 0 0 1
vn 0 0 1
vn 0 0 1
vn 0 0 1
vn 0 0 1
vn 0 0 1
vn 0 0 1
vn 0 0 1
vn 0 0 1
vn 0 0 1
vn 0 0 1
vn 0 0 1
vn 0 0 1
vn 0 0 1
vn 0 0 1
vn 0 0 1
vn 0 0 1
vn 0 0 1
vn 0 0 1
vn 0 0 1
vn 0 0 -1
vn 0 0 -1
vn 0 0 -1
vn 0 0 -1
vn 0 0 -1
vn 0 0 -1
vn 0 0 -1
vn 0 0 -1
vn 0 0 -1
vn 0 0 -1
vn 0 0 -1
vn 0 0 -1
vn 0 0 -1
vn 0 0 -1
vn 0 0 -1
vn 0 0 -1
vn 0 0 -1
vn 0 0 -1
vn 0 0 -1
vn 0 0 -1
vn 0 0 -1
vn 0 0 -1
vn 0 0 -1
vn 0 0 -1
vn 0 0 -1
vn 0 0 -1
vn 0 0 -1
vn 0 0 -1
vn 0 0 -1
vn 0 0 -1
vn 0 0 1
vn 0 0 1
vn 0 0 1
vn 0 0 1
vn 0 0 1
vn 0 0 1
vn 0 0 1
vn 0 0 1
vn 0 0 1
vn 0 0 1
vn 0 0 1
vn 0 0 1
vn 0 0 1
vn 0 0 1
vn 0 0 1
vn 0 0 1
vn 0 0 1
vn 0 0 1
vn 0 0 1
vn 0 0 1
vn 0 0 1
vn 0 0 1
vn 0 0 1
vn 0 0 1
vn 0 0 1
vn 0 0 1
vn 0 0 1
vn 0 0 1
vn 0 0 1
vn 0 0 1
vn 0 0 -1
vn 0 0 -1
vn 0 0 -1
vn 0 0 -1
vn 0 0 -1
vn 0 0 -1
vn 0 0 -1
vn 0 0 -1
vn 0 0 -1
vn 0 0 -1
vn 0 0 -1
vn 0 0 -1
vn 0 0 -1
vn 0 0 -1
vn 0 0 -1
vn 0 0 -1
vn 0 0 -1
vn 0 0 -1
vn 0 0 -1
vn 0 0 -1
vn 0 0 -1
vn 0 0 -1
vn 0 0 -1
vn 0 0 -1
vn 0 0 -1
vn 0 0 -1
vn 0 0 -1
vn 0 0 -1
vn 0 0 -1
vn 0 0 -1
vn 0 1 0
vn 0 1 0
vn 0 1 0
vn 0 1 0
vn 0 1 0
vn 0 1 0
vn 0 1 0
vn 0 1 0
vn 0 1 0
vn 0 1 0
vn 0 1 0
vn 0 1 0
vn 0 1 0
vn 0 1 0
vn 0 1 0
vn 0 1 0
vn 0 1 0
vn 0 1 0
vn 0 1 0
vn 0 1 0
vn 0 1 0
vn 0 1 0
vn 0 1 0
vn 0 1 0
vn 0 1 0
vn 0 1 0
vn 0 1 0
vn 0 1 0
vn 0 1 0
vn 0 1 0
vn 0 -1 0
vn 0 -1 0
vn 0 -1 0
vn 0 -1 0
vn 0 -1 0
vn 0 -1 0
vn 0 -1 0
vn 0 -1 0
vn 0 -1 0
vn 0 -1 0
vn 0 -1 0
vn 0 -1 0
vn 0 -1 0
vn 0 -1 0
vn 0 -1 0
vn 0 -1 0
vn 0 -1 0
vn 0 -1 0
vn 0 -1 0
vn 0 -1 0
vn 0 -1 0
vn 0 -1 0
vn 0 -1 0
vn 0 -1 0
vn 0 -1 0
vn 0 -1 0
vn 0 -1 0
vn 0 -1 0
vn 0 -1 0
vn 0 -1 0
vn 0 1 0
vn 0 1 0
vn 0 1 0
vn 0 1 0
vn 0 1 0
vn 0 1 0
vn 0 1 0
vn 0 1 0
vn 0 1 0
vn 0 1 0
vn 0 1 0
vn 0 1 0
vn 0 1 0
vn 0 1 0
vn 0 1 0
vn 0 1 0
vn 0 1 0
vn 0 1 0
vn 0 1 0
vn 0 1 0
vn 0 1 0
vn 0 1 0
vn 0 1 0
vn 0 1 0
vn 0 1 0
vn 0 1 0
vn 0 1 0
vn 0 1 0
vn 0 1 0
vn 0 1 0
vn 0 -1 0
vn 0 -1 0
vn 0 -1 0
vn 0 -1 0
vn 0 -1 0
vn 0 -1 0
vn 0 -1 0
vn 0 -1 0
vn 0 -1 0
vn 0 -1 0
vn 0 -1 0
vn 0 -1 0
vn 0 -1 0
vn 0 -1 0
vn 0 -1 0
vn 0 -1 0
vn 0 -1 0
vn 0 -1 0
vn 0 -1 0
vn 0 -1 0
vn 0 -1 0
vn 0 -1 0
vn 0 -1 0
vn 0 -1 0
vn 0 -1 0
vn 0 -1 0
vn 0 -1 0
vn 0 -1 0
vn 0 -1 0
vn 0 -1 0
vn 0.4080645449706826 0 -0.9129530804690182
vn 0.8952359647462047 0 0.44559237810462143
vn 0.4080645449706826 0 -0.9129530804690182
vn -0.5570530912421681 0 -0.8304768832047914
vn 0.4080645449706826 0 -0.9129530804690182
vn 0.4080645449706826 0 -0.9129530804690182
vn 0.4080645449706826 0 -0.9129530804690182
vn 0.8952359647462047 0 0.44559237810462143
vn 0.8952359528577505 0 0.445592401989616
vn -0.5570530912421681 0 -0.8304768832047914
vn 0.4080645449706826 0 -0.9129530804690182
vn -0.518409186379106 0 -0.8551326888137029
vn 0.7977657655533343 0 0.6029674811389932
vn 0.8952359528577505 0 0.445592401989616
vn 0.8952359647462047 0 0.44559237810462143
vn -0.518409186379106 0 -0.8551326888137029
vn -0.6253929645045365 0 -0.7803099640195731
vn -0.5570530912421681 0 -0.8304768832047914
vn 0.8952359647462047 0 0.44559237810462143
vn 0.7159550229278208 0 0.6981464066687041
vn 0.7977657655533343 0 0.6029674811389932
vn -0.6253929645045365 0 -0.7803099640195731
vn -0.518409186379106 0 -0.8551326888137029
vn -0.8792098973309137 0 -0.4764346297608563
vn 0.5969921260794784 0 0.8022470949770428
vn 0.7977657655533343 0 0.6029674811389932
vn 0.7159550229278208 0 0.6981464066687041
vn -0.8792098973309137 0 -0.4764346297608563
vn -0.9752062313237576 0 -0.22129800357733362
vn -0.6253929645045365 0 -0.7803099640195731
vn 0.5969921260794784 0 0.8022470949770428
vn 0.7159550229278208 0 0.6981464066687041
vn 0.5719476955363949 0 0.8202900911083878
vn -0.9752062313237576 0 -0.22129800357733362
vn -0.8792098973309137 0 -0.4764346297608563
vn -0.7917098460051982 0 -0.6108973070315707
vn 0.45485316637187573 0 0.8905664472915419
vn 0.5969921260794784 0 0.8022470949770428
vn 0.5719476955363949 0 0.8202900911083878
vn -0.7917098460051982 0 -0.6108973070315707
vn -0.6220132203981674 0 -0.7830067392110368
vn -0.9752062313237576 0 -0.22129800357733362
vn 0.45485316637187573 0 0.8905664472915419
vn 0.5719476955363949 0 0.8202900911083878
vn 0.3703272298813711 0 0.9289013633364901
vn -0.6220132203981674 0 -0.7830067392110368
vn -0.7917098460051982 0 -0.6108973070315707
vn -0.8133765881848788 0 -0.5817375059188861
vn 0.196904225720879 0 0.9804227281602876
vn 0.45485316637187573 0 0.8905664472915419
vn 0.3703272298813711 0 0.9289013633364901
vn -0.8133765881848788 0 -0.5817375059188861
vn -0.724679136360899 0 -0.6890864599767009
vn -0.6220132203981674 0 -0.7830067392110368
vn 0.196904225720879 0 0.9804227281602876
vn 0.3703272298813711 0 0.9289013633364901
vn 0.0974410119028339 0 0.9952413019963309
vn -0.724679136360899 0 -0.6890864599767009
vn -0.8133765881848788 0 -0.5817375059188861
vn -0.14358186650860297 0 -0.9896384428718933
vn 0 0 1
vn 0.196904225720879 0 0.9804227281602876
vn 0.0974410119028339 0 0.9952413019963309
vn -0.724679136360899 0 -0.6890864599767009
vn -0.14358186650860297 0 -0.9896384428718933
vn -0.3613876925360046 0 -0.9324156453446619
vn 0 0 1
vn 0.0974410119028339 0 0.9952413019963309
vn 0 0 1
vn -0.3613876925360046 0 -0.9324156453446619
vn -0.14358186650860297 0 -0.9896384428718933
vn -0.6754743472401216 0 -0.7373834865390814
vn -0.5328381697351496 0 0.84621716176954
vn 0 0 1
vn 0 0 1
vn -0.6754743472401216 0 -0.7373834865390814
vn -0.6843012924855982 0 -0.7291993836410859
vn -0.3613876925360046 0 -0.9324156453446619
vn -0.5328381697351496 0 0.84621716176954
vn 0 0 1
vn -0.4048339016270738 0 -0.9143902405939167
vn -0.6843012924855982 0 -0.7291993836410859
vn -0.6754743472401216 0 -0.7373834865390814
vn -0.6364406256634956 0 -0.7713256964506356
vn -0.4048339016270738 0 -0.9143902405939167
vn -0.2761552911656085 0 -0.9611130293369442
vn -0.5328381697351496 0 0.84621716176954
vn -0.6364406256634956 0 -0.7713256964506356
vn -0.4932283952998155 0 -0.8698998505977392
vn -0.6843012924855982 0 -0.7291993836410859
vn -0.2761552911656085 0 -0.9611130293369442
vn -0.4048339016270738 0 -0.9143902405939167
vn -0.28036140745482735 0 -0.9598945156682313
vn -0.4932283952998155 0 -0.8698998505977392
vn -0.6364406256634956 0 -0.7713256964506356
vn -0.38361524838777883 0 -0.9234930109125802
vn -0.28036140745482735 0 -0.9598945156682313
vn -0.38361524838777883 0 -0.9234930109125802
vn -0.2761552911656085 0 -0.9611130293369442
vn -0.28036140745482735 0 -0.9598945156682313
vn -0.4932283952998155 0 -0.8698998505977392
vn -0.38361524838777883 0 -0.9234930109125802
vn 0.07462228068982837 0.9972118707800507 0
vn -0.8065817411720837 0.5911225717292561 0
vn -0.8065817411720837 0.5911225717292561 0
vn -0.708179892355852 0.7060320389775906 0
vn -0.8065817411720837 0.5911225717292561 0
vn -0.8065817411720837 0.5911225717292561 0
vn 0.07462228068982837 0.9972118707800507 0
vn -0.8065817411720837 0.5911225717292561 0
vn 0.07462226587164408 0.9972118718889089 0
vn -0.8065817411720837 0.5911225717292561 0
vn -0.708179892355852 0.7060320389775906 0
vn -0.6562257966970989 0.7545645789124067 0
vn 0.07462226587164408 0.9972118718889089 0
vn 0.9640522931350712 0.265712581751431 0
vn 0.07462228068982837 0.9972118707800507 0
vn -0.5619978917003319 0.8271386641454878 0
vn -0.6562257966970989 0.7545645789124067 0
vn -0.708179892355852 0.7060320389775906 0
vn 0.9975057601501973 0.07058511505393349 0
vn 0.07462228068982837 0.9972118707800507 0
vn 0.9640522931350712 0.265712581751431 0
vn -0.6562257966970989 0.7545645789124067 0
vn -0.5619978917003319 0.8271386641454878 0
vn -0.48907879860538 0.872239605128498 0
vn 0.9640522931350712 0.265712581751431 0
vn 0.9227698259560477 -0.3853515905054052 0
vn 0.9975057601501973 0.07058511505393349 0
vn -0.45222469576085916 0.8919040444711518 0
vn -0.48907879860538 0.872239605128498 0
vn -0.5619978917003319 0.8271386641454878 0
vn 0.8374070691064779 -0.5465797294178578 0
vn 0.9975057601501973 0.07058511505393349 0
vn 0.9227698259560477 -0.3853515905054052 0
vn -0.48907879860538 0.872239605128498 0
vn -0.45222469576085916 0.8919040444711518 0
vn -0.5193022457580921 0.8545906491125456 0
vn 0.9227698259560477 -0.3853515905054052 0
vn 0.6577107172805866 -0.7532706103215872 0
vn 0.8374070691064779 -0.5465797294178578 0
vn -0.6556760029274189 0.755042369132437 0
vn -0.5193022457580921 0.8545906491125456 0
vn -0.45222469576085916 0.8919040444711518 0
vn 0.5859863711320821 -0.810320907324656 0
vn 0.8374070691064779 -0.5465797294178578 0
vn 0.6577107172805866 -0.7532706103215872 0
vn -0.5193022457580921 0.8545906491125456 0
vn -0.6556760029274189 0.755042369132437 0
vn -0.7367131581885775 0.6762053848882099 0
vn 0.6577107172805866 -0.7532706103215872 0
vn 0.46583502743569255 -0.8848715879798535 0
vn 0.5859863711320821 -0.810320907324656 0
vn -0.936494244161685 0.3506829489040408 0
vn -0.7367131581885775 0.6762053848882099 0
vn -0.6556760029274189 0.755042369132437 0
vn 0.40462494439835456 -0.9144827250258084 0
vn 0.5859863711320821 -0.810320907324656 0
vn 0.46583502743569255 -0.8848715879798535 0
vn -0.7367131581885775 0.6762053848882099 0
vn -0.936494244161685 0.3506829489040408 0
vn -0.8417444905677429 -0.5398761085645952 0
vn 0.46583502743569255 -0.8848715879798535 0
vn 0.3156116227634513 -0.948888456867624 0
vn 0.40462494439835456 -0.9144827250258084 0
vn -0.936494244161685 0.3506829489040408 0
vn 0.24489815243464852 -0.9695488099802381 0
vn -0.8417444905677429 -0.5398761085645952 0
vn 0.24489815243464852 -0.9695488099802381 0
vn 0.40462494439835456 -0.9144827250258084 0
vn 0.3156116227634513 -0.948888456867624 0
vn 0.24489815243464852 -0.9695488099802381 0
vn 0.3156116227634513 -0.948888456867624 0
vn -0.8417444905677429 -0.5398761085645952 0
vn 0.07462250296258677 0 -0.997211854147151
vn -0.8065817127532642 0 -0.5911226105064928
vn 0.07462248814440323 0 -0.9972118552560125
vn 0.07462248814440323 0 -0.9972118552560125
vn 0.9640522736584161 0 -0.26571265241617364
vn 0.07462250296258677 0 -0.997211854147151
vn -0.8065817127532642 0 -0.5911226105064928
vn 0.07462250296258677 0 -0.997211854147151
vn -0.8065816919258543 0 -0.5911226389253135
vn 0.07462250296258677 0 -0.997211854147151
vn 0.9640522736584161 0 -0.26571265241617364
vn 0.9975057591010205 0 -0.07058512988085287
vn -0.708179892355852 0 -0.7060320389775906
vn -0.8065817127532642 0 -0.5911226105064928
vn -0.8065816919258543 0 -0.5911226389253135
vn 0.92276806617719 0 0.38535580447634254
vn 0.9975057591010205 0 -0.07058512988085287
vn 0.9640522736584161 0 -0.26571265241617364
vn -0.8065817127532642 0 -0.5911226105064928
vn -0.708179892355852 0 -0.7060320389775906
vn -0.6562257966970989 0 -0.7545645789124067
vn 0.9975057591010205 0 -0.07058512988085287
vn 0.92276806617719 0 0.38535580447634254
vn 0.8374008971689579 0 0.5465891852393572
vn -0.708179892355852 0 -0.7060320389775906
vn -0.5619978232140841 0 -0.8271387106783425
vn -0.6562257966970989 0 -0.7545645789124067
vn 0.6577102695340745 0 0.7532710012667517
vn 0.8374008971689579 0 0.5465891852393572
vn 0.92276806617719 0 0.38535580447634254
vn -0.48907879860538 0 -0.872239605128498
vn -0.6562257966970989 0 -0.7545645789124067
vn -0.5619978232140841 0 -0.8271387106783425
vn 0.8374008971689579 0 0.5465891852393572
vn 0.6577102695340745 0 0.7532710012667517
vn 0.5859963316685161 0 0.8103137042349972
vn -0.5619978232140841 0 -0.8271387106783425
vn -0.452224767216925 0 -0.8919040082405718
vn -0.48907879860538 0 -0.872239605128498
vn 0.6577102695340745 0 0.7532710012667517
vn 0.4658448421993527 0 0.8848664209903436
vn 0.5859963316685161 0 0.8103137042349972
vn -0.5193022457580921 0 -0.8545906491125456
vn -0.48907879860538 0 -0.872239605128498
vn -0.452224767216925 0 -0.8919040082405718
vn 0.40462711666056256 0 0.9144817638766557
vn 0.5859963316685161 0 0.8103137042349972
vn 0.4658448421993527 0 0.8848664209903436
vn -0.452224767216925 0 -0.8919040082405718
vn -0.6556760029274189 0 -0.755042369132437
vn -0.5193022457580921 0 -0.8545906491125456
vn 0.4658448421993527 0 0.8848664209903436
vn 0.31560801887622264 0 0.9488896555559165
vn 0.40462711666056256 0 0.9144817638766557
vn -0.7367131309341305 0 -0.6762054145814205
vn -0.5193022457580921 0 -0.8545906491125456
vn -0.6556760029274189 0 -0.755042369132437
vn 0.24489593794894945 0 0.9695493693340759
vn 0.40462711666056256 0 0.9144817638766557
vn 0.31560801887622264 0 0.9488896555559165
vn -0.6556760029274189 0 -0.755042369132437
vn -0.936494244161685 0 -0.3506829489040408
vn -0.7367131309341305 0 -0.6762054145814205
vn 0.24489593794894945 0 0.9695493693340759
vn 0.31560801887622264 0 0.9488896555559165
vn -0.84174453502708 0 0.5398760392460893
vn -0.7367131309341305 0 -0.6762054145814205
vn -0.936494244161685 0 -0.3506829489040408
vn -0.84174453502708 0 0.5398760392460893
vn -0.936494244161685 0 -0.3506829489040408
vn 0.24489593794894945 0 0.9695493693340759
vn -0.84174453502708 0 0.5398760392460893
vn 0.07465349773082643 -0.9972095342888341 0
vn -0.8065769280551672 -0.5911291391304352 0
vn -0.8065769280551672 -0.5911291391304352 0
vn -0.7081839690971601 -0.7060279498106239 0
vn -0.8065769280551672 -0.5911291391304352 0
vn -0.8065769280551672 -0.5911291391304352 0
vn -0.8065769280551672 -0.5911291391304352 0
vn 0.07465349773082643 -0.9972095342888341 0
vn 0.07465348291271176 -0.9972095353981536 0
vn -0.7081839690971601 -0.7060279498106239 0
vn -0.8065769280551672 -0.5911291391304352 0
vn -0.6562340216527282 -0.7545574257970606 0
vn 0.07465349773082643 -0.9972095342888341 0
vn 0.9640523007692581 -0.26571255405324756 0
vn 0.07465348291271176 -0.9972095353981536 0
vn -0.5620083659223045 -0.8271315473570944 0
vn -0.7081839690971601 -0.7060279498106239 0
vn -0.6562340216527282 -0.7545574257970606 0
vn 0.9640523007692581 -0.26571255405324756 0
vn 0.07465349773082643 -0.9972095342888341 0
vn 0.9975057606747856 -0.07058510764047378 0
vn -0.5620083659223045 -0.8271315473570944 0
vn -0.6562340216527282 -0.7545574257970606 0
vn -0.4890858504283419 -0.8722356510202879 0
vn 0.9975057606747856 -0.07058510764047378 0
vn 0.92276806617719 0.38535580447634254 0
vn 0.9640523007692581 -0.26571255405324756 0
vn -0.45222483833951677 -0.8919039721790671 0
vn -0.5620083659223045 -0.8271315473570944 0
vn -0.4890858504283419 -0.8722356510202879 0
vn 0.9975057606747856 -0.07058510764047378 0
vn 0.8374008520795905 0.5465892543184286 0
vn 0.92276806617719 0.38535580447634254 0
vn -0.45222483833951677 -0.8919039721790671 0
vn -0.4890858504283419 -0.8722356510202879 0
vn -0.5193023157408597 -0.8545906065866745 0
vn 0.8374008520795905 0.5465892543184286 0
vn 0.6577065484832056 0.7532742502450942 0
vn 0.92276806617719 0.38535580447634254 0
vn -0.6556760029274189 -0.755042369132437 0
vn -0.45222483833951677 -0.8919039721790671 0
vn -0.5193023157408597 -0.8545906065866745 0
vn 0.6577065484832056 0.7532742502450942 0
vn 0.8374008520795905 0.5465892543184286 0
vn 0.5859903801662683 0.8103180081625934 0
vn -0.6556760029274189 -0.755042369132437 0
vn -0.5193023157408597 -0.8545906065866745 0
vn -0.7367131309341305 -0.6762054145814205 0
vn 0.5859903801662683 0.8103180081625934 0
vn 0.4658428365075035 0.8848674768995882 0
vn 0.6577065484832056 0.7532742502450942 0
vn -0.9364942245867696 -0.350683001178593 0
vn -0.6556760029274189 -0.755042369132437 0
vn -0.7367131309341305 -0.6762054145814205 0
vn 0.5859903801662683 0.8103180081625934 0
vn 0.404628873833477 0.9144809863853114 0
vn 0.4658428365075035 0.8848674768995882 0
vn -0.9364942245867696 -0.350683001178593 0
vn -0.7367131309341305 -0.6762054145814205 0
vn -0.8417444905677429 0.5398761085645952 0
vn 0.404628873833477 0.9144809863853114 0
vn 0.3156116227634513 0.948888456867624 0
vn 0.4658428365075035 0.8848674768995882 0
vn -0.9364942245867696 -0.350683001178593 0
vn -0.8417444905677429 0.5398761085645952 0
vn 0.24489815243464852 0.9695488099802381 0
vn 0.404628873833477 0.9144809863853114 0
vn 0.24489815243464852 0.9695488099802381 0
vn 0.3156116227634513 0.948888456867624 0
vn 0.24489815243464852 0.9695488099802381 0
vn -0.8417444905677429 0.5398761085645952 0
vn 0.3156116227634513 0.948888456867624 0
f 1//1 2//2 3//3
f 4//4 5//5 6//6
f 7//7 8//8 9//9
f 10//10 11//11 12//12
f 13//13 14//14 15//15
f 16//16 17//17 18//18
f 19//19 20//20 21//21
f 22//22 23//23 24//24
f 25//25 26//26 27//27
f 28//28 29//29 30//30
f 31//31 32//32 33//33
f 34//34 35//35 36//36
f 37//37 38//38 39//39
f 40//40 41//41 42//42
f 43//43 44//44 45//45
f 46//46 47//47 48//48
f 49//49 50//50 51//51
f 52//52 53//53 54//54
f 55//55 56//56 57//57
f 58//58 59//59 60//60
f 61//61 62//62 63//63
f 64//64 65//65 66//66
f 67//67 68//68 69//69
f 70//70 71//71 72//72
f 73//73 74//74 75//75
f 76//76 77//77 78//78
f 79//79 80//80 81//81
f 82//82 83//83 84//84
f 85//85 86//86 87//87
f 88//88 89//89 90//90
f 91//91 92//92 93//93
f 94//94 95//95 96//96
f 97//97 98//98 99//99
f 100//100 101//101 102//102
f 103//103 104//104 105//105
f 106//106 107//107 108//108
f 109//109 110//110 111//111
f 112//112 113//113 114//114
f 115//115 116//116 117//117
f 118//118 119//119 120//120
f 121//121 122//122 123//123
f 124//124 125//125 126//126
f 127//127 128//128 129//129
f 130//130 131//131 132//132
f 133//133 134//134 135//135
f 136//136 137//137 138//138
f 139//139 140//140 141//141
f 142//142 143//143 144//144
f 145//145 146//146 147//147
f 148//148 149//149 150//150
f 151//151 152//152 153//153
f 154//154 155//155 156//156
f 157//157 158//158 159//159
f 160//160 161//161 162//162
f 163//163 164//164 165//165
f 166//166 167//167 168//168
f 169//169 170//170 171//171
f 172//172 173//173 174//174
f 175//175 176//176 177//177
f 178//178 179//179 180//180
f 181//181 182//182 183//183
f 184//184 185//185 186//186
f 187//187 188//188 189//189
f 190//190 191//191 192//192
f 193//193 194//194 195//195
f 196//196 197//197 198//198
f 199//199 200//200 201//201
f 202//202 203//203 204//204
f 205//205 206//206 207//207
f 208//208 209//209 210//210
f 211//211 212//212 213//213
f 214//214 215//215 216//216
f 217//217 218//218 219//219
f 220//220 221//221 222//222
f 223//223 224//224 225//225
f 226//226 227//227 228//228
f 229//229 230//230 231//231
f 232//232 233//233 234//234
f 235//235 236//236 237//237
f 238//238 239//239 240//240
f 241//241 242//242 243//243
f 244//244 245//245 246//246
f 247//247 248//248 249//249
f 250//250 251//251 252//252
f 253//253 254//254 255//255
f 256//256 257//257 258//258
f 259//259 260//260 261//261
f 262//262 263//263 264//264
f 265//265 266//266 267//267
f 268//268 269//269 270//270
f 271//271 272//272 273//273
f 274//274 275//275 276//276
f 277//277 278//278 279//279
f 280//280 281//281 282//282
f 283//283 284//284 285//285
f 286//286 287//287 288//288
f 289//289 290//290 291//291
f 292//292 293//293 294//294
f 295//295 296//296 297//297
f 298//298 299//299 300//300
f 301//301 302//302 303//303
f 304//304 305//305 306//306
f 307//307 308//308 309//309
f 310//310 311//311 312//312
f 313//313 314//314 315//315
f 316//316 317//317 318//318
f 319//319 320//320 321//321
f 322//322 323//323 324//324
f 325//325 326//326 327//327
f 328//328 329//329 330//330
f 331//331 332//332 333//333
f 334//334 335//335 336//336
f 337//337 338//338 339//339
f 340//340 341//341 342//342
f 343//343 344//344 345//345
f 346//346 347//347 348//348
f 349//349 350//350 351//351
f 352//352 353//353 354//354
f 355//355 356//356 357//357
f 358//358 359//359 360//360
f 361//361 362//362 363//363
f 364//364 365//365 366//366
f 367//367 368//368 369//369
f 370//370 371//371 372//372
f 373//373 374//374 375//375
f 376//376 377//377 378//378
f 379//379 380//380 381//381
f 382//382 383//383 384//384
f 385//385 386//386 387//387
f 388//388 389//389 390//390
f 391//391 392//392 393//393
f 394//394 395//395 396//396
f 397//397 398//398 399//399
f 400//400 401//401 402//402
f 403//403 404//404 405//405
f 406//406 407//407 408//408
f 409//409 410//410 411//411
f 412//412 413//413 414//414
f 415//415 416//416 417//417
f 418//418 419//419 420//420
f 421//421 422//422 423//423
f 424//424 425//425 426//426
f 427//427 428//428 429//429
f 430//430 431//431 432//432
f 433//433 434//434 435//435
f 436//436 437//437 438//438
f 439//439 440//440 441//441
f 442//442 443//443 444//444
f 445//445 446//446 447//447
f 448//448 449//449 450//450
f 451//451 452//452 453//453
f 454//454 455//455 456//456
f 457//457 458//458 459//459
f 460//460 461//461 462//462
f 463//463 464//464 465//465
f 466//466 467//467 468//468
f 469//469 470//470 471//471
f 472//472 473//473 474//474
f 475//475 476//476 477//477
f 478//478 479//479 480//480
f 481//481 482//482 483//483
f 484//484 485//485 486//486
f 487//487 488//488 489//489
f 490//490 491//491 492//492
f 493//493 494//494 495//495
f 496//496 497//497 498//498
f 499//499 500//500 501//501
f 502//502 503//503 504//504
f 505//505 506//506 507//507
f 508//508 509//509 510//510
f 511//511 512//512 513//513
f 514//514 515//515 516//516
f 517//517 518//518 519//519
f 520//520 521//521 522//522
f 523//523 524//524 525//525
f 526//526 527//527 528//528
f 529//529 530//530 531//531
f 532//532 533//533 534//534
f 535//535 536//536 537//537
f 538//538 539//539 540//540
f 541//541 542//542 543//543
f 544//544 545//545 546//546
f 547//547 548//548 549//549
f 550//550 551//551 552//552
f 553//553 554//554 555//555
f 556//556 557//557 558//558
f 559//559 560//560 561//561
f 562//562 563//563 564//564
f 565//565 566//566 567//567
f 568//568 569//569 570//570
f 571//571 572//572 573//573
f 574//574 575//575 576//576
f 577//577 578//578 579//579
f 580//580 581//581 582//582
f 583//583 584//584 585//585
f 586//586 587//587 588//588
f 589//589 590//590 591//591
f 592//592 593//593 594//594
f 595//595 596//596 597//597
f 598//598 599//599 600//600
f 601//601 602//602 603//603
f 604//604 605//605 606//606
f 607//607 608//608 609//609
f 610//610 611//611 612//612
f 613//613 614//614 615//615
f 616//616 617//617 618//618
f 619//619 620//620 621//621
f 622//622 623//623 624//624
f 625//625 626//626 627//627
f 628//628 629//629 630//630
f 631//631 632//632 633//633
f 634//634 635//635 636//636
f 637//637 638//638 639//639
f 640//640 641//641 642//642
f 643//643 644//644 645//645
f 646//646 647//647 648//648
f 649//649 650//650 651//651
f 652//652 653//653 654//654
f 655//655 656//656 657//657
f 658//658 659//659 660//660
f 661//661 662//662 663//663
f 664//664 665//665 666//666
f 667//667 668//668 669//669
f 670//670 671//671 672//672
f 673//673 674//674 675//675
f 676//676 677//677 678//678
f 679//679 680//680 681//681
f 682//682 683//683 684//684
f 685//685 686//686 687//687
f 688//688 689//689 690//690
f 691//691 692//692 693//693
f 694//694 695//695 696//696
f 697//697 698//698 699//699
f 700//700 701//701 702//702
f 703//703 704//704 705//705
f 706//706 707//707 708//708
f 709//709 710//710 711//711
f 712//712 713//713 714//714
f 715//715 716//716 717//717
f 718//718 719//719 720//720
f 721//721 722//722 723//723
f 724//724 725//725 726//726
f 727//727 728//728 729//729
f 730//730 731//731 732//732
f 733//733 734//734 735//735
f 736//736 737//737 738//738
f 739//739 740//740 741//741
f 742//742 743//743 744//744
f 745//745 746//746 747//747
f 748//748 749//749 750//750
f 751//751 752//752 753//753
f 754//754 755//755 756//756
f 757//757 758//758 759//759
f 760//760 761//761 762//762
f 763//763 764//764 765//765
f 766//766 767//767 768//768
f 769//769 770//770 771//771
f 772//772 773//773 774//774
f 775//775 776//776 777//777
f 778//778 779//779 780//780
f 781//781 782//782 783//783
f 784//784 785//785 786//786
f 787//787 788//788 789//789
f 790//790 791//791 792//792
f 793//793 794//794 795//795
f 796//796 797//797 798//798
f 799//799 800//800 801//801
f 802//802 803//803 804//804
f 805//805 806//806 807//807
f 808//808 809//809 810//810
f 811//811 812//812 813//813
f 814//814 815//815 816//816
f 817//817 818//818 819//819
f 820//820 821//821 822//822
f 823//823 824//824 825//825
f 826//826 827//827 828//828
f 829//829 830//830 831//831
f 832//832 833//833 834//834
f 835//835 836//836 837//837
f 838//838 839//839 840//840
f 841//841 842//842 843//843
f 844//844 845//845 846//846
f 847//847 848//848 849//849
f 850//850 851//851 852//852
f 853//853 854//854 855//855
f 856//856 857//857 858//858
f 859//859 860//860 861//861
f 862//862 863//863 864//864
f 865//865 866//866 867//867
f 868//868 869//869 870//870
f 871//871 872//872 873//873
f 874//874 875//875 876//876
f 877//877 878//878 879//879
f 880//880 881//881 882//882
f 883//883 884//884 885//885
f 886//886 887//887 888//888
f 889//889 890//890 891//891
f 892//892 893//893 894//894
f 895//895 896//896 897//897
f 898//898 899//899 900//900
f 901//901 902//902 903//903
f 904//904 905//905 906//906
f 907//907 908//908 909//909
f 910//910 911//911 912//912
f 913//913 914//914 915//915
f 916//916 917//917 918//918
f 919//919 920//920 921//921
f 922//922 923//923 924//924
f 925//925 926//926 927//927
f 928//928 929//929 930//930
f 931//931 932//932 933//933
f 934//934 935//935 936//936
f 937//937 938//938 939//939
f 940//940 941//941 942//942
f 943//943 944//944 945//945
f 946//946 947//947 948//948
f 949//949 950//950 951//951
f 952//952 953//953 954//954
f 955//955 956//956 957//957
f 958//958 959//959 960//960
f 961//961 962//962 963//963
f 964//964 965//965 966//966
f 967//967 968//968 969//969
f 970//970 971//971 972//972
f 973//973 974//974 975//975
f 976//976 977//977 978//978
f 979//979 980//980 981//981
f 982//982 983//983 984//984
f 985//985 986//986 987//987
f 988//988 989//989 990//990
f 991//991 992//992 993//993
f 994//994 995//995 996//996
f 997//997 998//998 999//999
f 1000//1000 1001//1001 1002//1002
f 1003//1003 1004//1004 1005//1005
f 1006//1006 1007//1007 1008//1008
f 1009//1009 1010//1010 1011//1011
f 1012//1012 1013//1013 1014//1014
f 1015//1015 1016//1016 1017//1017
f 1018//1018 1019//1019 1020//1020
f 1021//1021 1022//1022 1023//1023
f 1024//1024 1025//1025 1026//1026
f 1027//1027 1028//1028 1029//1029
f 1030//1030 1031//1031 1032//1032
f 1033//1033 1034//1034 1035//1035
f 1036//1036 1037//1037 1038//1038
f 1039//1039 1040//1040 1041//1041
f 1042//1042 1043//1043 1044//1044
f 1045//1045 1046//1046 1047//1047
f 1048//1048 1049//1049 1050//1050
f 1051//1051 1052//1052 1053//1053
f 1054//1054 1055//1055 1056//1056
f 1057//1057 1058//1058 1059//1059
f 1060//1060 1061//1061 1062//1062
f 1063//1063 1064//1064 1065//1065
f 1066//1066 1067//1067 1068//1068
f 1069//1069 1070//1070 1071//1071
f 1072//1072 1073//1073 1074//1074
f 1075//1075 1076//1076 1077//1077
f 1078//1078 1079//1079 1080//1080
f 1081//1081 1082//1082 1083//1083
f 1084//1084 1085//1085 1086//1086
f 1087//1087 1088//1088 1089//1089
f 1090//1090 1091//1091 1092//1092
f 1093//1093 1094//1094 1095//1095
f 1096//1096 1097//1097 1098//1098
f 1099//1099 1100//1100 1101//1101
f 1102//1102 1103//1103 1104//1104
f 1105//1105 1106//1106 1107//1107
f 1108//1108 1109//1109 1110//1110
f 1111//1111 1112//1112 1113//1113
f 1114//1114 1115//1115 1116//1116
f 1117//1117 1118//1118 1119//1119
f 1120//1120 1121//1121 1122//1122
f 1123//1123 1124//1124 1125//1125
f 1126//1126 1127//1127 1128//1128
f 1129//1129 1130//1130 1131//1131
f 1132//1132 1133//1133 1134//1134
f 1135//1135 1136//1136 1137//1137
f 1138//1138 1139//1139 1140//1140
f 1141//1141 1142//1142 1143//1143
f 1144//1144 1145//1145 1146//1146
f 1147//1147 1148//1148 1149//1149
f 1150//1150 1151//1151 1152//1152
f 1153//1153 1154//1154 1155//1155
f 1156//1156 1157//1157 1158//1158
f 1159//1159 1160//1160 1161//1161
f 1162//1162 1163//1163 1164//1164
f 1165//1165 1166//1166 1167//1167
f 1168//1168 1169//1169 1170//1170
f 1171//1171 1172//1172 1173//1173
f 1174//1174 1175//1175 1176//1176
f 1177//1177 1178//1178 1179//1179
f 1180//1180 1181//1181 1182//1182
f 1183//1183 1184//1184 1185//1185
f 1186//1186 1187//1187 1188//1188
f 1189//1189 1190//1190 1191//1191
f 1192//1192 1193//1193 1194//1194
f 1195//1195 1196//1196 1197//1197
f 1198//1198 1199//1199 1200//1200
f 1201//1201 1202//1202 1203//1203
f 1204//1204 1205//1205 1206//1206
f 1207//1207 1208//1208 1209//1209
f 1210//1210 1211//1211 1212//1212
f 1213//1213 1214//1214 1215//1215
f 1216//1216 1217//1217 1218//1218
f 1219//1219 1220//1220 1221//1221
f 1222//1222 1223//1223 1224//1224
f 1225//1225 1226//1226 1227//1227
f 1228//1228 1229//1229 1230//1230
f 1231//1231 1232//1232 1233//1233
f 1234//1234 1235//1235 1236//1236
f 1237//1237 1238//1238 1239//1239
f 1240//1240 1241//1241 1242//1242
f 1243//1243 1244//1244 1245//1245
f 1246//1246 1247//1247 1248//1248
f 1249//1249 1250//1250 1251//1251
f 1252//1252 1253//1253 1254//1254
f 1255//1255 1256//1256 1257//1257
f 1258//1258 1259//1259 1260//1260
f 1261//1261 1262//1262 1263//1263
f 1264//1264 1265//1265 1266//1266
f 1267//1267 1268//1268 1269//1269
f 1270//1270 1271//1271 1272//1272
f 1273//1273 1274//1274 1275//1275
f 1276//1276 1277//1277 1278//1278
f 1279//1279 1280//1280 1281//1281
f 1282//1282 1283//1283 1284//1284
f 1285//1285 1286//1286 1287//1287
f 1288//1288 1289//1289 1290//1290
f 1291//1291 1292//1292 1293//1293
f 1294//1294 1295//1295 1296//1296
o Mesh
usemtl material6
v -0.3254613779904749 1.5125391900248176e-16 -0.0678820013999939
v -0.30146144856237433 0.0678820013999939 8.313147785365065e-18
v -0.3254613779904749 1.346276283948353e-16 0.0678820013999939
v -0.30146144856237433 -0.0678820013999939 -8.313147785365065e-18
v -0.3254613779904749 1.5125391900248176e-16 -0.0678820013999939
v -0.3254613779904749 1.346276283948353e-16 0.0678820013999939
v -0.3254613779904749 1.346276283948353e-16 0.0678820013999939
v -0.30146144856237433 0.0678820013999939 8.313147785365065e-18
v -0.5574613713147547 1.7135258147272782e-16 0
v -0.5574613713147547 1.7135258147272782e-16 0
v -0.3254613779904749 1.5125391900248176e-16 -0.0678820013999939
v -0.30146144856237433 -0.0678820013999939 -8.313147785365065e-18
v -0.3254613779904749 1.346276283948353e-16 0.0678820013999939
v -0.5574613713147547 1.7135258147272782e-16 0
v -0.30146144856237433 -0.0678820013999939 -8.313147785365065e-18
v -0.5574613713147547 1.7135258147272782e-16 0
v -0.30146144856237433 0.0678820013999939 8.313147785365065e-18
v -0.3254613779904749 1.5125391900248176e-16 -0.0678820013999939
vn 0.942808966690297 -0.3333335451591613 -4.4366449990348994e-17
vn 0.942808966690297 -0.3333335451591613 -4.4366449990348994e-17
vn 0.942808966690297 -0.3333335451591613 -4.4366449990348994e-17
vn 0.942808966690297 0.3333335451591613 4.082157416421079e-17
vn 0.942808966690297 0.3333335451591613 4.082157416421079e-17
vn 0.942808966690297 0.3333335451591613 4.082157416421079e-17
vn -0.1927968762838964 0.7270849543890885 0.6589209615698902
vn -0.1927968762838964 0.7270849543890885 0.6589209615698902
vn -0.1927968762838964 0.7270849543890885 0.6589209615698902
vn -0.1927968762838964 -0.7270849543890885 -0.6589209615698902
vn -0.1927968762838964 -0.7270849543890885 -0.6589209615698902
vn -0.1927968762838964 -0.7270849543890885 -0.6589209615698902
vn -0.1927968762838964 -0.7270849543890885 0.6589209615698902
vn -0.1927968762838964 -0.7270849543890885 0.6589209615698902
vn -0.1927968762838964 -0.7270849543890885 0.6589209615698902
vn -0.1927968762838964 0.7270849543890885 -0.6589209615698902
vn -0.1927968762838964 0.7270849543890885 -0.6589209615698902
vn -0.1927968762838964 0.7270849543890885 -0.6589209615698902
f 1297//1297 1298//1298 1299//1299
f 1300//1300 1301//1301 1302//1302
f 1303//1303 1304//1304 1305//1305
f 1306//1306 1307//1307 1308//1308
f 1309//1309 1310//1310 1311//1311
f 1312//1312 1313//1313 1314//1314
o Mesh
usemtl material10
v 1.6500214264760595 0.2169319987297058 -0.0070119998417794704
v 1.576946459806977 0.16453500092029572 -0.0070119998417794704
v 1.576946459806977 0.16453500092029572 0.0070119998417794704
v 1.5684794412026983 0.14201399683952332 -0.0070119998417794704
v 1.576946459806977 0.16453500092029572 0.0070119998417794704
v 1.576946459806977 0.16453500092029572 -0.0070119998417794704
v 1.6500214264760595 0.2169319987297058 -0.0070119998417794704
v 1.576946459806977 0.16453500092029572 0.0070119998417794704
v 1.6500214264760595 0.2169319987297058 0.0070119998417794704
v 1.576946459806977 0.16453500092029572 0.0070119998417794704
v 1.5684794412026983 0.14201399683952332 -0.0070119998417794704
v 1.5684794412026983 0.14201399683952332 0.0070119998417794704
v 1.6500214264760595 0.2169319987297058 0.0070119998417794704
v 1.6402034685979467 0.17025499045848846 0.0070119998417794704
v 1.6500214264760595 0.2169319987297058 -0.0070119998417794704
v 1.5518764481912237 0.1457279920578003 -0.0070119998417794704
v 1.5684794412026983 0.14201399683952332 0.0070119998417794704
v 1.5684794412026983 0.14201399683952332 -0.0070119998417794704
v 1.6402034685979467 0.17025499045848846 -0.0070119998417794704
v 1.6500214264760595 0.2169319987297058 -0.0070119998417794704
v 1.6402034685979467 0.17025499045848846 0.0070119998417794704
v 1.5684794412026983 0.14201399683952332 0.0070119998417794704
v 1.5518764481912237 0.1457279920578003 -0.0070119998417794704
v 1.5518764481912237 0.1457279920578003 0.0070119998417794704
v 1.6402034685979467 0.17025499045848846 0.0070119998417794704
v 1.6182604358564001 0.12497799098491669 0.0070119998417794704
v 1.6402034685979467 0.17025499045848846 -0.0070119998417794704
v 1.5119634495149237 0.11398999392986298 -0.0070119998417794704
v 1.5518764481912237 0.1457279920578003 0.0070119998417794704
v 1.5518764481912237 0.1457279920578003 -0.0070119998417794704
v 1.6182604358564001 0.12497799098491669 -0.0070119998417794704
v 1.6402034685979467 0.17025499045848846 -0.0070119998417794704
v 1.6182604358564001 0.12497799098491669 0.0070119998417794704
v 1.5518764481912237 0.1457279920578003 0.0070119998417794704
v 1.5119634495149237 0.11398999392986298 -0.0070119998417794704
v 1.5119634495149237 0.11398999392986298 0.0070119998417794704
v 1.6182604358564001 0.12497799098491669 0.0070119998417794704
v 1.5919584558377844 0.09662499278783798 0.0070119998417794704
v 1.6182604358564001 0.12497799098491669 -0.0070119998417794704
v 1.5201174543271643 0.10538199543952942 -0.0070119998417794704
v 1.5119634495149237 0.11398999392986298 0.0070119998417794704
v 1.5119634495149237 0.11398999392986298 -0.0070119998417794704
v 1.5919584558377844 0.09662499278783798 -0.0070119998417794704
v 1.6182604358564001 0.12497799098491669 -0.0070119998417794704
v 1.5919584558377844 0.09662499278783798 0.0070119998417794704
v 1.5119634495149237 0.11398999392986298 0.0070119998417794704
v 1.5201174543271643 0.10538199543952942 -0.0070119998417794704
v 1.5201174543271643 0.10538199543952942 0.0070119998417794704
v 1.5919584558377844 0.09662499278783798 0.0070119998417794704
v 1.548515461481629 0.06356299668550491 0.0070119998417794704
v 1.5919584558377844 0.09662499278783798 -0.0070119998417794704
v 1.5065234527955633 0.10818999260663986 -0.0070119998417794704
v 1.5201174543271643 0.10538199543952942 0.0070119998417794704
v 1.5201174543271643 0.10538199543952942 -0.0070119998417794704
v 1.548515461481629 0.06356299668550491 -0.0070119998417794704
v 1.5919584558377844 0.09662499278783798 -0.0070119998417794704
v 1.548515461481629 0.06356299668550491 0.0070119998417794704
v 1.5201174543271643 0.10538199543952942 0.0070119998417794704
v 1.5065234527955633 0.10818999260663986 -0.0070119998417794704
v 1.5065234527955633 0.10818999260663986 0.0070119998417794704
v 1.548515461481629 0.06356299668550491 0.0070119998417794704
v 1.450535439051209 0.0317239947617054 0.0070119998417794704
v 1.548515461481629 0.06356299668550491 -0.0070119998417794704
v 1.4585354552636725 0.06997599452733994 -0.0070119998417794704
v 1.5065234527955633 0.10818999260663986 0.0070119998417794704
v 1.5065234527955633 0.10818999260663986 -0.0070119998417794704
v 1.450535439051209 0.0317239947617054 -0.0070119998417794704
v 1.548515461481629 0.06356299668550491 -0.0070119998417794704
v 1.450535439051209 0.0317239947617054 0.0070119998417794704
v 1.5065234527955633 0.10818999260663986 0.0070119998417794704
v 1.4585354552636725 0.06997599452733994 -0.0070119998417794704
v 1.4585354552636725 0.06997599452733994 0.0070119998417794704
v 1.450535439051209 0.0317239947617054 0.0070119998417794704
v 1.3614164517293554 0.01011799555271864 0.0070119998417794704
v 1.450535439051209 0.0317239947617054 -0.0070119998417794704
v 1.412511460579453 0.043383996933698654 -0.0070119998417794704
v 1.4585354552636725 0.06997599452733994 0.0070119998417794704
v 1.4585354552636725 0.06997599452733994 -0.0070119998417794704
v 1.3614164517293554 0.01011799555271864 -0.0070119998417794704
v 1.450535439051209 0.0317239947617054 -0.0070119998417794704
v 1.3614164517293554 0.01011799555271864 0.0070119998417794704
v 1.4585354552636725 0.06997599452733994 0.0070119998417794704
v 1.412511460579453 0.043383996933698654 -0.0070119998417794704
v 1.412511460579453 0.043383996933698654 0.0070119998417794704
v 1.3430904523501974 0.01011799555271864 0.0070119998417794704
v 1.3614164517293554 0.01011799555271864 -0.0070119998417794704
v 1.3614164517293554 0.01011799555271864 0.0070119998417794704
v 1.3430904523501974 0.01011799555271864 -0.0070119998417794704
v 1.412511460579453 0.043383996933698654 0.0070119998417794704
v 1.412511460579453 0.043383996933698654 -0.0070119998417794704
v 1.3614164517293554 0.01011799555271864 -0.0070119998417794704
v 1.3430904523501974 0.01011799555271864 0.0070119998417794704
v 1.3430904523501974 0.01011799555271864 -0.0070119998417794704
v 1.412511460579453 0.043383996933698654 0.0070119998417794704
v 1.3430904523501974 0.01011799555271864 -0.0070119998417794704
v 1.3430904523501974 0.01011799555271864 0.0070119998417794704
v 1.6500214264760595 -0.2169319987297058 -0.0070119998417794704
v 1.576946459806977 -0.16453500092029572 0.0070119998417794704
v 1.576946459806977 -0.16453500092029572 -0.0070119998417794704
v 1.5684794412026983 -0.1420140117406845 -0.0070119998417794704
v 1.576946459806977 -0.16453500092029572 -0.0070119998417794704
v 1.576946459806977 -0.16453500092029572 0.0070119998417794704
v 1.576946459806977 -0.16453500092029572 0.0070119998417794704
v 1.6500214264760595 -0.2169319987297058 -0.0070119998417794704
v 1.6500214264760595 -0.2169319987297058 0.0070119998417794704
v 1.5684794412026983 -0.1420140117406845 -0.0070119998417794704
v 1.576946459806977 -0.16453500092029572 0.0070119998417794704
v 1.5684794412026983 -0.1420140117406845 0.0070119998417794704
v 1.6500214264760595 -0.2169319987297058 -0.0070119998417794704
v 1.6402034685979467 -0.17025500535964966 0.0070119998417794704
v 1.6500214264760595 -0.2169319987297058 0.0070119998417794704
v 1.5518764481912237 -0.14572900533676147 -0.0070119998417794704
v 1.5684794412026983 -0.1420140117406845 -0.0070119998417794704
v 1.5684794412026983 -0.1420140117406845 0.0070119998417794704
v 1.6500214264760595 -0.2169319987297058 -0.0070119998417794704
v 1.6402034685979467 -0.17025500535964966 -0.0070119998417794704
v 1.6402034685979467 -0.17025500535964966 0.0070119998417794704
v 1.5518764481912237 -0.14572900533676147 -0.0070119998417794704
v 1.5684794412026983 -0.1420140117406845 0.0070119998417794704
v 1.5518764481912237 -0.14572900533676147 0.0070119998417794704
v 1.6402034685979467 -0.17025500535964966 -0.0070119998417794704
v 1.6182604358564001 -0.12497800588607788 0.0070119998417794704
v 1.6402034685979467 -0.17025500535964966 0.0070119998417794704
v 1.5119634495149237 -0.11399100720882416 -0.0070119998417794704
v 1.5518764481912237 -0.14572900533676147 -0.0070119998417794704
v 1.5518764481912237 -0.14572900533676147 0.0070119998417794704
v 1.6182604358564001 -0.12497800588607788 0.0070119998417794704
v 1.6402034685979467 -0.17025500535964966 -0.0070119998417794704
v 1.6182604358564001 -0.12497800588607788 -0.0070119998417794704
v 1.5119634495149237 -0.11399100720882416 -0.0070119998417794704
v 1.5518764481912237 -0.14572900533676147 0.0070119998417794704
v 1.5119634495149237 -0.11399100720882416 0.0070119998417794704
v 1.6182604358564001 -0.12497800588607788 -0.0070119998417794704
v 1.5919584558377844 -0.09662600606679916 0.0070119998417794704
v 1.6182604358564001 -0.12497800588607788 0.0070119998417794704
v 1.5201174543271643 -0.10538200289011002 -0.0070119998417794704
v 1.5119634495149237 -0.11399100720882416 -0.0070119998417794704
v 1.5119634495149237 -0.11399100720882416 0.0070119998417794704
v 1.5919584558377844 -0.09662600606679916 0.0070119998417794704
v 1.6182604358564001 -0.12497800588607788 -0.0070119998417794704
v 1.5919584558377844 -0.09662600606679916 -0.0070119998417794704
v 1.5201174543271643 -0.10538200289011002 -0.0070119998417794704
v 1.5119634495149237 -0.11399100720882416 0.0070119998417794704
v 1.5201174543271643 -0.10538200289011002 0.0070119998417794704
v 1.5919584558377844 -0.09662600606679916 -0.0070119998417794704
v 1.548515461481629 -0.06356300413608551 0.0070119998417794704
v 1.5919584558377844 -0.09662600606679916 0.0070119998417794704
v 1.5065234527955633 -0.10819000750780106 -0.0070119998417794704
v 1.5201174543271643 -0.10538200289011002 -0.0070119998417794704
v 1.5201174543271643 -0.10538200289011002 0.0070119998417794704
v 1.5919584558377844 -0.09662600606679916 -0.0070119998417794704
v 1.548515461481629 -0.06356300413608551 -0.0070119998417794704
v 1.548515461481629 -0.06356300413608551 0.0070119998417794704
v 1.5065234527955633 -0.10819000750780106 -0.0070119998417794704
v 1.5201174543271643 -0.10538200289011002 0.0070119998417794704
v 1.5065234527955633 -0.10819000750780106 0.0070119998417794704
v 1.548515461481629 -0.06356300413608551 -0.0070119998417794704
v 1.450535439051209 -0.03172500431537628 0.0070119998417794704
v 1.548515461481629 -0.06356300413608551 0.0070119998417794704
v 1.4585354552636725 -0.06997600197792053 -0.0070119998417794704
v 1.5065234527955633 -0.10819000750780106 -0.0070119998417794704
v 1.5065234527955633 -0.10819000750780106 0.0070119998417794704
v 1.548515461481629 -0.06356300413608551 -0.0070119998417794704
v 1.450535439051209 -0.03172500431537628 -0.0070119998417794704
v 1.450535439051209 -0.03172500431537628 0.0070119998417794704
v 1.4585354552636725 -0.06997600197792053 -0.0070119998417794704
v 1.5065234527955633 -0.10819000750780106 0.0070119998417794704
v 1.4585354552636725 -0.06997600197792053 0.0070119998417794704
v 1.450535439051209 -0.03172500431537628 -0.0070119998417794704
v 1.3614164517293554 -0.010118004865944386 0.0070119998417794704
v 1.450535439051209 -0.03172500431537628 0.0070119998417794704
v 1.412511460579453 -0.04338400438427925 -0.0070119998417794704
v 1.4585354552636725 -0.06997600197792053 -0.0070119998417794704
v 1.4585354552636725 -0.06997600197792053 0.0070119998417794704
v 1.450535439051209 -0.03172500431537628 -0.0070119998417794704
v 1.3614164517293554 -0.010118004865944386 -0.0070119998417794704
v 1.3614164517293554 -0.010118004865944386 0.0070119998417794704
v 1.412511460579453 -0.04338400438427925 -0.0070119998417794704
v 1.4585354552636725 -0.06997600197792053 0.0070119998417794704
v 1.412511460579453 -0.04338400438427925 0.0070119998417794704
v 1.3614164517293554 -0.010118004865944386 -0.0070119998417794704
v 1.3430904523501974 -0.010118004865944386 0.0070119998417794704
v 1.3614164517293554 -0.010118004865944386 0.0070119998417794704
v 1.3430904523501974 -0.010118004865944386 -0.0070119998417794704
v 1.412511460579453 -0.04338400438427925 -0.0070119998417794704
v 1.412511460579453 -0.04338400438427925 0.0070119998417794704
v 1.3614164517293554 -0.010118004865944386 -0.0070119998417794704
v 1.3430904523501974 -0.010118004865944386 -0.0070119998417794704
v 1.3430904523501974 -0.010118004865944386 0.0070119998417794704
v 1.3430904523501974 -0.010118004865944386 -0.0070119998417794704
v 1.412511460579453 -0.04338400438427925 0.0070119998417794704
v 1.3430904523501974 -0.010118004865944386 0.0070119998417794704
v 1.576946459806977 0.007010995410382748 -0.16453500092029572
v 1.6500214264760595 0.00701199471950531 -0.2169319987297058
v 1.6500214264760595 -0.007012004964053631 -0.2169319987297058
v 1.6500214264760595 0.00701199471950531 -0.2169319987297058
v 1.6402034685979467 0.007010995410382748 -0.17025500535964966
v 1.6500214264760595 -0.007012004964053631 -0.2169319987297058
v 1.576946459806977 0.007010995410382748 -0.16453500092029572
v 1.6500214264760595 -0.007012004964053631 -0.2169319987297058
v 1.576946459806977 -0.007012004964053631 -0.16453500092029572
v 1.6500214264760595 -0.007012004964053631 -0.2169319987297058
v 1.6402034685979467 0.007010995410382748 -0.17025500535964966
v 1.6402034685979467 -0.007012004964053631 -0.17025500535964966
v 1.5684794412026983 -0.007012004964053631 -0.14201399683952332
v 1.576946459806977 0.007010995410382748 -0.16453500092029572
v 1.576946459806977 -0.007012004964053631 -0.16453500092029572
v 1.6402034685979467 0.007010995410382748 -0.17025500535964966
v 1.6182604358564001 0.007010995410382748 -0.12497799843549728
v 1.6402034685979467 -0.007012004964053631 -0.17025500535964966
v 1.576946459806977 0.007010995410382748 -0.16453500092029572
v 1.5684794412026983 -0.007012004964053631 -0.14201399683952332
v 1.5684794412026983 0.007010995410382748 -0.14201399683952332
v 1.6402034685979467 -0.007012004964053631 -0.17025500535964966
v 1.6182604358564001 0.007010995410382748 -0.12497799843549728
v 1.6182604358564001 -0.007012004964053631 -0.12497799843549728
v 1.5684794412026983 0.007010995410382748 -0.14201399683952332
v 1.5684794412026983 -0.007012004964053631 -0.14201399683952332
v 1.5518764481912237 -0.007012004964053631 -0.14572900533676147
v 1.6182604358564001 0.007010995410382748 -0.12497799843549728
v 1.5919584558377844 0.007010995410382748 -0.09662599861621857
v 1.6182604358564001 -0.007012004964053631 -0.12497799843549728
v 1.5518764481912237 0.007010995410382748 -0.14572900533676147
v 1.5684794412026983 0.007010995410382748 -0.14201399683952332
v 1.5518764481912237 -0.007012004964053631 -0.14572900533676147
v 1.6182604358564001 -0.007012004964053631 -0.12497799843549728
v 1.5919584558377844 0.007010995410382748 -0.09662599861621857
v 1.5919584558377844 -0.007012004964053631 -0.09662599861621857
v 1.5518764481912237 -0.007012004964053631 -0.14572900533676147
v 1.5119634495149237 -0.007012004964053631 -0.11399000138044357
v 1.5518764481912237 0.007010995410382748 -0.14572900533676147
v 1.5919584558377844 0.007010995410382748 -0.09662599861621857
v 1.548515461481629 0.007010995410382748 -0.06356299668550491
v 1.5919584558377844 -0.007012004964053631 -0.09662599861621857
v 1.5119634495149237 0.007010995410382748 -0.11399000138044357
v 1.5518764481912237 0.007010995410382748 -0.14572900533676147
v 1.5119634495149237 -0.007012004964053631 -0.11399000138044357
v 1.548515461481629 -0.007012004964053631 -0.06356299668550491
v 1.5919584558377844 -0.007012004964053631 -0.09662599861621857
v 1.548515461481629 0.007010995410382748 -0.06356299668550491
v 1.5119634495149237 -0.007012004964053631 -0.11399000138044357
v 1.5201174543271643 -0.007012004964053631 -0.10538200289011002
v 1.5119634495149237 0.007010995410382748 -0.11399000138044357
v 1.548515461481629 0.007010995410382748 -0.06356299668550491
v 1.450535439051209 0.007010995410382748 -0.0317239984869957
v 1.548515461481629 -0.007012004964053631 -0.06356299668550491
v 1.5119634495149237 0.007010995410382748 -0.11399000138044357
v 1.5201174543271643 -0.007012004964053631 -0.10538200289011002
v 1.5201174543271643 0.007010995410382748 -0.10538200289011002
v 1.450535439051209 -0.007012004964053631 -0.0317239984869957
v 1.548515461481629 -0.007012004964053631 -0.06356299668550491
v 1.450535439051209 0.007010995410382748 -0.0317239984869957
v 1.5201174543271643 0.007010995410382748 -0.10538200289011002
v 1.5201174543271643 -0.007012004964053631 -0.10538200289011002
v 1.5065234527955633 -0.007012004964053631 -0.10819000005722046
v 1.450535439051209 0.007010995410382748 -0.0317239984869957
v 1.3614164517293554 0.007010995410382748 -0.010118000209331512
v 1.450535439051209 -0.007012004964053631 -0.0317239984869957
v 1.5065234527955633 0.007010995410382748 -0.10819000005722046
v 1.5201174543271643 0.007010995410382748 -0.10538200289011002
v 1.5065234527955633 -0.007012004964053631 -0.10819000005722046
v 1.3614164517293554 -0.007012004964053631 -0.010118000209331512
v 1.450535439051209 -0.007012004964053631 -0.0317239984869957
v 1.3614164517293554 0.007010995410382748 -0.010118000209331512
v 1.5065234527955633 -0.007012004964053631 -0.10819000005722046
v 1.4585354552636725 -0.007012004964053631 -0.06997600197792053
v 1.5065234527955633 0.007010995410382748 -0.10819000005722046
v 1.3430904523501974 0.007010995410382748 -0.010118000209331512
v 1.3614164517293554 -0.007012004964053631 -0.010118000209331512
v 1.3614164517293554 0.007010995410382748 -0.010118000209331512
v 1.4585354552636725 0.007010995410382748 -0.06997600197792053
v 1.5065234527955633 0.007010995410382748 -0.10819000005722046
v 1.4585354552636725 -0.007012004964053631 -0.06997600197792053
v 1.3614164517293554 -0.007012004964053631 -0.010118000209331512
v 1.3430904523501974 0.007010995410382748 -0.010118000209331512
v 1.3430904523501974 -0.007012004964053631 -0.010118000209331512
v 1.4585354552636725 -0.007012004964053631 -0.06997600197792053
v 1.412511460579453 -0.007012004964053631 -0.04338400065898895
v 1.4585354552636725 0.007010995410382748 -0.06997600197792053
v 1.3430904523501974 0.007010995410382748 -0.010118000209331512
v 1.412511460579453 0.007010995410382748 -0.04338400065898895
v 1.3430904523501974 -0.007012004964053631 -0.010118000209331512
v 1.412511460579453 0.007010995410382748 -0.04338400065898895
v 1.4585354552636725 0.007010995410382748 -0.06997600197792053
v 1.412511460579453 -0.007012004964053631 -0.04338400065898895
v 1.412511460579453 -0.007012004964053631 -0.04338400065898895
v 1.3430904523501974 -0.007012004964053631 -0.010118000209331512
v 1.412511460579453 0.007010995410382748 -0.04338400065898895
v 1.6500214264760595 -0.007012004964053631 0.2169319987297058
v 1.576946459806977 0.00701199471950531 0.16453500092029572
v 1.576946459806977 -0.007012004964053631 0.16453500092029572
v 1.576946459806977 0.00701199471950531 0.16453500092029572
v 1.5684794412026983 -0.007012004964053631 0.14201399683952332
v 1.576946459806977 -0.007012004964053631 0.16453500092029572
v 1.576946459806977 0.00701199471950531 0.16453500092029572
v 1.6500214264760595 -0.007012004964053631 0.2169319987297058
v 1.6500214264760595 0.00701199471950531 0.2169319987297058
v 1.5684794412026983 -0.007012004964053631 0.14201399683952332
v 1.576946459806977 0.00701199471950531 0.16453500092029572
v 1.5684794412026983 0.00701199471950531 0.14201399683952332
v 1.6500214264760595 -0.007012004964053631 0.2169319987297058
v 1.6402034685979467 0.00701199471950531 0.17025500535964966
v 1.6500214264760595 0.00701199471950531 0.2169319987297058
v 1.5518764481912237 -0.007012004964053631 0.14572900533676147
v 1.5684794412026983 -0.007012004964053631 0.14201399683952332
v 1.5684794412026983 0.00701199471950531 0.14201399683952332
v 1.6402034685979467 0.00701199471950531 0.17025500535964966
v 1.6500214264760595 -0.007012004964053631 0.2169319987297058
v 1.6402034685979467 -0.007012004964053631 0.17025500535964966
v 1.5518764481912237 -0.007012004964053631 0.14572900533676147
v 1.5684794412026983 0.00701199471950531 0.14201399683952332
v 1.5518764481912237 0.00701199471950531 0.14572900533676147
v 1.6402034685979467 -0.007012004964053631 0.17025500535964966
v 1.6182604358564001 0.007010995410382748 0.12497799843549728
v 1.6402034685979467 0.00701199471950531 0.17025500535964966
v 1.5119634495149237 0.007010995410382748 0.11399000138044357
v 1.5518764481912237 -0.007012004964053631 0.14572900533676147
v 1.5518764481912237 0.00701199471950531 0.14572900533676147
v 1.6182604358564001 0.007010995410382748 0.12497799843549728
v 1.6402034685979467 -0.007012004964053631 0.17025500535964966
v 1.6182604358564001 -0.007012004964053631 0.12497799843549728
v 1.5518764481912237 -0.007012004964053631 0.14572900533676147
v 1.5119634495149237 0.007010995410382748 0.11399000138044357
v 1.5119634495149237 -0.007012004964053631 0.11399000138044357
v 1.6182604358564001 -0.007012004964053631 0.12497799843549728
v 1.5919584558377844 0.007010995410382748 0.09662599861621857
v 1.6182604358564001 0.007010995410382748 0.12497799843549728
v 1.5119634495149237 0.007010995410382748 0.11399000138044357
v 1.5201174543271643 -0.007012004964053631 0.10538200289011002
v 1.5119634495149237 -0.007012004964053631 0.11399000138044357
v 1.5919584558377844 0.007010995410382748 0.09662599861621857
v 1.6182604358564001 -0.007012004964053631 0.12497799843549728
v 1.5919584558377844 -0.007012004964053631 0.09662599861621857
v 1.5201174543271643 -0.007012004964053631 0.10538200289011002
v 1.5119634495149237 0.007010995410382748 0.11399000138044357
v 1.5201174543271643 0.007010995410382748 0.10538200289011002
v 1.548515461481629 0.007010995410382748 0.06356299668550491
v 1.5919584558377844 0.007010995410382748 0.09662599861621857
v 1.5919584558377844 -0.007012004964053631 0.09662599861621857
v 1.5065234527955633 -0.007012004964053631 0.10819000005722046
v 1.5201174543271643 -0.007012004964053631 0.10538200289011002
v 1.5201174543271643 0.007010995410382748 0.10538200289011002
v 1.548515461481629 0.007010995410382748 0.06356299668550491
v 1.5919584558377844 -0.007012004964053631 0.09662599861621857
v 1.548515461481629 -0.007012004964053631 0.06356299668550491
v 1.5065234527955633 -0.007012004964053631 0.10819000005722046
v 1.5201174543271643 0.007010995410382748 0.10538200289011002
v 1.5065234527955633 0.007010995410382748 0.10819000005722046
v 1.450535439051209 0.007010995410382748 0.0317239984869957
v 1.548515461481629 0.007010995410382748 0.06356299668550491
v 1.548515461481629 -0.007012004964053631 0.06356299668550491
v 1.4585354552636725 -0.007012004964053631 0.06997600197792053
v 1.5065234527955633 -0.007012004964053631 0.10819000005722046
v 1.5065234527955633 0.007010995410382748 0.10819000005722046
v 1.450535439051209 0.007010995410382748 0.0317239984869957
v 1.548515461481629 -0.007012004964053631 0.06356299668550491
v 1.450535439051209 -0.007012004964053631 0.0317239984869957
v 1.4585354552636725 -0.007012004964053631 0.06997600197792053
v 1.5065234527955633 0.007010995410382748 0.10819000005722046
v 1.4585354552636725 0.007010995410382748 0.06997600197792053
v 1.3614164517293554 0.007010995410382748 0.010118000209331512
v 1.450535439051209 0.007010995410382748 0.0317239984869957
v 1.450535439051209 -0.007012004964053631 0.0317239984869957
v 1.412511460579453 -0.007012004964053631 0.04338400065898895
v 1.4585354552636725 -0.007012004964053631 0.06997600197792053
v 1.4585354552636725 0.007010995410382748 0.06997600197792053
v 1.3614164517293554 0.007010995410382748 0.010118000209331512
v 1.450535439051209 -0.007012004964053631 0.0317239984869957
v 1.3614164517293554 -0.007012004964053631 0.010118000209331512
v 1.412511460579453 -0.007012004964053631 0.04338400065898895
v 1.4585354552636725 0.007010995410382748 0.06997600197792053
v 1.412511460579453 0.007010995410382748 0.04338400065898895
v 1.3614164517293554 0.007010995410382748 0.010118000209331512
v 1.3614164517293554 -0.007012004964053631 0.010118000209331512
v 1.3430904523501974 0.007010995410382748 0.010118000209331512
v 1.3430904523501974 -0.007012004964053631 0.010118000209331512
v 1.412511460579453 -0.007012004964053631 0.04338400065898895
v 1.412511460579453 0.007010995410382748 0.04338400065898895
v 1.3430904523501974 0.007010995410382748 0.010118000209331512
v 1.3614164517293554 -0.007012004964053631 0.010118000209331512
v 1.3430904523501974 -0.007012004964053631 0.010118000209331512
v 1.3430904523501974 -0.007012004964053631 0.010118000209331512
v 1.412511460579453 0.007010995410382748 0.04338400065898895
v 1.3430904523501974 0.007010995410382748 0.010118000209331512
v 1.4117574618230444 0.10237399488687515 -0.004869000054895878
v 1.3815464601884466 0.08045599609613419 -0.004869000054895878
v 1.3815464601884466 0.08045599609613419 0.004869000054895878
v 1.348314456738053 0.07385699450969696 -0.004869000054895878
v 1.3815464601884466 0.08045599609613419 0.004869000054895878
v 1.3815464601884466 0.08045599609613419 -0.004869000054895878
v 1.4117574618230444 0.10237399488687515 -0.004869000054895878
v 1.3815464601884466 0.08045599609613419 0.004869000054895878
v 1.4117574618230444 0.10237399488687515 0.004869000054895878
v 1.3815464601884466 0.08045599609613419 0.004869000054895878
v 1.348314456738053 0.07385699450969696 -0.004869000054895878
v 1.348314456738053 0.07385699450969696 0.004869000054895878
v 1.4117574618230444 0.10237399488687515 0.004869000054895878
v 1.4304724560151678 0.1275399923324585 0.004869000054895878
v 1.4117574618230444 0.10237399488687515 -0.004869000054895878
v 1.3279584572682959 0.043637994676828384 -0.004869000054895878
v 1.348314456738053 0.07385699450969696 0.004869000054895878
v 1.348314456738053 0.07385699450969696 -0.004869000054895878
v 1.4304724560151678 0.1275399923324585 -0.004869000054895878
v 1.4117574618230444 0.10237399488687515 -0.004869000054895878
v 1.4304724560151678 0.1275399923324585 0.004869000054895878
v 1.348314456738053 0.07385699450969696 0.004869000054895878
v 1.3279584572682959 0.043637994676828384 -0.004869000054895878
v 1.3279584572682959 0.043637994676828384 0.004869000054895878
v 1.4304724560151678 0.1275399923324585 0.004869000054895878
v 1.444775454796372 0.15105000138282776 0.004869000054895878
v 1.4304724560151678 0.1275399923324585 -0.004869000054895878
v 1.2943444476495367 0.01011799555271864 -0.004869000054895878
v 1.3279584572682959 0.043637994676828384 0.004869000054895878
v 1.3279584572682959 0.043637994676828384 -0.004869000054895878
v 1.444775454796372 0.15105000138282776 -0.004869000054895878
v 1.4304724560151678 0.1275399923324585 -0.004869000054895878
v 1.444775454796372 0.15105000138282776 0.004869000054895878
v 1.3279584572682959 0.043637994676828384 0.004869000054895878
v 1.2943444476495367 0.01011799555271864 -0.004869000054895878
v 1.2943444476495367 0.01011799555271864 0.004869000054895878
v 1.444775454796372 0.15105000138282776 0.004869000054895878
v 1.468393437660752 0.11416599154472351 0.004869000054895878
v 1.444775454796372 0.15105000138282776 -0.004869000054895878
v 1.2943444476495367 0.01011799555271864 -0.004869000054895878
v 1.331923447645722 0.01011799555271864 -0.004869000054895878
v 1.2943444476495367 0.01011799555271864 0.004869000054895878
v 1.468393437660752 0.11416599154472351 -0.004869000054895878
v 1.444775454796372 0.15105000138282776 -0.004869000054895878
v 1.468393437660752 0.11416599154472351 0.004869000054895878
v 1.331923447645722 0.01011799555271864 0.004869000054895878
v 1.2943444476495367 0.01011799555271864 0.004869000054895878
v 1.331923447645722 0.01011799555271864 -0.004869000054895878
v 1.468393437660752 0.11416599154472351 0.004869000054895878
v 1.4158474431405645 0.07140899449586868 0.004869000054895878
v 1.468393437660752 0.11416599154472351 -0.004869000054895878
v 1.331923447645722 0.01011799555271864 -0.004869000054895878
v 1.3479444609056097 0.027668995782732964 -0.004869000054895878
v 1.331923447645722 0.01011799555271864 0.004869000054895878
v 1.4158474431405645 0.07140899449586868 -0.004869000054895878
v 1.468393437660752 0.11416599154472351 -0.004869000054895878
v 1.4158474431405645 0.07140899449586868 0.004869000054895878
v 1.3479444609056097 0.027668995782732964 0.004869000054895878
v 1.331923447645722 0.01011799555271864 0.004869000054895878
v 1.3479444609056097 0.027668995782732964 -0.004869000054895878
v 1.3479444609056097 0.027668995782732964 -0.004869000054895878
v 1.4158474431405645 0.07140899449586868 -0.004869000054895878
v 1.3479444609056097 0.027668995782732964 0.004869000054895878
v 1.4158474431405645 0.07140899449586868 0.004869000054895878
v 1.3479444609056097 0.027668995782732964 0.004869000054895878
v 1.4158474431405645 0.07140899449586868 -0.004869000054895878
v 1.3815464601884466 0.004868995398283005 -0.08045600354671478
v 1.4117574618230444 0.004868995398283005 -0.10237400233745575
v 1.4117574618230444 -0.004869004711508751 -0.10237400233745575
v 1.4304724560151678 0.004868995398283005 -0.1275400072336197
v 1.4117574618230444 -0.004869004711508751 -0.10237400233745575
v 1.4117574618230444 0.004868995398283005 -0.10237400233745575
v 1.3815464601884466 0.004868995398283005 -0.08045600354671478
v 1.4117574618230444 -0.004869004711508751 -0.10237400233745575
v 1.3815464601884466 -0.004869004711508751 -0.08045600354671478
v 1.4304724560151678 -0.004869004711508751 -0.1275400072336197
v 1.4117574618230444 -0.004869004711508751 -0.10237400233745575
v 1.4304724560151678 0.004868995398283005 -0.1275400072336197
v 1.3815464601884466 -0.004869004711508751 -0.08045600354671478
v 1.348314456738053 -0.004869004711508751 -0.07385700196027756
v 1.3815464601884466 0.004868995398283005 -0.08045600354671478
v 1.444775454796372 0.004868995398283005 -0.15105000138282776
v 1.4304724560151678 -0.004869004711508751 -0.1275400072336197
v 1.4304724560151678 0.004868995398283005 -0.1275400072336197
v 1.348314456738053 0.004868995398283005 -0.07385700196027756
v 1.3815464601884466 0.004868995398283005 -0.08045600354671478
v 1.348314456738053 -0.004869004711508751 -0.07385700196027756
v 1.444775454796372 -0.004869004711508751 -0.15105000138282776
v 1.4304724560151678 -0.004869004711508751 -0.1275400072336197
v 1.444775454796372 0.004868995398283005 -0.15105000138282776
v 1.3279584572682959 -0.004869004711508751 -0.04363799840211868
v 1.348314456738053 0.004868995398283005 -0.07385700196027756
v 1.348314456738053 -0.004869004711508751 -0.07385700196027756
v 1.468393437660752 0.004868995398283005 -0.11416599899530411
v 1.444775454796372 -0.004869004711508751 -0.15105000138282776
v 1.444775454796372 0.004868995398283005 -0.15105000138282776
v 1.348314456738053 0.004868995398283005 -0.07385700196027756
v 1.3279584572682959 -0.004869004711508751 -0.04363799840211868
v 1.3279584572682959 0.004868995398283005 -0.04363799840211868
v 1.444775454796372 -0.004869004711508751 -0.15105000138282776
v 1.468393437660752 0.004868995398283005 -0.11416599899530411
v 1.468393437660752 -0.004869004711508751 -0.11416599899530411
v 1.3279584572682959 -0.004869004711508751 -0.04363799840211868
v 1.2943444476495367 -0.004869004711508751 -0.010118000209331512
v 1.3279584572682959 0.004868995398283005 -0.04363799840211868
v 1.468393437660752 0.004868995398283005 -0.11416599899530411
v 1.4158474431405645 0.004868995398283005 -0.07140900194644928
v 1.468393437660752 -0.004869004711508751 -0.11416599899530411
v 1.2943444476495367 0.004868995398283005 -0.010118000209331512
v 1.3279584572682959 0.004868995398283005 -0.04363799840211868
v 1.2943444476495367 -0.004869004711508751 -0.010118000209331512
v 1.4158474431405645 -0.004869004711508751 -0.07140900194644928
v 1.468393437660752 -0.004869004711508751 -0.11416599899530411
v 1.4158474431405645 0.004868995398283005 -0.07140900194644928
v 1.2943444476495367 -0.004869004711508751 -0.010118000209331512
v 1.331923447645722 -0.004869004711508751 -0.010118000209331512
v 1.2943444476495367 0.004868995398283005 -0.010118000209331512
v 1.4158474431405645 0.004868995398283005 -0.07140900194644928
v 1.3479444609056097 0.004868995398283005 -0.027668999508023262
v 1.4158474431405645 -0.004869004711508751 -0.07140900194644928
v 1.331923447645722 0.004868995398283005 -0.010118000209331512
v 1.2943444476495367 0.004868995398283005 -0.010118000209331512
v 1.331923447645722 -0.004869004711508751 -0.010118000209331512
v 1.3479444609056097 -0.004869004711508751 -0.027668999508023262
v 1.4158474431405645 -0.004869004711508751 -0.07140900194644928
v 1.3479444609056097 0.004868995398283005 -0.027668999508023262
v 1.3479444609056097 0.004868995398283005 -0.027668999508023262
v 1.331923447645722 0.004868995398283005 -0.010118000209331512
v 1.3479444609056097 -0.004869004711508751 -0.027668999508023262
v 1.3479444609056097 -0.004869004711508751 -0.027668999508023262
v 1.331923447645722 0.004868995398283005 -0.010118000209331512
v 1.331923447645722 -0.004869004711508751 -0.010118000209331512
v 1.5919584558377844 -0.09662600606679916 0.0070119998417794704
v 1.5201174543271643 -0.10538200289011002 0.0070119998417794704
v 1.5684794412026983 -0.1420140117406845 0.0070119998417794704
v 1.5919584558377844 -0.09662600606679916 0.0070119998417794704
v 1.5684794412026983 -0.1420140117406845 0.0070119998417794704
v 1.6182604358564001 -0.12497800588607788 0.0070119998417794704
v 1.5201174543271643 -0.10538200289011002 0.0070119998417794704
v 1.5518764481912237 -0.14572900533676147 0.0070119998417794704
v 1.5684794412026983 -0.1420140117406845 0.0070119998417794704
v 1.5518764481912237 -0.14572900533676147 0.0070119998417794704
v 1.5201174543271643 -0.10538200289011002 0.0070119998417794704
v 1.5119634495149237 -0.11399100720882416 0.0070119998417794704
v 1.576946459806977 -0.16453500092029572 0.0070119998417794704
v 1.6182604358564001 -0.12497800588607788 0.0070119998417794704
v 1.5684794412026983 -0.1420140117406845 0.0070119998417794704
v 1.6182604358564001 -0.12497800588607788 0.0070119998417794704
v 1.576946459806977 -0.16453500092029572 0.0070119998417794704
v 1.6402034685979467 -0.17025500535964966 0.0070119998417794704
v 1.6402034685979467 -0.17025500535964966 0.0070119998417794704
v 1.576946459806977 -0.16453500092029572 0.0070119998417794704
v 1.6500214264760595 -0.2169319987297058 0.0070119998417794704
v 1.5201174543271643 -0.10538200289011002 0.0070119998417794704
v 1.5919584558377844 -0.09662600606679916 0.0070119998417794704
v 1.548515461481629 -0.06356300413608551 0.0070119998417794704
v 1.548515461481629 -0.06356300413608551 0.0070119998417794704
v 1.5065234527955633 -0.10819000750780106 0.0070119998417794704
v 1.5201174543271643 -0.10538200289011002 0.0070119998417794704
v 1.5065234527955633 -0.10819000750780106 0.0070119998417794704
v 1.548515461481629 -0.06356300413608551 0.0070119998417794704
v 1.4585354552636725 -0.06997600197792053 0.0070119998417794704
v 1.4585354552636725 -0.06997600197792053 0.0070119998417794704
v 1.548515461481629 -0.06356300413608551 0.0070119998417794704
v 1.450535439051209 -0.03172500431537628 0.0070119998417794704
v 1.450535439051209 -0.03172500431537628 0.0070119998417794704
v 1.412511460579453 -0.04338400438427925 0.0070119998417794704
v 1.4585354552636725 -0.06997600197792053 0.0070119998417794704
v 1.412511460579453 -0.04338400438427925 0.0070119998417794704
v 1.450535439051209 -0.03172500431537628 0.0070119998417794704
v 1.3614164517293554 -0.010118004865944386 0.0070119998417794704
v 1.3614164517293554 -0.010118004865944386 0.0070119998417794704
v 1.3430904523501974 -0.010118004865944386 0.0070119998417794704
v 1.412511460579453 -0.04338400438427925 0.0070119998417794704
v 1.3614164517293554 -0.010118004865944386 -0.0070119998417794704
v 1.450535439051209 -0.03172500431537628 -0.0070119998417794704
v 1.412511460579453 -0.04338400438427925 -0.0070119998417794704
v 1.412511460579453 -0.04338400438427925 -0.0070119998417794704
v 1.3430904523501974 -0.010118004865944386 -0.0070119998417794704
v 1.3614164517293554 -0.010118004865944386 -0.0070119998417794704
v 1.4585354552636725 -0.06997600197792053 -0.0070119998417794704
v 1.412511460579453 -0.04338400438427925 -0.0070119998417794704
v 1.450535439051209 -0.03172500431537628 -0.0070119998417794704
v 1.548515461481629 -0.06356300413608551 -0.0070119998417794704
v 1.4585354552636725 -0.06997600197792053 -0.0070119998417794704
v 1.450535439051209 -0.03172500431537628 -0.0070119998417794704
v 1.548515461481629 -0.06356300413608551 -0.0070119998417794704
v 1.5065234527955633 -0.10819000750780106 -0.0070119998417794704
v 1.4585354552636725 -0.06997600197792053 -0.0070119998417794704
v 1.5065234527955633 -0.10819000750780106 -0.0070119998417794704
v 1.548515461481629 -0.06356300413608551 -0.0070119998417794704
v 1.5201174543271643 -0.10538200289011002 -0.0070119998417794704
v 1.5919584558377844 -0.09662600606679916 -0.0070119998417794704
v 1.5201174543271643 -0.10538200289011002 -0.0070119998417794704
v 1.548515461481629 -0.06356300413608551 -0.0070119998417794704
v 1.5201174543271643 -0.10538200289011002 -0.0070119998417794704
v 1.5919584558377844 -0.09662600606679916 -0.0070119998417794704
v 1.5684794412026983 -0.1420140117406845 -0.0070119998417794704
v 1.6182604358564001 -0.12497800588607788 -0.0070119998417794704
v 1.5684794412026983 -0.1420140117406845 -0.0070119998417794704
v 1.5919584558377844 -0.09662600606679916 -0.0070119998417794704
v 1.5684794412026983 -0.1420140117406845 -0.0070119998417794704
v 1.5518764481912237 -0.14572900533676147 -0.0070119998417794704
v 1.5201174543271643 -0.10538200289011002 -0.0070119998417794704
v 1.5201174543271643 -0.10538200289011002 -0.0070119998417794704
v 1.5518764481912237 -0.14572900533676147 -0.0070119998417794704
v 1.5119634495149237 -0.11399100720882416 -0.0070119998417794704
v 1.6182604358564001 -0.12497800588607788 -0.0070119998417794704
v 1.576946459806977 -0.16453500092029572 -0.0070119998417794704
v 1.5684794412026983 -0.1420140117406845 -0.0070119998417794704
v 1.576946459806977 -0.16453500092029572 -0.0070119998417794704
v 1.6182604358564001 -0.12497800588607788 -0.0070119998417794704
v 1.6402034685979467 -0.17025500535964966 -0.0070119998417794704
v 1.576946459806977 -0.16453500092029572 -0.0070119998417794704
v 1.6402034685979467 -0.17025500535964966 -0.0070119998417794704
v 1.6500214264760595 -0.2169319987297058 -0.0070119998417794704
v 1.5201174543271643 0.10538199543952942 0.0070119998417794704
v 1.5518764481912237 0.1457279920578003 0.0070119998417794704
v 1.5119634495149237 0.11398999392986298 0.0070119998417794704
v 1.5518764481912237 0.1457279920578003 0.0070119998417794704
v 1.5201174543271643 0.10538199543952942 0.0070119998417794704
v 1.5684794412026983 0.14201399683952332 0.0070119998417794704
v 1.5201174543271643 0.10538199543952942 0.0070119998417794704
v 1.5919584558377844 0.09662499278783798 0.0070119998417794704
v 1.5684794412026983 0.14201399683952332 0.0070119998417794704
v 1.6182604358564001 0.12497799098491669 0.0070119998417794704
v 1.5684794412026983 0.14201399683952332 0.0070119998417794704
v 1.5919584558377844 0.09662499278783798 0.0070119998417794704
v 1.5919584558377844 0.09662499278783798 0.0070119998417794704
v 1.5201174543271643 0.10538199543952942 0.0070119998417794704
v 1.548515461481629 0.06356299668550491 0.0070119998417794704
v 1.5684794412026983 0.14201399683952332 0.0070119998417794704
v 1.6182604358564001 0.12497799098491669 0.0070119998417794704
v 1.576946459806977 0.16453500092029572 0.0070119998417794704
v 1.6402034685979467 0.17025499045848846 0.0070119998417794704
v 1.576946459806977 0.16453500092029572 0.0070119998417794704
v 1.6182604358564001 0.12497799098491669 0.0070119998417794704
v 1.576946459806977 0.16453500092029572 0.0070119998417794704
v 1.6402034685979467 0.17025499045848846 0.0070119998417794704
v 1.6500214264760595 0.2169319987297058 0.0070119998417794704
v 1.5065234527955633 0.10818999260663986 0.0070119998417794704
v 1.548515461481629 0.06356299668550491 0.0070119998417794704
v 1.5201174543271643 0.10538199543952942 0.0070119998417794704
v 1.548515461481629 0.06356299668550491 0.0070119998417794704
v 1.5065234527955633 0.10818999260663986 0.0070119998417794704
v 1.4585354552636725 0.06997599452733994 0.0070119998417794704
v 1.548515461481629 0.06356299668550491 0.0070119998417794704
v 1.4585354552636725 0.06997599452733994 0.0070119998417794704
v 1.450535439051209 0.0317239947617054 0.0070119998417794704
v 1.4585354552636725 0.06997599452733994 0.0070119998417794704
v 1.412511460579453 0.043383996933698654 0.0070119998417794704
v 1.450535439051209 0.0317239947617054 0.0070119998417794704
v 1.412511460579453 0.043383996933698654 0.0070119998417794704
v 1.3614164517293554 0.01011799555271864 0.0070119998417794704
v 1.450535439051209 0.0317239947617054 0.0070119998417794704
v 1.3614164517293554 0.01011799555271864 0.0070119998417794704
v 1.412511460579453 0.043383996933698654 0.0070119998417794704
v 1.3430904523501974 0.01011799555271864 0.0070119998417794704
v 1.5201174543271643 0.10538199543952942 -0.0070119998417794704
v 1.5684794412026983 0.14201399683952332 -0.0070119998417794704
v 1.5919584558377844 0.09662499278783798 -0.0070119998417794704
v 1.5684794412026983 0.14201399683952332 -0.0070119998417794704
v 1.6182604358564001 0.12497799098491669 -0.0070119998417794704
v 1.5919584558377844 0.09662499278783798 -0.0070119998417794704
v 1.5684794412026983 0.14201399683952332 -0.0070119998417794704
v 1.5201174543271643 0.10538199543952942 -0.0070119998417794704
v 1.5518764481912237 0.1457279920578003 -0.0070119998417794704
v 1.5518764481912237 0.1457279920578003 -0.0070119998417794704
v 1.5201174543271643 0.10538199543952942 -0.0070119998417794704
v 1.5119634495149237 0.11398999392986298 -0.0070119998417794704
v 1.6182604358564001 0.12497799098491669 -0.0070119998417794704
v 1.5684794412026983 0.14201399683952332 -0.0070119998417794704
v 1.576946459806977 0.16453500092029572 -0.0070119998417794704
v 1.6182604358564001 0.12497799098491669 -0.0070119998417794704
v 1.576946459806977 0.16453500092029572 -0.0070119998417794704
v 1.6402034685979467 0.17025499045848846 -0.0070119998417794704
v 1.576946459806977 0.16453500092029572 -0.0070119998417794704
v 1.6500214264760595 0.2169319987297058 -0.0070119998417794704
v 1.6402034685979467 0.17025499045848846 -0.0070119998417794704
v 1.5919584558377844 0.09662499278783798 -0.0070119998417794704
v 1.548515461481629 0.06356299668550491 -0.0070119998417794704
v 1.5201174543271643 0.10538199543952942 -0.0070119998417794704
v 1.548515461481629 0.06356299668550491 -0.0070119998417794704
v 1.5065234527955633 0.10818999260663986 -0.0070119998417794704
v 1.5201174543271643 0.10538199543952942 -0.0070119998417794704
v 1.548515461481629 0.06356299668550491 -0.0070119998417794704
v 1.4585354552636725 0.06997599452733994 -0.0070119998417794704
v 1.5065234527955633 0.10818999260663986 -0.0070119998417794704
v 1.4585354552636725 0.06997599452733994 -0.0070119998417794704
v 1.548515461481629 0.06356299668550491 -0.0070119998417794704
v 1.450535439051209 0.0317239947617054 -0.0070119998417794704
v 1.450535439051209 0.0317239947617054 -0.0070119998417794704
v 1.412511460579453 0.043383996933698654 -0.0070119998417794704
v 1.4585354552636725 0.06997599452733994 -0.0070119998417794704
v 1.450535439051209 0.0317239947617054 -0.0070119998417794704
v 1.3614164517293554 0.01011799555271864 -0.0070119998417794704
v 1.412511460579453 0.043383996933698654 -0.0070119998417794704
v 1.3430904523501974 0.01011799555271864 -0.0070119998417794704
v 1.412511460579453 0.043383996933698654 -0.0070119998417794704
v 1.3614164517293554 0.01011799555271864 -0.0070119998417794704
v 1.6402034685979467 0.00701199471950531 0.17025500535964966
v 1.576946459806977 0.00701199471950531 0.16453500092029572
v 1.6500214264760595 0.00701199471950531 0.2169319987297058
v 1.6182604358564001 0.007010995410382748 0.12497799843549728
v 1.576946459806977 0.00701199471950531 0.16453500092029572
v 1.6402034685979467 0.00701199471950531 0.17025500535964966
v 1.576946459806977 0.00701199471950531 0.16453500092029572
v 1.6182604358564001 0.007010995410382748 0.12497799843549728
v 1.5684794412026983 0.00701199471950531 0.14201399683952332
v 1.5919584558377844 0.007010995410382748 0.09662599861621857
v 1.5684794412026983 0.00701199471950531 0.14201399683952332
v 1.6182604358564001 0.007010995410382748 0.12497799843549728
v 1.5919584558377844 0.007010995410382748 0.09662599861621857
v 1.5201174543271643 0.007010995410382748 0.10538200289011002
v 1.5684794412026983 0.00701199471950531 0.14201399683952332
v 1.5201174543271643 0.007010995410382748 0.10538200289011002
v 1.5518764481912237 0.00701199471950531 0.14572900533676147
v 1.5684794412026983 0.00701199471950531 0.14201399683952332
v 1.5518764481912237 0.00701199471950531 0.14572900533676147
v 1.5201174543271643 0.007010995410382748 0.10538200289011002
v 1.5119634495149237 0.007010995410382748 0.11399000138044357
v 1.5201174543271643 0.007010995410382748 0.10538200289011002
v 1.5919584558377844 0.007010995410382748 0.09662599861621857
v 1.548515461481629 0.007010995410382748 0.06356299668550491
v 1.548515461481629 0.007010995410382748 0.06356299668550491
v 1.5065234527955633 0.007010995410382748 0.10819000005722046
v 1.5201174543271643 0.007010995410382748 0.10538200289011002
v 1.5065234527955633 0.007010995410382748 0.10819000005722046
v 1.548515461481629 0.007010995410382748 0.06356299668550491
v 1.4585354552636725 0.007010995410382748 0.06997600197792053
v 1.548515461481629 0.007010995410382748 0.06356299668550491
v 1.450535439051209 0.007010995410382748 0.0317239984869957
v 1.4585354552636725 0.007010995410382748 0.06997600197792053
v 1.450535439051209 0.007010995410382748 0.0317239984869957
v 1.412511460579453 0.007010995410382748 0.04338400065898895
v 1.4585354552636725 0.007010995410382748 0.06997600197792053
v 1.412511460579453 0.007010995410382748 0.04338400065898895
v 1.450535439051209 0.007010995410382748 0.0317239984869957
v 1.3614164517293554 0.007010995410382748 0.010118000209331512
v 1.3614164517293554 0.007010995410382748 0.010118000209331512
v 1.3430904523501974 0.007010995410382748 0.010118000209331512
v 1.412511460579453 0.007010995410382748 0.04338400065898895
v 1.3614164517293554 -0.007012004964053631 0.010118000209331512
v 1.450535439051209 -0.007012004964053631 0.0317239984869957
v 1.412511460579453 -0.007012004964053631 0.04338400065898895
v 1.412511460579453 -0.007012004964053631 0.04338400065898895
v 1.3430904523501974 -0.007012004964053631 0.010118000209331512
v 1.3614164517293554 -0.007012004964053631 0.010118000209331512
v 1.4585354552636725 -0.007012004964053631 0.06997600197792053
v 1.412511460579453 -0.007012004964053631 0.04338400065898895
v 1.450535439051209 -0.007012004964053631 0.0317239984869957
v 1.548515461481629 -0.007012004964053631 0.06356299668550491
v 1.4585354552636725 -0.007012004964053631 0.06997600197792053
v 1.450535439051209 -0.007012004964053631 0.0317239984869957
v 1.548515461481629 -0.007012004964053631 0.06356299668550491
v 1.5065234527955633 -0.007012004964053631 0.10819000005722046
v 1.4585354552636725 -0.007012004964053631 0.06997600197792053
v 1.5065234527955633 -0.007012004964053631 0.10819000005722046
v 1.548515461481629 -0.007012004964053631 0.06356299668550491
v 1.5201174543271643 -0.007012004964053631 0.10538200289011002
v 1.5919584558377844 -0.007012004964053631 0.09662599861621857
v 1.5201174543271643 -0.007012004964053631 0.10538200289011002
v 1.548515461481629 -0.007012004964053631 0.06356299668550491
v 1.5201174543271643 -0.007012004964053631 0.10538200289011002
v 1.5919584558377844 -0.007012004964053631 0.09662599861621857
v 1.5684794412026983 -0.007012004964053631 0.14201399683952332
v 1.6182604358564001 -0.007012004964053631 0.12497799843549728
v 1.5684794412026983 -0.007012004964053631 0.14201399683952332
v 1.5919584558377844 -0.007012004964053631 0.09662599861621857
v 1.5684794412026983 -0.007012004964053631 0.14201399683952332
v 1.5518764481912237 -0.007012004964053631 0.14572900533676147
v 1.5201174543271643 -0.007012004964053631 0.10538200289011002
v 1.5201174543271643 -0.007012004964053631 0.10538200289011002
v 1.5518764481912237 -0.007012004964053631 0.14572900533676147
v 1.5119634495149237 -0.007012004964053631 0.11399000138044357
v 1.6182604358564001 -0.007012004964053631 0.12497799843549728
v 1.576946459806977 -0.007012004964053631 0.16453500092029572
v 1.5684794412026983 -0.007012004964053631 0.14201399683952332
v 1.576946459806977 -0.007012004964053631 0.16453500092029572
v 1.6182604358564001 -0.007012004964053631 0.12497799843549728
v 1.6402034685979467 -0.007012004964053631 0.17025500535964966
v 1.576946459806977 -0.007012004964053631 0.16453500092029572
v 1.6402034685979467 -0.007012004964053631 0.17025500535964966
v 1.6500214264760595 -0.007012004964053631 0.2169319987297058
v 1.5201174543271643 0.007010995410382748 -0.10538200289011002
v 1.5518764481912237 0.007010995410382748 -0.14572900533676147
v 1.5119634495149237 0.007010995410382748 -0.11399000138044357
v 1.5518764481912237 0.007010995410382748 -0.14572900533676147
v 1.5201174543271643 0.007010995410382748 -0.10538200289011002
v 1.5684794412026983 0.007010995410382748 -0.14201399683952332
v 1.5201174543271643 0.007010995410382748 -0.10538200289011002
v 1.5919584558377844 0.007010995410382748 -0.09662599861621857
v 1.5684794412026983 0.007010995410382748 -0.14201399683952332
v 1.6182604358564001 0.007010995410382748 -0.12497799843549728
v 1.5684794412026983 0.007010995410382748 -0.14201399683952332
v 1.5919584558377844 0.007010995410382748 -0.09662599861621857
v 1.5919584558377844 0.007010995410382748 -0.09662599861621857
v 1.5201174543271643 0.007010995410382748 -0.10538200289011002
v 1.548515461481629 0.007010995410382748 -0.06356299668550491
v 1.5684794412026983 0.007010995410382748 -0.14201399683952332
v 1.6182604358564001 0.007010995410382748 -0.12497799843549728
v 1.576946459806977 0.007010995410382748 -0.16453500092029572
v 1.6402034685979467 0.007010995410382748 -0.17025500535964966
v 1.576946459806977 0.007010995410382748 -0.16453500092029572
v 1.6182604358564001 0.007010995410382748 -0.12497799843549728
v 1.576946459806977 0.007010995410382748 -0.16453500092029572
v 1.6402034685979467 0.007010995410382748 -0.17025500535964966
v 1.6500214264760595 0.00701199471950531 -0.2169319987297058
v 1.5065234527955633 0.007010995410382748 -0.10819000005722046
v 1.548515461481629 0.007010995410382748 -0.06356299668550491
v 1.5201174543271643 0.007010995410382748 -0.10538200289011002
v 1.548515461481629 0.007010995410382748 -0.06356299668550491
v 1.5065234527955633 0.007010995410382748 -0.10819000005722046
v 1.4585354552636725 0.007010995410382748 -0.06997600197792053
v 1.548515461481629 0.007010995410382748 -0.06356299668550491
v 1.4585354552636725 0.007010995410382748 -0.06997600197792053
v 1.450535439051209 0.007010995410382748 -0.0317239984869957
v 1.450535439051209 0.007010995410382748 -0.0317239984869957
v 1.4585354552636725 0.007010995410382748 -0.06997600197792053
v 1.412511460579453 0.007010995410382748 -0.04338400065898895
v 1.412511460579453 0.007010995410382748 -0.04338400065898895
v 1.3614164517293554 0.007010995410382748 -0.010118000209331512
v 1.450535439051209 0.007010995410382748 -0.0317239984869957
v 1.3614164517293554 0.007010995410382748 -0.010118000209331512
v 1.412511460579453 0.007010995410382748 -0.04338400065898895
v 1.3430904523501974 0.007010995410382748 -0.010118000209331512
v 1.5201174543271643 -0.007012004964053631 -0.10538200289011002
v 1.5684794412026983 -0.007012004964053631 -0.14201399683952332
v 1.5919584558377844 -0.007012004964053631 -0.09662599861621857
v 1.5684794412026983 -0.007012004964053631 -0.14201399683952332
v 1.6182604358564001 -0.007012004964053631 -0.12497799843549728
v 1.5919584558377844 -0.007012004964053631 -0.09662599861621857
v 1.5684794412026983 -0.007012004964053631 -0.14201399683952332
v 1.5201174543271643 -0.007012004964053631 -0.10538200289011002
v 1.5518764481912237 -0.007012004964053631 -0.14572900533676147
v 1.5518764481912237 -0.007012004964053631 -0.14572900533676147
v 1.5201174543271643 -0.007012004964053631 -0.10538200289011002
v 1.5119634495149237 -0.007012004964053631 -0.11399000138044357
v 1.6182604358564001 -0.007012004964053631 -0.12497799843549728
v 1.5684794412026983 -0.007012004964053631 -0.14201399683952332
v 1.576946459806977 -0.007012004964053631 -0.16453500092029572
v 1.6182604358564001 -0.007012004964053631 -0.12497799843549728
v 1.576946459806977 -0.007012004964053631 -0.16453500092029572
v 1.6402034685979467 -0.007012004964053631 -0.17025500535964966
v 1.576946459806977 -0.007012004964053631 -0.16453500092029572
v 1.6500214264760595 -0.007012004964053631 -0.2169319987297058
v 1.6402034685979467 -0.007012004964053631 -0.17025500535964966
v 1.5919584558377844 -0.007012004964053631 -0.09662599861621857
v 1.548515461481629 -0.007012004964053631 -0.06356299668550491
v 1.5201174543271643 -0.007012004964053631 -0.10538200289011002
v 1.548515461481629 -0.007012004964053631 -0.06356299668550491
v 1.5065234527955633 -0.007012004964053631 -0.10819000005722046
v 1.5201174543271643 -0.007012004964053631 -0.10538200289011002
v 1.548515461481629 -0.007012004964053631 -0.06356299668550491
v 1.4585354552636725 -0.007012004964053631 -0.06997600197792053
v 1.5065234527955633 -0.007012004964053631 -0.10819000005722046
v 1.4585354552636725 -0.007012004964053631 -0.06997600197792053
v 1.548515461481629 -0.007012004964053631 -0.06356299668550491
v 1.450535439051209 -0.007012004964053631 -0.0317239984869957
v 1.450535439051209 -0.007012004964053631 -0.0317239984869957
v 1.412511460579453 -0.007012004964053631 -0.04338400065898895
v 1.4585354552636725 -0.007012004964053631 -0.06997600197792053
v 1.450535439051209 -0.007012004964053631 -0.0317239984869957
v 1.3614164517293554 -0.007012004964053631 -0.010118000209331512
v 1.412511460579453 -0.007012004964053631 -0.04338400065898895
v 1.3430904523501974 -0.007012004964053631 -0.010118000209331512
v 1.412511460579453 -0.007012004964053631 -0.04338400065898895
v 1.3614164517293554 -0.007012004964053631 -0.010118000209331512
v 1.4117574618230444 -0.10237400233745575 0.004869000054895878
v 1.468393437660752 -0.1141660064458847 0.004869000054895878
v 1.4158474431405645 -0.07140900194644928 0.004869000054895878
v 1.468393437660752 -0.1141660064458847 0.004869000054895878
v 1.4117574618230444 -0.10237400233745575 0.004869000054895878
v 1.4304724560151678 -0.1275400072336197 0.004869000054895878
v 1.468393437660752 -0.1141660064458847 0.004869000054895878
v 1.4304724560151678 -0.1275400072336197 0.004869000054895878
v 1.444775454796372 -0.15105000138282776 0.004869000054895878
v 1.4158474431405645 -0.07140900194644928 0.004869000054895878
v 1.3815464601884466 -0.08045600354671478 0.004869000054895878
v 1.4117574618230444 -0.10237400233745575 0.004869000054895878
v 1.3479444609056097 -0.02766900509595871 0.004869000054895878
v 1.3815464601884466 -0.08045600354671478 0.004869000054895878
v 1.4158474431405645 -0.07140900194644928 0.004869000054895878
v 1.3815464601884466 -0.08045600354671478 0.004869000054895878
v 1.3479444609056097 -0.02766900509595871 0.004869000054895878
v 1.348314456738053 -0.07385700196027756 0.004869000054895878
v 1.348314456738053 -0.07385700196027756 0.004869000054895878
v 1.3479444609056097 -0.02766900509595871 0.004869000054895878
v 1.3279584572682959 -0.04363800585269928 0.004869000054895878
v 1.331923447645722 -0.010118004865944386 0.004869000054895878
v 1.3279584572682959 -0.04363800585269928 0.004869000054895878
v 1.3479444609056097 -0.02766900509595871 0.004869000054895878
v 1.3279584572682959 -0.04363800585269928 0.004869000054895878
v 1.331923447645722 -0.010118004865944386 0.004869000054895878
v 1.2943444476495367 -0.010118004865944386 0.004869000054895878
v 1.4158474431405645 -0.07140900194644928 -0.004869000054895878
v 1.3815464601884466 -0.08045600354671478 -0.004869000054895878
v 1.3479444609056097 -0.02766900509595871 -0.004869000054895878
v 1.348314456738053 -0.07385700196027756 -0.004869000054895878
v 1.3479444609056097 -0.02766900509595871 -0.004869000054895878
v 1.3815464601884466 -0.08045600354671478 -0.004869000054895878
v 1.3815464601884466 -0.08045600354671478 -0.004869000054895878
v 1.4158474431405645 -0.07140900194644928 -0.004869000054895878
v 1.4117574618230444 -0.10237400233745575 -0.004869000054895878
v 1.3479444609056097 -0.02766900509595871 -0.004869000054895878
v 1.348314456738053 -0.07385700196027756 -0.004869000054895878
v 1.3279584572682959 -0.04363800585269928 -0.004869000054895878
v 1.3479444609056097 -0.02766900509595871 -0.004869000054895878
v 1.3279584572682959 -0.04363800585269928 -0.004869000054895878
v 1.331923447645722 -0.010118004865944386 -0.004869000054895878
v 1.3279584572682959 -0.04363800585269928 -0.004869000054895878
v 1.2943444476495367 -0.010118004865944386 -0.004869000054895878
v 1.331923447645722 -0.010118004865944386 -0.004869000054895878
v 1.468393437660752 -0.1141660064458847 -0.004869000054895878
v 1.4117574618230444 -0.10237400233745575 -0.004869000054895878
v 1.4158474431405645 -0.07140900194644928 -0.004869000054895878
v 1.4117574618230444 -0.10237400233745575 -0.004869000054895878
v 1.468393437660752 -0.1141660064458847 -0.004869000054895878
v 1.4304724560151678 -0.1275400072336197 -0.004869000054895878
v 1.468393437660752 -0.1141660064458847 -0.004869000054895878
v 1.444775454796372 -0.15105000138282776 -0.004869000054895878
v 1.4304724560151678 -0.1275400072336197 -0.004869000054895878
v 1.4158474431405645 0.07140899449586868 0.004869000054895878
v 1.3815464601884466 0.08045599609613419 0.004869000054895878
v 1.3479444609056097 0.027668995782732964 0.004869000054895878
v 1.3479444609056097 0.027668995782732964 0.004869000054895878
v 1.3815464601884466 0.08045599609613419 0.004869000054895878
v 1.348314456738053 0.07385699450969696 0.004869000054895878
v 1.3815464601884466 0.08045599609613419 0.004869000054895878
v 1.4158474431405645 0.07140899449586868 0.004869000054895878
v 1.4117574618230444 0.10237399488687515 0.004869000054895878
v 1.3479444609056097 0.027668995782732964 0.004869000054895878
v 1.348314456738053 0.07385699450969696 0.004869000054895878
v 1.3279584572682959 0.043637994676828384 0.004869000054895878
v 1.3279584572682959 0.043637994676828384 0.004869000054895878
v 1.331923447645722 0.01011799555271864 0.004869000054895878
v 1.3479444609056097 0.027668995782732964 0.004869000054895878
v 1.331923447645722 0.01011799555271864 0.004869000054895878
v 1.3279584572682959 0.043637994676828384 0.004869000054895878
v 1.2943444476495367 0.01011799555271864 0.004869000054895878
v 1.4117574618230444 0.10237399488687515 0.004869000054895878
v 1.4158474431405645 0.07140899449586868 0.004869000054895878
v 1.468393437660752 0.11416599154472351 0.004869000054895878
v 1.4117574618230444 0.10237399488687515 0.004869000054895878
v 1.468393437660752 0.11416599154472351 0.004869000054895878
v 1.4304724560151678 0.1275399923324585 0.004869000054895878
v 1.468393437660752 0.11416599154472351 0.004869000054895878
v 1.444775454796372 0.15105000138282776 0.004869000054895878
v 1.4304724560151678 0.1275399923324585 0.004869000054895878
v 1.331923447645722 0.01011799555271864 -0.004869000054895878
v 1.3279584572682959 0.043637994676828384 -0.004869000054895878
v 1.3479444609056097 0.027668995782732964 -0.004869000054895878
v 1.3279584572682959 0.043637994676828384 -0.004869000054895878
v 1.331923447645722 0.01011799555271864 -0.004869000054895878
v 1.2943444476495367 0.01011799555271864 -0.004869000054895878
v 1.348314456738053 0.07385699450969696 -0.004869000054895878
v 1.3479444609056097 0.027668995782732964 -0.004869000054895878
v 1.3279584572682959 0.043637994676828384 -0.004869000054895878
v 1.3479444609056097 0.027668995782732964 -0.004869000054895878
v 1.348314456738053 0.07385699450969696 -0.004869000054895878
v 1.3815464601884466 0.08045599609613419 -0.004869000054895878
v 1.3815464601884466 0.08045599609613419 -0.004869000054895878
v 1.4158474431405645 0.07140899449586868 -0.004869000054895878
v 1.3479444609056097 0.027668995782732964 -0.004869000054895878
v 1.4117574618230444 0.10237399488687515 -0.004869000054895878
v 1.4158474431405645 0.07140899449586868 -0.004869000054895878
v 1.3815464601884466 0.08045599609613419 -0.004869000054895878
v 1.4158474431405645 0.07140899449586868 -0.004869000054895878
v 1.4117574618230444 0.10237399488687515 -0.004869000054895878
v 1.468393437660752 0.11416599154472351 -0.004869000054895878
v 1.468393437660752 0.11416599154472351 -0.004869000054895878
v 1.4117574618230444 0.10237399488687515 -0.004869000054895878
v 1.4304724560151678 0.1275399923324585 -0.004869000054895878
v 1.4304724560151678 0.1275399923324585 -0.004869000054895878
v 1.444775454796372 0.15105000138282776 -0.004869000054895878
v 1.468393437660752 0.11416599154472351 -0.004869000054895878
v 1.3815464601884466 0.004868995398283005 0.08045600354671478
v 1.3479444609056097 0.004868995398283005 0.027668999508023262
v 1.348314456738053 0.004868995398283005 0.07385700196027756
v 1.348314456738053 0.004868995398283005 0.07385700196027756
v 1.3479444609056097 0.004868995398283005 0.027668999508023262
v 1.3279584572682959 0.004868995398283005 0.04363799840211868
v 1.331923447645722 0.004868995398283005 0.010118000209331512
v 1.3279584572682959 0.004868995398283005 0.04363799840211868
v 1.3479444609056097 0.004868995398283005 0.027668999508023262
v 1.3279584572682959 0.004868995398283005 0.04363799840211868
v 1.331923447645722 0.004868995398283005 0.010118000209331512
v 1.2943444476495367 0.004868995398283005 0.010118000209331512
v 1.3479444609056097 0.004868995398283005 0.027668999508023262
v 1.3815464601884466 0.004868995398283005 0.08045600354671478
v 1.4158474431405645 0.004868995398283005 0.07140900194644928
v 1.4117574618230444 0.004868995398283005 0.10237400233745575
v 1.4158474431405645 0.004868995398283005 0.07140900194644928
v 1.3815464601884466 0.004868995398283005 0.08045600354671478
v 1.4117574618230444 0.004868995398283005 0.10237400233745575
v 1.468393437660752 0.004868995398283005 0.11416599899530411
v 1.4158474431405645 0.004868995398283005 0.07140900194644928
v 1.468393437660752 0.004868995398283005 0.11416599899530411
v 1.4117574618230444 0.004868995398283005 0.10237400233745575
v 1.4304724560151678 0.004868995398283005 0.1275400072336197
v 1.468393437660752 0.004868995398283005 0.11416599899530411
v 1.4304724560151678 0.004868995398283005 0.1275400072336197
v 1.444775454796372 0.004868995398283005 0.15105000138282776
v 1.4158474431405645 -0.004869004711508751 0.07140900194644928
v 1.3815464601884466 -0.004869004711508751 0.08045600354671478
v 1.3479444609056097 -0.004869004711508751 0.027668999508023262
v 1.348314456738053 -0.004869004711508751 0.07385700196027756
v 1.3479444609056097 -0.004869004711508751 0.027668999508023262
v 1.3815464601884466 -0.004869004711508751 0.08045600354671478
v 1.3815464601884466 -0.004869004711508751 0.08045600354671478
v 1.4158474431405645 -0.004869004711508751 0.07140900194644928
v 1.4117574618230444 -0.004869004711508751 0.10237400233745575
v 1.3479444609056097 -0.004869004711508751 0.027668999508023262
v 1.348314456738053 -0.004869004711508751 0.07385700196027756
v 1.3279584572682959 -0.004869004711508751 0.04363799840211868
v 1.3479444609056097 -0.004869004711508751 0.027668999508023262
v 1.3279584572682959 -0.004869004711508751 0.04363799840211868
v 1.331923447645722 -0.004869004711508751 0.010118000209331512
v 1.3279584572682959 -0.004869004711508751 0.04363799840211868
v 1.2943444476495367 -0.004869004711508751 0.010118000209331512
v 1.331923447645722 -0.004869004711508751 0.010118000209331512
v 1.468393437660752 -0.004869004711508751 0.11416599899530411
v 1.4117574618230444 -0.004869004711508751 0.10237400233745575
v 1.4158474431405645 -0.004869004711508751 0.07140900194644928
v 1.4117574618230444 -0.004869004711508751 0.10237400233745575
v 1.468393437660752 -0.004869004711508751 0.11416599899530411
v 1.4304724560151678 -0.004869004711508751 0.1275400072336197
v 1.468393437660752 -0.004869004711508751 0.11416599899530411
v 1.444775454796372 -0.004869004711508751 0.15105000138282776
v 1.4304724560151678 -0.004869004711508751 0.1275400072336197
v 1.3815464601884466 0.004868995398283005 -0.08045600354671478
v 1.4158474431405645 0.004868995398283005 -0.07140900194644928
v 1.4117574618230444 0.004868995398283005 -0.10237400233745575
v 1.4158474431405645 0.004868995398283005 -0.07140900194644928
v 1.468393437660752 0.004868995398283005 -0.11416599899530411
v 1.4117574618230444 0.004868995398283005 -0.10237400233745575
v 1.4117574618230444 0.004868995398283005 -0.10237400233745575
v 1.468393437660752 0.004868995398283005 -0.11416599899530411
v 1.4304724560151678 0.004868995398283005 -0.1275400072336197
v 1.468393437660752 0.004868995398283005 -0.11416599899530411
v 1.444775454796372 0.004868995398283005 -0.15105000138282776
v 1.4304724560151678 0.004868995398283005 -0.1275400072336197
v 1.4158474431405645 0.004868995398283005 -0.07140900194644928
v 1.3815464601884466 0.004868995398283005 -0.08045600354671478
v 1.3479444609056097 0.004868995398283005 -0.027668999508023262
v 1.348314456738053 0.004868995398283005 -0.07385700196027756
v 1.3479444609056097 0.004868995398283005 -0.027668999508023262
v 1.3815464601884466 0.004868995398283005 -0.08045600354671478
v 1.3479444609056097 0.004868995398283005 -0.027668999508023262
v 1.348314456738053 0.004868995398283005 -0.07385700196027756
v 1.3279584572682959 0.004868995398283005 -0.04363799840211868
v 1.3279584572682959 0.004868995398283005 -0.04363799840211868
v 1.331923447645722 0.004868995398283005 -0.010118000209331512
v 1.3479444609056097 0.004868995398283005 -0.027668999508023262
v 1.331923447645722 0.004868995398283005 -0.010118000209331512
v 1.3279584572682959 0.004868995398283005 -0.04363799840211868
v 1.2943444476495367 0.004868995398283005 -0.010118000209331512
v 1.331923447645722 -0.004869004711508751 -0.010118000209331512
v 1.3279584572682959 -0.004869004711508751 -0.04363799840211868
v 1.3479444609056097 -0.004869004711508751 -0.027668999508023262
v 1.3279584572682959 -0.004869004711508751 -0.04363799840211868
v 1.331923447645722 -0.004869004711508751 -0.010118000209331512
v 1.2943444476495367 -0.004869004711508751 -0.010118000209331512
v 1.348314456738053 -0.004869004711508751 -0.07385700196027756
v 1.3479444609056097 -0.004869004711508751 -0.027668999508023262
v 1.3279584572682959 -0.004869004711508751 -0.04363799840211868
v 1.3479444609056097 -0.004869004711508751 -0.027668999508023262
v 1.348314456738053 -0.004869004711508751 -0.07385700196027756
v 1.3815464601884466 -0.004869004711508751 -0.08045600354671478
v 1.3815464601884466 -0.004869004711508751 -0.08045600354671478
v 1.4158474431405645 -0.004869004711508751 -0.07140900194644928
v 1.3479444609056097 -0.004869004711508751 -0.027668999508023262
v 1.4117574618230444 -0.004869004711508751 -0.10237400233745575
v 1.4158474431405645 -0.004869004711508751 -0.07140900194644928
v 1.3815464601884466 -0.004869004711508751 -0.08045600354671478
v 1.4158474431405645 -0.004869004711508751 -0.07140900194644928
v 1.4117574618230444 -0.004869004711508751 -0.10237400233745575
v 1.468393437660752 -0.004869004711508751 -0.11416599899530411
v 1.468393437660752 -0.004869004711508751 -0.11416599899530411
v 1.4117574618230444 -0.004869004711508751 -0.10237400233745575
v 1.4304724560151678 -0.004869004711508751 -0.1275400072336197
v 1.4304724560151678 -0.004869004711508751 -0.1275400072336197
v 1.444775454796372 -0.004869004711508751 -0.15105000138282776
v 1.468393437660752 -0.004869004711508751 -0.11416599899530411
v 1.4117574618230444 -0.10237400233745575 -0.004869000054895878
v 1.3815464601884466 -0.08045600354671478 0.004869000054895878
v 1.3815464601884466 -0.08045600354671478 -0.004869000054895878
v 1.348314456738053 -0.07385700196027756 -0.004869000054895878
v 1.3815464601884466 -0.08045600354671478 -0.004869000054895878
v 1.3815464601884466 -0.08045600354671478 0.004869000054895878
v 1.3815464601884466 -0.08045600354671478 0.004869000054895878
v 1.4117574618230444 -0.10237400233745575 -0.004869000054895878
v 1.4117574618230444 -0.10237400233745575 0.004869000054895878
v 1.348314456738053 -0.07385700196027756 -0.004869000054895878
v 1.3815464601884466 -0.08045600354671478 0.004869000054895878
v 1.348314456738053 -0.07385700196027756 0.004869000054895878
v 1.4117574618230444 -0.10237400233745575 -0.004869000054895878
v 1.4304724560151678 -0.1275400072336197 0.004869000054895878
v 1.4117574618230444 -0.10237400233745575 0.004869000054895878
v 1.3279584572682959 -0.04363800585269928 -0.004869000054895878
v 1.348314456738053 -0.07385700196027756 -0.004869000054895878
v 1.348314456738053 -0.07385700196027756 0.004869000054895878
v 1.4117574618230444 -0.10237400233745575 -0.004869000054895878
v 1.4304724560151678 -0.1275400072336197 -0.004869000054895878
v 1.4304724560151678 -0.1275400072336197 0.004869000054895878
v 1.3279584572682959 -0.04363800585269928 -0.004869000054895878
v 1.348314456738053 -0.07385700196027756 0.004869000054895878
v 1.3279584572682959 -0.04363800585269928 0.004869000054895878
v 1.4304724560151678 -0.1275400072336197 -0.004869000054895878
v 1.444775454796372 -0.15105000138282776 0.004869000054895878
v 1.4304724560151678 -0.1275400072336197 0.004869000054895878
v 1.2943444476495367 -0.010118004865944386 -0.004869000054895878
v 1.3279584572682959 -0.04363800585269928 -0.004869000054895878
v 1.3279584572682959 -0.04363800585269928 0.004869000054895878
v 1.4304724560151678 -0.1275400072336197 -0.004869000054895878
v 1.444775454796372 -0.15105000138282776 -0.004869000054895878
v 1.444775454796372 -0.15105000138282776 0.004869000054895878
v 1.2943444476495367 -0.010118004865944386 -0.004869000054895878
v 1.3279584572682959 -0.04363800585269928 0.004869000054895878
v 1.2943444476495367 -0.010118004865944386 0.004869000054895878
v 1.444775454796372 -0.15105000138282776 -0.004869000054895878
v 1.468393437660752 -0.1141660064458847 0.004869000054895878
v 1.444775454796372 -0.15105000138282776 0.004869000054895878
v 1.331923447645722 -0.010118004865944386 -0.004869000054895878
v 1.2943444476495367 -0.010118004865944386 -0.004869000054895878
v 1.2943444476495367 -0.010118004865944386 0.004869000054895878
v 1.468393437660752 -0.1141660064458847 0.004869000054895878
v 1.444775454796372 -0.15105000138282776 -0.004869000054895878
v 1.468393437660752 -0.1141660064458847 -0.004869000054895878
v 1.331923447645722 -0.010118004865944386 -0.004869000054895878
v 1.2943444476495367 -0.010118004865944386 0.004869000054895878
v 1.331923447645722 -0.010118004865944386 0.004869000054895878
v 1.468393437660752 -0.1141660064458847 -0.004869000054895878
v 1.4158474431405645 -0.07140900194644928 0.004869000054895878
v 1.468393437660752 -0.1141660064458847 0.004869000054895878
v 1.3479444609056097 -0.02766900509595871 -0.004869000054895878
v 1.331923447645722 -0.010118004865944386 -0.004869000054895878
v 1.331923447645722 -0.010118004865944386 0.004869000054895878
v 1.4158474431405645 -0.07140900194644928 0.004869000054895878
v 1.468393437660752 -0.1141660064458847 -0.004869000054895878
v 1.4158474431405645 -0.07140900194644928 -0.004869000054895878
v 1.3479444609056097 -0.02766900509595871 -0.004869000054895878
v 1.331923447645722 -0.010118004865944386 0.004869000054895878
v 1.3479444609056097 -0.02766900509595871 0.004869000054895878
v 1.4158474431405645 -0.07140900194644928 -0.004869000054895878
v 1.3479444609056097 -0.02766900509595871 0.004869000054895878
v 1.4158474431405645 -0.07140900194644928 0.004869000054895878
v 1.3479444609056097 -0.02766900509595871 0.004869000054895878
v 1.4158474431405645 -0.07140900194644928 -0.004869000054895878
v 1.3479444609056097 -0.02766900509595871 -0.004869000054895878
v 1.4117574618230444 -0.004869004711508751 0.10237400233745575
v 1.3815464601884466 0.004868995398283005 0.08045600354671478
v 1.3815464601884466 -0.004869004711508751 0.08045600354671478
v 1.348314456738053 -0.004869004711508751 0.07385700196027756
v 1.3815464601884466 -0.004869004711508751 0.08045600354671478
v 1.3815464601884466 0.004868995398283005 0.08045600354671478
v 1.3815464601884466 0.004868995398283005 0.08045600354671478
v 1.4117574618230444 -0.004869004711508751 0.10237400233745575
v 1.4117574618230444 0.004868995398283005 0.10237400233745575
v 1.348314456738053 -0.004869004711508751 0.07385700196027756
v 1.3815464601884466 0.004868995398283005 0.08045600354671478
v 1.348314456738053 0.004868995398283005 0.07385700196027756
v 1.4304724560151678 0.004868995398283005 0.1275400072336197
v 1.4117574618230444 0.004868995398283005 0.10237400233745575
v 1.4117574618230444 -0.004869004711508751 0.10237400233745575
v 1.348314456738053 0.004868995398283005 0.07385700196027756
v 1.3279584572682959 -0.004869004711508751 0.04363799840211868
v 1.348314456738053 -0.004869004711508751 0.07385700196027756
v 1.4117574618230444 -0.004869004711508751 0.10237400233745575
v 1.4304724560151678 -0.004869004711508751 0.1275400072336197
v 1.4304724560151678 0.004868995398283005 0.1275400072336197
v 1.3279584572682959 -0.004869004711508751 0.04363799840211868
v 1.348314456738053 0.004868995398283005 0.07385700196027756
v 1.3279584572682959 0.004868995398283005 0.04363799840211868
v 1.444775454796372 0.004868995398283005 0.15105000138282776
v 1.4304724560151678 0.004868995398283005 0.1275400072336197
v 1.4304724560151678 -0.004869004711508751 0.1275400072336197
v 1.2943444476495367 -0.004869004711508751 0.010118000209331512
v 1.3279584572682959 -0.004869004711508751 0.04363799840211868
v 1.3279584572682959 0.004868995398283005 0.04363799840211868
v 1.4304724560151678 -0.004869004711508751 0.1275400072336197
v 1.444775454796372 -0.004869004711508751 0.15105000138282776
v 1.444775454796372 0.004868995398283005 0.15105000138282776
v 1.2943444476495367 -0.004869004711508751 0.010118000209331512
v 1.3279584572682959 0.004868995398283005 0.04363799840211868
v 1.2943444476495367 0.004868995398283005 0.010118000209331512
v 1.444775454796372 -0.004869004711508751 0.15105000138282776
v 1.468393437660752 0.004868995398283005 0.11416599899530411
v 1.444775454796372 0.004868995398283005 0.15105000138282776
v 1.2943444476495367 0.004868995398283005 0.010118000209331512
v 1.331923447645722 -0.004869004711508751 0.010118000209331512
v 1.2943444476495367 -0.004869004711508751 0.010118000209331512
v 1.468393437660752 0.004868995398283005 0.11416599899530411
v 1.444775454796372 -0.004869004711508751 0.15105000138282776
v 1.468393437660752 -0.004869004711508751 0.11416599899530411
v 1.2943444476495367 0.004868995398283005 0.010118000209331512
v 1.331923447645722 0.004868995398283005 0.010118000209331512
v 1.331923447645722 -0.004869004711508751 0.010118000209331512
v 1.4158474431405645 0.004868995398283005 0.07140900194644928
v 1.468393437660752 0.004868995398283005 0.11416599899530411
v 1.468393437660752 -0.004869004711508751 0.11416599899530411
v 1.331923447645722 0.004868995398283005 0.010118000209331512
v 1.3479444609056097 -0.004869004711508751 0.027668999508023262
v 1.331923447645722 -0.004869004711508751 0.010118000209331512
v 1.4158474431405645 0.004868995398283005 0.07140900194644928
v 1.468393437660752 -0.004869004711508751 0.11416599899530411
v 1.4158474431405645 -0.004869004711508751 0.07140900194644928
v 1.3479444609056097 -0.004869004711508751 0.027668999508023262
v 1.331923447645722 0.004868995398283005 0.010118000209331512
v 1.3479444609056097 0.004868995398283005 0.027668999508023262
v 1.3479444609056097 0.004868995398283005 0.027668999508023262
v 1.4158474431405645 0.004868995398283005 0.07140900194644928
v 1.4158474431405645 -0.004869004711508751 0.07140900194644928
v 1.3479444609056097 0.004868995398283005 0.027668999508023262
v 1.4158474431405645 -0.004869004711508751 0.07140900194644928
v 1.3479444609056097 -0.004869004711508751 0.027668999508023262
vn -0.09005718887901595 0.9959365957385083 0
vn -0.6765642589222386 0.7363835980988455 0
vn -0.6765642266009748 0.7363836277945244 0
vn -0.7764998664449915 0.6301174155749946 0
vn -0.6765642266009748 0.7363836277945244 0
vn -0.6765642589222386 0.7363835980988455 0
vn -0.09005718887901595 0.9959365957385083 0
vn -0.6765642266009748 0.7363836277945244 0
vn -0.09005718148886163 0.9959365964067605 0
vn -0.6765642266009748 0.7363836277945244 0
vn -0.7764998664449915 0.6301174155749946 0
vn -0.3405311166708951 0.940233246901466 0
vn -0.09005718148886163 0.9959365964067605 0
vn 0.9578459803918272 -0.2872822268209771 0
vn -0.09005718887901595 0.9959365957385083 0
vn -0.31549197675401275 0.948928244180689 0
vn -0.3405311166708951 0.940233246901466 0
vn -0.7764998664449915 0.6301174155749946 0
vn 0.9312314247155867 -0.3644283655564956 0
vn -0.09005718887901595 0.9959365957385083 0
vn 0.9578459803918272 -0.2872822268209771 0
vn -0.3405311166708951 0.940233246901466 0
vn -0.31549197675401275 0.948928244180689 0
vn -0.526787051118737 0.8499972957448896 0
vn 0.9578459803918272 -0.2872822268209771 0
vn 0.861164907877592 -0.5083256844191314 0
vn 0.9312314247155867 -0.3644283655564956 0
vn -0.7091304053400637 0.705077349105924 0
vn -0.526787051118737 0.8499972957448896 0
vn -0.31549197675401275 0.948928244180689 0
vn 0.8073120821858698 -0.5901247342356659 0
vn 0.9312314247155867 -0.3644283655564956 0
vn 0.861164907877592 -0.5083256844191314 0
vn -0.526787051118737 0.8499972957448896 0
vn -0.7091304053400637 0.705077349105924 0
vn -0.9007530709553389 0.43433156132674283 0
vn 0.861164907877592 -0.5083256844191314 0
vn 0.6828228760355508 -0.7305839581886113 0
vn 0.8073120821858698 -0.5901247342356659 0
vn -0.9827173185256527 -0.185112592412702 0
vn -0.9007530709553389 0.43433156132674283 0
vn -0.7091304053400637 0.705077349105924 0
vn 0.640799337807237 -0.7677084138302814 0
vn 0.8073120821858698 -0.5901247342356659 0
vn 0.6828228760355508 -0.7305839581886113 0
vn -0.9007530709553389 0.43433156132674283 0
vn -0.9827173185256527 -0.185112592412702 0
vn -0.15528580931699304 0.9878695852311511 0
vn 0.6828228760355508 -0.7305839581886113 0
vn 0.4682339698475968 -0.883604520971209 0
vn 0.640799337807237 -0.7677084138302814 0
vn -0.3978307509102058 0.9174588239426452 0
vn -0.15528580931699304 0.9878695852311511 0
vn -0.9827173185256527 -0.185112592412702 0
vn 0.3746562110944306 -0.9271638061790191 0
vn 0.640799337807237 -0.7677084138302814 0
vn 0.4682339698475968 -0.883604520971209 0
vn -0.15528580931699304 0.9878695852311511 0
vn -0.3978307509102058 0.9174588239426452 0
vn -0.5577034405110163 0.8300402836261473 0
vn 0.4682339698475968 -0.883604520971209 0
vn 0.28660871885010336 -0.9580477244266604 0
vn 0.3746562110944306 -0.9271638061790191 0
vn -0.5872290853356552 0.8094207813837311 0
vn -0.5577034405110163 0.8300402836261473 0
vn -0.3978307509102058 0.9174588239426452 0
vn 0.2622029544188669 -0.9650127515706812 0
vn 0.3746562110944306 -0.9271638061790191 0
vn 0.28660871885010336 -0.9580477244266604 0
vn -0.5577034405110163 0.8300402836261473 0
vn -0.5872290853356552 0.8094207813837311 0
vn -0.5465622026746284 0.8374185086367857 0
vn 0.28660871885010336 -0.9580477244266604 0
vn 0.21470977401502708 -0.9766778962085793 0
vn 0.2622029544188669 -0.9650127515706812 0
vn -0.4720039344099948 0.8815964416338608 0
vn -0.5465622026746284 0.8374185086367857 0
vn -0.5872290853356552 0.8094207813837311 0
vn 0.16930834461718652 -0.9855631306227866 0
vn 0.2622029544188669 -0.9650127515706812 0
vn 0.21470977401502708 -0.9766778962085793 0
vn -0.5465622026746284 0.8374185086367857 0
vn -0.4720039344099948 0.8815964416338608 0
vn -0.449882152448559 0.8930879289903382 0
vn -0.7124084370314213 0.7017650738291609 0
vn 0.16930834461718652 -0.9855631306227866 0
vn 0.21470977401502708 -0.9766778962085793 0
vn -0.4833023421483768 0.8754535088020914 0
vn -0.449882152448559 0.8930879289903382 0
vn -0.4720039344099948 0.8815964416338608 0
vn 0.16930834461718652 -0.9855631306227866 0
vn -0.7124084370314213 0.7017650738291609 0
vn -0.4833023421483768 0.8754535088020914 0
vn -0.449882152448559 0.8930879289903382 0
vn -0.4833023421483768 0.8754535088020914 0
vn -0.7124084370314213 0.7017650738291609 0
vn -0.09005742536394741 -0.99593657435442 0
vn -0.6765641348883495 -0.7363837120569541 0
vn -0.6765641645840277 -0.736383684773581 0
vn -0.7764921764537277 -0.63012689190841 0
vn -0.6765641645840277 -0.736383684773581 0
vn -0.6765641348883495 -0.7363837120569541 0
vn -0.6765641348883495 -0.7363837120569541 0
vn -0.09005742536394741 -0.99593657435442 0
vn -0.09005741797379355 -0.9959365750226736 0
vn -0.7764921764537277 -0.63012689190841 0
vn -0.6765641348883495 -0.7363837120569541 0
vn -0.34049094487985354 -0.940247795240608 0
vn -0.09005742536394741 -0.99593657435442 0
vn 0.9578459639902892 0.2872822815063846 0
vn -0.09005741797379355 -0.9959365750226736 0
vn -0.3154686443439868 -0.9489360012328372 0
vn -0.7764921764537277 -0.63012689190841 0
vn -0.34049094487985354 -0.940247795240608 0
vn -0.09005742536394741 -0.99593657435442 0
vn 0.9312314146016575 0.36442839140082933 0
vn 0.9578459639902892 0.2872822815063846 0
vn -0.3154686443439868 -0.9489360012328372 0
vn -0.34049094487985354 -0.940247795240608 0
vn -0.5267806550823851 -0.850001259664345 0
vn 0.9312314146016575 0.36442839140082933 0
vn 0.8611630060506342 0.5083289063291949 0
vn 0.9578459639902892 0.2872822815063846 0
vn -0.7091353382891876 -0.7050723877655962 0
vn -0.3154686443439868 -0.9489360012328372 0
vn -0.5267806550823851 -0.850001259664345 0
vn 0.8611630060506342 0.5083289063291949 0
vn 0.9312314146016575 0.36442839140082933 0
vn 0.8073065945294376 0.5901322414758254 0
vn -0.7091353382891876 -0.7050723877655962 0
vn -0.5267806550823851 -0.850001259664345 0
vn -0.9007600645343276 -0.4343170571599901 0
vn 0.8073065945294376 0.5901322414758254 0
vn 0.6828188393992556 0.73058773091358 0
vn 0.8611630060506342 0.5083289063291949 0
vn -0.9827219962937251 0.18508775756509666 0
vn -0.7091353382891876 -0.7050723877655962 0
vn -0.9007600645343276 -0.4343170571599901 0
vn 0.6828188393992556 0.73058773091358 0
vn 0.8073065945294376 0.5901322414758254 0
vn 0.6408033979810724 0.767705024821325 0
vn -0.9827219962937251 0.18508775756509666 0
vn -0.9007600645343276 -0.4343170571599901 0
vn -0.15533599297086542 -0.9878616954248987 0
vn 0.6408033979810724 0.767705024821325 0
vn 0.46823774011330405 0.8836025230461863 0
vn 0.6828188393992556 0.73058773091358 0
vn -0.39783070073914545 -0.9174588456979421 0
vn -0.9827219962937251 0.18508775756509666 0
vn -0.15533599297086542 -0.9878616954248987 0
vn 0.6408033979810724 0.767705024821325 0
vn 0.3746528655494667 0.9271651580681691 0
vn 0.46823774011330405 0.8836025230461863 0
vn -0.39783070073914545 -0.9174588456979421 0
vn -0.15533599297086542 -0.9878616954248987 0
vn -0.5577034815766403 -0.8300402560341841 0
vn 0.3746528655494667 0.9271651580681691 0
vn 0.2866056285113445 0.9580486489242689 0
vn 0.46823774011330405 0.8836025230461863 0
vn -0.5872291527173609 -0.8094207324987731 0
vn -0.39783070073914545 -0.9174588456979421 0
vn -0.5577034815766403 -0.8300402560341841 0
vn 0.3746528655494667 0.9271651580681691 0
vn 0.2622061906820529 0.9650118722419982 0
vn 0.2866056285113445 0.9580486489242689 0
vn -0.5872291527173609 -0.8094207324987731 0
vn -0.5577034815766403 -0.8300402560341841 0
vn -0.5465622026746284 -0.8374185086367857 0
vn 0.2622061906820529 0.9650118722419982 0
vn 0.21471923750358685 0.976675815737176 0
vn 0.2866056285113445 0.9580486489242689 0
vn -0.4720039344099948 -0.8815964416338608 0
vn -0.5872291527173609 -0.8094207324987731 0
vn -0.5465622026746284 -0.8374185086367857 0
vn 0.2622061906820529 0.9650118722419982 0
vn 0.16931593069470954 0.9855618273923683 0
vn 0.21471923750358685 0.976675815737176 0
vn -0.4720039344099948 -0.8815964416338608 0
vn -0.5465622026746284 -0.8374185086367857 0
vn -0.449882152448559 -0.8930879289903382 0
vn 0.16931593069470954 0.9855618273923683 0
vn -0.7124084072324749 -0.7017651040800534 0
vn 0.21471923750358685 0.976675815737176 0
vn -0.4833023193073153 -0.8754535214117136 0
vn -0.4720039344099948 -0.8815964416338608 0
vn -0.449882152448559 -0.8930879289903382 0
vn 0.16931593069470954 0.9855618273923683 0
vn -0.4833023193073153 -0.8754535214117136 0
vn -0.7124084072324749 -0.7017651040800534 0
vn -0.4833023193073153 -0.8754535214117136 0
vn -0.449882152448559 -0.8930879289903382 0
vn -0.7124084072324749 -0.7017651040800534 0
vn -0.6765616786509498 0 -0.7363859687562011
vn -0.09005741797379355 0 -0.9959365750226736
vn -0.09005741058363964 0 -0.9959365756909271
vn -0.09005741797379355 0 -0.9959365750226736
vn 0.9578465331108227 0 0.28728038395890804
vn -0.09005741058363964 0 -0.9959365756909271
vn -0.6765616786509498 0 -0.7363859687562011
vn -0.09005741058363964 0 -0.9959365756909271
vn -0.6765642266009748 0 -0.7363836277945244
vn -0.09005741058363964 0 -0.9959365756909271
vn 0.9578465331108227 0 0.28728038395890804
vn 0.9312314247155867 0 0.3644283655564956
vn -0.7764923112785608 0 -0.6301267257665546
vn -0.6765616786509498 0 -0.7363859687562011
vn -0.6765642266009748 0 -0.7363836277945244
vn 0.9578465331108227 0 0.28728038395890804
vn 0.8611630736367127 0 0.508328791831202
vn 0.9312314247155867 0 0.3644283655564956
vn -0.6765616786509498 0 -0.7363859687562011
vn -0.7764923112785608 0 -0.6301267257665546
vn -0.3404906432432974 0 -0.9402479044718821
vn 0.9312314247155867 0 0.3644283655564956
vn 0.8611630736367127 0 0.508328791831202
vn 0.8073065945294376 0 0.5901322414758254
vn -0.3404906432432974 0 -0.9402479044718821
vn -0.7764923112785608 0 -0.6301267257665546
vn -0.3154800467778957 0 -0.94893221047924
vn 0.8611630736367127 0 0.508328791831202
vn 0.6828188393992556 0 0.73058773091358
vn 0.8073065945294376 0 0.5901322414758254
vn -0.5267933506835716 0 -0.8499933915481788
vn -0.3404906432432974 0 -0.9402479044718821
vn -0.3154800467778957 0 -0.94893221047924
vn 0.8073065945294376 0 0.5901322414758254
vn 0.6828188393992556 0 0.73058773091358
vn 0.6408033979810724 0 0.767705024821325
vn -0.3154800467778957 0 -0.94893221047924
vn -0.7091402415727358 0 -0.705067456192783
vn -0.5267933506835716 0 -0.8499933915481788
vn 0.6828188393992556 0 0.73058773091358
vn 0.46824146244183595 0 0.8836005505036373
vn 0.6408033979810724 0 0.767705024821325
vn -0.9007565446632301 0 -0.4343243571875267
vn -0.5267933506835716 0 -0.8499933915481788
vn -0.7091402415727358 0 -0.705067456192783
vn 0.37465948469181565 0 0.927162483349312
vn 0.6408033979810724 0 0.767705024821325
vn 0.46824146244183595 0 0.8836005505036373
vn -0.7091402415727358 0 -0.705067456192783
vn -0.9827173158149323 0 0.18511260680324967
vn -0.9007565446632301 0 -0.4343243571875267
vn 0.46824146244183595 0 0.8836005505036373
vn 0.28660871885010336 0 0.9580477244266604
vn 0.37465948469181565 0 0.927162483349312
vn -0.9007565446632301 0 -0.4343243571875267
vn -0.9827173158149323 0 0.18511260680324967
vn -0.1552858238588327 0 -0.9878695829452812
vn 0.2622029115837514 0 0.9650127632093803
vn 0.37465948469181565 0 0.927162483349312
vn 0.28660871885010336 0 0.9580477244266604
vn -0.1552858238588327 0 -0.9878695829452812
vn -0.9827173158149323 0 0.18511260680324967
vn -0.3978307509102058 0 -0.9174588239426452
vn 0.28660871885010336 0 0.9580477244266604
vn 0.21470975980081358 0 0.9766778993333866
vn 0.2622029115837514 0 0.9650127632093803
vn -0.5577034405110163 0 -0.8300402836261473
vn -0.1552858238588327 0 -0.9878695829452812
vn -0.3978307509102058 0 -0.9174588239426452
vn 0.16930831566915774 0 0.9855631355957227
vn 0.2622029115837514 0 0.9650127632093803
vn 0.21470975980081358 0 0.9766778993333866
vn -0.3978307509102058 0 -0.9174588239426452
vn -0.5872291243863522 0 -0.8094207530527234
vn -0.5577034405110163 0 -0.8300402836261473
vn -0.7124084072324749 0 -0.7017651040800534
vn 0.16930831566915774 0 0.9855631355957227
vn 0.21470975980081358 0 0.9766778993333866
vn -0.5465622444735618 0 -0.8374184813556615
vn -0.5577034405110163 0 -0.8300402836261473
vn -0.5872291243863522 0 -0.8094207530527234
vn 0.16930831566915774 0 0.9855631355957227
vn -0.7124084072324749 0 -0.7017651040800534
vn -0.4833023193073153 0 -0.8754535214117136
vn -0.5872291243863522 0 -0.8094207530527234
vn -0.4720039575727253 0 -0.8815964292326081
vn -0.5465622444735618 0 -0.8374184813556615
vn -0.7124084072324749 0 -0.7017651040800534
vn -0.449882152448559 0 -0.8930879289903382
vn -0.4833023193073153 0 -0.8754535214117136
vn -0.449882152448559 0 -0.8930879289903382
vn -0.5465622444735618 0 -0.8374184813556615
vn -0.4720039575727253 0 -0.8815964292326081
vn -0.4720039575727253 0 -0.8815964292326081
vn -0.4833023193073153 0 -0.8754535214117136
vn -0.449882152448559 0 -0.8930879289903382
vn -0.09005742536394741 0 0.99593657435442
vn -0.6765642266009748 0 0.7363836277945244
vn -0.6765642589222386 0 0.7363835980988455
vn -0.6765642266009748 0 0.7363836277945244
vn -0.7764923112785608 0 0.6301267257665546
vn -0.6765642589222386 0 0.7363835980988455
vn -0.6765642266009748 0 0.7363836277945244
vn -0.09005742536394741 0 0.99593657435442
vn -0.09005741797379355 0 0.9959365750226736
vn -0.7764923112785608 0 0.6301267257665546
vn -0.6765642266009748 0 0.7363836277945244
vn -0.3404906695905209 0 0.940247894930799
vn -0.09005742536394741 0 0.99593657435442
vn 0.9578459639902892 0 -0.2872822815063846
vn -0.09005741797379355 0 0.9959365750226736
vn -0.44423818845112467 0 0.8959087185208452
vn -0.7764923112785608 0 0.6301267257665546
vn -0.3404906695905209 0 0.940247894930799
vn 0.9578459639902892 0 -0.2872822815063846
vn -0.09005742536394741 0 0.99593657435442
vn 0.9312321186253941 0 -0.3644265923892761
vn -0.44423818845112467 0 0.8959087185208452
vn -0.3404906695905209 0 0.940247894930799
vn -0.44424358563799704 0 0.8959060422943332
vn 0.9312321186253941 0 -0.3644265923892761
vn 0.8611641336310902 0 -0.5083269960836367
vn 0.9578459639902892 0 -0.2872822815063846
vn -0.7857663642517281 0 0.6185234197753717
vn -0.44423818845112467 0 0.8959087185208452
vn -0.44424358563799704 0 0.8959060422943332
vn 0.8611641336310902 0 -0.5083269960836367
vn 0.9312321186253941 0 -0.3644265923892761
vn 0.8073065945294376 0 -0.5901322414758254
vn -0.44423818845112467 0 0.8959087185208452
vn -0.7857663642517281 0 0.6185234197753717
vn -0.7857713793355404 0 0.6185170486066832
vn 0.8073065945294376 0 -0.5901322414758254
vn 0.6828188393992556 0 -0.73058773091358
vn 0.8611641336310902 0 -0.5083269960836367
vn -0.7857663642517281 0 0.6185234197753717
vn -0.9827173158149323 0 -0.18511260680324967
vn -0.7857713793355404 0 0.6185170486066832
vn 0.6828188393992556 0 -0.73058773091358
vn 0.8073065945294376 0 -0.5901322414758254
vn 0.6408033979810724 0 -0.767705024821325
vn -0.9827173158149323 0 -0.18511260680324967
vn -0.7857663642517281 0 0.6185234197753717
vn -0.1552858238588327 0 0.9878695829452812
vn 0.46824146244183595 0 -0.8836005505036373
vn 0.6828188393992556 0 -0.73058773091358
vn 0.6408033979810724 0 -0.767705024821325
vn -0.3978307509102058 0 0.9174588239426452
vn -0.9827173158149323 0 -0.18511260680324967
vn -0.1552858238588327 0 0.9878695829452812
vn 0.46824146244183595 0 -0.8836005505036373
vn 0.6408033979810724 0 -0.767705024821325
vn 0.37465948469181565 0 -0.927162483349312
vn -0.3978307509102058 0 0.9174588239426452
vn -0.1552858238588327 0 0.9878695829452812
vn -0.5577034405110163 0 0.8300402836261473
vn 0.28660871885010336 0 -0.9580477244266604
vn 0.46824146244183595 0 -0.8836005505036373
vn 0.37465948469181565 0 -0.927162483349312
vn -0.5872291243863522 0 0.8094207530527234
vn -0.3978307509102058 0 0.9174588239426452
vn -0.5577034405110163 0 0.8300402836261473
vn 0.28660871885010336 0 -0.9580477244266604
vn 0.37465948469181565 0 -0.927162483349312
vn 0.2622029115837514 0 -0.9650127632093803
vn -0.5872291243863522 0 0.8094207530527234
vn -0.5577034405110163 0 0.8300402836261473
vn -0.5465622444735618 0 0.8374184813556615
vn 0.21470975980081358 0 -0.9766778993333866
vn 0.28660871885010336 0 -0.9580477244266604
vn 0.2622029115837514 0 -0.9650127632093803
vn -0.4720039575727253 0 0.8815964292326081
vn -0.5872291243863522 0 0.8094207530527234
vn -0.5465622444735618 0 0.8374184813556615
vn 0.21470975980081358 0 -0.9766778993333866
vn 0.2622029115837514 0 -0.9650127632093803
vn 0.16930831566915774 0 -0.9855631355957227
vn -0.4720039575727253 0 0.8815964292326081
vn -0.5465622444735618 0 0.8374184813556615
vn -0.449882152448559 0 0.8930879289903382
vn 0.21470975980081358 0 -0.9766778993333866
vn 0.16930831566915774 0 -0.9855631355957227
vn -0.7124084072324749 0 0.7017651040800534
vn -0.4833023193073153 0 0.8754535214117136
vn -0.4720039575727253 0 0.8815964292326081
vn -0.449882152448559 0 0.8930879289903382
vn -0.7124084072324749 0 0.7017651040800534
vn 0.16930831566915774 0 -0.9855631355957227
vn -0.4833023193073153 0 0.8754535214117136
vn -0.4833023193073153 0 0.8754535214117136
vn -0.449882152448559 0 0.8930879289903382
vn -0.7124084072324749 0 0.7017651040800534
vn -0.693412957230269 0.7205404018826239 0
vn -0.4099778744392818 0.91209546784876 0
vn -0.4099778744392818 0.91209546784876 0
vn -0.44727129186619363 0.8943983404906037 0
vn -0.4099778744392818 0.91209546784876 0
vn -0.4099778744392818 0.91209546784876 0
vn -0.693412957230269 0.7205404018826239 0
vn -0.4099778744392818 0.91209546784876 0
vn -0.693412957230269 0.7205404018826239 0
vn -0.4099778744392818 0.91209546784876 0
vn -0.44727129186619363 0.8943983404906037 0
vn -0.6716582945182606 0.7408610769940753 0
vn -0.693412957230269 0.7205404018826239 0
vn -0.8190047389646486 0.5737867526820811 0
vn -0.693412957230269 0.7205404018826239 0
vn -0.784278942068368 0.6204083663427835 0
vn -0.6716582945182606 0.7408610769940753 0
vn -0.44727129186619363 0.8943983404906037 0
vn -0.8363192559966082 0.5482427400789541 0
vn -0.693412957230269 0.7205404018826239 0
vn -0.8190047389646486 0.5737867526820811 0
vn -0.6716582945182606 0.7408610769940753 0
vn -0.784278942068368 0.6204083663427835 0
vn -0.7431006404602137 0.6691796755338735 0
vn -0.8190047389646486 0.5737867526820811 0
vn -0.1905317429070878 0.9816810352374071 0
vn -0.8363192559966082 0.5482427400789541 0
vn -0.9145519358590637 0.4044684865554288 0
vn -0.7431006404602137 0.6691796755338735 0
vn -0.784278942068368 0.6204083663427835 0
vn 0.6325435517428768 0.7745247931141434 0
vn -0.8363192559966082 0.5482427400789541 0
vn -0.1905317429070878 0.9816810352374071 0
vn -0.7431006404602137 0.6691796755338735 0
vn -0.9145519358590637 0.4044684865554288 0
vn -0.6279429201193437 -0.778259397034171 0
vn -0.1905317429070878 0.9816810352374071 0
vn 0.9989633078497219 -0.04552262701055157 0
vn 0.6325435517428768 0.7745247931141434 0
vn -0.9145519358590637 0.4044684865554288 0
vn 0.18901952691850932 -0.98197332878419 0
vn -0.6279429201193437 -0.778259397034171 0
vn 0.8324413963844126 -0.5541130945804917 0
vn 0.6325435517428768 0.7745247931141434 0
vn 0.9989633078497219 -0.04552262701055157 0
vn 0.45020186568923093 -0.8929268055837138 0
vn -0.6279429201193437 -0.778259397034171 0
vn 0.18901952691850932 -0.98197332878419 0
vn 0.9989633078497219 -0.04552262701055157 0
vn 0.5985401763784203 -0.8010927894201082 0
vn 0.8324413963844126 -0.5541130945804917 0
vn 0.18901952691850932 -0.98197332878419 0
vn 0.619344414203653 -0.7851194154997913 0
vn 0.45020186568923093 -0.8929268055837138 0
vn 0.5687360354637161 -0.822520104292299 0
vn 0.8324413963844126 -0.5541130945804917 0
vn 0.5985401763784203 -0.8010927894201082 0
vn 0.5689170423841975 -0.8223949166214595 0
vn 0.45020186568923093 -0.8929268055837138 0
vn 0.619344414203653 -0.7851194154997913 0
vn 0.619344414203653 -0.7851194154997913 0
vn 0.5687360354637161 -0.822520104292299 0
vn 0.5689170423841975 -0.8223949166214595 0
vn 0.5985401763784203 -0.8010927894201082 0
vn 0.5689170423841975 -0.8223949166214595 0
vn 0.5687360354637161 -0.822520104292299 0
vn -0.4099778744392818 0 -0.91209546784876
vn -0.6934130786819376 0 -0.7205402850034389
vn -0.6934130179561057 0 -0.7205403434430341
vn -0.8190047585883587 0 -0.573786724671828
vn -0.6934130179561057 0 -0.7205403434430341
vn -0.6934130786819376 0 -0.7205402850034389
vn -0.4099778744392818 0 -0.91209546784876
vn -0.6934130179561057 0 -0.7205403434430341
vn -0.4099778744392818 0 -0.91209546784876
vn -0.8363191834230591 0 -0.5482428507865722
vn -0.6934130179561057 0 -0.7205403434430341
vn -0.8190047585883587 0 -0.573786724671828
vn -0.4099778744392818 0 -0.91209546784876
vn -0.4472713157065133 0 -0.8943983285685212
vn -0.4099778744392818 0 -0.91209546784876
vn -0.19053134403275357 0 -0.9816811126537336
vn -0.8363191834230591 0 -0.5482428507865722
vn -0.8190047585883587 0 -0.573786724671828
vn -0.671658327233767 0 -0.7408610473344768
vn -0.4099778744392818 0 -0.91209546784876
vn -0.4472713157065133 0 -0.8943983285685212
vn 0.6325435517428768 0 -0.7745247931141434
vn -0.8363191834230591 0 -0.5482428507865722
vn -0.19053134403275357 0 -0.9816811126537336
vn -0.7842789940126069 0 -0.62040830067833
vn -0.671658327233767 0 -0.7408610473344768
vn -0.4472713157065133 0 -0.8943983285685212
vn 0.9989633076803127 0 0.04552263072812195
vn 0.6325435517428768 0 -0.7745247931141434
vn -0.19053134403275357 0 -0.9816811126537336
vn -0.671658327233767 0 -0.7408610473344768
vn -0.7842789940126069 0 -0.62040830067833
vn -0.7431006967907295 0 -0.6691796129807992
vn 0.6325435517428768 0 -0.7745247931141434
vn 0.9989633076803127 0 0.04552263072812195
vn 0.8324413963844126 0 0.5541130945804917
vn -0.7842789940126069 0 -0.62040830067833
vn -0.9145519248349625 0 -0.40446851148224766
vn -0.7431006967907295 0 -0.6691796129807992
vn 0.9989633076803127 0 0.04552263072812195
vn 0.5985402049580264 0 0.8010927680667225
vn 0.8324413963844126 0 0.5541130945804917
vn -0.6279429201193437 0 0.778259397034171
vn -0.7431006967907295 0 -0.6691796129807992
vn -0.9145519248349625 0 -0.40446851148224766
vn 0.5687360757886013 0 0.8225200764094347
vn 0.8324413963844126 0 0.5541130945804917
vn 0.5985402049580264 0 0.8010927680667225
vn -0.9145519248349625 0 -0.40446851148224766
vn 0.18901951254974275 0 0.9819733315500261
vn -0.6279429201193437 0 0.778259397034171
vn 0.5985402049580264 0 0.8010927680667225
vn 0.5689170826968079 0 0.8223948887339667
vn 0.5687360757886013 0 0.8225200764094347
vn 0.45020184192729423 0 0.8929268175641671
vn -0.6279429201193437 0 0.778259397034171
vn 0.18901951254974275 0 0.9819733315500261
vn 0.6193443484792892 0 0.7851194673466992
vn 0.5687360757886013 0 0.8225200764094347
vn 0.5689170826968079 0 0.8223948887339667
vn 0.5689170826968079 0 0.8223948887339667
vn 0.45020184192729423 0 0.8929268175641671
vn 0.6193443484792892 0 0.7851194673466992
vn 0.6193443484792892 0 0.7851194673466992
vn 0.45020184192729423 0 0.8929268175641671
vn 0.18901951254974275 0 0.9819733315500261
vn 0 0 1
vn 0 0 1
vn 0 0 1
vn 0 0 1
vn 0 0 1
vn 0 0 1
vn 0 0 1
vn 0 0 1
vn 0 0 1
vn 0 0 1
vn 0 0 1
vn 0 0 1
vn 0 0 1
vn 0 0 1
vn 0 0 1
vn 0 0 1
vn 0 0 1
vn 0 0 1
vn 0 0 1
vn 0 0 1
vn 0 0 1
vn 0 0 1
vn 0 0 1
vn 0 0 1
vn 0 0 1
vn 0 0 1
vn 0 0 1
vn 0 0 1
vn 0 0 1
vn 0 0 1
vn 0 0 1
vn 0 0 1
vn 0 0 1
vn 0 0 1
vn 0 0 1
vn 0 0 1
vn 0 0 1
vn 0 0 1
vn 0 0 1
vn 0 0 1
vn 0 0 1
vn 0 0 1
vn 0 0 -1
vn 0 0 -1
vn 0 0 -1
vn 0 0 -1
vn 0 0 -1
vn 0 0 -1
vn 0 0 -1
vn 0 0 -1
vn 0 0 -1
vn 0 0 -1
vn 0 0 -1
vn 0 0 -1
vn 0 0 -1
vn 0 0 -1
vn 0 0 -1
vn 0 0 -1
vn 0 0 -1
vn 0 0 -1
vn 0 0 -1
vn 0 0 -1
vn 0 0 -1
vn 0 0 -1
vn 0 0 -1
vn 0 0 -1
vn 0 0 -1
vn 0 0 -1
vn 0 0 -1
vn 0 0 -1
vn 0 0 -1
vn 0 0 -1
vn 0 0 -1
vn 0 0 -1
vn 0 0 -1
vn 0 0 -1
vn 0 0 -1
vn 0 0 -1
vn 0 0 -1
vn 0 0 -1
vn 0 0 -1
vn 0 0 -1
vn 0 0 -1
vn 0 0 -1
vn 0 0 1
vn 0 0 1
vn 0 0 1
vn 0 0 1
vn 0 0 1
vn 0 0 1
vn 0 0 1
vn 0 0 1
vn 0 0 1
vn 0 0 1
vn 0 0 1
vn 0 0 1
vn 0 0 1
vn 0 0 1
vn 0 0 1
vn 0 0 1
vn 0 0 1
vn 0 0 1
vn 0 0 1
vn 0 0 1
vn 0 0 1
vn 0 0 1
vn 0 0 1
vn 0 0 1
vn 0 0 1
vn 0 0 1
vn 0 0 1
vn 0 0 1
vn 0 0 1
vn 0 0 1
vn 0 0 1
vn 0 0 1
vn 0 0 1
vn 0 0 1
vn 0 0 1
vn 0 0 1
vn 0 0 1
vn 0 0 1
vn 0 0 1
vn 0 0 1
vn 0 0 1
vn 0 0 1
vn 0 0 -1
vn 0 0 -1
vn 0 0 -1
vn 0 0 -1
vn 0 0 -1
vn 0 0 -1
vn 0 0 -1
vn 0 0 -1
vn 0 0 -1
vn 0 0 -1
vn 0 0 -1
vn 0 0 -1
vn 0 0 -1
vn 0 0 -1
vn 0 0 -1
vn 0 0 -1
vn 0 0 -1
vn 0 0 -1
vn 0 0 -1
vn 0 0 -1
vn 0 0 -1
vn 0 0 -1
vn 0 0 -1
vn 0 0 -1
vn 0 0 -1
vn 0 0 -1
vn 0 0 -1
vn 0 0 -1
vn 0 0 -1
vn 0 0 -1
vn 0 0 -1
vn 0 0 -1
vn 0 0 -1
vn 0 0 -1
vn 0 0 -1
vn 0 0 -1
vn 0 0 -1
vn 0 0 -1
vn 0 0 -1
vn 0 0 -1
vn 0 0 -1
vn 0 0 -1
vn 0.0000010143726284961762 0.9999999999365654 -0.000011217854989097383
vn 0.000004089821231645887 0.9999999999376923 -0.000010386967914463101
vn 0 1 0
vn 0.000009645230418779368 0.9999999998139275 -0.000016706717357539665
vn 0.000004089821231645887 0.9999999999376923 -0.000010386967914463101
vn 0.0000010143726284961762 0.9999999999365654 -0.000011217854989097383
vn 0.000004089821231645887 0.9999999999376923 -0.000010386967914463101
vn 0.000009645230418779368 0.9999999998139275 -0.000016706717357539665
vn 0.000005507515196734585 0.9999999998287035 -0.00001767089088086488
vn 0.000002553032117940696 0.9999999999149951 -0.000012786396836240723
vn 0.000005507515196734585 0.9999999998287035 -0.00001767089088086488
vn 0.000009645230418779368 0.9999999998139275 -0.000016706717357539665
vn 0.000002553032117940696 0.9999999999149951 -0.000012786396836240723
vn -0.00000273927639659759 0.9999999999174571 -0.00001255317965738933
vn 0.000005507515196734585 0.9999999998287035 -0.00001767089088086488
vn -0.00000273927639659759 0.9999999999174571 -0.00001255317965738933
vn -0.000008857837199753533 0.9999999998024305 -0.000017795449817762616
vn 0.000005507515196734585 0.9999999998287035 -0.00001767089088086488
vn -0.000008857837199753533 0.9999999998024305 -0.000017795449817762616
vn -0.00000273927639659759 0.9999999999174571 -0.00001255317965738933
vn -0.000014280321008266105 0.9999999998065441 -0.00001352716480789484
vn -0.00000273927639659759 0.9999999999174571 -0.00001255317965738933
vn 0.000002553032117940696 0.9999999999149951 -0.000012786396836240723
vn 0 1 0
vn 0 1 0
vn 0 1 0
vn -0.00000273927639659759 0.9999999999174571 -0.00001255317965738933
vn 0 1 0
vn 0 1 0
vn 0 1 0
vn 0 1 0
vn 0 1 0
vn 0 1 0
vn 0 1 0
vn 0 1 0
vn 0 1 0
vn 0 1 0
vn 0 1 0
vn 0 1 0
vn 0 1 0
vn 0 1 0
vn 0 1 0
vn 0 -1 0
vn 0 -1 0
vn 0 -1 0
vn 0 -1 0
vn 0 -1 0
vn 0 -1 0
vn 0 -1 0
vn 0 -1 0
vn 0 -1 0
vn 0 -1 0
vn 0 -1 0
vn 0 -1 0
vn 0 -1 0
vn 0 -1 0
vn 0 -1 0
vn 0 -1 0
vn 0 -1 0
vn 0 -1 0
vn 0 -1 0
vn 0 -1 0
vn 0 -1 0
vn 0 -1 0
vn 0 -1 0
vn 0 -1 0
vn 0 -1 0
vn 0 -1 0
vn 0 -1 0
vn 0 -1 0
vn 0 -1 0
vn 0 -1 0
vn 0 -1 0
vn 0 -1 0
vn 0 -1 0
vn 0 -1 0
vn 0 -1 0
vn 0 -1 0
vn 0 -1 0
vn 0 -1 0
vn 0 -1 0
vn 0 -1 0
vn 0 -1 0
vn 0 -1 0
vn 0 1 0
vn 0 1 0
vn 0 1 0
vn 0 1 0
vn 0 1 0
vn 0 1 0
vn 0 1 0
vn 0 1 0
vn 0 1 0
vn 0 1 0
vn 0 1 0
vn 0 1 0
vn 0 1 0
vn 0 1 0
vn 0 1 0
vn 0 1 0
vn 0 1 0
vn 8.283624879017867e-7 0.999999999957697 0.000009160785338803095
vn 0.0000010143725148093385 0.9999999999365654 0.000011217854079602683
vn 8.283624879017867e-7 0.999999999957697 0.000009160785338803095
vn 0 1 0
vn 8.283624879017867e-7 0.999999999957697 0.000009160785338803095
vn 0.0000010143725148093385 0.9999999999365654 0.000011217854079602683
vn 0.0000019734422944375547 0.9999999997599067 0.00002182412026217094
vn 0 1 0
vn 0 1 0
vn 0 1 0
vn 0 1 0
vn 0 1 0
vn 0 1 0
vn 0 1 0
vn 0 1 0
vn 0 1 0
vn 0 1 0
vn 0 1 0
vn 0 1 0
vn 0 1 0
vn 0 1 0
vn 0 1 0
vn 0 1 0
vn 0 1 0
vn 0 1 0
vn 0 -1 0
vn 0 -1 0
vn 0 -1 0
vn 0 -1 0
vn 0 -1 0
vn 0 -1 0
vn 0 -1 0
vn 0 -1 0
vn 0 -1 0
vn 0 -1 0
vn 0 -1 0
vn 0 -1 0
vn 0 -1 0
vn 0 -1 0
vn 0 -1 0
vn 0 -1 0
vn 0 -1 0
vn 0 -1 0
vn 0 -1 0
vn 0 -1 0
vn 0 -1 0
vn 0 -1 0
vn 0 -1 0
vn 0 -1 0
vn 0 -1 0
vn 0 -1 0
vn 0 -1 0
vn 0 -1 0
vn 0 -1 0
vn 0 -1 0
vn 0 -1 0
vn 0 -1 0
vn 0 -1 0
vn 0 -1 0
vn 0 -1 0
vn 0 -1 0
vn 0 -1 0
vn 0 -1 0
vn 0 -1 0
vn 0 -1 0
vn 0 -1 0
vn 0 -1 0
vn 0 0 1
vn 0 0 1
vn 0 0 1
vn 0 0 1
vn 0 0 1
vn 0 0 1
vn 0 0 1
vn 0 0 1
vn 0 0 1
vn 0 0 1
vn 0 0 1
vn 0 0 1
vn 0 0 1
vn 0 0 1
vn 0 0 1
vn 0 0 1
vn 0 0 1
vn 0 0 1
vn 0 0 1
vn 0 0 1
vn 0 0 1
vn 0 0 1
vn 0 0 1
vn 0 0 1
vn 0 0 1
vn 0 0 1
vn 0 0 1
vn 0 0 -1
vn 0 0 -1
vn 0 0 -1
vn 0 0 -1
vn 0 0 -1
vn 0 0 -1
vn 0 0 -1
vn 0 0 -1
vn 0 0 -1
vn 0 0 -1
vn 0 0 -1
vn 0 0 -1
vn 0 0 -1
vn 0 0 -1
vn 0 0 -1
vn 0 0 -1
vn 0 0 -1
vn 0 0 -1
vn 0 0 -1
vn 0 0 -1
vn 0 0 -1
vn 0 0 -1
vn 0 0 -1
vn 0 0 -1
vn 0 0 -1
vn 0 0 -1
vn 0 0 -1
vn 0 0 1
vn 0 0 1
vn 0 0 1
vn 0 0 1
vn 0 0 1
vn 0 0 1
vn 0 0 1
vn 0 0 1
vn 0 0 1
vn 0 0 1
vn 0 0 1
vn 0 0 1
vn 0 0 1
vn 0 0 1
vn 0 0 1
vn 0 0 1
vn 0 0 1
vn 0 0 1
vn 0 0 1
vn 0 0 1
vn 0 0 1
vn 0 0 1
vn 0 0 1
vn 0 0 1
vn 0 0 1
vn 0 0 1
vn 0 0 1
vn 0 0 -1
vn 0 0 -1
vn 0 0 -1
vn 0 0 -1
vn 0 0 -1
vn 0 0 -1
vn 0 0 -1
vn 0 0 -1
vn 0 0 -1
vn 0 0 -1
vn 0 0 -1
vn 0 0 -1
vn 0 0 -1
vn 0 0 -1
vn 0 0 -1
vn 0 0 -1
vn 0 0 -1
vn 0 0 -1
vn 0 0 -1
vn 0 0 -1
vn 0 0 -1
vn 0 0 -1
vn 0 0 -1
vn 0 0 -1
vn 0 0 -1
vn 0 0 -1
vn 0 0 -1
vn 0 1 0
vn 0 1 0
vn 0 1 0
vn 0 1 0
vn 0 1 0
vn 0 1 0
vn 0 1 0
vn 0 1 0
vn 0 1 0
vn 0 1 0
vn 0 1 0
vn 0 1 0
vn 0 1 0
vn 0 1 0
vn 0 1 0
vn 0 1 0
vn 0 1 0
vn 0 1 0
vn 0 1 0
vn 0 1 0
vn 0 1 0
vn 0 1 0
vn 0 1 0
vn 0 1 0
vn 0 1 0
vn 0 1 0
vn 0 1 0
vn 0 -1 0
vn 0 -1 0
vn 0 -1 0
vn 0 -1 0
vn 0 -1 0
vn 0 -1 0
vn 0 -1 0
vn 0 -1 0
vn 0 -1 0
vn 0 -1 0
vn 0 -1 0
vn 0 -1 0
vn 0 -1 0
vn 0 -1 0
vn 0 -1 0
vn 0 -1 0
vn 0 -1 0
vn 0 -1 0
vn 0 -1 0
vn 0 -1 0
vn 0 -1 0
vn 0 -1 0
vn 0 -1 0
vn 0 -1 0
vn 0 -1 0
vn 0 -1 0
vn 0 -1 0
vn 0 1 0
vn 0 1 0
vn 0 1 0
vn 0 1 0
vn 0 1 0
vn 0 1 0
vn 0 1 0
vn 0 1 0
vn 0 1 0
vn 0 1 0
vn 0 1 0
vn 0 1 0
vn 0 1 0
vn 0 1 0
vn 0 1 0
vn 0 1 0
vn 0 1 0
vn 0 1 0
vn 0 1 0
vn 0 1 0
vn 0 1 0
vn 0 1 0
vn 0 1 0
vn 0 1 0
vn 0 1 0
vn 0 1 0
vn 0 1 0
vn 0 -1 0
vn 0 -1 0
vn 0 -1 0
vn 0 -1 0
vn 0 -1 0
vn 0 -1 0
vn 0 -1 0
vn 0 -1 0
vn 0 -1 0
vn 0 -1 0
vn 0 -1 0
vn 0 -1 0
vn 0 -1 0
vn 0 -1 0
vn 0 -1 0
vn 0 -1 0
vn 0 -1 0
vn 0 -1 0
vn 0 -1 0
vn 0 -1 0
vn 0 -1 0
vn 0 -1 0
vn 0 -1 0
vn 0 -1 0
vn 0 -1 0
vn 0 -1 0
vn 0 -1 0
vn -0.6934130179561057 -0.7205403434430341 0
vn -0.4099778744392818 -0.91209546784876 0
vn -0.4099778744392818 -0.91209546784876 0
vn -0.447271268025873 -0.8943983524126861 0
vn -0.4099778744392818 -0.91209546784876 0
vn -0.4099778744392818 -0.91209546784876 0
vn -0.4099778744392818 -0.91209546784876 0
vn -0.6934130179561057 -0.7205403434430341 0
vn -0.6934130786819376 -0.7205402850034389 0
vn -0.447271268025873 -0.8943983524126861 0
vn -0.4099778744392818 -0.91209546784876 0
vn -0.6716582648586624 -0.7408611038832116 0
vn -0.6934130179561057 -0.7205403434430341 0
vn -0.8190047585883587 -0.573786724671828 0
vn -0.6934130786819376 -0.7205402850034389 0
vn -0.784278942068368 -0.6204083663427835 0
vn -0.447271268025873 -0.8943983524126861 0
vn -0.6716582648586624 -0.7408611038832116 0
vn -0.6934130179561057 -0.7205403434430341 0
vn -0.8363191834230591 -0.5482428507865722 0
vn -0.8190047585883587 -0.573786724671828 0
vn -0.784278942068368 -0.6204083663427835 0
vn -0.6716582648586624 -0.7408611038832116 0
vn -0.7431006967907295 -0.6691796129807992 0
vn -0.8363191834230591 -0.5482428507865722 0
vn -0.19053147327469647 -0.9816810875695701 0
vn -0.8190047585883587 -0.573786724671828 0
vn -0.9145519358590637 -0.4044684865554288 0
vn -0.784278942068368 -0.6204083663427835 0
vn -0.7431006967907295 -0.6691796129807992 0
vn -0.8363191834230591 -0.5482428507865722 0
vn 0.6325434510290228 -0.7745248753657263 0
vn -0.19053147327469647 -0.9816810875695701 0
vn -0.9145519358590637 -0.4044684865554288 0
vn -0.7431006967907295 -0.6691796129807992 0
vn -0.6279429201193437 0.778259397034171 0
vn 0.6325434510290228 -0.7745248753657263 0
vn 0.9989633073414943 0.04552263816326272 0
vn -0.19053147327469647 -0.9816810875695701 0
vn 0.18901952691850932 0.98197332878419 0
vn -0.9145519358590637 -0.4044684865554288 0
vn -0.6279429201193437 0.778259397034171 0
vn 0.9989633073414943 0.04552263816326272 0
vn 0.6325434510290228 -0.7745248753657263 0
vn 0.8324413963844126 0.5541130945804917 0
vn 0.18901952691850932 0.98197332878419 0
vn -0.6279429201193437 0.778259397034171 0
vn 0.45020186568923093 0.8929268055837138 0
vn 0.8324413963844126 0.5541130945804917 0
vn 0.5985402432092838 0.8010927394871153 0
vn 0.9989633073414943 0.04552263816326272 0
vn 0.619344414203653 0.7851194154997913 0
vn 0.18901952691850932 0.98197332878419 0
vn 0.45020186568923093 0.8929268055837138 0
vn 0.5985402432092838 0.8010927394871153 0
vn 0.8324413963844126 0.5541130945804917 0
vn 0.5687360757886013 0.8225200764094347 0
vn 0.619344414203653 0.7851194154997913 0
vn 0.45020186568923093 0.8929268055837138 0
vn 0.5689170423841975 0.8223949166214595 0
vn 0.5687360757886013 0.8225200764094347 0
vn 0.5689170423841975 0.8223949166214595 0
vn 0.5985402432092838 0.8010927394871153 0
vn 0.5689170423841975 0.8223949166214595 0
vn 0.5687360757886013 0.8225200764094347 0
vn 0.619344414203653 0.7851194154997913 0
vn -0.6934130179561057 0 0.7205403434430341
vn -0.4099778744392818 0 0.91209546784876
vn -0.4099778744392818 0 0.91209546784876
vn -0.4472713157065133 0 0.8943983285685212
vn -0.4099778744392818 0 0.91209546784876
vn -0.4099778744392818 0 0.91209546784876
vn -0.4099778744392818 0 0.91209546784876
vn -0.6934130179561057 0 0.7205403434430341
vn -0.6934130786819376 0 0.7205402850034389
vn -0.4472713157065133 0 0.8943983285685212
vn -0.4099778744392818 0 0.91209546784876
vn -0.671658327233767 0 0.7408610473344768
vn -0.8190047585883587 0 0.573786724671828
vn -0.6934130786819376 0 0.7205402850034389
vn -0.6934130179561057 0 0.7205403434430341
vn -0.671658327233767 0 0.7408610473344768
vn -0.7842789940126069 0 0.62040830067833
vn -0.4472713157065133 0 0.8943983285685212
vn -0.6934130179561057 0 0.7205403434430341
vn -0.8363191834230591 0 0.5482428507865722
vn -0.8190047585883587 0 0.573786724671828
vn -0.7842789940126069 0 0.62040830067833
vn -0.671658327233767 0 0.7408610473344768
vn -0.7431006967907295 0 0.6691796129807992
vn -0.19053134403275357 0 0.9816811126537336
vn -0.8190047585883587 0 0.573786724671828
vn -0.8363191834230591 0 0.5482428507865722
vn -0.9145519248349625 0 0.40446851148224766
vn -0.7842789940126069 0 0.62040830067833
vn -0.7431006967907295 0 0.6691796129807992
vn -0.8363191834230591 0 0.5482428507865722
vn 0.6325435517428768 0 0.7745247931141434
vn -0.19053134403275357 0 0.9816811126537336
vn -0.9145519248349625 0 0.40446851148224766
vn -0.7431006967907295 0 0.6691796129807992
vn -0.6279429201193437 0 -0.778259397034171
vn 0.6325435517428768 0 0.7745247931141434
vn 0.9989633076803127 0 -0.04552263072812195
vn -0.19053134403275357 0 0.9816811126537336
vn -0.6279429201193437 0 -0.778259397034171
vn 0.18901951254974275 0 -0.9819733315500261
vn -0.9145519248349625 0 0.40446851148224766
vn 0.9989633076803127 0 -0.04552263072812195
vn 0.6325435517428768 0 0.7745247931141434
vn 0.8324413963844126 0 -0.5541130945804917
vn -0.6279429201193437 0 -0.778259397034171
vn 0.45020184192729423 0 -0.8929268175641671
vn 0.18901951254974275 0 -0.9819733315500261
vn 0.5985402049580264 0 -0.8010927680667225
vn 0.9989633076803127 0 -0.04552263072812195
vn 0.8324413963844126 0 -0.5541130945804917
vn 0.45020184192729423 0 -0.8929268175641671
vn 0.619344414203653 0 -0.7851194154997913
vn 0.18901951254974275 0 -0.9819733315500261
vn 0.5985402049580264 0 -0.8010927680667225
vn 0.8324413963844126 0 -0.5541130945804917
vn 0.5687360757886013 0 -0.8225200764094347
vn 0.619344414203653 0 -0.7851194154997913
vn 0.45020184192729423 0 -0.8929268175641671
vn 0.5689170826968079 0 -0.8223948887339667
vn 0.5689170826968079 0 -0.8223948887339667
vn 0.5985402049580264 0 -0.8010927680667225
vn 0.5687360757886013 0 -0.8225200764094347
vn 0.5689170826968079 0 -0.8223948887339667
vn 0.5687360757886013 0 -0.8225200764094347
vn 0.619344414203653 0 -0.7851194154997913
f 1315//1315 1316//1316 1317//1317
f 1318//1318 1319//1319 1320//1320
f 1321//1321 1322//1322 1323//1323
f 1324//1324 1325//1325 1326//1326
f 1327//1327 1328//1328 1329//1329
f 1330//1330 1331//1331 1332//1332
f 1333//1333 1334//1334 1335//1335
f 1336//1336 1337//1337 1338//1338
f 1339//1339 1340//1340 1341//1341
f 1342//1342 1343//1343 1344//1344
f 1345//1345 1346//1346 1347//1347
f 1348//1348 1349//1349 1350//1350
f 1351//1351 1352//1352 1353//1353
f 1354//1354 1355//1355 1356//1356
f 1357//1357 1358//1358 1359//1359
f 1360//1360 1361//1361 1362//1362
f 1363//1363 1364//1364 1365//1365
f 1366//1366 1367//1367 1368//1368
f 1369//1369 1370//1370 1371//1371
f 1372//1372 1373//1373 1374//1374
f 1375//1375 1376//1376 1377//1377
f 1378//1378 1379//1379 1380//1380
f 1381//1381 1382//1382 1383//1383
f 1384//1384 1385//1385 1386//1386
f 1387//1387 1388//1388 1389//1389
f 1390//1390 1391//1391 1392//1392
f 1393//1393 1394//1394 1395//1395
f 1396//1396 1397//1397 1398//1398
f 1399//1399 1400//1400 1401//1401
f 1402//1402 1403//1403 1404//1404
f 1405//1405 1406//1406 1407//1407
f 1408//1408 1409//1409 1410//1410
f 1411//1411 1412//1412 1413//1413
f 1414//1414 1415//1415 1416//1416
f 1417//1417 1418//1418 1419//1419
f 1420//1420 1421//1421 1422//1422
f 1423//1423 1424//1424 1425//1425
f 1426//1426 1427//1427 1428//1428
f 1429//1429 1430//1430 1431//1431
f 1432//1432 1433//1433 1434//1434
f 1435//1435 1436//1436 1437//1437
f 1438//1438 1439//1439 1440//1440
f 1441//1441 1442//1442 1443//1443
f 1444//1444 1445//1445 1446//1446
f 1447//1447 1448//1448 1449//1449
f 1450//1450 1451//1451 1452//1452
f 1453//1453 1454//1454 1455//1455
f 1456//1456 1457//1457 1458//1458
f 1459//1459 1460//1460 1461//1461
f 1462//1462 1463//1463 1464//1464
f 1465//1465 1466//1466 1467//1467
f 1468//1468 1469//1469 1470//1470
f 1471//1471 1472//1472 1473//1473
f 1474//1474 1475//1475 1476//1476
f 1477//1477 1478//1478 1479//1479
f 1480//1480 1481//1481 1482//1482
f 1483//1483 1484//1484 1485//1485
f 1486//1486 1487//1487 1488//1488
f 1489//1489 1490//1490 1491//1491
f 1492//1492 1493//1493 1494//1494
f 1495//1495 1496//1496 1497//1497
f 1498//1498 1499//1499 1500//1500
f 1501//1501 1502//1502 1503//1503
f 1504//1504 1505//1505 1506//1506
f 1507//1507 1508//1508 1509//1509
f 1510//1510 1511//1511 1512//1512
f 1513//1513 1514//1514 1515//1515
f 1516//1516 1517//1517 1518//1518
f 1519//1519 1520//1520 1521//1521
f 1522//1522 1523//1523 1524//1524
f 1525//1525 1526//1526 1527//1527
f 1528//1528 1529//1529 1530//1530
f 1531//1531 1532//1532 1533//1533
f 1534//1534 1535//1535 1536//1536
f 1537//1537 1538//1538 1539//1539
f 1540//1540 1541//1541 1542//1542
f 1543//1543 1544//1544 1545//1545
f 1546//1546 1547//1547 1548//1548
f 1549//1549 1550//1550 1551//1551
f 1552//1552 1553//1553 1554//1554
f 1555//1555 1556//1556 1557//1557
f 1558//1558 1559//1559 1560//1560
f 1561//1561 1562//1562 1563//1563
f 1564//1564 1565//1565 1566//1566
f 1567//1567 1568//1568 1569//1569
f 1570//1570 1571//1571 1572//1572
f 1573//1573 1574//1574 1575//1575
f 1576//1576 1577//1577 1578//1578
f 1579//1579 1580//1580 1581//1581
f 1582//1582 1583//1583 1584//1584
f 1585//1585 1586//1586 1587//1587
f 1588//1588 1589//1589 1590//1590
f 1591//1591 1592//1592 1593//1593
f 1594//1594 1595//1595 1596//1596
f 1597//1597 1598//1598 1599//1599
f 1600//1600 1601//1601 1602//1602
f 1603//1603 1604//1604 1605//1605
f 1606//1606 1607//1607 1608//1608
f 1609//1609 1610//1610 1611//1611
f 1612//1612 1613//1613 1614//1614
f 1615//1615 1616//1616 1617//1617
f 1618//1618 1619//1619 1620//1620
f 1621//1621 1622//1622 1623//1623
f 1624//1624 1625//1625 1626//1626
f 1627//1627 1628//1628 1629//1629
f 1630//1630 1631//1631 1632//1632
f 1633//1633 1634//1634 1635//1635
f 1636//1636 1637//1637 1638//1638
f 1639//1639 1640//1640 1641//1641
f 1642//1642 1643//1643 1644//1644
f 1645//1645 1646//1646 1647//1647
f 1648//1648 1649//1649 1650//1650
f 1651//1651 1652//1652 1653//1653
f 1654//1654 1655//1655 1656//1656
f 1657//1657 1658//1658 1659//1659
f 1660//1660 1661//1661 1662//1662
f 1663//1663 1664//1664 1665//1665
f 1666//1666 1667//1667 1668//1668
f 1669//1669 1670//1670 1671//1671
f 1672//1672 1673//1673 1674//1674
f 1675//1675 1676//1676 1677//1677
f 1678//1678 1679//1679 1680//1680
f 1681//1681 1682//1682 1683//1683
f 1684//1684 1685//1685 1686//1686
f 1687//1687 1688//1688 1689//1689
f 1690//1690 1691//1691 1692//1692
f 1693//1693 1694//1694 1695//1695
f 1696//1696 1697//1697 1698//1698
f 1699//1699 1700//1700 1701//1701
f 1702//1702 1703//1703 1704//1704
f 1705//1705 1706//1706 1707//1707
f 1708//1708 1709//1709 1710//1710
f 1711//1711 1712//1712 1713//1713
f 1714//1714 1715//1715 1716//1716
f 1717//1717 1718//1718 1719//1719
f 1720//1720 1721//1721 1722//1722
f 1723//1723 1724//1724 1725//1725
f 1726//1726 1727//1727 1728//1728
f 1729//1729 1730//1730 1731//1731
f 1732//1732 1733//1733 1734//1734
f 1735//1735 1736//1736 1737//1737
f 1738//1738 1739//1739 1740//1740
f 1741//1741 1742//1742 1743//1743
f 1744//1744 1745//1745 1746//1746
f 1747//1747 1748//1748 1749//1749
f 1750//1750 1751//1751 1752//1752
f 1753//1753 1754//1754 1755//1755
f 1756//1756 1757//1757 1758//1758
f 1759//1759 1760//1760 1761//1761
f 1762//1762 1763//1763 1764//1764
f 1765//1765 1766//1766 1767//1767
f 1768//1768 1769//1769 1770//1770
f 1771//1771 1772//1772 1773//1773
f 1774//1774 1775//1775 1776//1776
f 1777//1777 1778//1778 1779//1779
f 1780//1780 1781//1781 1782//1782
f 1783//1783 1784//1784 1785//1785
f 1786//1786 1787//1787 1788//1788
f 1789//1789 1790//1790 1791//1791
f 1792//1792 1793//1793 1794//1794
f 1795//1795 1796//1796 1797//1797
f 1798//1798 1799//1799 1800//1800
f 1801//1801 1802//1802 1803//1803
f 1804//1804 1805//1805 1806//1806
f 1807//1807 1808//1808 1809//1809
f 1810//1810 1811//1811 1812//1812
f 1813//1813 1814//1814 1815//1815
f 1816//1816 1817//1817 1818//1818
f 1819//1819 1820//1820 1821//1821
f 1822//1822 1823//1823 1824//1824
f 1825//1825 1826//1826 1827//1827
f 1828//1828 1829//1829 1830//1830
f 1831//1831 1832//1832 1833//1833
f 1834//1834 1835//1835 1836//1836
f 1837//1837 1838//1838 1839//1839
f 1840//1840 1841//1841 1842//1842
f 1843//1843 1844//1844 1845//1845
f 1846//1846 1847//1847 1848//1848
f 1849//1849 1850//1850 1851//1851
f 1852//1852 1853//1853 1854//1854
f 1855//1855 1856//1856 1857//1857
f 1858//1858 1859//1859 1860//1860
f 1861//1861 1862//1862 1863//1863
f 1864//1864 1865//1865 1866//1866
f 1867//1867 1868//1868 1869//1869
f 1870//1870 1871//1871 1872//1872
f 1873//1873 1874//1874 1875//1875
f 1876//1876 1877//1877 1878//1878
f 1879//1879 1880//1880 1881//1881
f 1882//1882 1883//1883 1884//1884
f 1885//1885 1886//1886 1887//1887
f 1888//1888 1889//1889 1890//1890
f 1891//1891 1892//1892 1893//1893
f 1894//1894 1895//1895 1896//1896
f 1897//1897 1898//1898 1899//1899
f 1900//1900 1901//1901 1902//1902
f 1903//1903 1904//1904 1905//1905
f 1906//1906 1907//1907 1908//1908
f 1909//1909 1910//1910 1911//1911
f 1912//1912 1913//1913 1914//1914
f 1915//1915 1916//1916 1917//1917
f 1918//1918 1919//1919 1920//1920
f 1921//1921 1922//1922 1923//1923
f 1924//1924 1925//1925 1926//1926
f 1927//1927 1928//1928 1929//1929
f 1930//1930 1931//1931 1932//1932
f 1933//1933 1934//1934 1935//1935
f 1936//1936 1937//1937 1938//1938
f 1939//1939 1940//1940 1941//1941
f 1942//1942 1943//1943 1944//1944
f 1945//1945 1946//1946 1947//1947
f 1948//1948 1949//1949 1950//1950
f 1951//1951 1952//1952 1953//1953
f 1954//1954 1955//1955 1956//1956
f 1957//1957 1958//1958 1959//1959
f 1960//1960 1961//1961 1962//1962
f 1963//1963 1964//1964 1965//1965
f 1966//1966 1967//1967 1968//1968
f 1969//1969 1970//1970 1971//1971
f 1972//1972 1973//1973 1974//1974
f 1975//1975 1976//1976 1977//1977
f 1978//1978 1979//1979 1980//1980
f 1981//1981 1982//1982 1983//1983
f 1984//1984 1985//1985 1986//1986
f 1987//1987 1988//1988 1989//1989
f 1990//1990 1991//1991 1992//1992
f 1993//1993 1994//1994 1995//1995
f 1996//1996 1997//1997 1998//1998
f 1999//1999 2000//2000 2001//2001
f 2002//2002 2003//2003 2004//2004
f 2005//2005 2006//2006 2007//2007
f 2008//2008 2009//2009 2010//2010
f 2011//2011 2012//2012 2013//2013
f 2014//2014 2015//2015 2016//2016
f 2017//2017 2018//2018 2019//2019
f 2020//2020 2021//2021 2022//2022
f 2023//2023 2024//2024 2025//2025
f 2026//2026 2027//2027 2028//2028
f 2029//2029 2030//2030 2031//2031
f 2032//2032 2033//2033 2034//2034
f 2035//2035 2036//2036 2037//2037
f 2038//2038 2039//2039 2040//2040
f 2041//2041 2042//2042 2043//2043
f 2044//2044 2045//2045 2046//2046
f 2047//2047 2048//2048 2049//2049
f 2050//2050 2051//2051 2052//2052
f 2053//2053 2054//2054 2055//2055
f 2056//2056 2057//2057 2058//2058
f 2059//2059 2060//2060 2061//2061
f 2062//2062 2063//2063 2064//2064
f 2065//2065 2066//2066 2067//2067
f 2068//2068 2069//2069 2070//2070
f 2071//2071 2072//2072 2073//2073
f 2074//2074 2075//2075 2076//2076
f 2077//2077 2078//2078 2079//2079
f 2080//2080 2081//2081 2082//2082
f 2083//2083 2084//2084 2085//2085
f 2086//2086 2087//2087 2088//2088
f 2089//2089 2090//2090 2091//2091
f 2092//2092 2093//2093 2094//2094
f 2095//2095 2096//2096 2097//2097
f 2098//2098 2099//2099 2100//2100
f 2101//2101 2102//2102 2103//2103
f 2104//2104 2105//2105 2106//2106
f 2107//2107 2108//2108 2109//2109
f 2110//2110 2111//2111 2112//2112
f 2113//2113 2114//2114 2115//2115
f 2116//2116 2117//2117 2118//2118
f 2119//2119 2120//2120 2121//2121
f 2122//2122 2123//2123 2124//2124
f 2125//2125 2126//2126 2127//2127
f 2128//2128 2129//2129 2130//2130
f 2131//2131 2132//2132 2133//2133
f 2134//2134 2135//2135 2136//2136
f 2137//2137 2138//2138 2139//2139
f 2140//2140 2141//2141 2142//2142
f 2143//2143 2144//2144 2145//2145
f 2146//2146 2147//2147 2148//2148
f 2149//2149 2150//2150 2151//2151
f 2152//2152 2153//2153 2154//2154
f 2155//2155 2156//2156 2157//2157
f 2158//2158 2159//2159 2160//2160
f 2161//2161 2162//2162 2163//2163
f 2164//2164 2165//2165 2166//2166
f 2167//2167 2168//2168 2169//2169
f 2170//2170 2171//2171 2172//2172
f 2173//2173 2174//2174 2175//2175
f 2176//2176 2177//2177 2178//2178
f 2179//2179 2180//2180 2181//2181
f 2182//2182 2183//2183 2184//2184
f 2185//2185 2186//2186 2187//2187
f 2188//2188 2189//2189 2190//2190
f 2191//2191 2192//2192 2193//2193
f 2194//2194 2195//2195 2196//2196
f 2197//2197 2198//2198 2199//2199
f 2200//2200 2201//2201 2202//2202
f 2203//2203 2204//2204 2205//2205
f 2206//2206 2207//2207 2208//2208
f 2209//2209 2210//2210 2211//2211
f 2212//2212 2213//2213 2214//2214
f 2215//2215 2216//2216 2217//2217
f 2218//2218 2219//2219 2220//2220
f 2221//2221 2222//2222 2223//2223
f 2224//2224 2225//2225 2226//2226
f 2227//2227 2228//2228 2229//2229
f 2230//2230 2231//2231 2232//2232
f 2233//2233 2234//2234 2235//2235
f 2236//2236 2237//2237 2238//2238
f 2239//2239 2240//2240 2241//2241
f 2242//2242 2243//2243 2244//2244
f 2245//2245 2246//2246 2247//2247
f 2248//2248 2249//2249 2250//2250
f 2251//2251 2252//2252 2253//2253
f 2254//2254 2255//2255 2256//2256
f 2257//2257 2258//2258 2259//2259
f 2260//2260 2261//2261 2262//2262
f 2263//2263 2264//2264 2265//2265
f 2266//2266 2267//2267 2268//2268
f 2269//2269 2270//2270 2271//2271
f 2272//2272 2273//2273 2274//2274
f 2275//2275 2276//2276 2277//2277
f 2278//2278 2279//2279 2280//2280
f 2281//2281 2282//2282 2283//2283
f 2284//2284 2285//2285 2286//2286
f 2287//2287 2288//2288 2289//2289
f 2290//2290 2291//2291 2292//2292
f 2293//2293 2294//2294 2295//2295
f 2296//2296 2297//2297 2298//2298
f 2299//2299 2300//2300 2301//2301
f 2302//2302 2303//2303 2304//2304
f 2305//2305 2306//2306 2307//2307
f 2308//2308 2309//2309 2310//2310
f 2311//2311 2312//2312 2313//2313
f 2314//2314 2315//2315 2316//2316
f 2317//2317 2318//2318 2319//2319
f 2320//2320 2321//2321 2322//2322
f 2323//2323 2324//2324 2325//2325
f 2326//2326 2327//2327 2328//2328
f 2329//2329 2330//2330 2331//2331
f 2332//2332 2333//2333 2334//2334
f 2335//2335 2336//2336 2337//2337
f 2338//2338 2339//2339 2340//2340
f 2341//2341 2342//2342 2343//2343
f 2344//2344 2345//2345 2346//2346
f 2347//2347 2348//2348 2349//2349
f 2350//2350 2351//2351 2352//2352
f 2353//2353 2354//2354 2355//2355
f 2356//2356 2357//2357 2358//2358
f 2359//2359 2360//2360 2361//2361
f 2362//2362 2363//2363 2364//2364
f 2365//2365 2366//2366 2367//2367
f 2368//2368 2369//2369 2370//2370
f 2371//2371 2372//2372 2373//2373
f 2374//2374 2375//2375 2376//2376
f 2377//2377 2378//2378 2379//2379
f 2380//2380 2381//2381 2382//2382
f 2383//2383 2384//2384 2385//2385
f 2386//2386 2387//2387 2388//2388
f 2389//2389 2390//2390 2391//2391
f 2392//2392 2393//2393 2394//2394
f 2395//2395 2396//2396 2397//2397
f 2398//2398 2399//2399 2400//2400
f 2401//2401 2402//2402 2403//2403
f 2404//2404 2405//2405 2406//2406
f 2407//2407 2408//2408 2409//2409
f 2410//2410 2411//2411 2412//2412
f 2413//2413 2414//2414 2415//2415
f 2416//2416 2417//2417 2418//2418
f 2419//2419 2420//2420 2421//2421
f 2422//2422 2423//2423 2424//2424
f 2425//2425 2426//2426 2427//2427
f 2428//2428 2429//2429 2430//2430
f 2431//2431 2432//2432 2433//2433
f 2434//2434 2435//2435 2436//2436
f 2437//2437 2438//2438 2439//2439
f 2440//2440 2441//2441 2442//2442
f 2443//2443 2444//2444 2445//2445
f 2446//2446 2447//2447 2448//2448
f 2449//2449 2450//2450 2451//2451
f 2452//2452 2453//2453 2454//2454
f 2455//2455 2456//2456 2457//2457
f 2458//2458 2459//2459 2460//2460
f 2461//2461 2462//2462 2463//2463
f 2464//2464 2465//2465 2466//2466
f 2467//2467 2468//2468 2469//2469
f 2470//2470 2471//2471 2472//2472
f 2473//2473 2474//2474 2475//2475
f 2476//2476 2477//2477 2478//2478
f 2479//2479 2480//2480 2481//2481
f 2482//2482 2483//2483 2484//2484
f 2485//2485 2486//2486 2487//2487
f 2488//2488 2489//2489 2490//2490
f 2491//2491 2492//2492 2493//2493
f 2494//2494 2495//2495 2496//2496
f 2497//2497 2498//2498 2499//2499
f 2500//2500 2501//2501 2502//2502
f 2503//2503 2504//2504 2505//2505
f 2506//2506 2507//2507 2508//2508
f 2509//2509 2510//2510 2511//2511
f 2512//2512 2513//2513 2514//2514
o Mesh
usemtl material14
v 1.3891126998506826 -0.009964000433683395 -0.009964000433683395
v 1.3891126998506826 -0.009964000433683395 0.009964000433683395
v 1.3891126998506826 -0.01409200020134449 -1.725772244375641e-18
v 1.3891126998506826 -0.009964000433683395 0.009964000433683395
v 1.3891126998506826 0.009964000433683395 0.009964000433683395
v 1.3891126998506826 -6.89009554172252e-17 0.01409200020134449
v 1.3891126998506826 0.009964000433683395 0.009964000433683395
v 1.3891126998506826 -0.009964000433683395 0.009964000433683395
v 1.3891126998506826 0.014090999960899353 1.7256498216449832e-18
v 1.3891126998506826 -0.009964000433683395 -0.009964000433683395
v 1.3891126998506826 0.014090999960899353 1.7256498216449832e-18
v 1.3891126998506826 -0.009964000433683395 0.009964000433683395
v 1.3891126998506826 0.014090999960899353 1.7256498216449832e-18
v 1.3891126998506826 -0.009964000433683395 -0.009964000433683395
v 1.3891126998506826 0.009964000433683395 -0.009964000433683395
v 1.3891126998506826 0.009964000433683395 -0.009964000433683395
v 1.3891126998506826 -0.009964000433683395 -0.009964000433683395
v 1.3891126998506826 -6.544940865372723e-17 -0.01409200020134449
v -0.3279413095868784 -0.01992800086736679 0.01992800086736679
v 1.369112718924169 -0.01992800086736679 0.01992800086736679
v 1.369112718924169 -6.817731134758421e-17 0.028183000162243843
v -0.3279413095868784 -0.028183000162243843 -3.4514220660206243e-18
v 1.369112718924169 -0.01992800086736679 0.01992800086736679
v -0.3279413095868784 -0.01992800086736679 0.01992800086736679
v -0.3279413095868784 -0.01992800086736679 0.01992800086736679
v 1.369112718924169 -6.817731134758421e-17 0.028183000162243843
v -0.3279413095868784 1.396518572610334e-16 0.028183000162243843
v -0.3279413095868784 -0.028183000162243843 -3.4514220660206243e-18
v 1.369112718924169 -0.028183000162243843 -3.4514220660206243e-18
v 1.369112718924169 -0.01992800086736679 0.01992800086736679
v -0.3279413095868784 -0.01992800086736679 -0.01992800086736679
v 1.369112718924169 -0.028183000162243843 -3.4514220660206243e-18
v -0.3279413095868784 -0.028183000162243843 -3.4514220660206243e-18
v 1.3891126998506826 -0.009964000433683395 0.009964000433683395
v 1.369112718924169 -6.817731134758421e-17 0.028183000162243843
v 1.369112718924169 -0.01992800086736679 0.01992800086736679
v 1.369112718924169 -0.028183000162243843 -3.4514220660206243e-18
v 1.3891126998506826 -0.009964000433683395 0.009964000433683395
v 1.369112718924169 -0.01992800086736679 0.01992800086736679
v 1.369112718924169 -6.817731134758421e-17 0.028183000162243843
v 1.3891126998506826 -0.009964000433683395 0.009964000433683395
v 1.3891126998506826 -6.89009554172252e-17 0.01409200020134449
v 1.3891126998506826 -0.009964000433683395 0.009964000433683395
v 1.369112718924169 -0.028183000162243843 -3.4514220660206243e-18
v 1.3891126998506826 -0.01409200020134449 -1.725772244375641e-18
v 1.3891126998506826 0.009964000433683395 0.009964000433683395
v 1.369112718924169 -6.817731134758421e-17 0.028183000162243843
v 1.3891126998506826 -6.89009554172252e-17 0.01409200020134449
v 1.369112718924169 -0.028183000162243843 -3.4514220660206243e-18
v 1.3891126998506826 -0.009964000433683395 -0.009964000433683395
v 1.3891126998506826 -0.01409200020134449 -1.725772244375641e-18
v -0.3279413095868784 -0.01992800086736679 -0.01992800086736679
v 1.369112718924169 -0.01992800086736679 -0.01992800086736679
v 1.369112718924169 -0.028183000162243843 -3.4514220660206243e-18
v 1.3891126998506826 -0.009964000433683395 -0.009964000433683395
v 1.369112718924169 -0.028183000162243843 -3.4514220660206243e-18
v 1.369112718924169 -0.01992800086736679 -0.01992800086736679
v -0.3279413095868784 1.4655471256001291e-16 -0.028183000162243843
v 1.369112718924169 -0.01992800086736679 -0.01992800086736679
v -0.3279413095868784 -0.01992800086736679 -0.01992800086736679
v 1.369112718924169 -6.127446928349449e-17 -0.028183000162243843
v 1.3891126998506826 -0.009964000433683395 -0.009964000433683395
v 1.369112718924169 -0.01992800086736679 -0.01992800086736679
v -0.3279413095868784 1.4655471256001291e-16 -0.028183000162243843
v 1.369112718924169 -6.127446928349449e-17 -0.028183000162243843
v 1.369112718924169 -0.01992800086736679 -0.01992800086736679
v 1.3891126998506826 -0.009964000433683395 -0.009964000433683395
v 1.369112718924169 -6.127446928349449e-17 -0.028183000162243843
v 1.3891126998506826 -6.544940865372723e-17 -0.01409200020134449
v -0.3279413095868784 0.01992800086736679 -0.01992800086736679
v 1.369112718924169 -6.127446928349449e-17 -0.028183000162243843
v -0.3279413095868784 1.4655471256001291e-16 -0.028183000162243843
v 1.369112718924169 -6.127446928349449e-17 -0.028183000162243843
v 1.3891126998506826 0.009964000433683395 -0.009964000433683395
v 1.3891126998506826 -6.544940865372723e-17 -0.01409200020134449
v -0.3279413095868784 0.01992800086736679 -0.01992800086736679
v 1.369112718924169 0.01992800086736679 -0.01992800086736679
v 1.369112718924169 -6.127446928349449e-17 -0.028183000162243843
v 1.3891126998506826 0.009964000433683395 -0.009964000433683395
v 1.369112718924169 -6.127446928349449e-17 -0.028183000162243843
v 1.369112718924169 0.01992800086736679 -0.01992800086736679
v 1.369112718924169 0.01992800086736679 -0.01992800086736679
v -0.3279413095868784 0.01992800086736679 -0.01992800086736679
v -0.3279413095868784 0.028183000162243843 3.4514220660206243e-18
v 1.369112718924169 0.028183000162243843 3.4514220660206243e-18
v 1.3891126998506826 0.009964000433683395 -0.009964000433683395
v 1.369112718924169 0.01992800086736679 -0.01992800086736679
v 1.369112718924169 0.01992800086736679 -0.01992800086736679
v -0.3279413095868784 0.028183000162243843 3.4514220660206243e-18
v 1.369112718924169 0.028183000162243843 3.4514220660206243e-18
v 1.3891126998506826 0.009964000433683395 -0.009964000433683395
v 1.369112718924169 0.028183000162243843 3.4514220660206243e-18
v 1.3891126998506826 0.014090999960899353 1.7256498216449832e-18
v 1.3891126998506826 0.014090999960899353 1.7256498216449832e-18
v 1.369112718924169 0.028183000162243843 3.4514220660206243e-18
v 1.3891126998506826 0.009964000433683395 0.009964000433683395
v 1.369112718924169 0.028183000162243843 3.4514220660206243e-18
v -0.3279413095868784 0.028183000162243843 3.4514220660206243e-18
v -0.3279413095868784 0.01992800086736679 0.01992800086736679
v 1.369112718924169 0.01992800086736679 0.01992800086736679
v 1.3891126998506826 0.009964000433683395 0.009964000433683395
v 1.369112718924169 0.028183000162243843 3.4514220660206243e-18
v 1.369112718924169 0.028183000162243843 3.4514220660206243e-18
v -0.3279413095868784 0.01992800086736679 0.01992800086736679
v 1.369112718924169 0.01992800086736679 0.01992800086736679
v 1.369112718924169 -6.817731134758421e-17 0.028183000162243843
v 1.3891126998506826 0.009964000433683395 0.009964000433683395
v 1.369112718924169 0.01992800086736679 0.01992800086736679
v -0.3279413095868784 1.396518572610334e-16 0.028183000162243843
v 1.369112718924169 0.01992800086736679 0.01992800086736679
v -0.3279413095868784 0.01992800086736679 0.01992800086736679
v -0.3279413095868784 1.396518572610334e-16 0.028183000162243843
v 1.369112718924169 -6.817731134758421e-17 0.028183000162243843
v 1.369112718924169 0.01992800086736679 0.01992800086736679
vn 1 0 0
vn 1 0 0
vn 1 0 0
vn 1 0 0
vn 1 0 0
vn 1 0 0
vn 1 0 0
vn 1 0 0
vn 1 0 0
vn 1 0 0
vn 1 0 0
vn 1 0 0
vn 1 0 0
vn 1 0 0
vn 1 0 0
vn 1 0 0
vn 1 0 0
vn 1 0 0
vn -1.6750749966737093e-17 -0.6037552396282978 0.797169750192126
vn 0.005441511459999632 -0.7965197481889902 0.6045880255992327
vn 0.008131051369497811 -0.13521419354842149 0.9907830276436292
vn 0 -0.9906010897008074 0.13678260519368937
vn 0.005441511459999632 -0.7965197481889902 0.6045880255992327
vn -1.6750749966737093e-17 -0.6037552396282978 0.797169750192126
vn -1.6750749966737093e-17 -0.6037552396282978 0.797169750192126
vn 0.008131051369497811 -0.13521419354842149 0.9907830276436292
vn -2.497402540597439e-25 0.13678261981605794 0.9906010876817447
vn 0 -0.9906010897008074 0.13678260519368937
vn 0.008131051353114975 -0.9907830256473515 -0.1352142081771464
vn 0.005441511459999632 -0.7965197481889902 0.6045880255992327
vn 0 -0.7971697215046838 -0.6037552775058326
vn 0.008131051353114975 -0.9907830256473515 -0.1352142081771464
vn 0 -0.9906010897008074 0.13678260519368937
vn 0.5759534447829221 -0.57804741563417 0.57804741563417
vn 0.008131051369497811 -0.13521419354842149 0.9907830276436292
vn 0.005441511459999632 -0.7965197481889902 0.6045880255992327
vn 0.008131051353114975 -0.9907830256473515 -0.1352142081771464
vn 0.5759534447829221 -0.57804741563417 0.57804741563417
vn 0.005441511459999632 -0.7965197481889902 0.6045880255992327
vn 0.008131051369497811 -0.13521419354842149 0.9907830276436292
vn 0.5759534447829221 -0.57804741563417 0.57804741563417
vn 0.5759563478593993 -6.88432159617102e-9 0.8174804495279765
vn 0.5759534447829221 -0.57804741563417 0.57804741563417
vn 0.008131051353114975 -0.9907830256473515 -0.1352142081771464
vn 0.5759563478593993 -0.8174804495279765 6.88432159617102e-9
vn 0.5759625355412511 0.5780497113585551 0.5780360618950898
vn 0.008131051369497811 -0.13521419354842149 0.9907830276436292
vn 0.5759563478593993 -6.88432159617102e-9 0.8174804495279765
vn 0.008131051353114975 -0.9907830256473515 -0.1352142081771464
vn 0.5759534249388423 -0.5780474553225887 -0.5780473957179438
vn 0.5759563478593993 -0.8174804495279765 6.88432159617102e-9
vn 0 -0.7971697215046838 -0.6037552775058326
vn 0.005441511459999632 -0.6045880255992327 -0.7965197481889902
vn 0.008131051353114975 -0.9907830256473515 -0.1352142081771464
vn 0.5759534249388423 -0.5780474553225887 -0.5780473957179438
vn 0.008131051353114975 -0.9907830256473515 -0.1352142081771464
vn 0.005441511459999632 -0.6045880255992327 -0.7965197481889902
vn -1.9255933749885966e-25 -0.13678260519368937 -0.9906010897008074
vn 0.005441511459999632 -0.6045880255992327 -0.7965197481889902
vn 0 -0.7971697215046838 -0.6037552775058326
vn 0.008131051353114975 0.1352142081771464 -0.9907830256473515
vn 0.5759534249388423 -0.5780474553225887 -0.5780473957179438
vn 0.005441511459999632 -0.6045880255992327 -0.7965197481889902
vn -1.9255933749885966e-25 -0.13678260519368937 -0.9906010897008074
vn 0.008131051353114975 0.1352142081771464 -0.9907830256473515
vn 0.005441511459999632 -0.6045880255992327 -0.7965197481889902
vn 0.5759534249388423 -0.5780474553225887 -0.5780473957179438
vn 0.008131051353114975 0.1352142081771464 -0.9907830256473515
vn 0.5759563478593993 -6.88432159617102e-9 -0.8174804495279765
vn 1.6750752672656632e-17 0.6037552775058326 -0.7971697215046838
vn 0.008131051353114975 0.1352142081771464 -0.9907830256473515
vn -1.9255933749885966e-25 -0.13678260519368937 -0.9906010897008074
vn 0.008131051353114975 0.1352142081771464 -0.9907830256473515
vn 0.5759625355412511 0.5780497113585551 -0.5780360618950898
vn 0.5759563478593993 -6.88432159617102e-9 -0.8174804495279765
vn 1.6750752672656632e-17 0.6037552775058326 -0.7971697215046838
vn 0.005441511459999632 0.7965197481889902 -0.6045880255992327
vn 0.008131051353114975 0.1352142081771464 -0.9907830256473515
vn 0.5759625355412511 0.5780497113585551 -0.5780360618950898
vn 0.008131051353114975 0.1352142081771464 -0.9907830256473515
vn 0.005441511459999632 0.7965197481889902 -0.6045880255992327
vn 0.005441511459999632 0.7965197481889902 -0.6045880255992327
vn 1.6750752672656632e-17 0.6037552775058326 -0.7971697215046838
vn 0 0.9906010897008074 -0.13678260519368937
vn 0.008131243209262031 0.9907830260980272 0.13521419333749
vn 0.5759625355412511 0.5780497113585551 -0.5780360618950898
vn 0.005441511459999632 0.7965197481889902 -0.6045880255992327
vn 0.005441511459999632 0.7965197481889902 -0.6045880255992327
vn 0 0.9906010897008074 -0.13678260519368937
vn 0.008131243209262031 0.9907830260980272 0.13521419333749
vn 0.5759625355412511 0.5780497113585551 -0.5780360618950898
vn 0.008131243209262031 0.9907830260980272 0.13521419333749
vn 0.5759836951594535 0.8174611812865866 1.5120011699773352e-9
vn 0.5759836951594535 0.8174611812865866 1.5120011699773352e-9
vn 0.008131243209262031 0.9907830260980272 0.13521419333749
vn 0.5759625355412511 0.5780497113585551 0.5780360618950898
vn 0.008131243209262031 0.9907830260980272 0.13521419333749
vn 0 0.9906010897008074 -0.13678260519368937
vn 0 0.7971697215046838 0.6037552775058326
vn 0.005441511459999632 0.6045880255992327 0.7965197481889902
vn 0.5759625355412511 0.5780497113585551 0.5780360618950898
vn 0.008131243209262031 0.9907830260980272 0.13521419333749
vn 0.008131243209262031 0.9907830260980272 0.13521419333749
vn 0 0.7971697215046838 0.6037552775058326
vn 0.005441511459999632 0.6045880255992327 0.7965197481889902
vn 0.008131051369497811 -0.13521419354842149 0.9907830276436292
vn 0.5759625355412511 0.5780497113585551 0.5780360618950898
vn 0.005441511459999632 0.6045880255992327 0.7965197481889902
vn -2.497402540597439e-25 0.13678261981605794 0.9906010876817447
vn 0.005441511459999632 0.6045880255992327 0.7965197481889902
vn 0 0.7971697215046838 0.6037552775058326
vn -2.497402540597439e-25 0.13678261981605794 0.9906010876817447
vn 0.008131051369497811 -0.13521419354842149 0.9907830276436292
vn 0.005441511459999632 0.6045880255992327 0.7965197481889902
f 2515//2515 2516//2516 2517//2517
f 2518//2518 2519//2519 2520//2520
f 2521//2521 2522//2522 2523//2523
f 2524//2524 2525//2525 2526//2526
f 2527//2527 2528//2528 2529//2529
f 2530//2530 2531//2531 2532//2532
f 2533//2533 2534//2534 2535//2535
f 2536//2536 2537//2537 2538//2538
f 2539//2539 2540//2540 2541//2541
f 2542//2542 2543//2543 2544//2544
f 2545//2545 2546//2546 2547//2547
f 2548//2548 2549//2549 2550//2550
f 2551//2551 2552//2552 2553//2553
f 2554//2554 2555//2555 2556//2556
f 2557//2557 2558//2558 2559//2559
f 2560//2560 2561//2561 2562//2562
f 2563//2563 2564//2564 2565//2565
f 2566//2566 2567//2567 2568//2568
f 2569//2569 2570//2570 2571//2571
f 2572//2572 2573//2573 2574//2574
f 2575//2575 2576//2576 2577//2577
f 2578//2578 2579//2579 2580//2580
f 2581//2581 2582//2582 2583//2583
f 2584//2584 2585//2585 2586//2586
f 2587//2587 2588//2588 2589//2589
f 2590//2590 2591//2591 2592//2592
f 2593//2593 2594//2594 2595//2595
f 2596//2596 2597//2597 2598//2598
f 2599//2599 2600//2600 2601//2601
f 2602//2602 2603//2603 2604//2604
f 2605//2605 2606//2606 2607//2607
f 2608//2608 2609//2609 2610//2610
f 2611//2611 2612//2612 2613//2613
f 2614//2614 2615//2615 2616//2616
f 2617//2617 2618//2618 2619//2619
f 2620//2620 2621//2621 2622//2622
f 2623//2623 2624//2624 2625//2625
f 2626//2626 2627//2627 2628//2628
